ISO-10303-21;
HEADER;
FILE_DESCRIPTION (( 'STEP AP214' ),
    '1' );
FILE_NAME ('Same_Sky_SJ1-3513N.step',
    '2025-09-11T19:14:02',
    ( '' ),
    ( '' ),
    'SwSTEP 2.0',
    'SolidWorks 2025',
    '' );
FILE_SCHEMA (( 'AUTOMOTIVE_DESIGN' ));
ENDSEC;

DATA;
#1 = EDGE_LOOP ( 'NONE', ( #5921, #6031, #3233, #2460 ) ) ;
#2 = CYLINDRICAL_SURFACE ( 'NONE', #7034, 0.9000000000000000222 ) ;
#3 = CARTESIAN_POINT ( 'NONE',  ( 4.500000000000000000, 3.077185478309000022, 5.549999999999999822 ) ) ;
#4 = CARTESIAN_POINT ( 'NONE',  ( 4.500000000000000000, 3.078237858560999740, 5.549999999999999822 ) ) ;
#5 = FACE_OUTER_BOUND ( 'NONE', #4935, .T. ) ;
#6 = PLANE ( 'NONE',  #1919 ) ;
#7 = LINE ( 'NONE', #5413, #6314 ) ;
#8 = LINE ( 'NONE', #2203, #3321 ) ;
#9 = AXIS2_PLACEMENT_3D ( 'NONE', #5585, #2224, #2730 ) ;
#10 = ORIENTED_EDGE ( 'NONE', *, *, #1551, .T. ) ;
#11 = EDGE_LOOP ( 'NONE', ( #1738, #5517, #7046 ) ) ;
#12 = ORIENTED_EDGE ( 'NONE', *, *, #5236, .F. ) ;
#13 = LINE ( 'NONE', #6109, #4666 ) ;
#14 = DIRECTION ( 'NONE',  ( -3.730349362741000050E-13, -1.998401444324999992E-14, -1.000000000000000000 ) ) ;
#15 = VECTOR ( 'NONE', #59, 1000.000000000000000 ) ;
#16 = CARTESIAN_POINT ( 'NONE',  ( 0.3270891200751999683, -2.200000000000000178, -4.950000000000000178 ) ) ;
#17 = CARTESIAN_POINT ( 'NONE',  ( 4.250000000000000000, -1.699999999999999956, 0.7999999999999001243 ) ) ;
#18 = EDGE_LOOP ( 'NONE', ( #451, #4253, #1869, #4101 ) ) ;
#19 = VECTOR ( 'NONE', #122, 1000.000000000000000 ) ;
#20 = AXIS2_PLACEMENT_3D ( 'NONE', #5948, #2554, #4358 ) ;
#21 = CARTESIAN_POINT ( 'NONE',  ( 2.299999999999978062, 0.5000000000000000000, 5.000000000000000000 ) ) ;
#22 = EDGE_CURVE ( 'NONE', #2697, #806, #3794, .T. ) ;
#23 = EDGE_LOOP ( 'NONE', ( #6204, #5692, #4981, #4618 ) ) ;
#24 = DIRECTION ( 'NONE',  ( 0.000000000000000000, 0.000000000000000000, -1.000000000000000000 ) ) ;
#25 = FACE_OUTER_BOUND ( 'NONE', #3849, .T. ) ;
#26 = DIRECTION ( 'NONE',  ( 0.3357454869805088782, 0.000000000000000000, -0.9419527418996247459 ) ) ;
#27 = CARTESIAN_POINT ( 'NONE',  ( -1.939999999999999947, 0.5000000000000002220, 5.500000000000000000 ) ) ;
#28 = CARTESIAN_POINT ( 'NONE',  ( -0.8499999999999999778, -2.200000000000000178, -5.250000000000000000 ) ) ;
#29 = EDGE_CURVE ( 'NONE', #2570, #3677, #1034, .T. ) ;
#30 = DIRECTION ( 'NONE',  ( 0.000000000000000000, 0.000000000000000000, 1.000000000000000000 ) ) ;
#31 = ORIENTED_EDGE ( 'NONE', *, *, #4381, .F. ) ;
#32 = VERTEX_POINT ( 'NONE', #425 ) ;
#33 = DIRECTION ( 'NONE',  ( -0.000000000000000000, 1.000000000000000000, 0.000000000000000000 ) ) ;
#34 = CARTESIAN_POINT ( 'NONE',  ( 3.849999998349485697, 2.224999999997689049, 4.675000000000000711 ) ) ;
#35 = DIRECTION ( 'NONE',  ( 0.000000000000000000, -1.000000000000000000, 0.000000000000000000 ) ) ;
#36 = ADVANCED_FACE ( 'NONE', ( #3757 ), #2628, .F. ) ;
#37 = CARTESIAN_POINT ( 'NONE',  ( -5.250000000000000000, 2.500000000000000000, -4.000000000000000000 ) ) ;
#38 = VECTOR ( 'NONE', #5315, 1000.000000000000000 ) ;
#39 = AXIS2_PLACEMENT_3D ( 'NONE', #341, #3645, #6847 ) ;
#40 = DIRECTION ( 'NONE',  ( 1.000000000000000000, 0.000000000000000000, 0.000000000000000000 ) ) ;
#41 = EDGE_CURVE ( 'NONE', #1697, #4534, #4871, .T. ) ;
#42 = ORIENTED_EDGE ( 'NONE', *, *, #4582, .F. ) ;
#43 = VERTEX_POINT ( 'NONE', #2588 ) ;
#44 = CARTESIAN_POINT ( 'NONE',  ( 0.2000000000000000111, 0.5000000000000000000, 6.949999999999999289 ) ) ;
#45 = DIRECTION ( 'NONE',  ( 0.000000000000000000, -1.312703472676999855E-13, -1.000000000000000000 ) ) ;
#46 = CARTESIAN_POINT ( 'NONE',  ( -2.200000000000000178, 0.5000000000000000000, 5.825000000000000178 ) ) ;
#47 = CARTESIAN_POINT ( 'NONE',  ( -1.899999999999999911, -1.699999999999999956, 5.799999999999999822 ) ) ;
#48 = ORIENTED_EDGE ( 'NONE', *, *, #3870, .F. ) ;
#49 = ORIENTED_EDGE ( 'NONE', *, *, #3699, .T. ) ;
#50 = AXIS2_PLACEMENT_3D ( 'NONE', #4511, #2343, #4025 ) ;
#51 = VERTEX_POINT ( 'NONE', #4821 ) ;
#52 = PLANE ( 'NONE',  #5464 ) ;
#53 = DIRECTION ( 'NONE',  ( -1.000000000000000000, -3.469446951953615175E-16, 0.000000000000000000 ) ) ;
#54 = CARTESIAN_POINT ( 'NONE',  ( -1.925000000000000044, -1.699999999999999956, -2.250000000000000000 ) ) ;
#55 = CARTESIAN_POINT ( 'NONE',  ( 4.575000000000000178, -4.899999999999999467, 2.250000000000000000 ) ) ;
#56 = FACE_OUTER_BOUND ( 'NONE', #5606, .T. ) ;
#57 = CIRCLE ( 'NONE', #1781, 0.8999999999999998002 ) ;
#58 = EDGE_LOOP ( 'NONE', ( #4543, #4597, #2204, #669 ) ) ;
#59 = DIRECTION ( 'NONE',  ( 0.000000000000000000, 0.000000000000000000, -1.000000000000000000 ) ) ;
#60 = EDGE_LOOP ( 'NONE', ( #2019, #6615, #5310, #7182 ) ) ;
#61 = ADVANCED_FACE ( 'NONE', ( #3222 ), #2048, .F. ) ;
#62 = CARTESIAN_POINT ( 'NONE',  ( 4.500000000000000000, 3.100000000000000089, 5.549999999999999822 ) ) ;
#63 = STYLED_ITEM ( 'NONE', ( #4835 ), #4247 ) ;
#64 = CARTESIAN_POINT ( 'NONE',  ( 0.2000000000000000111, 3.077185478309000022, -4.450000000000000178 ) ) ;
#65 = DIRECTION ( 'NONE',  ( 1.000000000000000000, 0.000000000000000000, 0.000000000000000000 ) ) ;
#66 = EDGE_CURVE ( 'NONE', #3839, #5896, #532, .T. ) ;
#67 = CARTESIAN_POINT ( 'NONE',  ( 4.575000000000000178, -1.699999999999999956, 1.500000000000000000 ) ) ;
#68 = EDGE_CURVE ( 'NONE', #202, #1817, #6048, .T. ) ;
#69 = CIRCLE ( 'NONE', #2133, 0.8500000000000000888 ) ;
#70 = CARTESIAN_POINT ( 'NONE',  ( -4.800000000000000711, 2.500000000000000000, 5.549999999999999822 ) ) ;
#71 = DIRECTION ( 'NONE',  ( -1.000000000000000000, 0.000000000000000000, 0.000000000000000000 ) ) ;
#72 = ORIENTED_EDGE ( 'NONE', *, *, #6041, .T. ) ;
#73 = VERTEX_POINT ( 'NONE', #5622 ) ;
#74 = CARTESIAN_POINT ( 'NONE',  ( -2.475000000000000089, -1.900000000000031886, -1.112930253426908322 ) ) ;
#75 = DIRECTION ( 'NONE',  ( 1.000000000000000000, 0.000000000000000000, 0.000000000000000000 ) ) ;
#76 = VECTOR ( 'NONE', #2781, 1000.000000000000000 ) ;
#77 = EDGE_CURVE ( 'NONE', #3351, #1473, #3713, .T. ) ;
#78 = DIRECTION ( 'NONE',  ( 0.000000000000000000, 0.000000000000000000, 1.000000000000000000 ) ) ;
#79 = EDGE_LOOP ( 'NONE', ( #1899, #1384, #5240, #2992 ) ) ;
#80 = EDGE_CURVE ( 'NONE', #3734, #5343, #4966, .T. ) ;
#81 = FACE_OUTER_BOUND ( 'NONE', #5604, .T. ) ;
#82 = ORIENTED_EDGE ( 'NONE', *, *, #1158, .T. ) ;
#83 = CARTESIAN_POINT ( 'NONE',  ( 3.625000000000000000, -2.100000000000000089, 5.474999999999999645 ) ) ;
#84 = ADVANCED_FACE ( 'NONE', ( #3940 ), #4540, .F. ) ;
#85 = FACE_OUTER_BOUND ( 'NONE', #1406, .T. ) ;
#86 = FACE_OUTER_BOUND ( 'NONE', #6571, .T. ) ;
#87 = AXIS2_PLACEMENT_3D ( 'NONE', #5030, #7131, #6012 ) ;
#88 = DIRECTION ( 'NONE',  ( 1.000000000000000000, 0.000000000000000000, 0.000000000000000000 ) ) ;
#89 = EDGE_LOOP ( 'NONE', ( #6785, #5191, #5842, #583, #7020, #4446 ) ) ;
#90 = AXIS2_PLACEMENT_3D ( 'NONE', #2453, #2384, #4063 ) ;
#91 = ORIENTED_EDGE ( 'NONE', *, *, #784, .T. ) ;
#92 = EDGE_CURVE ( 'NONE', #3544, #2559, #7061, .T. ) ;
#93 = ORIENTED_EDGE ( 'NONE', *, *, #2308, .T. ) ;
#94 = FACE_BOUND ( 'NONE', #4904, .T. ) ;
#95 = CARTESIAN_POINT ( 'NONE',  ( 4.850000000000000533, -1.899999999999999911, 1.000000000000000000 ) ) ;
#96 = CARTESIAN_POINT ( 'NONE',  ( 3.600000000000000089, 2.200000000000000178, 5.500000000000000000 ) ) ;
#97 = DIRECTION ( 'NONE',  ( 0.9889363528681992532, -0.1483404529309000630, 0.000000000000000000 ) ) ;
#98 = AXIS2_PLACEMENT_3D ( 'NONE', #6980, #6918, #240 ) ;
#99 = LINE ( 'NONE', #1568, #15 ) ;
#100 = VERTEX_POINT ( 'NONE', #1609 ) ;
#101 =( NAMED_UNIT ( * ) SI_UNIT ( $, .STERADIAN. ) SOLID_ANGLE_UNIT ( ) );
#102 = CARTESIAN_POINT ( 'NONE',  ( 3.994174762339087525, 2.224999999767803605, 4.674999999999999822 ) ) ;
#103 = PLANE ( 'NONE',  #718 ) ;
#104 = CARTESIAN_POINT ( 'NONE',  ( 4.825000000000000178, -1.800000000000000044, 1.050000000000000044 ) ) ;
#105 = DIRECTION ( 'NONE',  ( 0.000000000000000000, -1.000000000000000000, 0.000000000000000000 ) ) ;
#106 = EDGE_LOOP ( 'NONE', ( #6345, #5920, #6677, #1730, #1035, #4052, #5038, #5271 ) ) ;
#107 = ORIENTED_EDGE ( 'NONE', *, *, #2866, .T. ) ;
#108 = LINE ( 'NONE', #1263, #2401 ) ;
#109 = CARTESIAN_POINT ( 'NONE',  ( 4.850000000000000533, -1.899999999999999911, 1.000000000000000000 ) ) ;
#110 = LINE ( 'NONE', #4546, #839 ) ;
#111 = CARTESIAN_POINT ( 'NONE',  ( -5.750000000000000000, 3.500000000000000000, 6.949999999999999289 ) ) ;
#112 = ORIENTED_EDGE ( 'NONE', *, *, #2757, .F. ) ;
#113 = ADVANCED_FACE ( 'NONE', ( #4927 ), #1721, .T. ) ;
#114 = LINE ( 'NONE', #2310, #777 ) ;
#115 = VERTEX_POINT ( 'NONE', #4426 ) ;
#116 = EDGE_CURVE ( 'NONE', #4749, #6993, #6495, .T. ) ;
#117 = LINE ( 'NONE', #7148, #3905 ) ;
#118 = CARTESIAN_POINT ( 'NONE',  ( 0.2000000000000000111, 0.5000000000000000000, 4.743999999999999773 ) ) ;
#119 = ORIENTED_EDGE ( 'NONE', *, *, #6046, .T. ) ;
#120 = ORIENTED_EDGE ( 'NONE', *, *, #2615, .F. ) ;
#121 = VERTEX_POINT ( 'NONE', #603 ) ;
#122 = DIRECTION ( 'NONE',  ( 0.000000000000000000, 0.000000000000000000, 1.000000000000000000 ) ) ;
#123 = CARTESIAN_POINT ( 'NONE',  ( -2.799999999999999822, 0.5000000000000003331, 10.55000000000000071 ) ) ;
#124 = FACE_OUTER_BOUND ( 'NONE', #1279, .T. ) ;
#125 = DIRECTION ( 'NONE',  ( 1.000000000000000000, 0.000000000000000000, 0.000000000000000000 ) ) ;
#126 = LINE ( 'NONE', #4704, #4823 ) ;
#127 = ORIENTED_EDGE ( 'NONE', *, *, #1482, .T. ) ;
#128 = VERTEX_POINT ( 'NONE', #3904 ) ;
#129 = LINE ( 'NONE', #1217, #4705 ) ;
#130 = DIRECTION ( 'NONE',  ( 0.000000000000000000, 1.000000000000000000, 0.000000000000000000 ) ) ;
#131 = CARTESIAN_POINT ( 'NONE',  ( 0.005362112447577910106, -2.200000000000000178, -4.003969365358120314 ) ) ;
#132 = FACE_BOUND ( 'NONE', #2927, .T. ) ;
#133 = DIRECTION ( 'NONE',  ( 0.000000000000000000, -1.000000000000000000, 0.000000000000000000 ) ) ;
#134 = ORIENTED_EDGE ( 'NONE', *, *, #4892, .T. ) ;
#135 = EDGE_LOOP ( 'NONE', ( #446, #2327, #5598, #127 ) ) ;
#136 = ORIENTED_EDGE ( 'NONE', *, *, #5675, .T. ) ;
#137 = CARTESIAN_POINT ( 'NONE',  ( -4.924999999999999822, -5.500000000000000000, -3.149999999999999911 ) ) ;
#138 = LINE ( 'NONE', #1301, #1057 ) ;
#139 = DIRECTION ( 'NONE',  ( 0.000000000000000000, 1.000000000000000000, 0.000000000000000000 ) ) ;
#140 = CARTESIAN_POINT ( 'NONE',  ( 5.750000000000000000, -2.500000000000000000, 6.949999999999999289 ) ) ;
#141 = AXIS2_PLACEMENT_3D ( 'NONE', #4652, #797, #4199 ) ;
#142 = CIRCLE ( 'NONE', #5724, 0.2000000000000000944 ) ;
#143 = ORIENTED_EDGE ( 'NONE', *, *, #2763, .F. ) ;
#144 = CARTESIAN_POINT ( 'NONE',  ( 4.825000000000000178, -1.800000000000000044, 2.250000000000000000 ) ) ;
#145 = ORIENTED_EDGE ( 'NONE', *, *, #4370, .T. ) ;
#146 = PLANE ( 'NONE',  #4027 ) ;
#147 = EDGE_CURVE ( 'NONE', #2608, #2562, #4464, .T. ) ;
#148 = LINE ( 'NONE', #1313, #6676 ) ;
#149 = AXIS2_PLACEMENT_3D ( 'NONE', #3198, #942, #4258 ) ;
#150 = FACE_BOUND ( 'NONE', #4030, .T. ) ;
#151 = EDGE_CURVE ( 'NONE', #6427, #6181, #1104, .T. ) ;
#152 = EDGE_CURVE ( 'NONE', #1227, #704, #5467, .T. ) ;
#153 = ADVANCED_FACE ( 'NONE', ( #1685 ), #2155, .T. ) ;
#154 = VECTOR ( 'NONE', #7085, 1000.000000000000000 ) ;
#155 = ORIENTED_EDGE ( 'NONE', *, *, #2984, .F. ) ;
#156 = VERTEX_POINT ( 'NONE', #104 ) ;
#157 = EDGE_LOOP ( 'NONE', ( #2821, #6324, #829, #3279 ) ) ;
#158 = LINE ( 'NONE', #1129, #4780 ) ;
#159 = CARTESIAN_POINT ( 'NONE',  ( 5.200000000000000178, -1.699999999999999956, 4.675000000000000711 ) ) ;
#160 = CARTESIAN_POINT ( 'NONE',  ( 5.200000000000000178, 2.500000000000000000, -1.550000000000000044 ) ) ;
#161 = CARTESIAN_POINT ( 'NONE',  ( 0.8000000000000000444, -1.928740671584000088, 5.500000000000000000 ) ) ;
#162 = EDGE_CURVE ( 'NONE', #593, #1709, #5228, .T. ) ;
#163 = VERTEX_POINT ( 'NONE', #2767 ) ;
#164 = VERTEX_POINT ( 'NONE', #70 ) ;
#165 = ORIENTED_EDGE ( 'NONE', *, *, #22, .T. ) ;
#166 = EDGE_CURVE ( 'NONE', #3185, #3123, #3601, .T. ) ;
#167 = SHAPE_DEFINITION_REPRESENTATION ( #2488, #2279 ) ;
#168 = CARTESIAN_POINT ( 'NONE',  ( -4.299999999999999822, 3.100000000000000089, 6.400000000000000355 ) ) ;
#169 = VECTOR ( 'NONE', #6997, 1000.000000000000000 ) ;
#170 = LINE ( 'NONE', #4644, #4944 ) ;
#171 = DIRECTION ( 'NONE',  ( -0.5773502691895257000, 0.5773502691891259087, 0.5773502691902258066 ) ) ;
#172 = CARTESIAN_POINT ( 'NONE',  ( -2.600000000000000089, -1.699999999999999956, -1.443649167309905890 ) ) ;
#173 = CARTESIAN_POINT ( 'NONE',  ( 0.2000000000000000111, 0.5000000000000000000, 4.850000000000000533 ) ) ;
#174 = VECTOR ( 'NONE', #5905, 1000.000000000000000 ) ;
#175 = ORIENTED_EDGE ( 'NONE', *, *, #6322, .F. ) ;
#176 = EDGE_LOOP ( 'NONE', ( #5092, #3195, #4635, #1826 ) ) ;
#177 = ORIENTED_EDGE ( 'NONE', *, *, #116, .T. ) ;
#178 = LINE ( 'NONE', #216, #2161 ) ;
#179 = ADVANCED_FACE ( 'NONE', ( #6126 ), #1145, .F. ) ;
#180 = DIRECTION ( 'NONE',  ( 7.401486830834000387E-14, 1.000000000000000000, 0.000000000000000000 ) ) ;
#181 = PLANE ( 'NONE',  #50 ) ;
#182 = VECTOR ( 'NONE', #1895, 1000.000000000000000 ) ;
#183 = LINE ( 'NONE', #5526, #2489 ) ;
#184 = EDGE_LOOP ( 'NONE', ( #2293, #4177, #2226, #4156 ) ) ;
#185 = DIRECTION ( 'NONE',  ( -1.000000000000000000, 2.216227403787000161E-13, 0.000000000000000000 ) ) ;
#186 = VERTEX_POINT ( 'NONE', #6199 ) ;
#187 = VECTOR ( 'NONE', #1682, 1000.000000000000000 ) ;
#188 = DIRECTION ( 'NONE',  ( -8.659560562353641098E-17, -0.7071067811866530439, -0.7071067811864419905 ) ) ;
#189 = CARTESIAN_POINT ( 'NONE',  ( 0.2000000000000000111, 0.5000000000000000000, 7.023500000000000298 ) ) ;
#190 = CARTESIAN_POINT ( 'NONE',  ( -4.649999999999999467, -2.200000000000000178, -3.149999999999999911 ) ) ;
#191 = VECTOR ( 'NONE', #2863, 1000.000000000000000 ) ;
#192 = ORIENTED_CLOSED_SHELL ( 'NONE', *, #5101, .F. );
#193 = ORIENTED_EDGE ( 'NONE', *, *, #5393, .T. ) ;
#194 = EDGE_LOOP ( 'NONE', ( #215, #864, #1978, #5721 ) ) ;
#195 = EDGE_CURVE ( 'NONE', #6592, #4732, #4576, .T. ) ;
#196 = ORIENTED_EDGE ( 'NONE', *, *, #1465, .T. ) ;
#197 = VECTOR ( 'NONE', #5297, 1000.000000000000114 ) ;
#198 = DIRECTION ( 'NONE',  ( 0.7071067811865475727, 0.7071067811865475727, 0.000000000000000000 ) ) ;
#199 = DIRECTION ( 'NONE',  ( 0.000000000000000000, 1.000000000000000000, 0.000000000000000000 ) ) ;
#200 = VECTOR ( 'NONE', #6776, 1000.000000000000000 ) ;
#201 = DIRECTION ( 'NONE',  ( 1.000000000000000000, 0.000000000000000000, 0.000000000000000000 ) ) ;
#202 = VERTEX_POINT ( 'NONE', #4090 ) ;
#203 = AXIS2_PLACEMENT_3D ( 'NONE', #7080, #479, #4515 ) ;
#204 = VERTEX_POINT ( 'NONE', #4126 ) ;
#205 = EDGE_LOOP ( 'NONE', ( #4297, #4921, #488, #2550 ) ) ;
#206 = ADVANCED_FACE ( 'NONE', ( #3590 ), #1335, .F. ) ;
#207 = FACE_OUTER_BOUND ( 'NONE', #7106, .T. ) ;
#208 = EDGE_CURVE ( 'NONE', #2385, #660, #5576, .T. ) ;
#209 = AXIS2_PLACEMENT_3D ( 'NONE', #2455, #1347, #1768 ) ;
#210 = DIRECTION ( 'NONE',  ( 0.000000000000000000, 1.000000000000000000, 0.000000000000000000 ) ) ;
#211 = LINE ( 'NONE', #5069, #4722 ) ;
#212 = AXIS2_PLACEMENT_3D ( 'NONE', #5912, #6964, #3659 ) ;
#213 = ORIENTED_EDGE ( 'NONE', *, *, #1480, .F. ) ;
#214 = EDGE_CURVE ( 'NONE', #3110, #3486, #3001, .T. ) ;
#215 = ORIENTED_EDGE ( 'NONE', *, *, #850, .T. ) ;
#216 = CARTESIAN_POINT ( 'NONE',  ( -2.125000000000000000, -1.699999999999999956, -0.7750000000000000222 ) ) ;
#217 = DIRECTION ( 'NONE',  ( 1.000000000000000000, -5.878785113032513212E-14, 0.000000000000000000 ) ) ;
#218 = DIRECTION ( 'NONE',  ( 0.000000000000000000, 0.000000000000000000, -1.000000000000000000 ) ) ;
#219 = LINE ( 'NONE', #6419, #3510 ) ;
#220 = EDGE_CURVE ( 'NONE', #555, #7082, #5944, .T. ) ;
#221 = EDGE_CURVE ( 'NONE', #7109, #3768, #2443, .T. ) ;
#222 = ORIENTED_EDGE ( 'NONE', *, *, #1233, .T. ) ;
#223 = VERTEX_POINT ( 'NONE', #172 ) ;
#224 = FACE_OUTER_BOUND ( 'NONE', #5770, .T. ) ;
#225 = DIRECTION ( 'NONE',  ( 1.000000000000000000, 0.000000000000000000, 0.000000000000000000 ) ) ;
#226 = DIRECTION ( 'NONE',  ( 0.000000000000000000, 1.000000000000000000, 0.000000000000000000 ) ) ;
#227 = PLANE ( 'NONE',  #1205 ) ;
#228 = DIRECTION ( 'NONE',  ( 1.000000000000000000, 0.000000000000000000, 0.000000000000000000 ) ) ;
#229 = VERTEX_POINT ( 'NONE', #2371 ) ;
#230 = ORIENTED_EDGE ( 'NONE', *, *, #3843, .T. ) ;
#231 = CARTESIAN_POINT ( 'NONE',  ( 0.000000000000000000, 2.500000000000000000, 0.000000000000000000 ) ) ;
#232 = ORIENTED_EDGE ( 'NONE', *, *, #6148, .T. ) ;
#233 = LINE ( 'NONE', #6940, #2551 ) ;
#234 = DIRECTION ( 'NONE',  ( -0.000000000000000000, 1.000000000000000000, 0.000000000000000000 ) ) ;
#235 = CYLINDRICAL_SURFACE ( 'NONE', #6976, 1.999999999998999245 ) ;
#236 = CARTESIAN_POINT ( 'NONE',  ( 4.500000000000000000, 2.575000000050999827, 5.549999999999999822 ) ) ;
#237 = ORIENTED_EDGE ( 'NONE', *, *, #6541, .T. ) ;
#238 = ORIENTED_EDGE ( 'NONE', *, *, #2499, .F. ) ;
#239 = ORIENTED_EDGE ( 'NONE', *, *, #3129, .F. ) ;
#240 = DIRECTION ( 'NONE',  ( 0.000000000000000000, 0.000000000000000000, -1.000000000000000000 ) ) ;
#241 = FILL_AREA_STYLE_COLOUR ( '', #5138 ) ;
#242 = CARTESIAN_POINT ( 'NONE',  ( 0.004213083907949999318, -2.200000000000000178, -4.268245126306999815 ) ) ;
#243 = VECTOR ( 'NONE', #638, 1000.000000000000000 ) ;
#244 = CARTESIAN_POINT ( 'NONE',  ( 4.500000000000000000, 3.100000000000000089, 5.549999999999999822 ) ) ;
#245 = EDGE_CURVE ( 'NONE', #6247, #4717, #6818, .T. ) ;
#246 = AXIS2_PLACEMENT_3D ( 'NONE', #3769, #2674, #3671 ) ;
#247 = DIRECTION ( 'NONE',  ( 0.000000000000000000, 0.000000000000000000, -1.000000000000000000 ) ) ;
#248 = ORIENTED_EDGE ( 'NONE', *, *, #6246, .T. ) ;
#249 = PLANE ( 'NONE',  #4630 ) ;
#250 = CARTESIAN_POINT ( 'NONE',  ( -2.649999999999999911, -1.699999999999999956, 4.850000000000000533 ) ) ;
#251 = CIRCLE ( 'NONE', #2082, 0.5999999999999998668 ) ;
#252 = CARTESIAN_POINT ( 'NONE',  ( 3.437500000000000000, 2.399999999999999911, 5.375000000000000000 ) ) ;
#253 = ADVANCED_FACE ( 'NONE', ( #1833 ), #3513, .T. ) ;
#254 = EDGE_LOOP ( 'NONE', ( #2197, #3196, #1502, #3898 ) ) ;
#255 = ORIENTED_EDGE ( 'NONE', *, *, #736, .F. ) ;
#256 = EDGE_CURVE ( 'NONE', #128, #4184, #3439, .T. ) ;
#257 = FACE_OUTER_BOUND ( 'NONE', #5799, .T. ) ;
#258 = DIRECTION ( 'NONE',  ( 0.8320502943381206107, 0.5547001962248137019, 0.000000000000000000 ) ) ;
#259 = EDGE_CURVE ( 'NONE', #3239, #2740, #2792, .T. ) ;
#260 = DIRECTION ( 'NONE',  ( 0.000000000000000000, 1.000000000000000000, 0.000000000000000000 ) ) ;
#261 = AXIS2_PLACEMENT_3D ( 'NONE', #5227, #6319, #6860 ) ;
#262 = VERTEX_POINT ( 'NONE', #21 ) ;
#263 = ORIENTED_EDGE ( 'NONE', *, *, #4523, .F. ) ;
#264 = VECTOR ( 'NONE', #4637, 1000.000000000000000 ) ;
#265 = ORIENTED_EDGE ( 'NONE', *, *, #2850, .T. ) ;
#266 = LINE ( 'NONE', #3606, #385 ) ;
#267 = CARTESIAN_POINT ( 'NONE',  ( 0.8499999999999999778, -2.200000000000000178, -3.550000000000000266 ) ) ;
#268 = CARTESIAN_POINT ( 'NONE',  ( 2.339999999999999858, 0.5000000000000000000, 5.799999999999999822 ) ) ;
#269 = AXIS2_PLACEMENT_3D ( 'NONE', #3594, #5153, #4097 ) ;
#270 = COLOUR_RGB ( '',0.7921568627450980005, 0.8196078431372548767, 0.9333333333333333481 ) ;
#271 = ORIENTED_EDGE ( 'NONE', *, *, #5928, .T. ) ;
#272 = ORIENTED_EDGE ( 'NONE', *, *, #3827, .F. ) ;
#273 = CARTESIAN_POINT ( 'NONE',  ( -2.200000000000000178, 2.500000000000000000, 6.949999999999999289 ) ) ;
#274 = DIRECTION ( 'NONE',  ( 0.000000000000000000, -0.6317418381935782090, -0.7751788502505720935 ) ) ;
#275 = CARTESIAN_POINT ( 'NONE',  ( 4.527626313563481553, 2.424970221859251041, 4.675000000000001599 ) ) ;
#276 = LINE ( 'NONE', #5282, #5730 ) ;
#277 = CARTESIAN_POINT ( 'NONE',  ( -3.225000000000000089, -2.100000000000000089, 5.825000000000000178 ) ) ;
#278 = ORIENTED_EDGE ( 'NONE', *, *, #875, .T. ) ;
#279 = AXIS2_PLACEMENT_3D ( 'NONE', #406, #2062, #4908 ) ;
#280 = DIRECTION ( 'NONE',  ( 1.000000000000000000, 0.000000000000000000, 0.000000000000000000 ) ) ;
#281 = EDGE_CURVE ( 'NONE', #5294, #3839, #2075, .T. ) ;
#282 = DIRECTION ( 'NONE',  ( 0.000000000000000000, 0.000000000000000000, -1.000000000000000000 ) ) ;
#283 = DIRECTION ( 'NONE',  ( 0.000000000000000000, 0.000000000000000000, 1.000000000000000000 ) ) ;
#284 = VECTOR ( 'NONE', #6702, 1000.000000000000000 ) ;
#285 = ORIENTED_EDGE ( 'NONE', *, *, #2326, .F. ) ;
#286 = DIRECTION ( 'NONE',  ( 0.000000000000000000, -1.000000000000000000, 0.000000000000000000 ) ) ;
#287 = ORIENTED_EDGE ( 'NONE', *, *, #4194, .F. ) ;
#288 = DIRECTION ( 'NONE',  ( 0.000000000000000000, -1.000000000000000000, 4.846603228487000003E-14 ) ) ;
#289 = ADVANCED_FACE ( 'NONE', ( #489 ), #6551, .F. ) ;
#290 = CARTESIAN_POINT ( 'NONE',  ( -0.4000000000000000222, -2.621259328415999956, 5.000000000000000000 ) ) ;
#291 = PRESENTATION_LAYER_ASSIGNMENT (  '', '', ( #63 ) ) ;
#292 = DIRECTION ( 'NONE',  ( -1.000000000000000000, 0.000000000000000000, 0.000000000000000000 ) ) ;
#293 = AXIS2_PLACEMENT_3D ( 'NONE', #3973, #6194, #130 ) ;
#294 = VERTEX_POINT ( 'NONE', #3329 ) ;
#295 = EDGE_CURVE ( 'NONE', #2965, #1089, #1968, .T. ) ;
#296 = VERTEX_POINT ( 'NONE', #3245 ) ;
#297 = VERTEX_POINT ( 'NONE', #2253 ) ;
#298 = FACE_OUTER_BOUND ( 'NONE', #518, .T. ) ;
#299 = DIRECTION ( 'NONE',  ( 0.000000000000000000, -1.000000000000000000, 0.000000000000000000 ) ) ;
#300 = DIRECTION ( 'NONE',  ( 0.000000000000000000, 1.000000000000000000, 0.000000000000000000 ) ) ;
#301 = AXIS2_PLACEMENT_3D ( 'NONE', #3371, #3873, #685 ) ;
#302 = DIRECTION ( 'NONE',  ( 1.000000000000000000, 0.000000000000000000, 0.000000000000000000 ) ) ;
#303 = ORIENTED_EDGE ( 'NONE', *, *, #4291, .F. ) ;
#304 = CIRCLE ( 'NONE', #3772, 3.000000000000000000 ) ;
#305 = ORIENTED_EDGE ( 'NONE', *, *, #1404, .F. ) ;
#306 = CARTESIAN_POINT ( 'NONE',  ( 3.600000000000000089, 3.500000000000000000, 5.549999999999999822 ) ) ;
#307 =( NAMED_UNIT ( * ) PLANE_ANGLE_UNIT ( ) SI_UNIT ( $, .RADIAN. ) );
#308 = CARTESIAN_POINT ( 'NONE',  ( 2.149999999999999911, 0.5000000000000000000, 4.850000000000000533 ) ) ;
#309 = DIRECTION ( 'NONE',  ( -0.000000000000000000, 1.000000000000000000, 0.000000000000000000 ) ) ;
#310 = CARTESIAN_POINT ( 'NONE',  ( -2.200000000000000178, 2.500000000000000000, 6.025000000000000355 ) ) ;
#311 = DIRECTION ( 'NONE',  ( 1.000000000000000000, 0.000000000000000000, 0.000000000000000000 ) ) ;
#312 = AXIS2_PLACEMENT_3D ( 'NONE', #2693, #5462, #4923 ) ;
#313 = VECTOR ( 'NONE', #3607, 1000.000000000000000 ) ;
#314 = ORIENTED_EDGE ( 'NONE', *, *, #3186, .F. ) ;
#315 = VECTOR ( 'NONE', #3309, 1000.000000000000000 ) ;
#316 = DIRECTION ( 'NONE',  ( 1.000000000000000000, 3.552713678801000121E-14, 4.958996176658999941E-14 ) ) ;
#317 = DIRECTION ( 'NONE',  ( 0.000000000000000000, 0.000000000000000000, 1.000000000000000000 ) ) ;
#318 = DIRECTION ( 'NONE',  ( 1.000000000000000000, 0.000000000000000000, 0.000000000000000000 ) ) ;
#319 = DIRECTION ( 'NONE',  ( -1.000000000000000000, 0.000000000000000000, 0.000000000000000000 ) ) ;
#320 = DIRECTION ( 'NONE',  ( 0.000000000000000000, 1.000000000000000000, 0.000000000000000000 ) ) ;
#321 = AXIS2_PLACEMENT_3D ( 'NONE', #1071, #1691, #6160 ) ;
#322 = EDGE_LOOP ( 'NONE', ( #6534, #5778, #3951, #2595, #766, #3949, #1487, #4773, #1782, #6431, #278 ) ) ;
#323 = ORIENTED_EDGE ( 'NONE', *, *, #1309, .F. ) ;
#324 = DIRECTION ( 'NONE',  ( 1.000000000000000000, 0.000000000000000000, 0.000000000000000000 ) ) ;
#325 = DIRECTION ( 'NONE',  ( -0.6952378264722788304, 0.7187797747864790310, 0.000000000000000000 ) ) ;
#326 = LINE ( 'NONE', #6389, #4125 ) ;
#327 = EDGE_CURVE ( 'NONE', #6392, #5605, #1174, .T. ) ;
#328 = EDGE_CURVE ( 'NONE', #3442, #363, #99, .T. ) ;
#329 = ORIENTED_EDGE ( 'NONE', *, *, #388, .F. ) ;
#330 = VERTEX_POINT ( 'NONE', #1717 ) ;
#331 = ORIENTED_EDGE ( 'NONE', *, *, #152, .F. ) ;
#332 = DIRECTION ( 'NONE',  ( 0.000000000000000000, 0.000000000000000000, -1.000000000000000000 ) ) ;
#333 = LINE ( 'NONE', #6299, #2099 ) ;
#334 = CARTESIAN_POINT ( 'NONE',  ( -4.299999999999999822, 3.100000000000000089, 4.675000000000000711 ) ) ;
#335 = DIRECTION ( 'NONE',  ( 1.000000000000000000, 0.000000000000000000, 0.000000000000000000 ) ) ;
#336 = CARTESIAN_POINT ( 'NONE',  ( -5.750000000000000000, -2.500000000000000000, 6.949999999999999289 ) ) ;
#337 = EDGE_CURVE ( 'NONE', #5587, #3358, #4498, .T. ) ;
#338 = ORIENTED_EDGE ( 'NONE', *, *, #5518, .T. ) ;
#339 = VERTEX_POINT ( 'NONE', #5614 ) ;
#340 = CARTESIAN_POINT ( 'NONE',  ( 0.2999999999999999889, 2.350000000000000089, -6.125000000000000000 ) ) ;
#341 = CARTESIAN_POINT ( 'NONE',  ( 4.500000000000000000, 3.100000000000000089, 5.549999999999999822 ) ) ;
#342 = FACE_OUTER_BOUND ( 'NONE', #1086, .T. ) ;
#343 = EDGE_CURVE ( 'NONE', #7145, #2363, #2831, .T. ) ;
#344 = LINE ( 'NONE', #1264, #3511 ) ;
#345 = DIRECTION ( 'NONE',  ( 0.000000000000000000, 0.000000000000000000, -1.000000000000000000 ) ) ;
#346 = EDGE_CURVE ( 'NONE', #1806, #5258, #3785, .T. ) ;
#347 = DIRECTION ( 'NONE',  ( -1.000000000000000000, 0.000000000000000000, 0.000000000000000000 ) ) ;
#348 = ADVANCED_FACE ( 'NONE', ( #4956 ), #1637, .F. ) ;
#349 = CARTESIAN_POINT ( 'NONE',  ( 3.625000000000000000, -2.100000000000000089, 5.825000000000000178 ) ) ;
#350 = EDGE_LOOP ( 'NONE', ( #1612, #238, #1260, #5860, #4286 ) ) ;
#351 = DIRECTION ( 'NONE',  ( 0.000000000000000000, 1.000000000000000000, 0.000000000000000000 ) ) ;
#352 = CARTESIAN_POINT ( 'NONE',  ( 4.840557876839999274, -1.800000000000000044, 2.399999999999999911 ) ) ;
#353 = DIRECTION ( 'NONE',  ( 0.000000000000000000, -1.000000000000000000, 0.000000000000000000 ) ) ;
#354 = AXIS2_PLACEMENT_3D ( 'NONE', #5910, #926, #392 ) ;
#355 = ORIENTED_EDGE ( 'NONE', *, *, #6811, .F. ) ;
#356 = VERTEX_POINT ( 'NONE', #2146 ) ;
#357 = AXIS2_PLACEMENT_3D ( 'NONE', #3, #5117, #4590 ) ;
#358 = DIRECTION ( 'NONE',  ( 1.000000000000000000, 0.000000000000000000, 0.000000000000000000 ) ) ;
#359 = LINE ( 'NONE', #1315, #4586 ) ;
#360 = AXIS2_PLACEMENT_3D ( 'NONE', #5363, #3301, #3833 ) ;
#361 = ORIENTED_EDGE ( 'NONE', *, *, #636, .F. ) ;
#362 = VERTEX_POINT ( 'NONE', #4387 ) ;
#363 = VERTEX_POINT ( 'NONE', #6591 ) ;
#364 = ORIENTED_EDGE ( 'NONE', *, *, #5183, .F. ) ;
#365 = PLANE ( 'NONE',  #3253 ) ;
#366 = CIRCLE ( 'NONE', #6043, 0.8500000000000000888 ) ;
#367 = PLANE ( 'NONE',  #6549 ) ;
#368 = VECTOR ( 'NONE', #6674, 1000.000000000000227 ) ;
#369 = CARTESIAN_POINT ( 'NONE',  ( 0.000000000000000000, 2.500000000000000000, 0.000000000000000000 ) ) ;
#370 = EDGE_CURVE ( 'NONE', #3317, #164, #6280, .T. ) ;
#371 = DIRECTION ( 'NONE',  ( 0.000000000000000000, 0.000000000000000000, -1.000000000000000000 ) ) ;
#372 = EDGE_CURVE ( 'NONE', #5953, #4499, #6078, .T. ) ;
#373 = EDGE_CURVE ( 'NONE', #4671, #2057, #4419, .T. ) ;
#374 = VECTOR ( 'NONE', #180, 1000.000000000000000 ) ;
#375 = VERTEX_POINT ( 'NONE', #3160 ) ;
#376 = ORIENTED_EDGE ( 'NONE', *, *, #565, .F. ) ;
#377 = DIRECTION ( 'NONE',  ( 0.000000000000000000, 0.000000000000000000, 1.000000000000000000 ) ) ;
#378 = EDGE_LOOP ( 'NONE', ( #4085, #5460, #1380, #361 ) ) ;
#379 = SURFACE_SIDE_STYLE ('',( #5279 ) ) ;
#380 = DIRECTION ( 'NONE',  ( 1.000000000000000000, 0.000000000000000000, 0.000000000000000000 ) ) ;
#381 = LINE ( 'NONE', #3479, #4087 ) ;
#382 = ADVANCED_FACE ( 'NONE', ( #5335 ), #3736, .T. ) ;
#383 = FACE_OUTER_BOUND ( 'NONE', #800, .T. ) ;
#384 = CIRCLE ( 'NONE', #3514, 3.000000000000000000 ) ;
#385 = VECTOR ( 'NONE', #3099, 1000.000000000000000 ) ;
#386 = PRODUCT_DEFINITION_CONTEXT ( 'detailed design', #5233, 'design' ) ;
#387 = ORIENTED_EDGE ( 'NONE', *, *, #2665, .F. ) ;
#388 = EDGE_CURVE ( 'NONE', #6378, #2493, #5957, .T. ) ;
#389 = CARTESIAN_POINT ( 'NONE',  ( 0.2000000000000000111, 0.5000000000000000000, 10.34999999999999964 ) ) ;
#390 = DIRECTION ( 'NONE',  ( 0.000000000000000000, -1.000000000000000000, 2.393093793796000030E-12 ) ) ;
#391 = FACE_OUTER_BOUND ( 'NONE', #5531, .T. ) ;
#392 = DIRECTION ( 'NONE',  ( -1.000000000000000000, 0.000000000000000000, 0.000000000000000000 ) ) ;
#393 = VECTOR ( 'NONE', #3493, 1000.000000000000000 ) ;
#394 = ORIENTED_EDGE ( 'NONE', *, *, #5965, .T. ) ;
#395 = CARTESIAN_POINT ( 'NONE',  ( 0.8000000000000000444, -1.928740671584000088, 5.799999999999999822 ) ) ;
#396 = DIRECTION ( 'NONE',  ( 1.000000000000000000, 0.000000000000000000, 0.000000000000000000 ) ) ;
#397 = AXIS2_PLACEMENT_3D ( 'NONE', #2761, #4992, #24 ) ;
#398 = ORIENTED_EDGE ( 'NONE', *, *, #2366, .T. ) ;
#399 = ORIENTED_EDGE ( 'NONE', *, *, #1355, .T. ) ;
#400 = ORIENTED_EDGE ( 'NONE', *, *, #1832, .F. ) ;
#401 = VECTOR ( 'NONE', #596, 1000.000000000000000 ) ;
#402 = ORIENTED_EDGE ( 'NONE', *, *, #2572, .F. ) ;
#403 = DIRECTION ( 'NONE',  ( 0.000000000000000000, 1.000000000000000000, 0.000000000000000000 ) ) ;
#404 = DIRECTION ( 'NONE',  ( -1.000000000000000000, 0.000000000000000000, 0.000000000000000000 ) ) ;
#405 = DIRECTION ( 'NONE',  ( -2.829012744230000060E-14, -1.000000000000000000, 0.000000000000000000 ) ) ;
#406 = CARTESIAN_POINT ( 'NONE',  ( 0.2000000000000000111, 3.078237858560999740, -4.450000000000000178 ) ) ;
#407 = VECTOR ( 'NONE', #1673, 1000.000000000000000 ) ;
#408 = ORIENTED_EDGE ( 'NONE', *, *, #1977, .F. ) ;
#409 = ADVANCED_FACE ( 'NONE', ( #7041 ), #975, .T. ) ;
#410 = ORIENTED_EDGE ( 'NONE', *, *, #686, .F. ) ;
#411 = DIRECTION ( 'NONE',  ( 0.000000000000000000, -1.000000000000000000, 0.000000000000000000 ) ) ;
#412 = DIRECTION ( 'NONE',  ( 0.000000000000000000, 1.000000000000000000, 0.000000000000000000 ) ) ;
#413 = VECTOR ( 'NONE', #2877, 1000.000000000000000 ) ;
#414 = LINE ( 'NONE', #4380, #946 ) ;
#415 = FACE_OUTER_BOUND ( 'NONE', #4790, .T. ) ;
#416 = DIRECTION ( 'NONE',  ( 1.000000000000000000, 0.000000000000000000, 0.000000000000000000 ) ) ;
#417 = VECTOR ( 'NONE', #6903, 1000.000000000000000 ) ;
#418 = EDGE_CURVE ( 'NONE', #1912, #32, #5814, .T. ) ;
#419 = VERTEX_POINT ( 'NONE', #3125 ) ;
#420 = LINE ( 'NONE', #2070, #2952 ) ;
#421 = LINE ( 'NONE', #4235, #4376 ) ;
#422 = LINE ( 'NONE', #7058, #2828 ) ;
#423 = AXIS2_PLACEMENT_3D ( 'NONE', #6380, #2043, #7056 ) ;
#424 = VECTOR ( 'NONE', #4996, 1000.000000000000000 ) ;
#425 = CARTESIAN_POINT ( 'NONE',  ( 0.2000000000000000111, 2.899999999999999911, 5.950000000000000178 ) ) ;
#426 = EDGE_CURVE ( 'NONE', #5333, #5735, #6471, .T. ) ;
#427 = VECTOR ( 'NONE', #286, 1000.000000000000000 ) ;
#428 = EDGE_LOOP ( 'NONE', ( #5617, #1651, #3889, #3374, #7073 ) ) ;
#429 = DIRECTION ( 'NONE',  ( 1.000000000000000000, 0.000000000000000000, 0.000000000000000000 ) ) ;
#430 = LINE ( 'NONE', #4246, #1402 ) ;
#431 = DIRECTION ( 'NONE',  ( 0.000000000000000000, -1.000000000000000000, 0.000000000000000000 ) ) ;
#432 = CIRCLE ( 'NONE', #5657, 2.350000000000000089 ) ;
#433 = CARTESIAN_POINT ( 'NONE',  ( -0.4500000000000000111, -2.500000000000000000, 5.825000000000000178 ) ) ;
#434 = EDGE_LOOP ( 'NONE', ( #2321, #3657 ) ) ;
#435 = ORIENTED_EDGE ( 'NONE', *, *, #5928, .F. ) ;
#436 = VECTOR ( 'NONE', #5106, 1000.000000000000000 ) ;
#437 = ORIENTED_EDGE ( 'NONE', *, *, #195, .T. ) ;
#438 = ORIENTED_EDGE ( 'NONE', *, *, #1647, .T. ) ;
#439 = CARTESIAN_POINT ( 'NONE',  ( -0.4000000000000000222, -1.928740671584000088, 5.799999999999999822 ) ) ;
#440 = CARTESIAN_POINT ( 'NONE',  ( 5.200000000000000178, 2.399999999999999911, -3.262500000000000178 ) ) ;
#441 = DIRECTION ( 'NONE',  ( -0.1483404529307041364, -0.9889363528682285631, 0.000000000000000000 ) ) ;
#442 = DIRECTION ( 'NONE',  ( 0.000000000000000000, -1.000000000000000000, 0.000000000000000000 ) ) ;
#443 = DIRECTION ( 'NONE',  ( 0.000000000000000000, 0.000000000000000000, 1.000000000000000000 ) ) ;
#444 = DIRECTION ( 'NONE',  ( 1.000000000000000000, 0.000000000000000000, 0.000000000000000000 ) ) ;
#445 = FACE_OUTER_BOUND ( 'NONE', #980, .T. ) ;
#446 = ORIENTED_EDGE ( 'NONE', *, *, #4983, .T. ) ;
#447 = ORIENTED_EDGE ( 'NONE', *, *, #2940, .F. ) ;
#448 = CARTESIAN_POINT ( 'NONE',  ( 4.500000000000000000, 2.649999999999999911, 5.549999999999999822 ) ) ;
#449 = CARTESIAN_POINT ( 'NONE',  ( 0.8499999999999999778, -2.100000000000000089, 4.649999999999999467 ) ) ;
#450 = CARTESIAN_POINT ( 'NONE',  ( -0.4239999999999999880, -2.621259328415999956, 5.450000000000000178 ) ) ;
#451 = ORIENTED_EDGE ( 'NONE', *, *, #815, .F. ) ;
#452 = VERTEX_POINT ( 'NONE', #940 ) ;
#453 = CARTESIAN_POINT ( 'NONE',  ( 5.049999999999999822, -1.699999999999999956, -5.774999999999999467 ) ) ;
#454 = PLANE ( 'NONE',  #4238 ) ;
#455 = EDGE_CURVE ( 'NONE', #3710, #652, #2708, .T. ) ;
#456 = CARTESIAN_POINT ( 'NONE',  ( 5.349999999999999645, 2.500000000000000000, -5.474999999999999645 ) ) ;
#457 = EDGE_CURVE ( 'NONE', #419, #1638, #1397, .T. ) ;
#458 = ORIENTED_EDGE ( 'NONE', *, *, #6714, .F. ) ;
#459 = ORIENTED_EDGE ( 'NONE', *, *, #5171, .T. ) ;
#460 = ORIENTED_EDGE ( 'NONE', *, *, #6209, .F. ) ;
#461 = CARTESIAN_POINT ( 'NONE',  ( -3.000000000000000000, 2.200000000000000178, 5.500000000000000000 ) ) ;
#462 = LINE ( 'NONE', #2052, #4301 ) ;
#463 = AXIS2_PLACEMENT_3D ( 'NONE', #5000, #30, #3976 ) ;
#464 = EDGE_CURVE ( 'NONE', #3192, #6526, #2091, .T. ) ;
#465 = ORIENTED_EDGE ( 'NONE', *, *, #4228, .F. ) ;
#466 = ADVANCED_FACE ( 'NONE', ( #5993 ), #365, .T. ) ;
#467 = VECTOR ( 'NONE', #2690, 1000.000000000000000 ) ;
#468 = ORIENTED_EDGE ( 'NONE', *, *, #2893, .T. ) ;
#469 = EDGE_LOOP ( 'NONE', ( #1820, #5653, #3906, #4205, #6654, #3732 ) ) ;
#470 = EDGE_CURVE ( 'NONE', #6027, #1358, #4877, .T. ) ;
#471 = EDGE_LOOP ( 'NONE', ( #4782, #3803, #408, #1836 ) ) ;
#472 = CARTESIAN_POINT ( 'NONE',  ( 5.200000000000000178, 2.350000000000000089, -5.625000000000000000 ) ) ;
#473 = LINE ( 'NONE', #546, #5047 ) ;
#474 = CARTESIAN_POINT ( 'NONE',  ( 0.2000000000000000111, 2.299999999999999822, 10.14999999999999858 ) ) ;
#475 = DIRECTION ( 'NONE',  ( 0.000000000000000000, 0.000000000000000000, -1.000000000000000000 ) ) ;
#476 = VECTOR ( 'NONE', #3798, 1000.000000000000000 ) ;
#477 = CARTESIAN_POINT ( 'NONE',  ( -2.475000000000000089, -1.900000000000031886, -1.112930253426908322 ) ) ;
#478 = VERTEX_POINT ( 'NONE', #4326 ) ;
#479 = DIRECTION ( 'NONE',  ( 1.000000000000000000, 0.000000000000000000, 0.000000000000000000 ) ) ;
#480 =( GEOMETRIC_REPRESENTATION_CONTEXT ( 3 ) GLOBAL_UNCERTAINTY_ASSIGNED_CONTEXT ( ( #6038 ) ) GLOBAL_UNIT_ASSIGNED_CONTEXT ( ( #3711, #5533, #3778 ) ) REPRESENTATION_CONTEXT ( 'NONE', 'WORKASPACE' ) );
#481 = ORIENTED_EDGE ( 'NONE', *, *, #983, .T. ) ;
#482 = DIRECTION ( 'NONE',  ( 0.000000000000000000, 0.000000000000000000, 1.000000000000000000 ) ) ;
#483 = CARTESIAN_POINT ( 'NONE',  ( -0.1325208861381000081, -2.299999999999999822, -3.850000000000000089 ) ) ;
#484 = DIRECTION ( 'NONE',  ( 0.000000000000000000, 0.000000000000000000, -1.000000000000000000 ) ) ;
#485 = CARTESIAN_POINT ( 'NONE',  ( 0.2000000000000000111, 0.5000000000000000000, 5.928237858561000273 ) ) ;
#486 = VECTOR ( 'NONE', #1720, 1000.000000000000000 ) ;
#487 = VECTOR ( 'NONE', #6694, 1000.000000000000000 ) ;
#488 = ORIENTED_EDGE ( 'NONE', *, *, #1087, .T. ) ;
#489 = FACE_OUTER_BOUND ( 'NONE', #6293, .T. ) ;
#490 = ORIENTED_EDGE ( 'NONE', *, *, #1762, .F. ) ;
#491 = VECTOR ( 'NONE', #6639, 1000.000000000000114 ) ;
#492 = AXIS2_PLACEMENT_3D ( 'NONE', #4703, #6910, #6433 ) ;
#493 = DIRECTION ( 'NONE',  ( 0.000000000000000000, 0.7751788502517846791, -0.6317418381920902881 ) ) ;
#494 = DIRECTION ( 'NONE',  ( 0.000000000000000000, 0.000000000000000000, -1.000000000000000000 ) ) ;
#495 = LINE ( 'NONE', #4788, #941 ) ;
#496 = VECTOR ( 'NONE', #5261, 1000.000000000000000 ) ;
#497 = CARTESIAN_POINT ( 'NONE',  ( 2.299999999999999822, -1.800000000000000044, 5.500000000000000000 ) ) ;
#498 = EDGE_CURVE ( 'NONE', #4883, #6553, #6536, .T. ) ;
#499 = ORIENTED_EDGE ( 'NONE', *, *, #1698, .F. ) ;
#500 = DIRECTION ( 'NONE',  ( 1.000000000000000000, 0.000000000000000000, 0.000000000000000000 ) ) ;
#501 = DIRECTION ( 'NONE',  ( 0.000000000000000000, 1.000000000000000000, 0.000000000000000000 ) ) ;
#502 = VERTEX_POINT ( 'NONE', #1014 ) ;
#503 = ORIENTED_EDGE ( 'NONE', *, *, #1307, .F. ) ;
#504 = EDGE_CURVE ( 'NONE', #3534, #6724, #4288, .T. ) ;
#505 = ORIENTED_EDGE ( 'NONE', *, *, #1059, .F. ) ;
#506 = EDGE_CURVE ( 'NONE', #1543, #7135, #928, .T. ) ;
#507 = PLANE ( 'NONE',  #3102 ) ;
#508 = ORIENTED_EDGE ( 'NONE', *, *, #6850, .T. ) ;
#509 = DIRECTION ( 'NONE',  ( 0.000000000000000000, 0.000000000000000000, -1.000000000000000000 ) ) ;
#510 = VECTOR ( 'NONE', #3013, 1000.000000000000000 ) ;
#511 = DIRECTION ( 'NONE',  ( 0.000000000000000000, 0.000000000000000000, -1.000000000000000000 ) ) ;
#512 = LINE ( 'NONE', #1626, #5959 ) ;
#513 = ADVANCED_FACE ( 'NONE', ( #5487 ), #4802, .T. ) ;
#514 = CARTESIAN_POINT ( 'NONE',  ( -1.899999999999999911, -1.800000000000000044, 5.500000000000000000 ) ) ;
#515 = ADVANCED_FACE ( 'NONE', ( #1732, #1198 ), #5638, .F. ) ;
#516 = AXIS2_PLACEMENT_3D ( 'NONE', #6035, #3324, #2211 ) ;
#517 = ORIENTED_EDGE ( 'NONE', *, *, #3478, .F. ) ;
#518 = EDGE_LOOP ( 'NONE', ( #804, #670, #5686, #5451 ) ) ;
#519 = DIRECTION ( 'NONE',  ( -1.000000000000000000, 0.000000000000000000, 0.000000000000000000 ) ) ;
#520 = DIRECTION ( 'NONE',  ( -1.000000000000000000, 0.000000000000000000, 0.000000000000000000 ) ) ;
#521 = VECTOR ( 'NONE', #6407, 1000.000000000000000 ) ;
#522 = LINE ( 'NONE', #6076, #6809 ) ;
#523 = CARTESIAN_POINT ( 'NONE',  ( 2.550000000000000266, 1.649999999999999911, 5.950000000000000178 ) ) ;
#524 = VECTOR ( 'NONE', #1572, 1000.000000000000000 ) ;
#525 = VERTEX_POINT ( 'NONE', #3880 ) ;
#526 = LINE ( 'NONE', #3859, #284 ) ;
#527 = CYLINDRICAL_SURFACE ( 'NONE', #3774, 0.5999999999999999778 ) ;
#528 = FACE_OUTER_BOUND ( 'NONE', #5575, .T. ) ;
#529 = LINE ( 'NONE', #5431, #2031 ) ;
#530 = LINE ( 'NONE', #4997, #2675 ) ;
#531 = VECTOR ( 'NONE', #5135, 1000.000000000000000 ) ;
#532 = LINE ( 'NONE', #497, #4176 ) ;
#533 = EDGE_LOOP ( 'NONE', ( #1414, #2100 ) ) ;
#534 = AXIS2_PLACEMENT_3D ( 'NONE', #7052, #1395, #3684 ) ;
#535 = CARTESIAN_POINT ( 'NONE',  ( 0.8000000000000000444, -1.964370335792000155, 5.797161038502000707 ) ) ;
#536 = PRODUCT_DEFINITION ( 'UNKNOWN', '', #656, #386 ) ;
#537 = LINE ( 'NONE', #4545, #2785 ) ;
#538 = DIRECTION ( 'NONE',  ( 0.000000000000000000, -0.6317418381932994320, -0.7751788502507993561 ) ) ;
#539 = VECTOR ( 'NONE', #3331, 1000.000000000000000 ) ;
#540 = AXIS2_PLACEMENT_3D ( 'NONE', #6021, #7180, #5554 ) ;
#541 = ORIENTED_EDGE ( 'NONE', *, *, #327, .T. ) ;
#542 = EDGE_LOOP ( 'NONE', ( #2063, #7063, #4831, #193 ) ) ;
#543 = EDGE_LOOP ( 'NONE', ( #4251, #3969 ) ) ;
#544 = CARTESIAN_POINT ( 'NONE',  ( 4.500000000000000000, 2.649999999999999911, 5.025000000000000355 ) ) ;
#545 = CARTESIAN_POINT ( 'NONE',  ( 0.2000000000000000111, -4.060628647901000754, 5.000000000000000000 ) ) ;
#546 = CARTESIAN_POINT ( 'NONE',  ( 2.100000000000000089, -2.000000000000000000, 5.799999999999999822 ) ) ;
#547 = VECTOR ( 'NONE', #6680, 1000.000000000000000 ) ;
#548 = CARTESIAN_POINT ( 'NONE',  ( 0.2000000000000000111, 2.899999999999999911, 6.949999999999999289 ) ) ;
#549 = FACE_OUTER_BOUND ( 'NONE', #3297, .T. ) ;
#550 = ADVANCED_FACE ( 'NONE', ( #85 ), #5560, .T. ) ;
#551 = EDGE_CURVE ( 'NONE', #1723, #3110, #3841, .T. ) ;
#552 = CIRCLE ( 'NONE', #3895, 0.5000000000000000000 ) ;
#553 = ORIENTED_EDGE ( 'NONE', *, *, #1453, .F. ) ;
#554 = ORIENTED_EDGE ( 'NONE', *, *, #4007, .T. ) ;
#555 = VERTEX_POINT ( 'NONE', #4481 ) ;
#556 = DIRECTION ( 'NONE',  ( 0.000000000000000000, 0.000000000000000000, 1.000000000000000000 ) ) ;
#557 = EDGE_CURVE ( 'NONE', #2972, #6468, #1701, .T. ) ;
#558 = CARTESIAN_POINT ( 'NONE',  ( -5.349999999999999645, 2.399999999999999911, 0.7750000000000000222 ) ) ;
#559 = LINE ( 'NONE', #5498, #3398 ) ;
#560 = DIRECTION ( 'NONE',  ( -1.000000000000000000, 0.000000000000000000, 0.000000000000000000 ) ) ;
#561 = FACE_OUTER_BOUND ( 'NONE', #4365, .T. ) ;
#562 = ADVANCED_FACE ( 'NONE', ( #4691 ), #5752, .T. ) ;
#563 = ORIENTED_EDGE ( 'NONE', *, *, #3551, .F. ) ;
#564 = ORIENTED_EDGE ( 'NONE', *, *, #5954, .F. ) ;
#565 = EDGE_CURVE ( 'NONE', #1262, #2598, #5714, .T. ) ;
#566 = DIRECTION ( 'NONE',  ( 0.000000000000000000, 0.000000000000000000, 1.000000000000000000 ) ) ;
#567 = CARTESIAN_POINT ( 'NONE',  ( -4.941409002758999414, -1.699999999999999956, -3.788196601125009888 ) ) ;
#568 = CARTESIAN_POINT ( 'NONE',  ( 0.8499999999999999778, -2.100000000000000089, 5.825000000000000178 ) ) ;
#569 = DIRECTION ( 'NONE',  ( 0.000000000000000000, 0.000000000000000000, -1.000000000000000000 ) ) ;
#570 = ORIENTED_EDGE ( 'NONE', *, *, #4958, .F. ) ;
#571 = ORIENTED_EDGE ( 'NONE', *, *, #2132, .T. ) ;
#572 = DIRECTION ( 'NONE',  ( 0.9419527418994553258, 0.000000000000000000, 0.3357454869809841647 ) ) ;
#573 = LINE ( 'NONE', #1149, #4556 ) ;
#574 = CARTESIAN_POINT ( 'NONE',  ( 0.005362112447553000344, -2.299999999999999822, -4.003969365357999521 ) ) ;
#575 = LINE ( 'NONE', #2305, #6896 ) ;
#576 = EDGE_LOOP ( 'NONE', ( #4278, #6899, #4525, #1261, #3266, #1796 ) ) ;
#577 = ORIENTED_EDGE ( 'NONE', *, *, #2441, .T. ) ;
#578 = LINE ( 'NONE', #2779, #547 ) ;
#579 = CARTESIAN_POINT ( 'NONE',  ( 0.1757717520002999856, -0.8499999999999999778, 5.950000000000000178 ) ) ;
#580 = DIRECTION ( 'NONE',  ( 0.000000000000000000, 1.000000000000000000, 0.000000000000000000 ) ) ;
#581 = DIRECTION ( 'NONE',  ( 0.000000000000000000, -1.000000000000000000, 0.000000000000000000 ) ) ;
#582 = ORIENTED_EDGE ( 'NONE', *, *, #7121, .T. ) ;
#583 = ORIENTED_EDGE ( 'NONE', *, *, #2538, .F. ) ;
#584 = EDGE_CURVE ( 'NONE', #3544, #6306, #4067, .T. ) ;
#585 = ORIENTED_EDGE ( 'NONE', *, *, #92, .F. ) ;
#586 = CARTESIAN_POINT ( 'NONE',  ( 0.2000000000000000111, -4.060628647901000754, 5.299999999999999822 ) ) ;
#587 = ADVANCED_FACE ( 'NONE', ( #1948 ), #5160, .T. ) ;
#588 = EDGE_CURVE ( 'NONE', #6464, #2493, #5846, .T. ) ;
#589 = LINE ( 'NONE', #4492, #1179 ) ;
#590 = CARTESIAN_POINT ( 'NONE',  ( 5.000000000000000000, -1.800000000000000044, 1.649999999999999911 ) ) ;
#591 = AXIS2_PLACEMENT_3D ( 'NONE', #1090, #3319, #1491 ) ;
#592 = DIRECTION ( 'NONE',  ( 0.000000000000000000, 0.000000000000000000, 1.000000000000000000 ) ) ;
#593 = VERTEX_POINT ( 'NONE', #290 ) ;
#594 = CARTESIAN_POINT ( 'NONE',  ( 0.2000000000000000111, 0.5000000000000000000, 6.959999999999999964 ) ) ;
#595 = EDGE_CURVE ( 'NONE', #100, #1043, #4629, .T. ) ;
#596 = DIRECTION ( 'NONE',  ( -1.000000000000000000, 0.000000000000000000, 0.000000000000000000 ) ) ;
#597 = EDGE_CURVE ( 'NONE', #3457, #5654, #2423, .T. ) ;
#598 = DIRECTION ( 'NONE',  ( 0.000000000000000000, 1.000000000000000000, 0.000000000000000000 ) ) ;
#599 = AXIS2_PLACEMENT_3D ( 'NONE', #5508, #5067, #6196 ) ;
#600 = DIRECTION ( 'NONE',  ( 0.000000000000000000, 0.000000000000000000, -1.000000000000000000 ) ) ;
#601 = DIRECTION ( 'NONE',  ( 1.000000000000000000, 0.000000000000000000, 0.000000000000000000 ) ) ;
#602 = EDGE_CURVE ( 'NONE', #4974, #3344, #1349, .T. ) ;
#603 = CARTESIAN_POINT ( 'NONE',  ( -2.475000000000000089, -1.899999999999999911, -0.8500000000000998979 ) ) ;
#604 = VECTOR ( 'NONE', #6788, 1000.000000000000000 ) ;
#605 = VECTOR ( 'NONE', #4878, 1000.000000000000227 ) ;
#606 = ORIENTED_EDGE ( 'NONE', *, *, #2535, .F. ) ;
#607 = ORIENTED_EDGE ( 'NONE', *, *, #4203, .F. ) ;
#608 = LINE ( 'NONE', #6602, #667 ) ;
#609 = CARTESIAN_POINT ( 'NONE',  ( -2.877762515837999580, -1.500000000000000000, 5.799999999999999822 ) ) ;
#610 = CARTESIAN_POINT ( 'NONE',  ( 4.825000000000000178, -4.899999999999999467, 1.050000000000000044 ) ) ;
#611 = DIRECTION ( 'NONE',  ( 0.000000000000000000, 1.000000000000000000, 0.000000000000000000 ) ) ;
#612 = AXIS2_PLACEMENT_3D ( 'NONE', #2291, #6804, #4043 ) ;
#613 = CIRCLE ( 'NONE', #1531, 0.8999999999999998002 ) ;
#614 = LINE ( 'NONE', #2273, #2607 ) ;
#615 = ORIENTED_EDGE ( 'NONE', *, *, #1937, .F. ) ;
#616 = EDGE_LOOP ( 'NONE', ( #4762, #2242, #3280, #5511 ) ) ;
#617 = DIRECTION ( 'NONE',  ( 1.000000000000000000, 0.000000000000000000, 0.000000000000000000 ) ) ;
#618 = CARTESIAN_POINT ( 'NONE',  ( -1.449999999999999956, 2.500000000000000000, -6.125000000000000000 ) ) ;
#619 = DIRECTION ( 'NONE',  ( 1.000000000000000000, 0.000000000000000000, 0.000000000000000000 ) ) ;
#620 = ORIENTED_EDGE ( 'NONE', *, *, #1715, .F. ) ;
#621 = VERTEX_POINT ( 'NONE', #6901 ) ;
#622 = VECTOR ( 'NONE', #6022, 1000.000000000000000 ) ;
#623 = ORIENTED_EDGE ( 'NONE', *, *, #3750, .T. ) ;
#624 = DIRECTION ( 'NONE',  ( 1.000000000000000000, 0.000000000000000000, 0.000000000000000000 ) ) ;
#625 = LINE ( 'NONE', #5056, #6789 ) ;
#626 = CARTESIAN_POINT ( 'NONE',  ( -3.200000000000000178, -0.5000000000000000000, 5.799999999999999822 ) ) ;
#627 = FACE_OUTER_BOUND ( 'NONE', #7108, .T. ) ;
#628 = VECTOR ( 'NONE', #2067, 1000.000000000000000 ) ;
#629 = ORIENTED_EDGE ( 'NONE', *, *, #2910, .T. ) ;
#630 = CARTESIAN_POINT ( 'NONE',  ( 0.8000000000000000444, -2.000000000000000000, 5.799999999999999822 ) ) ;
#631 = VERTEX_POINT ( 'NONE', #6834 ) ;
#632 = AXIS2_PLACEMENT_3D ( 'NONE', #4843, #3743, #5832 ) ;
#633 = FACE_OUTER_BOUND ( 'NONE', #6625, .T. ) ;
#634 = LINE ( 'NONE', #6816, #3561 ) ;
#635 = LINE ( 'NONE', #568, #3957 ) ;
#636 = EDGE_CURVE ( 'NONE', #2023, #3017, #5201, .T. ) ;
#637 = AXIS2_PLACEMENT_3D ( 'NONE', #1769, #2349, #2896 ) ;
#638 = DIRECTION ( 'NONE',  ( 1.000000000000000000, 0.000000000000000000, 0.000000000000000000 ) ) ;
#639 = CARTESIAN_POINT ( 'NONE',  ( 0.8000000000000000444, -2.000000000000000000, 5.799999999999999822 ) ) ;
#640 = ORIENTED_EDGE ( 'NONE', *, *, #5661, .F. ) ;
#641 = ORIENTED_EDGE ( 'NONE', *, *, #1352, .T. ) ;
#642 = DIRECTION ( 'NONE',  ( 0.000000000000000000, 0.000000000000000000, 1.000000000000000000 ) ) ;
#643 = CARTESIAN_POINT ( 'NONE',  ( 5.750000000000000000, 3.000000000000000000, 0.000000000000000000 ) ) ;
#644 = DIRECTION ( 'NONE',  ( -1.000000000000000000, 0.000000000000000000, 0.000000000000000000 ) ) ;
#645 = VECTOR ( 'NONE', #3846, 1000.000000000000000 ) ;
#646 = EDGE_CURVE ( 'NONE', #916, #6464, #1884, .T. ) ;
#647 = DIRECTION ( 'NONE',  ( 0.000000000000000000, 0.000000000000000000, -1.000000000000000000 ) ) ;
#648 = CARTESIAN_POINT ( 'NONE',  ( 0.2000000000000000111, -0.05192307692308000683, 5.500000000000000000 ) ) ;
#649 = ORIENTED_EDGE ( 'NONE', *, *, #2572, .T. ) ;
#650 = CIRCLE ( 'NONE', #4012, 2.100000000000000089 ) ;
#651 = CARTESIAN_POINT ( 'NONE',  ( 1.100000000000000089, 3.500000000000000000, -4.450000000000000178 ) ) ;
#652 = VERTEX_POINT ( 'NONE', #6362 ) ;
#653 = DIRECTION ( 'NONE',  ( 1.000000000000000000, 0.000000000000000000, 0.000000000000000000 ) ) ;
#654 = CARTESIAN_POINT ( 'NONE',  ( 0.8000000000000000444, -3.414370335791999889, 5.397161038502000352 ) ) ;
#655 = CARTESIAN_POINT ( 'NONE',  ( 0.000000000000000000, -2.500000000000000000, 0.000000000000000000 ) ) ;
#656 = PRODUCT_DEFINITION_FORMATION_WITH_SPECIFIED_SOURCE ( 'ANY', '', #3609, .NOT_KNOWN. ) ;
#657 = AXIS2_PLACEMENT_3D ( 'NONE', #4577, #675, #6853 ) ;
#658 = ORIENTED_EDGE ( 'NONE', *, *, #4471, .T. ) ;
#659 = VECTOR ( 'NONE', #5217, 1000.000000000000000 ) ;
#660 = VERTEX_POINT ( 'NONE', #6387 ) ;
#661 = ORIENTED_EDGE ( 'NONE', *, *, #5616, .F. ) ;
#662 = DIRECTION ( 'NONE',  ( 1.000000000000000000, 0.000000000000000000, 0.000000000000000000 ) ) ;
#663 = DIRECTION ( 'NONE',  ( 1.000000000000000000, 0.000000000000000000, 0.000000000000000000 ) ) ;
#664 = CARTESIAN_POINT ( 'NONE',  ( 0.000000000000000000, -2.200000000000000178, -4.400000000000000355 ) ) ;
#665 = LINE ( 'NONE', #2399, #4678 ) ;
#666 = DIRECTION ( 'NONE',  ( 1.000000000000000000, 0.000000000000000000, 0.000000000000000000 ) ) ;
#667 = VECTOR ( 'NONE', #4893, 1000.000000000000000 ) ;
#668 = ORIENTED_EDGE ( 'NONE', *, *, #4558, .F. ) ;
#669 = ORIENTED_EDGE ( 'NONE', *, *, #5732, .T. ) ;
#670 = ORIENTED_EDGE ( 'NONE', *, *, #281, .T. ) ;
#671 = FACE_OUTER_BOUND ( 'NONE', #915, .T. ) ;
#672 = CARTESIAN_POINT ( 'NONE',  ( -0.4500000000000000111, -2.100000000000000089, 5.825000000000000178 ) ) ;
#673 = DIRECTION ( 'NONE',  ( -0.2926480495278954153, 0.9562202252135846292, 0.000000000000000000 ) ) ;
#674 = DIRECTION ( 'NONE',  ( -1.000000000000000000, 0.000000000000000000, 3.734224056094999899E-14 ) ) ;
#675 = DIRECTION ( 'NONE',  ( 1.000000000000000000, 0.000000000000000000, 0.000000000000000000 ) ) ;
#676 = VERTEX_POINT ( 'NONE', #1382 ) ;
#677 = ORIENTED_EDGE ( 'NONE', *, *, #6461, .F. ) ;
#678 = EDGE_LOOP ( 'NONE', ( #5870, #2394, #3742, #2534, #2571 ) ) ;
#679 = CARTESIAN_POINT ( 'NONE',  ( 0.5875347804278000519, -2.200000000000000178, -4.950000000000000178 ) ) ;
#680 = ADVANCED_FACE ( 'NONE', ( #802 ), #6794, .F. ) ;
#681 = CARTESIAN_POINT ( 'NONE',  ( -2.649999999999999911, -1.699999999999999956, 4.850000000000000533 ) ) ;
#682 = CARTESIAN_POINT ( 'NONE',  ( 5.100000000000000533, 2.299999999999999822, -1.550000000000000044 ) ) ;
#683 = ADVANCED_FACE ( 'NONE', ( #5234 ), #868, .T. ) ;
#684 = FACE_OUTER_BOUND ( 'NONE', #1737, .T. ) ;
#685 = DIRECTION ( 'NONE',  ( 1.000000000000000000, 0.000000000000000000, 0.000000000000000000 ) ) ;
#686 = EDGE_CURVE ( 'NONE', #1930, #4929, #1408, .T. ) ;
#687 = EDGE_LOOP ( 'NONE', ( #7091, #4507, #3091, #2904 ) ) ;
#688 = DIRECTION ( 'NONE',  ( -1.000000000000000000, 0.000000000000000000, 0.000000000000000000 ) ) ;
#689 = VERTEX_POINT ( 'NONE', #834 ) ;
#690 = CARTESIAN_POINT ( 'NONE',  ( 4.400000000000000355, -1.800000000000000044, 1.649999999999999911 ) ) ;
#691 = DIRECTION ( 'NONE',  ( 0.000000000000000000, -1.000000000000000000, 0.000000000000000000 ) ) ;
#692 = DIRECTION ( 'NONE',  ( 0.000000000000000000, 1.000000000000000000, 0.000000000000000000 ) ) ;
#693 = ADVANCED_FACE ( 'NONE', ( #3632 ), #3087, .F. ) ;
#694 = ORIENTED_EDGE ( 'NONE', *, *, #5563, .T. ) ;
#695 = ORIENTED_EDGE ( 'NONE', *, *, #2081, .F. ) ;
#696 = ORIENTED_EDGE ( 'NONE', *, *, #1047, .F. ) ;
#697 = DIRECTION ( 'NONE',  ( 0.000000000000000000, 0.000000000000000000, -1.000000000000000000 ) ) ;
#698 = CARTESIAN_POINT ( 'NONE',  ( -2.449999999999999734, -1.699999999999999956, -0.8118033988749889795 ) ) ;
#699 = CARTESIAN_POINT ( 'NONE',  ( 4.549999999999999822, -2.500000000000000000, 1.000000000000000000 ) ) ;
#700 = CLOSED_SHELL ( 'NONE', ( #2096, #3047, #3779, #382, #2018, #680, #7164, #2319 ) ) ;
#701 = EDGE_LOOP ( 'NONE', ( #5017, #410, #4571, #5176, #5436, #329 ) ) ;
#702 = ORIENTED_EDGE ( 'NONE', *, *, #6250, .F. ) ;
#703 = EDGE_CURVE ( 'NONE', #1912, #2311, #2518, .T. ) ;
#704 = VERTEX_POINT ( 'NONE', #4314 ) ;
#705 = VECTOR ( 'NONE', #1484, 1000.000000000000000 ) ;
#706 = CARTESIAN_POINT ( 'NONE',  ( 5.049999999999999822, -1.699999999999999956, -6.125000000000000000 ) ) ;
#707 = CARTESIAN_POINT ( 'NONE',  ( -4.950000000000000178, -2.500000000000000000, -3.799999999999999822 ) ) ;
#708 = PLANE ( 'NONE',  #2039 ) ;
#709 = ORIENTED_EDGE ( 'NONE', *, *, #3163, .T. ) ;
#710 = ORIENTED_EDGE ( 'NONE', *, *, #214, .T. ) ;
#711 = CIRCLE ( 'NONE', #3052, 0.9000000000000001332 ) ;
#712 = ORIENTED_EDGE ( 'NONE', *, *, #1602, .F. ) ;
#713 = DIRECTION ( 'NONE',  ( -9.547918011780000251E-14, 0.000000000000000000, -1.000000000000000000 ) ) ;
#714 = LINE ( 'NONE', #1463, #6875 ) ;
#715 = DIRECTION ( 'NONE',  ( 1.000000000000000000, 0.000000000000000000, 0.000000000000000000 ) ) ;
#716 = EDGE_CURVE ( 'NONE', #4929, #6378, #3728, .T. ) ;
#717 = DIRECTION ( 'NONE',  ( 0.000000000000000000, 0.000000000000000000, -1.000000000000000000 ) ) ;
#718 = AXIS2_PLACEMENT_3D ( 'NONE', #3436, #4965, #5582 ) ;
#719 = CIRCLE ( 'NONE', #4317, 0.5250000000000002442 ) ;
#720 = VERTEX_POINT ( 'NONE', #4894 ) ;
#721 = EDGE_CURVE ( 'NONE', #1019, #1206, #2084, .T. ) ;
#722 = ORIENTED_EDGE ( 'NONE', *, *, #6379, .T. ) ;
#723 = DIRECTION ( 'NONE',  ( 0.000000000000000000, 0.000000000000000000, 1.000000000000000000 ) ) ;
#724 = DIRECTION ( 'NONE',  ( 0.7071067811865474617, -0.7071067811865474617, 0.000000000000000000 ) ) ;
#725 = CIRCLE ( 'NONE', #2334, 0.8500000000000000888 ) ;
#726 = CARTESIAN_POINT ( 'NONE',  ( -4.299999999999999822, 3.500000000000000000, 5.549999999999999822 ) ) ;
#727 = FACE_OUTER_BOUND ( 'NONE', #965, .T. ) ;
#728 = EDGE_CURVE ( 'NONE', #5521, #452, #5399, .T. ) ;
#729 = VECTOR ( 'NONE', #4260, 1000.000000000000000 ) ;
#730 = EDGE_CURVE ( 'NONE', #5483, #2902, #251, .T. ) ;
#731 = ORIENTED_EDGE ( 'NONE', *, *, #6403, .T. ) ;
#732 = VERTEX_POINT ( 'NONE', #6494 ) ;
#733 = ORIENTED_EDGE ( 'NONE', *, *, #2984, .T. ) ;
#734 = CARTESIAN_POINT ( 'NONE',  ( -5.349999999999999645, 2.399999999999999911, 0.7750000000000000222 ) ) ;
#735 = FACE_OUTER_BOUND ( 'NONE', #6994, .T. ) ;
#736 = EDGE_CURVE ( 'NONE', #4662, #4112, #6529, .T. ) ;
#737 = DIRECTION ( 'NONE',  ( 0.000000000000000000, 0.000000000000000000, 1.000000000000000000 ) ) ;
#738 = FACE_OUTER_BOUND ( 'NONE', #11, .T. ) ;
#739 = EDGE_CURVE ( 'NONE', #4772, #5441, #462, .T. ) ;
#740 = EDGE_LOOP ( 'NONE', ( #6562, #6764, #6366, #4311 ) ) ;
#741 = ORIENTED_EDGE ( 'NONE', *, *, #6322, .T. ) ;
#742 = ORIENTED_EDGE ( 'NONE', *, *, #3359, .F. ) ;
#743 = CARTESIAN_POINT ( 'NONE',  ( -0.2313370455056000252, -2.299999999999999822, -4.717896939814000490 ) ) ;
#744 = EDGE_CURVE ( 'NONE', #3372, #296, #430, .T. ) ;
#745 = AXIS2_PLACEMENT_3D ( 'NONE', #1410, #3634, #870 ) ;
#746 = ADVANCED_FACE ( 'NONE', ( #1007 ), #3761, .T. ) ;
#747 = DIRECTION ( 'NONE',  ( 0.000000000000000000, 0.000000000000000000, 1.000000000000000000 ) ) ;
#748 = CARTESIAN_POINT ( 'NONE',  ( 1.494219133262000065, 2.926466139506999742, 4.750000000000000000 ) ) ;
#749 = AXIS2_PLACEMENT_3D ( 'NONE', #1253, #3469, #5694 ) ;
#750 = ORIENTED_EDGE ( 'NONE', *, *, #1469, .T. ) ;
#751 = EDGE_LOOP ( 'NONE', ( #107, #1846, #2462, #776 ) ) ;
#752 = DIRECTION ( 'NONE',  ( 1.000000000000000000, 0.000000000000000000, 0.000000000000000000 ) ) ;
#753 = CARTESIAN_POINT ( 'NONE',  ( 0.2000000000000000111, 0.5000000000000000000, 10.14999999999999858 ) ) ;
#754 = CARTESIAN_POINT ( 'NONE',  ( -1.699999999999999956, -2.000000000000000000, 5.799999999999999822 ) ) ;
#755 = FACE_OUTER_BOUND ( 'NONE', #5366, .T. ) ;
#756 = VECTOR ( 'NONE', #6801, 1000.000000000000000 ) ;
#757 = LINE ( 'NONE', #1843, #5984 ) ;
#758 = EDGE_LOOP ( 'NONE', ( #3735, #230, #6969, #6401 ) ) ;
#759 = LINE ( 'NONE', #2975, #3211 ) ;
#760 = ORIENTED_EDGE ( 'NONE', *, *, #3923, .F. ) ;
#761 = DIRECTION ( 'NONE',  ( 0.5547001962240989403, 0.8320502943385971184, 0.000000000000000000 ) ) ;
#762 = DIRECTION ( 'NONE',  ( 0.000000000000000000, 4.127417362135999625E-14, 1.000000000000000000 ) ) ;
#763 = DIRECTION ( 'NONE',  ( 1.000000000000000000, 0.000000000000000000, 0.000000000000000000 ) ) ;
#764 = CIRCLE ( 'NONE', #5283, 0.5249999999999999112 ) ;
#765 = ORIENTED_EDGE ( 'NONE', *, *, #3661, .F. ) ;
#766 = ORIENTED_EDGE ( 'NONE', *, *, #1026, .T. ) ;
#767 = ORIENTED_EDGE ( 'NONE', *, *, #3489, .F. ) ;
#768 = VECTOR ( 'NONE', #2762, 1000.000000000000000 ) ;
#769 = DIRECTION ( 'NONE',  ( 0.000000000000000000, 0.000000000000000000, 1.000000000000000000 ) ) ;
#770 = LINE ( 'NONE', #1776, #182 ) ;
#771 = CIRCLE ( 'NONE', #5648, 0.6750000000000002665 ) ;
#772 = LINE ( 'NONE', #5795, #5834 ) ;
#773 = ADVANCED_FACE ( 'NONE', ( #3260 ), #967, .F. ) ;
#774 = EDGE_CURVE ( 'NONE', #5792, #2057, #1505, .T. ) ;
#775 = FACE_OUTER_BOUND ( 'NONE', #4220, .T. ) ;
#776 = ORIENTED_EDGE ( 'NONE', *, *, #5492, .F. ) ;
#777 = VECTOR ( 'NONE', #1913, 1000.000000000000114 ) ;
#778 = VERTEX_POINT ( 'NONE', #5986 ) ;
#779 = ORIENTED_EDGE ( 'NONE', *, *, #4062, .T. ) ;
#780 = EDGE_CURVE ( 'NONE', #1051, #4271, #7066, .T. ) ;
#781 = FACE_OUTER_BOUND ( 'NONE', #1879, .T. ) ;
#782 = CARTESIAN_POINT ( 'NONE',  ( 0.8000000000000000444, -4.899999999999999467, 5.000000000000000000 ) ) ;
#783 = LINE ( 'NONE', #4611, #6902 ) ;
#784 = EDGE_CURVE ( 'NONE', #186, #3304, #6565, .T. ) ;
#785 = LINE ( 'NONE', #1789, #6201 ) ;
#786 = VECTOR ( 'NONE', #5933, 1000.000000000000000 ) ;
#787 = CARTESIAN_POINT ( 'NONE',  ( 0.01991645209479804557, -2.200000000000000178, -4.073676878214885555 ) ) ;
#788 = DIRECTION ( 'NONE',  ( 0.000000000000000000, 0.000000000000000000, -1.000000000000000000 ) ) ;
#789 = ADVANCED_FACE ( 'NONE', ( #6020 ), #1039, .T. ) ;
#790 = CARTESIAN_POINT ( 'NONE',  ( 2.339999999999999858, 0.5000000000000000000, 5.486854749822000166 ) ) ;
#791 = AXIS2_PLACEMENT_3D ( 'NONE', #5881, #2517, #966 ) ;
#792 = ORIENTED_EDGE ( 'NONE', *, *, #208, .T. ) ;
#793 = ADVANCED_FACE ( 'NONE', ( #4757 ), #931, .T. ) ;
#794 = CARTESIAN_POINT ( 'NONE',  ( -0.9948204461110998764, 2.974880900854000032, 4.750000000000000000 ) ) ;
#795 = FACE_BOUND ( 'NONE', #4296, .T. ) ;
#796 = DIRECTION ( 'NONE',  ( 0.000000000000000000, -1.000000000000000000, 0.000000000000000000 ) ) ;
#797 = DIRECTION ( 'NONE',  ( 0.000000000000000000, 0.000000000000000000, -1.000000000000000000 ) ) ;
#798 = ORIENTED_EDGE ( 'NONE', *, *, #4777, .F. ) ;
#799 = DIRECTION ( 'NONE',  ( -1.000000000000000000, 0.000000000000000000, 0.000000000000000000 ) ) ;
#800 = EDGE_LOOP ( 'NONE', ( #6845, #2892, #145, #6059 ) ) ;
#801 = LINE ( 'NONE', #6833, #1119 ) ;
#802 = FACE_OUTER_BOUND ( 'NONE', #350, .T. ) ;
#803 = PLANE ( 'NONE',  #6775 ) ;
#804 = ORIENTED_EDGE ( 'NONE', *, *, #4291, .T. ) ;
#805 = ORIENTED_EDGE ( 'NONE', *, *, #2278, .T. ) ;
#806 = VERTEX_POINT ( 'NONE', #4207 ) ;
#807 = CARTESIAN_POINT ( 'NONE',  ( -0.1325208861381000081, -2.299999999999999822, -3.850000000000000089 ) ) ;
#808 = CARTESIAN_POINT ( 'NONE',  ( 4.575000000000000178, -1.499998983692999888, 1.500000000000000000 ) ) ;
#809 = LINE ( 'NONE', #4114, #2563 ) ;
#810 = LINE ( 'NONE', #336, #4608 ) ;
#811 = ORIENTED_EDGE ( 'NONE', *, *, #4351, .T. ) ;
#812 = ADVANCED_FACE ( 'NONE', ( #1445 ), #3660, .T. ) ;
#813 = ADVANCED_FACE ( 'NONE', ( #1476 ), #3150, .T. ) ;
#814 = EDGE_LOOP ( 'NONE', ( #31, #3476, #7001, #5812 ) ) ;
#815 = EDGE_CURVE ( 'NONE', #7047, #1089, #5004, .T. ) ;
#816 = DIRECTION ( 'NONE',  ( 1.000000000000000000, 0.000000000000000000, 0.000000000000000000 ) ) ;
#817 = DIRECTION ( 'NONE',  ( 1.000000000000000000, 0.000000000000000000, 0.000000000000000000 ) ) ;
#818 = CLOSED_SHELL ( 'NONE', ( #5633, #2182, #3042, #1920, #4462, #5710, #825, #6044, #289, #2803, #3625, #5929, #5341, #4200, #253, #4069, #6991, #179, #3777, #2170, #1841, #2482, #6184, #113, #36, #3139, #746, #3007, #7072, #515, #4420, #1852, #1125, #4598, #4059, #5655, #4731, #6630, #3404, #206 ) ) ;
#819 = DIRECTION ( 'NONE',  ( 1.000000000000000000, 0.000000000000000000, 0.000000000000000000 ) ) ;
#820 = CARTESIAN_POINT ( 'NONE',  ( -4.299999999999999822, 3.100000000000000089, 5.549999999999999822 ) ) ;
#821 = CARTESIAN_POINT ( 'NONE',  ( 0.2000000000000000111, 3.299999999999999822, -4.450000000000000178 ) ) ;
#822 = ADVANCED_FACE ( 'NONE', ( #1692 ), #5041, .T. ) ;
#823 = EDGE_LOOP ( 'NONE', ( #606, #1357, #4559 ) ) ;
#824 = FACE_OUTER_BOUND ( 'NONE', #6297, .T. ) ;
#825 = ADVANCED_FACE ( 'NONE', ( #1614, #1763 ), #2809, .F. ) ;
#826 = VECTOR ( 'NONE', #2664, 1000.000000000000000 ) ;
#827 = CARTESIAN_POINT ( 'NONE',  ( -1.899999999999977707, 0.5000000000000002220, 5.000000000000000000 ) ) ;
#828 = EDGE_CURVE ( 'NONE', #5435, #1278, #2668, .T. ) ;
#829 = ORIENTED_EDGE ( 'NONE', *, *, #5123, .F. ) ;
#830 = AXIS2_PLACEMENT_3D ( 'NONE', #6909, #1924, #4148 ) ;
#831 = LINE ( 'NONE', #3009, #5292 ) ;
#832 = ORIENTED_EDGE ( 'NONE', *, *, #4993, .T. ) ;
#833 = LINE ( 'NONE', #3011, #2854 ) ;
#834 = CARTESIAN_POINT ( 'NONE',  ( 2.600000000000000089, 2.299999999999999822, 5.825000000000000178 ) ) ;
#835 = LINE ( 'NONE', #4209, #5155 ) ;
#836 = CIRCLE ( 'NONE', #6751, 0.8999999999999998002 ) ;
#837 = AXIS2_PLACEMENT_3D ( 'NONE', #1073, #1109, #2735 ) ;
#838 = EDGE_LOOP ( 'NONE', ( #4061, #4672, #6939, #5822 ) ) ;
#839 = VECTOR ( 'NONE', #3869, 1000.000000000000000 ) ;
#840 = VERTEX_POINT ( 'NONE', #34 ) ;
#841 = VECTOR ( 'NONE', #6441, 1000.000000000000000 ) ;
#842 = EDGE_LOOP ( 'NONE', ( #1236, #5891, #2991, #3613 ) ) ;
#843 = FACE_OUTER_BOUND ( 'NONE', #6607, .T. ) ;
#844 = CARTESIAN_POINT ( 'NONE',  ( 4.500000000000000000, 2.649999999999999911, 5.549999999999999822 ) ) ;
#845 = DIRECTION ( 'NONE',  ( 1.000000000000000000, 0.000000000000000000, 0.000000000000000000 ) ) ;
#846 = FACE_OUTER_BOUND ( 'NONE', #3422, .T. ) ;
#847 = VECTOR ( 'NONE', #2248, 1000.000000000000000 ) ;
#848 = ORIENTED_EDGE ( 'NONE', *, *, #2364, .F. ) ;
#849 = ORIENTED_EDGE ( 'NONE', *, *, #4166, .T. ) ;
#850 = EDGE_CURVE ( 'NONE', #339, #5332, #2269, .T. ) ;
#851 = DIRECTION ( 'NONE',  ( 1.000000000000000000, 0.000000000000000000, 0.000000000000000000 ) ) ;
#852 = DIRECTION ( 'NONE',  ( -1.000000000000000000, 0.000000000000000000, 0.000000000000000000 ) ) ;
#853 = DIRECTION ( 'NONE',  ( 0.000000000000000000, 0.000000000000000000, 1.000000000000000000 ) ) ;
#854 = DIRECTION ( 'NONE',  ( 1.702341971092000202E-14, -1.480297366167000132E-14, 1.000000000000000000 ) ) ;
#855 = DIRECTION ( 'NONE',  ( 0.000000000000000000, 0.7071067811865475727, -0.7071067811865475727 ) ) ;
#856 = EDGE_LOOP ( 'NONE', ( #2264, #6497, #222, #4117 ) ) ;
#857 = AXIS2_PLACEMENT_3D ( 'NONE', #6256, #2350, #580 ) ;
#858 = CARTESIAN_POINT ( 'NONE',  ( -2.600000000000000089, -1.699999999999999956, -1.456350832689996100 ) ) ;
#859 = FACE_OUTER_BOUND ( 'NONE', #6128, .T. ) ;
#860 = ADVANCED_FACE ( 'NONE', ( #5591 ), #3410, .T. ) ;
#861 = CARTESIAN_POINT ( 'NONE',  ( 4.575000000000000178, -1.699999999999999956, 1.011803398874989934 ) ) ;
#862 = ADVANCED_FACE ( 'NONE', ( #6711, #4399 ), #5628, .F. ) ;
#863 = VECTOR ( 'NONE', #2851, 1000.000000000000000 ) ;
#864 = ORIENTED_EDGE ( 'NONE', *, *, #6812, .F. ) ;
#865 = EDGE_LOOP ( 'NONE', ( #2427, #4178, #2086, #4721 ) ) ;
#866 = LINE ( 'NONE', #6493, #3327 ) ;
#867 = EDGE_CURVE ( 'NONE', #6874, #1078, #3983, .T. ) ;
#868 = PLANE ( 'NONE',  #3378 ) ;
#869 = CIRCLE ( 'NONE', #2820, 1.999999999999000133 ) ;
#870 = DIRECTION ( 'NONE',  ( -0.6952378264722788304, 0.7187797747864790310, 0.000000000000000000 ) ) ;
#871 = VECTOR ( 'NONE', #509, 1000.000000000000000 ) ;
#872 = EDGE_CURVE ( 'NONE', #1227, #1262, #2771, .T. ) ;
#873 = VERTEX_POINT ( 'NONE', #3369 ) ;
#874 = ORIENTED_EDGE ( 'NONE', *, *, #5329, .F. ) ;
#875 = EDGE_CURVE ( 'NONE', #6157, #5045, #1653, .T. ) ;
#876 = ORIENTED_EDGE ( 'NONE', *, *, #5296, .T. ) ;
#877 = CARTESIAN_POINT ( 'NONE',  ( 4.549999999999999822, -1.899999999999999911, 1.000000000000000000 ) ) ;
#878 = DIRECTION ( 'NONE',  ( 0.5773502691896257311, -0.5773502691896257311, 0.5773502691896257311 ) ) ;
#879 = PLANE ( 'NONE',  #3522 ) ;
#880 = AXIS2_PLACEMENT_3D ( 'NONE', #118, #4632, #3921 ) ;
#881 = EDGE_LOOP ( 'NONE', ( #3876, #5892, #4561, #902 ) ) ;
#882 = AXIS2_PLACEMENT_3D ( 'NONE', #6739, #4676, #5658 ) ;
#883 = VERTEX_POINT ( 'NONE', #6206 ) ;
#884 = DIRECTION ( 'NONE',  ( 3.330669073875000091E-13, -1.450691418843999921E-13, -1.000000000000000000 ) ) ;
#885 = FILL_AREA_STYLE ('',( #241 ) ) ;
#886 = CARTESIAN_POINT ( 'NONE',  ( -2.200000000000000178, 0.5000000000000000000, 6.949999999999999289 ) ) ;
#887 = CARTESIAN_POINT ( 'NONE',  ( 0.000000000000000000, 2.500000000000000000, 0.000000000000000000 ) ) ;
#888 = CARTESIAN_POINT ( 'NONE',  ( -4.299999999999999822, 3.100000000000000089, 5.549999999999999822 ) ) ;
#889 = CARTESIAN_POINT ( 'NONE',  ( 0.005362112447525990699, -2.200000000000000178, -4.003969365357605170 ) ) ;
#890 = VECTOR ( 'NONE', #6626, 1000.000000000000000 ) ;
#891 = CIRCLE ( 'NONE', #4948, 2.100000000000000089 ) ;
#892 = EDGE_LOOP ( 'NONE', ( #3642, #2943, #2147, #3120 ) ) ;
#893 = VECTOR ( 'NONE', #1273, 1000.000000000000000 ) ;
#894 = CARTESIAN_POINT ( 'NONE',  ( 0.2000000000000000111, 0.5000000000020000668, 10.55000000000000071 ) ) ;
#895 = CYLINDRICAL_SURFACE ( 'NONE', #2626, 0.1499999999999999667 ) ;
#896 = CARTESIAN_POINT ( 'NONE',  ( -5.750000000000000000, 3.500000000000000000, 6.949999999999999289 ) ) ;
#897 = CARTESIAN_POINT ( 'NONE',  ( 3.850000000000000089, 2.500000000000000000, 3.649999999999999911 ) ) ;
#898 = EDGE_CURVE ( 'NONE', #3256, #883, #3945, .T. ) ;
#899 = AXIS2_PLACEMENT_3D ( 'NONE', #3982, #6747, #4681 ) ;
#900 = DIRECTION ( 'NONE',  ( 0.000000000000000000, 1.000000000000000000, 0.000000000000000000 ) ) ;
#901 = EDGE_CURVE ( 'NONE', #363, #4822, #537, .T. ) ;
#902 = ORIENTED_EDGE ( 'NONE', *, *, #6506, .T. ) ;
#903 = EDGE_CURVE ( 'NONE', #840, #5301, #573, .T. ) ;
#904 = DIRECTION ( 'NONE',  ( 1.000000000000000000, 3.552713678801000121E-14, 0.000000000000000000 ) ) ;
#905 = CARTESIAN_POINT ( 'NONE',  ( 0.2999999999999999889, 2.350000000000000089, -5.950000000000000178 ) ) ;
#906 = ADVANCED_FACE ( 'NONE', ( #1230 ), #5668, .F. ) ;
#907 = ORIENTED_EDGE ( 'NONE', *, *, #5755, .T. ) ;
#908 = ORIENTED_EDGE ( 'NONE', *, *, #2449, .T. ) ;
#909 = EDGE_CURVE ( 'NONE', #1433, #2311, #5595, .T. ) ;
#910 = ORIENTED_EDGE ( 'NONE', *, *, #256, .F. ) ;
#911 = ORIENTED_EDGE ( 'NONE', *, *, #2173, .T. ) ;
#912 = CARTESIAN_POINT ( 'NONE',  ( -0.01761839278056999761, -2.299999999999999822, -4.085167163611000518 ) ) ;
#913 = ADVANCED_FACE ( 'NONE', ( #3339 ), #4970, .T. ) ;
#914 = CARTESIAN_POINT ( 'NONE',  ( -4.299999999999999822, 2.500000000000000000, 5.549999999999999822 ) ) ;
#915 = EDGE_LOOP ( 'NONE', ( #2926, #4179, #1379, #3010 ) ) ;
#916 = VERTEX_POINT ( 'NONE', #4096 ) ;
#917 = CARTESIAN_POINT ( 'NONE',  ( -0.4500000000000000111, -2.500000000000000000, 4.649999999999999467 ) ) ;
#918 = ORIENTED_EDGE ( 'NONE', *, *, #945, .T. ) ;
#919 = PLANE ( 'NONE',  #6057 ) ;
#920 = LINE ( 'NONE', #2576, #374 ) ;
#921 = CARTESIAN_POINT ( 'NONE',  ( 0.2000000000000000111, 3.500000000000000000, -4.450000000000000178 ) ) ;
#922 = EDGE_LOOP ( 'NONE', ( #695, #3133, #1750, #6905 ) ) ;
#923 = CARTESIAN_POINT ( 'NONE',  ( 3.550000000000000266, -1.699999999999999956, -6.125000000000000000 ) ) ;
#924 = DIRECTION ( 'NONE',  ( 0.000000000000000000, 0.000000000000000000, 1.000000000000000000 ) ) ;
#925 = CARTESIAN_POINT ( 'NONE',  ( 0.8000000000000000444, -2.000000000000000000, 5.794322077004999905 ) ) ;
#926 = DIRECTION ( 'NONE',  ( 0.000000000000000000, -1.000000000000000000, 0.000000000000000000 ) ) ;
#927 = ORIENTED_EDGE ( 'NONE', *, *, #2044, .T. ) ;
#928 = CIRCLE ( 'NONE', #3370, 0.5249999999999999112 ) ;
#929 = LINE ( 'NONE', #1006, #5196 ) ;
#930 = EDGE_CURVE ( 'NONE', #1472, #5899, #344, .T. ) ;
#931 = PLANE ( 'NONE',  #2323 ) ;
#932 = DIRECTION ( 'NONE',  ( 0.000000000000000000, 0.000000000000000000, 1.000000000000000000 ) ) ;
#933 = EDGE_CURVE ( 'NONE', #5435, #5093, #6277, .T. ) ;
#934 = VECTOR ( 'NONE', #5130, 1000.000000000000000 ) ;
#935 = AXIS2_PLACEMENT_3D ( 'NONE', #5513, #3447, #75 ) ;
#936 = ORIENTED_EDGE ( 'NONE', *, *, #328, .T. ) ;
#937 = ORIENTED_EDGE ( 'NONE', *, *, #4066, .F. ) ;
#938 = EDGE_LOOP ( 'NONE', ( #2889, #4221, #5651, #6535 ) ) ;
#939 = ORIENTED_EDGE ( 'NONE', *, *, #4682, .T. ) ;
#940 = CARTESIAN_POINT ( 'NONE',  ( 5.049999999999999822, -2.500000000000000000, -6.125000000000000000 ) ) ;
#941 = VECTOR ( 'NONE', #2011, 999.9999999999998863 ) ;
#942 = DIRECTION ( 'NONE',  ( 0.000000000000000000, 0.000000000000000000, 1.000000000000000000 ) ) ;
#943 = DIRECTION ( 'NONE',  ( 0.000000000000000000, 1.000000000000000000, 0.000000000000000000 ) ) ;
#944 = CARTESIAN_POINT ( 'NONE',  ( -0.4000000000000000222, -3.414370335791999889, 5.397161038502000352 ) ) ;
#945 = EDGE_CURVE ( 'NONE', #1425, #73, #381, .T. ) ;
#946 = VECTOR ( 'NONE', #520, 1000.000000000000000 ) ;
#947 = VERTEX_POINT ( 'NONE', #1340 ) ;
#948 = ORIENTED_EDGE ( 'NONE', *, *, #5136, .F. ) ;
#949 = CARTESIAN_POINT ( 'NONE',  ( 3.277762515837999935, -1.500000000000000000, 5.799999999999999822 ) ) ;
#950 = EDGE_CURVE ( 'NONE', #3288, #3351, #1185, .T. ) ;
#951 = DIRECTION ( 'NONE',  ( -1.000000000000000000, 0.000000000000000000, 0.000000000000000000 ) ) ;
#952 = AXIS2_PLACEMENT_3D ( 'NONE', #2537, #5863, #4086 ) ;
#953 = EDGE_CURVE ( 'NONE', #6247, #2493, #920, .T. ) ;
#954 = UNCERTAINTY_MEASURE_WITH_UNIT (LENGTH_MEASURE( 1.000000000000000082E-05 ), #1332, 'distance_accuracy_value', 'NONE');
#955 = ORIENTED_EDGE ( 'NONE', *, *, #2174, .F. ) ;
#956 = ADVANCED_FACE ( 'NONE', ( #795, #5782 ), #4622, .T. ) ;
#957 = DIRECTION ( 'NONE',  ( 1.000000000000000000, 0.000000000000000000, 0.000000000000000000 ) ) ;
#958 = CARTESIAN_POINT ( 'NONE',  ( 0.8000000000000000444, -1.928740671584000088, 5.500000000000000000 ) ) ;
#959 = EDGE_CURVE ( 'NONE', #2562, #156, #4812, .T. ) ;
#960 = CARTESIAN_POINT ( 'NONE',  ( -1.800000000000000044, 2.500000000000000000, 5.950000000000000178 ) ) ;
#961 = CARTESIAN_POINT ( 'NONE',  ( -2.149999999999999911, -2.500000000000000000, -0.8499999999999999778 ) ) ;
#962 = FACE_OUTER_BOUND ( 'NONE', #2329, .T. ) ;
#963 = ORIENTED_EDGE ( 'NONE', *, *, #4463, .T. ) ;
#964 = VECTOR ( 'NONE', #5527, 1000.000000000000000 ) ;
#965 = EDGE_LOOP ( 'NONE', ( #1798, #5703, #1385, #6708 ) ) ;
#966 = DIRECTION ( 'NONE',  ( 0.000000000000000000, -1.000000000000000000, 0.000000000000000000 ) ) ;
#967 = PLANE ( 'NONE',  #3614 ) ;
#968 = CARTESIAN_POINT ( 'NONE',  ( -1.599999999999999867, 0.5000000000000002220, 10.14999999999999858 ) ) ;
#969 = DIRECTION ( 'NONE',  ( 0.000000000000000000, -1.000000000000000000, 0.000000000000000000 ) ) ;
#970 = ORIENTED_EDGE ( 'NONE', *, *, #6586, .F. ) ;
#971 = VERTEX_POINT ( 'NONE', #7015 ) ;
#972 = EDGE_LOOP ( 'NONE', ( #3452, #3240, #4639, #4648 ) ) ;
#973 = CIRCLE ( 'NONE', #5758, 0.8999999999999998002 ) ;
#974 = EDGE_LOOP ( 'NONE', ( #6498, #2179, #6622 ) ) ;
#975 = PLANE ( 'NONE',  #3947 ) ;
#976 = EDGE_CURVE ( 'NONE', #2244, #6018, #4267, .T. ) ;
#977 = CARTESIAN_POINT ( 'NONE',  ( 3.050000000000000266, 2.299999999999999822, 5.474999999999999645 ) ) ;
#978 = DIRECTION ( 'NONE',  ( -1.000000000000000000, 0.000000000000000000, 0.000000000000000000 ) ) ;
#979 = AXIS2_PLACEMENT_3D ( 'NONE', #1157, #2314, #4520 ) ;
#980 = EDGE_LOOP ( 'NONE', ( #237, #3886, #6823, #5760 ) ) ;
#981 = LINE ( 'NONE', #3204, #5779 ) ;
#982 = ORIENTED_EDGE ( 'NONE', *, *, #3214, .T. ) ;
#983 = EDGE_CURVE ( 'NONE', #5104, #593, #2000, .T. ) ;
#984 = LINE ( 'NONE', #4564, #19 ) ;
#985 = DIRECTION ( 'NONE',  ( 0.000000000000000000, 0.000000000000000000, 1.000000000000000000 ) ) ;
#986 = AXIS2_PLACEMENT_3D ( 'NONE', #6605, #1477, #969 ) ;
#987 = EDGE_CURVE ( 'NONE', #3829, #3740, #714, .T. ) ;
#988 = CARTESIAN_POINT ( 'NONE',  ( -0.07660168297601999132, -2.200000000000000178, -4.261350971460999837 ) ) ;
#989 = CARTESIAN_POINT ( 'NONE',  ( 0.1784818660467999973, -2.299999999999999822, -4.532520887255999220 ) ) ;
#990 = ORIENTED_EDGE ( 'NONE', *, *, #6912, .T. ) ;
#991 = CIRCLE ( 'NONE', #2980, 0.8500000000000000888 ) ;
#992 = ORIENTED_EDGE ( 'NONE', *, *, #3308, .T. ) ;
#993 = EDGE_CURVE ( 'NONE', #3731, #4855, #3681, .T. ) ;
#994 = FACE_BOUND ( 'NONE', #322, .T. ) ;
#995 = CARTESIAN_POINT ( 'NONE',  ( -0.4000000000000000222, -2.621259328415999956, 5.450000000000000178 ) ) ;
#996 = LINE ( 'NONE', #3145, #3654 ) ;
#997 = AXIS2_PLACEMENT_3D ( 'NONE', #5941, #3686, #4718 ) ;
#998 = VECTOR ( 'NONE', #347, 1000.000000000000000 ) ;
#999 = CARTESIAN_POINT ( 'NONE',  ( 4.710653744329410308, 3.078237858560999740, 4.675000000000000711 ) ) ;
#1000 = EDGE_CURVE ( 'NONE', #4772, #3316, #3137, .T. ) ;
#1001 = EDGE_CURVE ( 'NONE', #2697, #186, #3714, .T. ) ;
#1002 = EDGE_LOOP ( 'NONE', ( #175, #1442, #1523, #7027 ) ) ;
#1003 = AXIS2_PLACEMENT_3D ( 'NONE', #6211, #2935, #6831 ) ;
#1004 = ORIENTED_EDGE ( 'NONE', *, *, #2088, .T. ) ;
#1005 = EDGE_LOOP ( 'NONE', ( #5761, #5771, #4664, #4403 ) ) ;
#1006 = CARTESIAN_POINT ( 'NONE',  ( -2.149999999999999911, -1.899999999999999911, -2.050000000000000266 ) ) ;
#1007 = FACE_OUTER_BOUND ( 'NONE', #2981, .T. ) ;
#1008 = VECTOR ( 'NONE', #5249, 1000.000000000000000 ) ;
#1009 = EDGE_CURVE ( 'NONE', #5605, #6807, #138, .T. ) ;
#1010 = ORIENTED_EDGE ( 'NONE', *, *, #5844, .F. ) ;
#1011 = ORIENTED_EDGE ( 'NONE', *, *, #4809, .T. ) ;
#1012 = ORIENTED_EDGE ( 'NONE', *, *, #5340, .F. ) ;
#1013 = ORIENTED_EDGE ( 'NONE', *, *, #5187, .F. ) ;
#1014 = CARTESIAN_POINT ( 'NONE',  ( -3.200000000000000178, 2.200000000000000178, 5.500000000000000000 ) ) ;
#1015 = DIRECTION ( 'NONE',  ( 0.000000000000000000, 0.000000000000000000, -1.000000000000000000 ) ) ;
#1016 = DIRECTION ( 'NONE',  ( -3.730349362741000050E-13, 1.776356839400000238E-14, -1.000000000000000000 ) ) ;
#1017 = CARTESIAN_POINT ( 'NONE',  ( -3.200000000000000178, 2.200000000000000178, 5.799999999999999822 ) ) ;
#1018 = CARTESIAN_POINT ( 'NONE',  ( -2.600000000000000089, -1.775000000000000355, -1.443649167309966286 ) ) ;
#1019 = VERTEX_POINT ( 'NONE', #5107 ) ;
#1020 = EDGE_LOOP ( 'NONE', ( #5125, #5277, #6478, #1716, #5911, #3987, #3318, #2564, #6421, #435, #3858, #5916 ) ) ;
#1021 = DIRECTION ( 'NONE',  ( 1.000000000000000000, 0.000000000000000000, 0.000000000000000000 ) ) ;
#1022 = DIRECTION ( 'NONE',  ( 0.000000000000000000, 0.000000000000000000, 1.000000000000000000 ) ) ;
#1023 = CARTESIAN_POINT ( 'NONE',  ( -2.149999999999999911, 2.500000000000000000, 6.949999999999999289 ) ) ;
#1024 = ADVANCED_FACE ( 'NONE', ( #4583 ), #6787, .T. ) ;
#1025 = VERTEX_POINT ( 'NONE', #4055 ) ;
#1026 = EDGE_CURVE ( 'NONE', #5026, #2597, #6242, .T. ) ;
#1027 = DIRECTION ( 'NONE',  ( -0.1483404529308020026, 0.9889363528682139082, 0.000000000000000000 ) ) ;
#1028 = ORIENTED_EDGE ( 'NONE', *, *, #4024, .T. ) ;
#1029 = FACE_OUTER_BOUND ( 'NONE', #176, .T. ) ;
#1030 = DIRECTION ( 'NONE',  ( 0.000000000000000000, 1.000000000000000000, 0.000000000000000000 ) ) ;
#1031 = LINE ( 'NONE', #6628, #5528 ) ;
#1032 = CARTESIAN_POINT ( 'NONE',  ( -2.125000000000000000, -2.500000000000000000, -2.050000000000000266 ) ) ;
#1033 = EDGE_CURVE ( 'NONE', #3710, #1187, #2967, .T. ) ;
#1034 = LINE ( 'NONE', #5360, #6731 ) ;
#1035 = ORIENTED_EDGE ( 'NONE', *, *, #4339, .T. ) ;
#1036 = VERTEX_POINT ( 'NONE', #4416 ) ;
#1037 = EDGE_CURVE ( 'NONE', #3968, #6717, #4914, .T. ) ;
#1038 = FACE_OUTER_BOUND ( 'NONE', #5367, .T. ) ;
#1039 = CYLINDRICAL_SURFACE ( 'NONE', #4551, 0.5000000000000004441 ) ;
#1040 = ORIENTED_EDGE ( 'NONE', *, *, #4427, .F. ) ;
#1041 = AXIS2_PLACEMENT_3D ( 'NONE', #6118, #5027, #3821 ) ;
#1042 = VERTEX_POINT ( 'NONE', #16 ) ;
#1043 = VERTEX_POINT ( 'NONE', #1595 ) ;
#1044 = CARTESIAN_POINT ( 'NONE',  ( -4.299999999999999822, 2.649999999999999911, 6.075000000000000178 ) ) ;
#1045 = EDGE_LOOP ( 'NONE', ( #1837, #1040, #6371 ) ) ;
#1046 = CARTESIAN_POINT ( 'NONE',  ( -4.089346255670589514, 3.078237858560999740, 4.675000000000000711 ) ) ;
#1047 = EDGE_CURVE ( 'NONE', #5483, #6846, #414, .T. ) ;
#1048 = CARTESIAN_POINT ( 'NONE',  ( 0.2000000000000000111, 0.5000000000000000000, 5.799999999999999822 ) ) ;
#1049 = DIRECTION ( 'NONE',  ( 7.697546304066998914E-14, -1.000000000000000000, 0.000000000000000000 ) ) ;
#1050 = DIRECTION ( 'NONE',  ( 0.000000000000000000, 0.000000000000000000, 1.000000000000000000 ) ) ;
#1051 = VERTEX_POINT ( 'NONE', #3171 ) ;
#1052 = ORIENTED_EDGE ( 'NONE', *, *, #1377, .T. ) ;
#1053 = FILL_AREA_STYLE ('',( #6512 ) ) ;
#1054 = DIRECTION ( 'NONE',  ( -1.000000000000000000, 0.000000000000000000, 0.000000000000000000 ) ) ;
#1055 = FACE_BOUND ( 'NONE', #5276, .T. ) ;
#1056 = VECTOR ( 'NONE', #4925, 1000.000000000000000 ) ;
#1057 = VECTOR ( 'NONE', #2886, 1000.000000000000114 ) ;
#1058 = DIRECTION ( 'NONE',  ( 0.000000000000000000, 1.000000000000000000, 0.000000000000000000 ) ) ;
#1059 = EDGE_CURVE ( 'NONE', #73, #5150, #5378, .T. ) ;
#1060 = VERTEX_POINT ( 'NONE', #7122 ) ;
#1061 = AXIS2_PLACEMENT_3D ( 'NONE', #5005, #1801, #4023 ) ;
#1062 = DIRECTION ( 'NONE',  ( 0.000000000000000000, 1.000000000000000000, -2.430485884323999775E-12 ) ) ;
#1063 = CIRCLE ( 'NONE', #952, 0.4999999999999995559 ) ;
#1064 = CARTESIAN_POINT ( 'NONE',  ( 5.399999999999999467, 3.078237858560999740, 5.549999999999999822 ) ) ;
#1065 = FACE_OUTER_BOUND ( 'NONE', #4607, .T. ) ;
#1066 = DIRECTION ( 'NONE',  ( 1.000000000000000000, 0.000000000000000000, 0.000000000000000000 ) ) ;
#1067 = VECTOR ( 'NONE', #2687, 1000.000000000000000 ) ;
#1068 = CARTESIAN_POINT ( 'NONE',  ( 0.1757717520002999856, -0.8499999999999999778, 4.725999999999999979 ) ) ;
#1069 = EDGE_LOOP ( 'NONE', ( #3414, #6367, #490, #82 ) ) ;
#1070 = VERTEX_POINT ( 'NONE', #5535 ) ;
#1071 = CARTESIAN_POINT ( 'NONE',  ( -4.299999999999999822, 3.100000000000000089, 5.549999999999999822 ) ) ;
#1072 = EDGE_CURVE ( 'NONE', #1760, #2395, #6587, .T. ) ;
#1073 = CARTESIAN_POINT ( 'NONE',  ( 0.2000000000000000111, 0.5000000000000000000, 6.949999999999999289 ) ) ;
#1074 = LINE ( 'NONE', #3302, #6641 ) ;
#1075 = ADVANCED_FACE ( 'NONE', ( #3780, #3242, #2754 ), #6033, .F. ) ;
#1076 = CARTESIAN_POINT ( 'NONE',  ( 3.625000000000000000, 2.299999999999999822, 5.825000000000000178 ) ) ;
#1077 = ORIENTED_EDGE ( 'NONE', *, *, #3887, .T. ) ;
#1078 = VERTEX_POINT ( 'NONE', #1527 ) ;
#1079 = ORIENTED_EDGE ( 'NONE', *, *, #5112, .T. ) ;
#1080 = CARTESIAN_POINT ( 'NONE',  ( 2.600000000000000089, 0.5000000000000000000, 5.825000000000000178 ) ) ;
#1081 = ADVANCED_FACE ( 'NONE', ( #6004, #2140 ), #4844, .F. ) ;
#1082 = VECTOR ( 'NONE', #4693, 1000.000000000000114 ) ;
#1083 = FACE_OUTER_BOUND ( 'NONE', #2523, .T. ) ;
#1084 = CARTESIAN_POINT ( 'NONE',  ( 5.049999999999999822, -2.500000000000000000, -5.774999999999999467 ) ) ;
#1085 = VECTOR ( 'NONE', #4785, 1000.000000000000000 ) ;
#1086 = EDGE_LOOP ( 'NONE', ( #6698, #6179, #1013, #3516, #2392, #3707, #1270, #3016 ) ) ;
#1087 = EDGE_CURVE ( 'NONE', #6468, #4513, #6619, .T. ) ;
#1088 = ORIENTED_EDGE ( 'NONE', *, *, #6727, .T. ) ;
#1089 = VERTEX_POINT ( 'NONE', #2650 ) ;
#1090 = CARTESIAN_POINT ( 'NONE',  ( 0.000000000000000000, 3.500000000000000000, 0.000000000000000000 ) ) ;
#1091 = FACE_OUTER_BOUND ( 'NONE', #865, .T. ) ;
#1092 = DIRECTION ( 'NONE',  ( 1.000000000000000000, 0.000000000000000000, 0.000000000000000000 ) ) ;
#1093 = DIRECTION ( 'NONE',  ( 0.000000000000000000, 1.000000000000000000, 0.000000000000000000 ) ) ;
#1094 = DIRECTION ( 'NONE',  ( 0.000000000000000000, 0.000000000000000000, -1.000000000000000000 ) ) ;
#1095 = AXIS2_PLACEMENT_3D ( 'NONE', #159, #6222, #5763 ) ;
#1096 = DIRECTION ( 'NONE',  ( 0.9701425001454377917, 0.000000000000000000, 0.2425356250359094468 ) ) ;
#1097 = ORIENTED_EDGE ( 'NONE', *, *, #1698, .T. ) ;
#1098 = DIRECTION ( 'NONE',  ( 0.000000000000000000, 0.000000000000000000, 1.000000000000000000 ) ) ;
#1099 = CIRCLE ( 'NONE', #3553, 0.3000000000000000444 ) ;
#1100 = ORIENTED_EDGE ( 'NONE', *, *, #1565, .T. ) ;
#1101 = CARTESIAN_POINT ( 'NONE',  ( -4.299999999999999822, 2.649999999999999911, 5.025000000000000355 ) ) ;
#1102 = CYLINDRICAL_SURFACE ( 'NONE', #2393, 3.000000000000000000 ) ;
#1103 = DIRECTION ( 'NONE',  ( 1.000000000000000000, 0.000000000000000000, 0.000000000000000000 ) ) ;
#1104 = LINE ( 'NONE', #6669, #4292 ) ;
#1105 = CIRCLE ( 'NONE', #212, 2.399999999999999911 ) ;
#1106 = ORIENTED_EDGE ( 'NONE', *, *, #221, .F. ) ;
#1107 = VECTOR ( 'NONE', #5006, 1000.000000000000000 ) ;
#1108 = CARTESIAN_POINT ( 'NONE',  ( 3.277762515837999935, -1.500000000000000000, 5.799999999999999822 ) ) ;
#1109 = DIRECTION ( 'NONE',  ( 0.000000000000000000, 0.000000000000000000, 1.000000000000000000 ) ) ;
#1110 = DIRECTION ( 'NONE',  ( 0.000000000000000000, 0.7071067811865474617, 0.7071067811865474617 ) ) ;
#1111 = CARTESIAN_POINT ( 'NONE',  ( 5.750000000000000000, 3.500000000000000000, 6.949999999999999289 ) ) ;
#1112 = VECTOR ( 'NONE', #2891, 1000.000000000000000 ) ;
#1113 = VERTEX_POINT ( 'NONE', #1674 ) ;
#1114 = ADVANCED_FACE ( 'NONE', ( #1055, #3745 ), #5497, .T. ) ;
#1115 = ADVANCED_FACE ( 'NONE', ( #1634 ), #6658, .F. ) ;
#1116 = ORIENTED_EDGE ( 'NONE', *, *, #5481, .T. ) ;
#1117 = CARTESIAN_POINT ( 'NONE',  ( 3.050000000000000266, 2.224999999994069722, 4.675000000005930190 ) ) ;
#1118 = DIRECTION ( 'NONE',  ( 0.000000000000000000, 0.000000000000000000, 1.000000000000000000 ) ) ;
#1119 = VECTOR ( 'NONE', #5232, 1000.000000000000000 ) ;
#1120 = EDGE_CURVE ( 'NONE', #2077, #4212, #1943, .T. ) ;
#1121 = PLANE ( 'NONE',  #6302 ) ;
#1122 = DIRECTION ( 'NONE',  ( 1.000000000000000000, 0.000000000000000000, 0.000000000000000000 ) ) ;
#1123 = DIRECTION ( 'NONE',  ( 0.000000000000000000, 1.000000000000000000, 0.000000000000000000 ) ) ;
#1124 = EDGE_CURVE ( 'NONE', #5294, #1281, #3322, .T. ) ;
#1125 = ADVANCED_FACE ( 'NONE', ( #6514 ), #5421, .F. ) ;
#1126 = VERTEX_POINT ( 'NONE', #2686 ) ;
#1127 = ORIENTED_EDGE ( 'NONE', *, *, #2860, .F. ) ;
#1128 = ORIENTED_EDGE ( 'NONE', *, *, #6945, .F. ) ;
#1129 = CARTESIAN_POINT ( 'NONE',  ( -5.349999999999999645, 0.4000000000000000222, 2.850000000000000089 ) ) ;
#1130 = LINE ( 'NONE', #6261, #2476 ) ;
#1131 = ADVANCED_FACE ( 'NONE', ( #5133 ), #6842, .F. ) ;
#1132 =( BOUNDED_CURVE ( )  B_SPLINE_CURVE ( 3, ( #1018, #3238, #6067, #477 ),
 .UNSPECIFIED., .F., .T. ) 
 B_SPLINE_CURVE_WITH_KNOTS ( ( 4, 4 ),
 ( 6.765421556309550193E-14, 0.7227342478134631820 ),
 .UNSPECIFIED. ) 
 CURVE ( )  GEOMETRIC_REPRESENTATION_ITEM ( )  RATIONAL_B_SPLINE_CURVE ( ( 1.000000000000000000, 0.9569428977956591087, 0.9569428977956591087, 1.000000000000000000 ) ) 
 REPRESENTATION_ITEM ( '' )  );
#1133 = PLANE ( 'NONE',  #6520 ) ;
#1134 = LINE ( 'NONE', #54, #6647 ) ;
#1135 = CARTESIAN_POINT ( 'NONE',  ( -4.299999999999999822, 2.575000000050999827, 6.149999999949000262 ) ) ;
#1136 = CYLINDRICAL_SURFACE ( 'NONE', #6690, 0.3000000000000000444 ) ;
#1137 = EDGE_CURVE ( 'NONE', #6962, #3256, #2398, .T. ) ;
#1138 = DIRECTION ( 'NONE',  ( 0.000000000000000000, 0.000000000000000000, 1.000000000000000000 ) ) ;
#1139 = ORIENTED_EDGE ( 'NONE', *, *, #373, .F. ) ;
#1140 = CARTESIAN_POINT ( 'NONE',  ( 2.299999999999999822, -1.800000000000000044, 5.500000000000000000 ) ) ;
#1141 = LINE ( 'NONE', #1064, #890 ) ;
#1142 = CARTESIAN_POINT ( 'NONE',  ( 0.2000000000000000111, 0.5000000000000000000, 5.000000000000000000 ) ) ;
#1143 = ADVANCED_FACE ( 'NONE', ( #6224, #5727 ), #3388, .F. ) ;
#1144 = DIRECTION ( 'NONE',  ( 0.000000000000000000, 1.000000000000000000, 0.000000000000000000 ) ) ;
#1145 = PLANE ( 'NONE',  #4539 ) ;
#1146 = ORIENTED_EDGE ( 'NONE', *, *, #2448, .T. ) ;
#1147 = VERTEX_POINT ( 'NONE', #5569 ) ;
#1148 = LINE ( 'NONE', #2808, #6701 ) ;
#1149 = CARTESIAN_POINT ( 'NONE',  ( 3.849999999188000288, 2.199999999991999911, 4.649999999996999200 ) ) ;
#1150 = FACE_OUTER_BOUND ( 'NONE', #1196, .T. ) ;
#1151 = DIRECTION ( 'NONE',  ( 0.000000000000000000, -1.000000000000000000, 0.000000000000000000 ) ) ;
#1152 = ORIENTED_EDGE ( 'NONE', *, *, #1469, .F. ) ;
#1153 = ADVANCED_FACE ( 'NONE', ( #5022 ), #2869, .F. ) ;
#1154 = ORIENTED_EDGE ( 'NONE', *, *, #5034, .F. ) ;
#1155 = VECTOR ( 'NONE', #3294, 1000.000000000000000 ) ;
#1156 = CARTESIAN_POINT ( 'NONE',  ( 4.825000000000000178, -1.699999999999999956, 2.288196601125009888 ) ) ;
#1157 = CARTESIAN_POINT ( 'NONE',  ( 0.2000000000000000111, 0.5000000000000000000, 5.500000000000000000 ) ) ;
#1158 = EDGE_CURVE ( 'NONE', #3124, #7136, #2788, .T. ) ;
#1159 = FACE_BOUND ( 'NONE', #1296, .T. ) ;
#1160 = LINE ( 'NONE', #3419, #393 ) ;
#1161 = VECTOR ( 'NONE', #5221, 1000.000000000000000 ) ;
#1162 = ORIENTED_EDGE ( 'NONE', *, *, #6417, .F. ) ;
#1163 = EDGE_LOOP ( 'NONE', ( #4848, #1659, #2533, #6365, #1946 ) ) ;
#1164 = ORIENTED_EDGE ( 'NONE', *, *, #4142, .T. ) ;
#1165 = CARTESIAN_POINT ( 'NONE',  ( 0.8000000000000000444, -2.621259328415999956, 5.299999999999999822 ) ) ;
#1166 = VECTOR ( 'NONE', #3490, 1000.000000000000000 ) ;
#1167 = CARTESIAN_POINT ( 'NONE',  ( 2.750000000000000000, -0.1499999999999999944, -6.125000000000000000 ) ) ;
#1168 = EDGE_CURVE ( 'NONE', #121, #1450, #589, .T. ) ;
#1169 = EDGE_CURVE ( 'NONE', #121, #6713, #5170, .T. ) ;
#1170 = CYLINDRICAL_SURFACE ( 'NONE', #3658, 0.4499999999994993560 ) ;
#1171 = ORIENTED_EDGE ( 'NONE', *, *, #3964, .F. ) ;
#1172 = VECTOR ( 'NONE', #2609, 1000.000000000000000 ) ;
#1173 = AXIS2_PLACEMENT_3D ( 'NONE', #6130, #7178, #5552 ) ;
#1174 = LINE ( 'NONE', #5574, #5338 ) ;
#1175 = ORIENTED_EDGE ( 'NONE', *, *, #295, .F. ) ;
#1176 = DIRECTION ( 'NONE',  ( 0.000000000000000000, 1.000000000000000000, 0.000000000000000000 ) ) ;
#1177 = EDGE_CURVE ( 'NONE', #5938, #4242, #2324, .T. ) ;
#1178 = CIRCLE ( 'NONE', #1752, 0.4999999999999995559 ) ;
#1179 = VECTOR ( 'NONE', #1284, 1000.000000000000000 ) ;
#1180 = CARTESIAN_POINT ( 'NONE',  ( -3.775000000000000355, 3.121762141438999993, 5.549999999999999822 ) ) ;
#1181 = DIRECTION ( 'NONE',  ( 0.000000000000000000, 1.000000000000000000, 0.000000000000000000 ) ) ;
#1182 = CARTESIAN_POINT ( 'NONE',  ( 3.824999999999999734, 2.500000000000000000, 6.025000000000000355 ) ) ;
#1183 = AXIS2_PLACEMENT_3D ( 'NONE', #6311, #210, #5184 ) ;
#1184 = CARTESIAN_POINT ( 'NONE',  ( 2.550000000000000266, 1.649999999999999911, 5.950000000000000178 ) ) ;
#1185 = CIRCLE ( 'NONE', #3959, 1.800000000000000044 ) ;
#1186 = ADVANCED_FACE ( 'NONE', ( #6767 ), #1248, .F. ) ;
#1187 = VERTEX_POINT ( 'NONE', #3998 ) ;
#1188 = ORIENTED_EDGE ( 'NONE', *, *, #2178, .F. ) ;
#1189 = LINE ( 'NONE', #3409, #1582 ) ;
#1190 = DIRECTION ( 'NONE',  ( 0.000000000000000000, 1.000000000000000000, 0.000000000000000000 ) ) ;
#1191 = DIRECTION ( 'NONE',  ( -0.000000000000000000, 1.000000000000000000, 0.000000000000000000 ) ) ;
#1192 = CARTESIAN_POINT ( 'NONE',  ( 2.299999999999999822, -1.699999999999999956, 5.500000000000000000 ) ) ;
#1193 = AXIS2_PLACEMENT_3D ( 'NONE', #2909, #6225, #125 ) ;
#1194 = PRESENTATION_LAYER_ASSIGNMENT (  '', '', ( #4324 ) ) ;
#1195 = EDGE_LOOP ( 'NONE', ( #4321, #1532, #623, #2502, #1959, #2013, #287, #3766 ) ) ;
#1196 = EDGE_LOOP ( 'NONE', ( #6142, #5690, #6772 ) ) ;
#1197 = LINE ( 'NONE', #2166, #1703 ) ;
#1198 = FACE_OUTER_BOUND ( 'NONE', #1447, .T. ) ;
#1199 = LINE ( 'NONE', #1276, #6792 ) ;
#1200 = FACE_BOUND ( 'NONE', #79, .T. ) ;
#1201 = CARTESIAN_POINT ( 'NONE',  ( -0.4095243470554000287, 1.062440450426999972, 5.950000000000000178 ) ) ;
#1202 = CARTESIAN_POINT ( 'NONE',  ( 3.625000000000000000, -2.100000000000000089, 5.825000000000000178 ) ) ;
#1203 = VERTEX_POINT ( 'NONE', #4528 ) ;
#1204 = ORIENTED_EDGE ( 'NONE', *, *, #2076, .F. ) ;
#1205 = AXIS2_PLACEMENT_3D ( 'NONE', #3530, #763, #260 ) ;
#1206 = VERTEX_POINT ( 'NONE', #3930 ) ;
#1207 = FACE_OUTER_BOUND ( 'NONE', #3602, .T. ) ;
#1208 = LINE ( 'NONE', #4737, #1676 ) ;
#1209 = CARTESIAN_POINT ( 'NONE',  ( 5.150000000000000355, -1.699999999999999956, 0.7999999999999001243 ) ) ;
#1210 = CARTESIAN_POINT ( 'NONE',  ( 0.2000000000000000111, 0.5000000000000000000, 5.802185478309000111 ) ) ;
#1211 = AXIS2_PLACEMENT_3D ( 'NONE', #485, #6730, #4418 ) ;
#1212 = ORIENTED_EDGE ( 'NONE', *, *, #728, .F. ) ;
#1213 = EDGE_LOOP ( 'NONE', ( #134, #155, #4867, #508 ) ) ;
#1214 = EDGE_CURVE ( 'NONE', #7082, #3442, #6146, .T. ) ;
#1215 = EDGE_CURVE ( 'NONE', #5039, #5045, #6111, .T. ) ;
#1216 = ORIENTED_EDGE ( 'NONE', *, *, #4339, .F. ) ;
#1217 = CARTESIAN_POINT ( 'NONE',  ( -2.149999999999999911, 1.649999999999999911, 5.950000000000000178 ) ) ;
#1218 = MECHANICAL_DESIGN_GEOMETRIC_PRESENTATION_REPRESENTATION (  '', ( #63 ), #3648 ) ;
#1219 =( NAMED_UNIT ( * ) PLANE_ANGLE_UNIT ( ) SI_UNIT ( $, .RADIAN. ) );
#1220 = CARTESIAN_POINT ( 'NONE',  ( -0.4000000000000000222, -2.277571154197000070, 5.634283827185999627 ) ) ;
#1221 = CARTESIAN_POINT ( 'NONE',  ( -2.600000000000000089, -1.775000000000000133, -1.456350832690000097 ) ) ;
#1222 = DIRECTION ( 'NONE',  ( 0.000000000000000000, 0.000000000000000000, -1.000000000000000000 ) ) ;
#1223 = VECTOR ( 'NONE', #6704, 1000.000000000000000 ) ;
#1224 = ADVANCED_FACE ( 'NONE', ( #124 ), #1133, .T. ) ;
#1225 = DIRECTION ( 'NONE',  ( 1.000000000000000000, 0.000000000000000000, 1.391479524196999852E-13 ) ) ;
#1226 = ORIENTED_EDGE ( 'NONE', *, *, #780, .F. ) ;
#1227 = VERTEX_POINT ( 'NONE', #95 ) ;
#1228 = ORIENTED_EDGE ( 'NONE', *, *, #4239, .F. ) ;
#1229 = LINE ( 'NONE', #3556, #5423 ) ;
#1230 = FACE_OUTER_BOUND ( 'NONE', #60, .T. ) ;
#1231 = DIRECTION ( 'NONE',  ( 1.000000000000000000, 0.000000000000000000, 0.000000000000000000 ) ) ;
#1232 = VECTOR ( 'NONE', #4072, 1000.000000000000000 ) ;
#1233 = EDGE_CURVE ( 'NONE', #1457, #3968, #5688, .T. ) ;
#1234 = CARTESIAN_POINT ( 'NONE',  ( 4.500000000000000000, 3.500000000000000000, 5.549999999999999822 ) ) ;
#1235 = DIRECTION ( 'NONE',  ( 1.000000000000000000, 0.000000000000000000, 0.000000000000000000 ) ) ;
#1236 = ORIENTED_EDGE ( 'NONE', *, *, #2405, .F. ) ;
#1237 = VECTOR ( 'NONE', #1049, 1000.000000000000000 ) ;
#1238 = CARTESIAN_POINT ( 'NONE',  ( 0.8499999999999999778, -2.100000000000000089, 5.825000000000000178 ) ) ;
#1239 = ORIENTED_EDGE ( 'NONE', *, *, #4809, .F. ) ;
#1240 = DIRECTION ( 'NONE',  ( 1.000000000000000000, 0.000000000000000000, 0.000000000000000000 ) ) ;
#1241 = FACE_OUTER_BOUND ( 'NONE', #5725, .T. ) ;
#1242 = DIRECTION ( 'NONE',  ( 0.000000000000000000, 0.000000000000000000, -1.000000000000000000 ) ) ;
#1243 = AXIS2_PLACEMENT_3D ( 'NONE', #2143, #2212, #6620 ) ;
#1244 = VERTEX_POINT ( 'NONE', #5609 ) ;
#1245 = ORIENTED_EDGE ( 'NONE', *, *, #1439, .T. ) ;
#1246 = VERTEX_POINT ( 'NONE', #160 ) ;
#1247 = DIRECTION ( 'NONE',  ( 1.000000000000000000, 0.000000000000000000, 0.000000000000000000 ) ) ;
#1248 = PLANE ( 'NONE',  #5246 ) ;
#1249 = VECTOR ( 'NONE', #6052, 1000.000000000000000 ) ;
#1250 = ORIENTED_EDGE ( 'NONE', *, *, #2793, .T. ) ;
#1251 = ORIENTED_EDGE ( 'NONE', *, *, #901, .T. ) ;
#1252 = ORIENTED_EDGE ( 'NONE', *, *, #6439, .F. ) ;
#1253 = CARTESIAN_POINT ( 'NONE',  ( 4.774999999999999467, 0.4000000000000000222, -1.550000000000000044 ) ) ;
#1254 = CARTESIAN_POINT ( 'NONE',  ( 0.1784818660467995255, -2.200000000000000178, -4.532520887255789610 ) ) ;
#1255 = EDGE_CURVE ( 'NONE', #2363, #1989, #4603, .T. ) ;
#1256 = DIRECTION ( 'NONE',  ( 0.000000000000000000, -1.000000000000000000, 0.000000000000000000 ) ) ;
#1257 = EDGE_CURVE ( 'NONE', #3083, #4550, #6803, .T. ) ;
#1258 = CARTESIAN_POINT ( 'NONE',  ( 0.2443593274800999748, -2.200000000000000178, -4.717896939814000490 ) ) ;
#1259 = PLANE ( 'NONE',  #657 ) ;
#1260 = ORIENTED_EDGE ( 'NONE', *, *, #2616, .T. ) ;
#1261 = ORIENTED_EDGE ( 'NONE', *, *, #2903, .F. ) ;
#1262 = VERTEX_POINT ( 'NONE', #1209 ) ;
#1263 = CARTESIAN_POINT ( 'NONE',  ( 2.550000000000000266, 2.500000000000000000, 6.949999999999999289 ) ) ;
#1264 = CARTESIAN_POINT ( 'NONE',  ( 3.200000000000000178, 0.5000000000000000000, 6.959999999999999964 ) ) ;
#1265 = LINE ( 'NONE', #6356, #496 ) ;
#1266 = EDGE_CURVE ( 'NONE', #6229, #6744, #719, .T. ) ;
#1267 = FACE_OUTER_BOUND ( 'NONE', #5530, .T. ) ;
#1268 = EDGE_CURVE ( 'NONE', #2559, #2807, #7141, .T. ) ;
#1269 = DIRECTION ( 'NONE',  ( 0.9349305066094086847, 0.000000000000000000, -0.3548308721223034090 ) ) ;
#1270 = ORIENTED_EDGE ( 'NONE', *, *, #2956, .F. ) ;
#1271 = CARTESIAN_POINT ( 'NONE',  ( 3.974999999999999201, 3.121762141438999993, 5.549999999999999822 ) ) ;
#1272 = ORIENTED_EDGE ( 'NONE', *, *, #3820, .F. ) ;
#1273 = DIRECTION ( 'NONE',  ( 0.000000000000000000, -1.223707433614000123E-13, -1.000000000000000000 ) ) ;
#1274 = EDGE_CURVE ( 'NONE', #4841, #3691, #2430, .T. ) ;
#1275 = CARTESIAN_POINT ( 'NONE',  ( -1.906537443294000100, 1.649999999999999911, 5.950000000000000178 ) ) ;
#1276 = CARTESIAN_POINT ( 'NONE',  ( 2.600000000000000089, 2.299999999999999822, 5.825000000000000178 ) ) ;
#1277 = CARTESIAN_POINT ( 'NONE',  ( 0.2000000000000000111, -4.899999999999999467, 5.299999999999999822 ) ) ;
#1278 = VERTEX_POINT ( 'NONE', #3538 ) ;
#1279 = EDGE_LOOP ( 'NONE', ( #1212, #4696, #5634, #874, #1618 ) ) ;
#1280 = ADVANCED_FACE ( 'NONE', ( #6396 ), #235, .F. ) ;
#1281 = VERTEX_POINT ( 'NONE', #5336 ) ;
#1282 = PLANE ( 'NONE',  #3377 ) ;
#1283 = FACE_OUTER_BOUND ( 'NONE', #3206, .T. ) ;
#1284 = DIRECTION ( 'NONE',  ( 0.000000000000000000, -1.000000000000000000, 1.069514847055000034E-13 ) ) ;
#1285 = CARTESIAN_POINT ( 'NONE',  ( 4.500000000000000000, 3.500000000000000000, 5.549999999999999822 ) ) ;
#1286 = CLOSED_SHELL ( 'NONE', ( #6332, #1316, #4707, #1965, #3497 ) ) ;
#1287 = ORIENTED_EDGE ( 'NONE', *, *, #930, .F. ) ;
#1288 = ORIENTED_EDGE ( 'NONE', *, *, #1137, .T. ) ;
#1289 = EDGE_LOOP ( 'NONE', ( #1621, #1566, #4654, #1097 ) ) ;
#1290 = VECTOR ( 'NONE', #724, 1000.000000000000114 ) ;
#1291 = DIRECTION ( 'NONE',  ( 0.000000000000000000, 1.000000000000000000, 0.000000000000000000 ) ) ;
#1292 = CARTESIAN_POINT ( 'NONE',  ( 0.07736768238236708950, -2.200000000000000178, -4.249860751628204980 ) ) ;
#1293 = FACE_OUTER_BOUND ( 'NONE', #2589, .T. ) ;
#1294 = EDGE_CURVE ( 'NONE', #1989, #502, #6972, .T. ) ;
#1295 = DIRECTION ( 'NONE',  ( 0.000000000000000000, 0.000000000000000000, 1.000000000000000000 ) ) ;
#1296 = EDGE_LOOP ( 'NONE', ( #232, #1931, #3093, #3056 ) ) ;
#1297 = ORIENTED_EDGE ( 'NONE', *, *, #3104, .T. ) ;
#1298 = AXIS2_PLACEMENT_3D ( 'NONE', #3424, #2245, #697 ) ;
#1299 = VECTOR ( 'NONE', #6162, 1000.000000000000227 ) ;
#1300 = LINE ( 'NONE', #2446, #5663 ) ;
#1301 = CARTESIAN_POINT ( 'NONE',  ( -3.225000000000000089, 2.299999999999999822, 5.825000000000000178 ) ) ;
#1302 = DIRECTION ( 'NONE',  ( -1.000000000000000000, 0.000000000000000000, 0.000000000000000000 ) ) ;
#1303 = CARTESIAN_POINT ( 'NONE',  ( 0.2000000000000000111, 0.5000000000000000000, 4.924999999999999822 ) ) ;
#1304 = FACE_OUTER_BOUND ( 'NONE', #1951, .T. ) ;
#1305 = AXIS2_PLACEMENT_3D ( 'NONE', #664, #2357, #2247 ) ;
#1306 = ORIENTED_EDGE ( 'NONE', *, *, #1617, .F. ) ;
#1307 = EDGE_CURVE ( 'NONE', #525, #6190, #142, .T. ) ;
#1308 = ORIENTED_EDGE ( 'NONE', *, *, #2078, .T. ) ;
#1309 = EDGE_CURVE ( 'NONE', #4084, #3055, #3640, .T. ) ;
#1310 = PLANE ( 'NONE',  #4728 ) ;
#1311 = CARTESIAN_POINT ( 'NONE',  ( 4.850000000000000533, -2.500000000000000000, 2.299999999999999822 ) ) ;
#1312 = VECTOR ( 'NONE', #1110, 1000.000000000000114 ) ;
#1313 = CARTESIAN_POINT ( 'NONE',  ( -2.125000000000000000, -1.899999999999999911, -1.550000000000000044 ) ) ;
#1314 = AXIS2_PLACEMENT_3D ( 'NONE', #1927, #5824, #1454 ) ;
#1315 = CARTESIAN_POINT ( 'NONE',  ( 5.349999999999999645, 2.500000000000000000, -5.474999999999999645 ) ) ;
#1316 = ADVANCED_FACE ( 'NONE', ( #2497 ), #4738, .F. ) ;
#1317 = ORIENTED_EDGE ( 'NONE', *, *, #5213, .F. ) ;
#1318 = EDGE_CURVE ( 'NONE', #1206, #1545, #4667, .T. ) ;
#1319 = ORIENTED_EDGE ( 'NONE', *, *, #3174, .F. ) ;
#1320 = ORIENTED_EDGE ( 'NONE', *, *, #1368, .T. ) ;
#1321 = DIRECTION ( 'NONE',  ( 1.000000000000000000, 0.000000000000000000, 0.000000000000000000 ) ) ;
#1322 = CARTESIAN_POINT ( 'NONE',  ( -0.1700556982308999987, -2.299999999999999822, -4.532520887255999220 ) ) ;
#1323 = PLANE ( 'NONE',  #2107 ) ;
#1324 = EDGE_CURVE ( 'NONE', #6219, #6484, #333, .T. ) ;
#1325 = DIRECTION ( 'NONE',  ( -1.000000000000000000, 0.000000000000000000, 0.000000000000000000 ) ) ;
#1326 = EDGE_CURVE ( 'NONE', #2669, #3534, #1420, .T. ) ;
#1327 = ORIENTED_EDGE ( 'NONE', *, *, #4057, .T. ) ;
#1328 = CIRCLE ( 'NONE', #745, 2.000000000000000000 ) ;
#1329 = ORIENTED_EDGE ( 'NONE', *, *, #987, .T. ) ;
#1330 = VERTEX_POINT ( 'NONE', #6338 ) ;
#1331 = CARTESIAN_POINT ( 'NONE',  ( 4.700000000000000178, -3.350000000000000089, 2.250000000000000000 ) ) ;
#1332 =( LENGTH_UNIT ( ) NAMED_UNIT ( * ) SI_UNIT ( .MILLI., .METRE. ) );
#1333 = AXIS2_PLACEMENT_3D ( 'NONE', #3173, #4778, #3138 ) ;
#1334 = DIRECTION ( 'NONE',  ( 1.000000000000000000, 1.110223024625000030E-14, 0.000000000000000000 ) ) ;
#1335 = CYLINDRICAL_SURFACE ( 'NONE', #5109, 0.3000000000000000444 ) ;
#1336 = DIRECTION ( 'NONE',  ( -0.000000000000000000, 1.000000000000000000, 0.000000000000000000 ) ) ;
#1337 = VECTOR ( 'NONE', #6110, 1000.000000000000000 ) ;
#1338 = ORIENTED_EDGE ( 'NONE', *, *, #4769, .T. ) ;
#1339 = CARTESIAN_POINT ( 'NONE',  ( -2.649999999999999911, -1.699999999999999956, 4.850000000000000533 ) ) ;
#1340 = CARTESIAN_POINT ( 'NONE',  ( 4.500000000000000000, 3.100000000000000089, 6.400000000000000355 ) ) ;
#1341 = CARTESIAN_POINT ( 'NONE',  ( 4.575000000000000178, -1.800000000000000044, 1.050000000000000044 ) ) ;
#1342 = DIRECTION ( 'NONE',  ( -1.000000000000000000, 3.211106594300000224E-14, 0.000000000000000000 ) ) ;
#1343 = AXIS2_PLACEMENT_3D ( 'NONE', #3170, #5864, #985 ) ;
#1344 = ORIENTED_EDGE ( 'NONE', *, *, #1037, .T. ) ;
#1345 = VERTEX_POINT ( 'NONE', #4804 ) ;
#1346 = AXIS2_PLACEMENT_3D ( 'NONE', #726, #226, #2424 ) ;
#1347 = DIRECTION ( 'NONE',  ( 0.000000000000000000, -1.000000000000000000, 0.000000000000000000 ) ) ;
#1348 = EDGE_CURVE ( 'NONE', #5317, #6392, #809, .T. ) ;
#1349 = LINE ( 'NONE', #2487, #6741 ) ;
#1350 = DIRECTION ( 'NONE',  ( 0.000000000000000000, 0.000000000000000000, -1.000000000000000000 ) ) ;
#1351 = DIRECTION ( 'NONE',  ( 0.000000000000000000, 0.000000000000000000, 1.000000000000000000 ) ) ;
#1352 = EDGE_CURVE ( 'NONE', #4724, #1078, #266, .T. ) ;
#1353 = VECTOR ( 'NONE', #1616, 1000.000000000000000 ) ;
#1354 = ADVANCED_FACE ( 'NONE', ( #1362 ), #2465, .F. ) ;
#1355 = EDGE_CURVE ( 'NONE', #5750, #2136, #4445, .T. ) ;
#1356 = EDGE_LOOP ( 'NONE', ( #1544, #6134, #5127, #2111 ) ) ;
#1357 = ORIENTED_EDGE ( 'NONE', *, *, #6197, .F. ) ;
#1358 = VERTEX_POINT ( 'NONE', #3574 ) ;
#1359 = CONICAL_SURFACE ( 'NONE', #3095, 2.000000000005000000, 0.7853981633901446768 ) ;
#1360 = DIRECTION ( 'NONE',  ( 0.000000000000000000, 1.000000000000000000, 0.000000000000000000 ) ) ;
#1361 = VECTOR ( 'NONE', #1575, 1000.000000000000000 ) ;
#1362 = FACE_OUTER_BOUND ( 'NONE', #2769, .T. ) ;
#1363 = ADVANCED_FACE ( 'NONE', ( #6368 ), #5210, .T. ) ;
#1364 = AXIS2_PLACEMENT_3D ( 'NONE', #4616, #5662, #5037 ) ;
#1365 = ORIENTED_EDGE ( 'NONE', *, *, #636, .T. ) ;
#1366 = LINE ( 'NONE', #5414, #313 ) ;
#1367 = ORIENTED_EDGE ( 'NONE', *, *, #3483, .F. ) ;
#1368 = EDGE_CURVE ( 'NONE', #2784, #3155, #772, .T. ) ;
#1369 = DIRECTION ( 'NONE',  ( 0.000000000000000000, 0.000000000000000000, -1.000000000000000000 ) ) ;
#1370 = LINE ( 'NONE', #2957, #1446 ) ;
#1371 = CARTESIAN_POINT ( 'NONE',  ( -2.299999999999999822, -1.800000000000000044, -2.149999999999999911 ) ) ;
#1372 = PLANE ( 'NONE',  #4131 ) ;
#1373 = FACE_OUTER_BOUND ( 'NONE', #1921, .T. ) ;
#1374 = VECTOR ( 'NONE', #5003, 1000.000000000000114 ) ;
#1375 = ORIENTED_EDGE ( 'NONE', *, *, #3383, .F. ) ;
#1376 = CARTESIAN_POINT ( 'NONE',  ( -3.425000000000000266, 2.500000000000000000, 6.025000000000000355 ) ) ;
#1377 = EDGE_CURVE ( 'NONE', #363, #4724, #3273, .T. ) ;
#1378 = DIRECTION ( 'NONE',  ( 0.000000000000000000, 0.000000000000000000, -1.000000000000000000 ) ) ;
#1379 = ORIENTED_EDGE ( 'NONE', *, *, #29, .F. ) ;
#1380 = ORIENTED_EDGE ( 'NONE', *, *, #1526, .F. ) ;
#1381 = CARTESIAN_POINT ( 'NONE',  ( -4.658590997241000231, -4.850000000000000533, -3.149999999999999911 ) ) ;
#1382 = CARTESIAN_POINT ( 'NONE',  ( 3.750000000000000000, -2.500000000000000000, -5.774999999999999467 ) ) ;
#1383 = ORIENTED_EDGE ( 'NONE', *, *, #5524, .F. ) ;
#1384 = ORIENTED_EDGE ( 'NONE', *, *, #5344, .T. ) ;
#1385 = ORIENTED_EDGE ( 'NONE', *, *, #5262, .F. ) ;
#1386 = DIRECTION ( 'NONE',  ( 0.000000000000000000, -1.000000000000000000, 0.000000000000000000 ) ) ;
#1387 = DIRECTION ( 'NONE',  ( 0.000000000000000000, 0.000000000000000000, -1.000000000000000000 ) ) ;
#1388 = DIRECTION ( 'NONE',  ( 1.000000000000000000, 1.596048541821999782E-13, 0.000000000000000000 ) ) ;
#1389 = EDGE_LOOP ( 'NONE', ( #48, #3413, #4763, #1164 ) ) ;
#1390 = ORIENTED_EDGE ( 'NONE', *, *, #343, .F. ) ;
#1391 = ADVANCED_FACE ( 'NONE', ( #1083 ), #2025, .T. ) ;
#1392 = CARTESIAN_POINT ( 'NONE',  ( 4.500000000000000000, 2.649999999999999911, 5.549999999999999822 ) ) ;
#1393 = DIRECTION ( 'NONE',  ( 0.000000000000000000, 1.000000000000000000, 0.000000000000000000 ) ) ;
#1394 = FACE_OUTER_BOUND ( 'NONE', #3484, .T. ) ;
#1395 = DIRECTION ( 'NONE',  ( 0.000000000000000000, -1.000000000000000000, 0.000000000000000000 ) ) ;
#1396 = CARTESIAN_POINT ( 'NONE',  ( -5.250000000000000000, 2.500000000000000000, -6.424999999999999822 ) ) ;
#1397 = CIRCLE ( 'NONE', #2318, 0.2000000000000000944 ) ;
#1398 = ADVANCED_FACE ( 'NONE', ( #3311 ), #5488, .F. ) ;
#1399 = ORIENTED_EDGE ( 'NONE', *, *, #6681, .T. ) ;
#1400 = CARTESIAN_POINT ( 'NONE',  ( 4.500000000000000000, 3.500000000000000000, 6.400000000000000355 ) ) ;
#1401 = CARTESIAN_POINT ( 'NONE',  ( -4.924999999999999822, -4.850000000000000533, -3.449999999999999734 ) ) ;
#1402 = VECTOR ( 'NONE', #2632, 1000.000000000000000 ) ;
#1403 = LINE ( 'NONE', #2419, #5468 ) ;
#1404 = EDGE_CURVE ( 'NONE', #660, #2385, #1988, .T. ) ;
#1405 = ORIENTED_EDGE ( 'NONE', *, *, #1443, .T. ) ;
#1406 = EDGE_LOOP ( 'NONE', ( #5304, #3045, #2056, #3986 ) ) ;
#1407 = CARTESIAN_POINT ( 'NONE',  ( 3.600000000000000089, 2.200000000000000178, 5.799999999999999822 ) ) ;
#1408 = LINE ( 'NONE', #3049, #5458 ) ;
#1409 = CYLINDRICAL_SURFACE ( 'NONE', #540, 0.2000000000000000944 ) ;
#1410 = CARTESIAN_POINT ( 'NONE',  ( -0.4095243470554000287, 1.062440450426999972, 4.750000000000000000 ) ) ;
#1411 = AXIS2_PLACEMENT_3D ( 'NONE', #4132, #4753, #283 ) ;
#1412 = VECTOR ( 'NONE', #6856, 1000.000000000000000 ) ;
#1413 = DIRECTION ( 'NONE',  ( 1.000000000000000000, 0.000000000000000000, 0.000000000000000000 ) ) ;
#1414 = ORIENTED_EDGE ( 'NONE', *, *, #3620, .F. ) ;
#1415 = VECTOR ( 'NONE', #4191, 1000.000000000000000 ) ;
#1416 = EDGE_LOOP ( 'NONE', ( #2252, #1012, #948 ) ) ;
#1417 = VECTOR ( 'NONE', #441, 1000.000000000000000 ) ;
#1418 = ORIENTED_EDGE ( 'NONE', *, *, #2232, .T. ) ;
#1419 = DIRECTION ( 'NONE',  ( 0.000000000000000000, 0.000000000000000000, -1.000000000000000000 ) ) ;
#1420 = LINE ( 'NONE', #5856, #6524 ) ;
#1421 = DIRECTION ( 'NONE',  ( 0.000000000000000000, 0.000000000000000000, 1.000000000000000000 ) ) ;
#1422 = CARTESIAN_POINT ( 'NONE',  ( 4.700000000000000178, -3.350000000000000089, 1.050000000000000044 ) ) ;
#1423 = CIRCLE ( 'NONE', #1529, 0.2000000000000000944 ) ;
#1424 = ORIENTED_EDGE ( 'NONE', *, *, #5136, .T. ) ;
#1425 = VERTEX_POINT ( 'NONE', #977 ) ;
#1426 = CARTESIAN_POINT ( 'NONE',  ( 0.2000000000000000111, 0.5000000000000000000, 5.841499999999999915 ) ) ;
#1427 = CARTESIAN_POINT ( 'NONE',  ( -0.5499999999068000411, -2.299999999999999822, -4.950000000000000178 ) ) ;
#1428 = LINE ( 'NONE', #886, #3877 ) ;
#1429 = DIRECTION ( 'NONE',  ( 0.000000000000000000, 1.000000000000000000, 0.000000000000000000 ) ) ;
#1430 = CARTESIAN_POINT ( 'NONE',  ( -0.01761839278059124797, -2.299999999999999822, -4.085167163610375241 ) ) ;
#1431 = ADVANCED_FACE ( 'NONE', ( #3703 ), #4869, .F. ) ;
#1432 = ADVANCED_FACE ( 'NONE', ( #6576 ), #3236, .F. ) ;
#1433 = VERTEX_POINT ( 'NONE', #548 ) ;
#1434 = FACE_OUTER_BOUND ( 'NONE', #5231, .T. ) ;
#1435 = CIRCLE ( 'NONE', #4105, 0.8999999999999998002 ) ;
#1436 = CARTESIAN_POINT ( 'NONE',  ( -0.1325208861381000081, -2.200000000000000178, -3.850000000000000089 ) ) ;
#1437 = CARTESIAN_POINT ( 'NONE',  ( -2.600000000000000089, -1.699999999999999956, -1.449999999999999956 ) ) ;
#1438 = DIRECTION ( 'NONE',  ( 1.000000000000000000, 0.000000000000000000, 0.000000000000000000 ) ) ;
#1439 = EDGE_CURVE ( 'NONE', #2874, #5332, #3162, .T. ) ;
#1440 = AXIS2_PLACEMENT_3D ( 'NONE', #7163, #1094, #560 ) ;
#1441 = ORIENTED_EDGE ( 'NONE', *, *, #1530, .T. ) ;
#1442 = ORIENTED_EDGE ( 'NONE', *, *, #716, .T. ) ;
#1443 = EDGE_CURVE ( 'NONE', #2698, #156, #3770, .T. ) ;
#1444 = FACE_OUTER_BOUND ( 'NONE', #1774, .T. ) ;
#1445 = FACE_OUTER_BOUND ( 'NONE', #823, .T. ) ;
#1446 = VECTOR ( 'NONE', #6231, 1000.000000000000000 ) ;
#1447 = EDGE_LOOP ( 'NONE', ( #481, #3813, #4017, #3094 ) ) ;
#1448 = VECTOR ( 'NONE', #1811, 1000.000000000000000 ) ;
#1449 = ORIENTED_EDGE ( 'NONE', *, *, #372, .T. ) ;
#1450 = VERTEX_POINT ( 'NONE', #5411 ) ;
#1451 = ORIENTED_EDGE ( 'NONE', *, *, #3793, .F. ) ;
#1452 = CARTESIAN_POINT ( 'NONE',  ( 2.100000000000000089, -1.800000000000000044, 5.486854749822000166 ) ) ;
#1453 = EDGE_CURVE ( 'NONE', #478, #163, #5446, .T. ) ;
#1454 = DIRECTION ( 'NONE',  ( 0.3296118453154002204, 0.9441165348768004728, 0.000000000000000000 ) ) ;
#1455 = AXIS2_PLACEMENT_3D ( 'NONE', #5612, #2292, #2989 ) ;
#1456 = CARTESIAN_POINT ( 'NONE',  ( -2.649999999999999911, -1.699999999999999956, 4.649999999999999467 ) ) ;
#1457 = VERTEX_POINT ( 'NONE', #6504 ) ;
#1458 = VECTOR ( 'NONE', #2513, 1000.000000000000114 ) ;
#1459 = ORIENTED_EDGE ( 'NONE', *, *, #6636, .T. ) ;
#1460 = FACE_OUTER_BOUND ( 'NONE', #5820, .T. ) ;
#1461 = LINE ( 'NONE', #4744, #1887 ) ;
#1462 = LINE ( 'NONE', #6584, #6436 ) ;
#1463 = CARTESIAN_POINT ( 'NONE',  ( 3.750000000000000000, -1.899999999999999911, -6.125000000000000000 ) ) ;
#1464 = FACE_OUTER_BOUND ( 'NONE', #740, .T. ) ;
#1465 = EDGE_CURVE ( 'NONE', #5078, #4378, #5352, .T. ) ;
#1466 = VERTEX_POINT ( 'NONE', #3808 ) ;
#1467 = AXIS2_PLACEMENT_3D ( 'NONE', #4725, #4279, #429 ) ;
#1468 = CARTESIAN_POINT ( 'NONE',  ( 3.625000000000000000, -2.100000000000000089, 5.474999999999999645 ) ) ;
#1469 = EDGE_CURVE ( 'NONE', #229, #3768, #2798, .T. ) ;
#1470 = LINE ( 'NONE', #2624, #3381 ) ;
#1471 = CIRCLE ( 'NONE', #2990, 1.949999999999999956 ) ;
#1472 = VERTEX_POINT ( 'NONE', #4289 ) ;
#1473 = VERTEX_POINT ( 'NONE', #474 ) ;
#1474 = DIRECTION ( 'NONE',  ( 0.000000000000000000, 0.000000000000000000, -1.000000000000000000 ) ) ;
#1475 = EDGE_CURVE ( 'NONE', #6249, #3691, #6539, .T. ) ;
#1476 = FACE_OUTER_BOUND ( 'NONE', #616, .T. ) ;
#1477 = DIRECTION ( 'NONE',  ( 0.000000000000000000, 0.000000000000000000, -1.000000000000000000 ) ) ;
#1478 = ORIENTED_EDGE ( 'NONE', *, *, #3349, .F. ) ;
#1479 = ORIENTED_EDGE ( 'NONE', *, *, #6681, .F. ) ;
#1480 = EDGE_CURVE ( 'NONE', #7145, #2965, #5960, .T. ) ;
#1481 = ORIENTED_EDGE ( 'NONE', *, *, #5475, .F. ) ;
#1482 = EDGE_CURVE ( 'NONE', #5734, #2865, #4408, .T. ) ;
#1483 = VERTEX_POINT ( 'NONE', #6029 ) ;
#1484 = DIRECTION ( 'NONE',  ( 0.000000000000000000, 1.000000000000000000, 0.000000000000000000 ) ) ;
#1485 = DIRECTION ( 'NONE',  ( -1.000000000000000000, 0.000000000000000000, 0.000000000000000000 ) ) ;
#1486 = DIRECTION ( 'NONE',  ( 0.000000000000000000, 0.000000000000000000, -1.000000000000000000 ) ) ;
#1487 = ORIENTED_EDGE ( 'NONE', *, *, #6861, .T. ) ;
#1488 = EDGE_CURVE ( 'NONE', #5093, #4800, #2219, .T. ) ;
#1489 = ORIENTED_EDGE ( 'NONE', *, *, #5670, .F. ) ;
#1490 = CARTESIAN_POINT ( 'NONE',  ( -0.9948204461110998764, 2.974880900854000032, 4.750000000000000000 ) ) ;
#1491 = DIRECTION ( 'NONE',  ( 1.000000000000000000, 0.000000000000000000, 0.000000000000000000 ) ) ;
#1492 = CARTESIAN_POINT ( 'NONE',  ( 4.100000000000000533, -1.699999999999999956, -5.575000000000000178 ) ) ;
#1493 = FACE_BOUND ( 'NONE', #434, .T. ) ;
#1494 = ORIENTED_EDGE ( 'NONE', *, *, #1482, .F. ) ;
#1495 = AXIS2_PLACEMENT_3D ( 'NONE', #1068, #2696, #5510 ) ;
#1496 = DIRECTION ( 'NONE',  ( 0.000000000000000000, -1.000000000000000000, 0.000000000000000000 ) ) ;
#1497 = DIRECTION ( 'NONE',  ( -1.000000000000000000, 0.000000000000000000, 0.000000000000000000 ) ) ;
#1498 = DIRECTION ( 'NONE',  ( 0.3548308721223911166, 0.000000000000000000, 0.9349305066093753780 ) ) ;
#1499 = CARTESIAN_POINT ( 'NONE',  ( 4.500000000000000000, 3.121762141438999993, 5.549999999999999822 ) ) ;
#1500 = ORIENTED_EDGE ( 'NONE', *, *, #7030, .F. ) ;
#1501 = ORIENTED_EDGE ( 'NONE', *, *, #5844, .T. ) ;
#1502 = ORIENTED_EDGE ( 'NONE', *, *, #3875, .T. ) ;
#1503 = VECTOR ( 'NONE', #4344, 1000.000000000000000 ) ;
#1504 = DIRECTION ( 'NONE',  ( 0.000000000000000000, -1.000000000000000000, 0.000000000000000000 ) ) ;
#1505 = LINE ( 'NONE', #3695, #5819 ) ;
#1506 = LINE ( 'NONE', #5949, #2727 ) ;
#1507 = CARTESIAN_POINT ( 'NONE',  ( 2.550000000000000266, 2.500000000000000000, 5.950000000000000178 ) ) ;
#1508 = LINE ( 'NONE', #2594, #6344 ) ;
#1509 = AXIS2_PLACEMENT_3D ( 'NONE', #6583, #3814, #2574 ) ;
#1510 = ORIENTED_EDGE ( 'NONE', *, *, #2520, .F. ) ;
#1511 = ADVANCED_FACE ( 'NONE', ( #5 ), #1121, .T. ) ;
#1512 = EDGE_LOOP ( 'NONE', ( #6606, #1239, #6321, #1162 ) ) ;
#1513 = ORIENTED_EDGE ( 'NONE', *, *, #5670, .T. ) ;
#1514 = VERTEX_POINT ( 'NONE', #3882 ) ;
#1515 = CARTESIAN_POINT ( 'NONE',  ( -2.475000000000000089, -1.899999999999999689, -1.787069746573073825 ) ) ;
#1516 = DIRECTION ( 'NONE',  ( 0.000000000000000000, 0.000000000000000000, 1.000000000000000000 ) ) ;
#1517 = CARTESIAN_POINT ( 'NONE',  ( 3.725000000000000089, 2.399999999999999911, 5.649999999999999467 ) ) ;
#1518 = CARTESIAN_POINT ( 'NONE',  ( 4.700000000000000178, -2.200000000000000178, 2.299999999999999822 ) ) ;
#1519 = EDGE_CURVE ( 'NONE', #2040, #5564, #3848, .T. ) ;
#1520 = VECTOR ( 'NONE', #6827, 1000.000000000000227 ) ;
#1521 = ORIENTED_EDGE ( 'NONE', *, *, #3251, .T. ) ;
#1522 = EDGE_LOOP ( 'NONE', ( #5156, #582, #1689, #2782, #3580, #1252, #6656, #6107 ) ) ;
#1523 = ORIENTED_EDGE ( 'NONE', *, *, #5722, .T. ) ;
#1524 = DIRECTION ( 'NONE',  ( 0.000000000000000000, -1.000000000000000000, 0.000000000000000000 ) ) ;
#1525 = CARTESIAN_POINT ( 'NONE',  ( -5.349999999999999645, 2.500000000000000000, -1.300000000000000044 ) ) ;
#1526 = EDGE_CURVE ( 'NONE', #3017, #3731, #4978, .T. ) ;
#1527 = CARTESIAN_POINT ( 'NONE',  ( -0.4500000000000000111, -2.500000000000000000, 4.649999999999999467 ) ) ;
#1528 = CARTESIAN_POINT ( 'NONE',  ( 0.000000000000000000, 0.000000000000000000, 4.675000000000000711 ) ) ;
#1529 = AXIS2_PLACEMENT_3D ( 'NONE', #6005, #5571, #1093 ) ;
#1530 = EDGE_CURVE ( 'NONE', #2136, #51, #1864, .T. ) ;
#1531 = AXIS2_PLACEMENT_3D ( 'NONE', #3583, #5802, #817 ) ;
#1532 = ORIENTED_EDGE ( 'NONE', *, *, #4909, .T. ) ;
#1533 = CARTESIAN_POINT ( 'NONE',  ( -4.299999999999999822, 2.500000000000000000, 4.875000000000022204 ) ) ;
#1534 = PLANE ( 'NONE',  #5402 ) ;
#1535 = FACE_OUTER_BOUND ( 'NONE', #5239, .T. ) ;
#1536 = DIRECTION ( 'NONE',  ( 0.000000000000000000, -1.000000000000000000, 0.000000000000000000 ) ) ;
#1537 = AXIS2_PLACEMENT_3D ( 'NONE', #4360, #5516, #2737 ) ;
#1538 = VERTEX_POINT ( 'NONE', #4223 ) ;
#1539 = CARTESIAN_POINT ( 'NONE',  ( -5.349999999999999645, 2.399999999999999911, 2.850000000000000089 ) ) ;
#1540 = DIRECTION ( 'NONE',  ( -1.000000000000000000, 0.000000000000000000, 0.000000000000000000 ) ) ;
#1541 = DIRECTION ( 'NONE',  ( 5.477100254817000116E-14, 1.000000000000000000, 0.000000000000000000 ) ) ;
#1542 = AXIS2_PLACEMENT_3D ( 'NONE', #5043, #1934, #6774 ) ;
#1543 = VERTEX_POINT ( 'NONE', #6406 ) ;
#1544 = ORIENTED_EDGE ( 'NONE', *, *, #5473, .T. ) ;
#1545 = VERTEX_POINT ( 'NONE', #1427 ) ;
#1546 = VECTOR ( 'NONE', #6481, 1000.000000000000000 ) ;
#1547 = ORIENTED_EDGE ( 'NONE', *, *, #6778, .F. ) ;
#1548 = DIRECTION ( 'NONE',  ( 0.000000000000000000, -1.000000000000000000, 0.000000000000000000 ) ) ;
#1549 = DIRECTION ( 'NONE',  ( 0.000000000000000000, 1.000000000000000000, 0.000000000000000000 ) ) ;
#1550 = CARTESIAN_POINT ( 'NONE',  ( -3.075549786411999609, -1.329668090586000107, 5.799999999999999822 ) ) ;
#1551 = EDGE_CURVE ( 'NONE', #4345, #6993, #6307, .T. ) ;
#1552 = DIRECTION ( 'NONE',  ( 1.000000000000000000, 0.000000000000000000, 0.000000000000000000 ) ) ;
#1553 = CARTESIAN_POINT ( 'NONE',  ( 0.2000000000000000111, 0.5000000000000000000, 10.55000000000000071 ) ) ;
#1554 = EDGE_CURVE ( 'NONE', #2562, #2652, #2925, .T. ) ;
#1555 = AXIS2_PLACEMENT_3D ( 'NONE', #2152, #3754, #5388 ) ;
#1556 = ORIENTED_EDGE ( 'NONE', *, *, #2585, .F. ) ;
#1557 = DIRECTION ( 'NONE',  ( 0.000000000000000000, 1.154631945609999981E-14, -1.000000000000000000 ) ) ;
#1558 = ORIENTED_EDGE ( 'NONE', *, *, #4474, .F. ) ;
#1559 = DIRECTION ( 'NONE',  ( 0.000000000000000000, 0.7071067811865474617, -0.7071067811865474617 ) ) ;
#1560 = CIRCLE ( 'NONE', #2485, 0.5249999999999999112 ) ;
#1561 = DIRECTION ( 'NONE',  ( 0.000000000000000000, -1.000000000000000000, 0.000000000000000000 ) ) ;
#1562 = EDGE_CURVE ( 'NONE', #778, #6437, #6410, .T. ) ;
#1563 = LINE ( 'NONE', #5536, #4208 ) ;
#1564 = DIRECTION ( 'NONE',  ( 0.000000000000000000, 0.000000000000000000, -1.000000000000000000 ) ) ;
#1565 = EDGE_CURVE ( 'NONE', #5471, #6437, #1461, .T. ) ;
#1566 = ORIENTED_EDGE ( 'NONE', *, *, #5586, .T. ) ;
#1567 = VECTOR ( 'NONE', #6269, 1000.000000000000000 ) ;
#1568 = CARTESIAN_POINT ( 'NONE',  ( -2.649999999999999911, -2.100000000000000089, 5.474999999999999645 ) ) ;
#1569 = ORIENTED_EDGE ( 'NONE', *, *, #7065, .T. ) ;
#1570 = ADVANCED_FACE ( 'NONE', ( #3680 ), #919, .T. ) ;
#1571 = CYLINDRICAL_SURFACE ( 'NONE', #3560, 0.8500000000000000888 ) ;
#1572 = DIRECTION ( 'NONE',  ( -1.000000000000000000, 5.075305255429000167E-14, 0.000000000000000000 ) ) ;
#1573 = VECTOR ( 'NONE', #1497, 1000.000000000000000 ) ;
#1574 = VECTOR ( 'NONE', #2263, 1000.000000000000000 ) ;
#1575 = DIRECTION ( 'NONE',  ( -1.000000000000000000, 0.000000000000000000, 0.000000000000000000 ) ) ;
#1576 = EDGE_LOOP ( 'NONE', ( #3874, #4627, #1668, #6353, #4428, #2912, #1593, #5549, #6864, #2794, #4214 ) ) ;
#1577 = EDGE_CURVE ( 'NONE', #6978, #1697, #5218, .T. ) ;
#1578 = EDGE_LOOP ( 'NONE', ( #4552, #4990, #709, #661 ) ) ;
#1579 = CARTESIAN_POINT ( 'NONE',  ( -0.4000000000000000222, -2.621259328415999956, 5.299999999999999822 ) ) ;
#1580 = CARTESIAN_POINT ( 'NONE',  ( -5.349999999999999645, -1.699999999999999956, 4.675000000000000711 ) ) ;
#1581 = CARTESIAN_POINT ( 'NONE',  ( -3.225000000000000089, -2.100000000000000089, 5.474999999999999645 ) ) ;
#1582 = VECTOR ( 'NONE', #3300, 1000.000000000000000 ) ;
#1583 = ORIENTED_EDGE ( 'NONE', *, *, #1610, .F. ) ;
#1584 = ORIENTED_EDGE ( 'NONE', *, *, #1937, .T. ) ;
#1585 = ORIENTED_EDGE ( 'NONE', *, *, #5557, .F. ) ;
#1586 = ORIENTED_EDGE ( 'NONE', *, *, #5376, .F. ) ;
#1587 = CARTESIAN_POINT ( 'NONE',  ( -4.299999999999999822, 3.100000000000000089, 5.549999999999999822 ) ) ;
#1588 = CARTESIAN_POINT ( 'NONE',  ( 0.8000000000000000444, -4.899999999999999467, 5.000000000000000000 ) ) ;
#1589 = CARTESIAN_POINT ( 'NONE',  ( -2.556458565330647303, -1.818541434669352030, -1.694704415421215637 ) ) ;
#1590 = PLANE ( 'NONE',  #6095 ) ;
#1591 = EDGE_CURVE ( 'NONE', #4534, #1697, #1063, .T. ) ;
#1592 = VERTEX_POINT ( 'NONE', #1962 ) ;
#1593 = ORIENTED_EDGE ( 'NONE', *, *, #418, .F. ) ;
#1594 = LINE ( 'NONE', #3815, #4353 ) ;
#1595 = CARTESIAN_POINT ( 'NONE',  ( 4.850000000000000533, -2.500000000000000000, 1.000000000000000000 ) ) ;
#1596 = LINE ( 'NONE', #3817, #154 ) ;
#1597 = CARTESIAN_POINT ( 'NONE',  ( -4.924999999999999822, -1.500000000000000000, -3.850000000000000089 ) ) ;
#1598 = CARTESIAN_POINT ( 'NONE',  ( 0.2000000000000000111, 0.5000000000000000000, 10.14999999999999858 ) ) ;
#1599 = ORIENTED_EDGE ( 'NONE', *, *, #1875, .F. ) ;
#1600 = MANIFOLD_SOLID_BREP ( 'NONE', #2773 ) ;
#1601 = EDGE_CURVE ( 'NONE', #2874, #6188, #5698, .T. ) ;
#1602 = EDGE_CURVE ( 'NONE', #5677, #6846, #5919, .T. ) ;
#1603 = ORIENTED_EDGE ( 'NONE', *, *, #7019, .F. ) ;
#1604 = PLANE ( 'NONE',  #6080 ) ;
#1605 = DIRECTION ( 'NONE',  ( -1.000000000000000000, 0.000000000000000000, 0.000000000000000000 ) ) ;
#1606 = DIRECTION ( 'NONE',  ( 1.000000000000000000, 0.000000000000000000, 0.000000000000000000 ) ) ;
#1607 = CARTESIAN_POINT ( 'NONE',  ( 2.200000000000000178, 2.500000000000000000, 4.750000000000000000 ) ) ;
#1608 = EDGE_CURVE ( 'NONE', #6370, #5311, #613, .T. ) ;
#1609 = CARTESIAN_POINT ( 'NONE',  ( 4.850000000000000533, -2.500000000000000000, 2.299999999999999822 ) ) ;
#1610 = EDGE_CURVE ( 'NONE', #621, #4749, #3028, .T. ) ;
#1611 = ORIENTED_EDGE ( 'NONE', *, *, #4692, .T. ) ;
#1612 = ORIENTED_EDGE ( 'NONE', *, *, #5800, .F. ) ;
#1613 = CARTESIAN_POINT ( 'NONE',  ( 2.428268721647000028, 1.649999999999999911, 6.450000000000000178 ) ) ;
#1614 = FACE_BOUND ( 'NONE', #5887, .T. ) ;
#1615 = DIRECTION ( 'NONE',  ( -0.6125232486051082059, 0.7904525728456103240, 0.000000000000000000 ) ) ;
#1616 = DIRECTION ( 'NONE',  ( 0.000000000000000000, 1.000000000000000000, 0.000000000000000000 ) ) ;
#1617 = EDGE_CURVE ( 'NONE', #2414, #6188, #2471, .T. ) ;
#1618 = ORIENTED_EDGE ( 'NONE', *, *, #4100, .F. ) ;
#1619 = VECTOR ( 'NONE', #1027, 1000.000000000000000 ) ;
#1620 = ORIENTED_EDGE ( 'NONE', *, *, #588, .T. ) ;
#1621 = ORIENTED_EDGE ( 'NONE', *, *, #597, .F. ) ;
#1622 = DIRECTION ( 'NONE',  ( 0.8777239347058632957, 0.4791666666666801744, 0.000000000000000000 ) ) ;
#1623 = CARTESIAN_POINT ( 'NONE',  ( -4.924999999999999822, -1.699999999999999956, -3.788196601125009888 ) ) ;
#1624 = DIRECTION ( 'NONE',  ( -1.000000000000000000, 0.000000000000000000, 0.000000000000000000 ) ) ;
#1625 = FACE_OUTER_BOUND ( 'NONE', #1020, .T. ) ;
#1626 = CARTESIAN_POINT ( 'NONE',  ( 4.559442123160000193, -4.850000000000000533, 1.350000000000000089 ) ) ;
#1627 = MANIFOLD_SOLID_BREP ( 'NONE', #818 ) ;
#1628 = CARTESIAN_POINT ( 'NONE',  ( -4.500000000000000000, -1.800000000000000044, -3.250000000000000000 ) ) ;
#1629 = EDGE_LOOP ( 'NONE', ( #6230, #5427 ) ) ;
#1630 = ORIENTED_EDGE ( 'NONE', *, *, #1318, .F. ) ;
#1631 = VERTEX_POINT ( 'NONE', #2684 ) ;
#1632 = CARTESIAN_POINT ( 'NONE',  ( -4.299999999999999822, 3.500000000000000000, 5.549999999999999822 ) ) ;
#1633 = PLANE ( 'NONE',  #4817 ) ;
#1634 = FACE_OUTER_BOUND ( 'NONE', #2361, .T. ) ;
#1635 = DIRECTION ( 'NONE',  ( 1.000000000000000000, 1.717144944752999980E-13, 0.000000000000000000 ) ) ;
#1636 = AXIS2_PLACEMENT_3D ( 'NONE', #3425, #6262, #4565 ) ;
#1637 = PLANE ( 'NONE',  #6032 ) ;
#1638 = VERTEX_POINT ( 'NONE', #2137 ) ;
#1639 = CARTESIAN_POINT ( 'NONE',  ( 3.750000000000000000, -1.899999999999999911, -5.774999999999999467 ) ) ;
#1640 = VECTOR ( 'NONE', #2710, 1000.000000000000000 ) ;
#1641 = DIRECTION ( 'NONE',  ( 1.000000000000000000, 0.000000000000000000, 0.000000000000000000 ) ) ;
#1642 = CARTESIAN_POINT ( 'NONE',  ( 0.5875347804278000519, -2.200000000000000178, -4.950000000000000178 ) ) ;
#1643 = LINE ( 'NONE', #5545, #1361 ) ;
#1644 = EDGE_CURVE ( 'NONE', #3326, #621, #4159, .T. ) ;
#1645 = CARTESIAN_POINT ( 'NONE',  ( -3.200000000000000178, -0.5000000000000000000, 5.799999999999999822 ) ) ;
#1646 = EDGE_CURVE ( 'NONE', #5701, #4495, #711, .T. ) ;
#1647 = EDGE_CURVE ( 'NONE', #5932, #4075, #2065, .T. ) ;
#1648 = CIRCLE ( 'NONE', #5736, 0.5999999999999998668 ) ;
#1649 = DIRECTION ( 'NONE',  ( -1.000000000000000000, 0.000000000000000000, 0.000000000000000000 ) ) ;
#1650 = ORIENTED_EDGE ( 'NONE', *, *, #6377, .F. ) ;
#1651 = ORIENTED_EDGE ( 'NONE', *, *, #6349, .T. ) ;
#1652 = DIRECTION ( 'NONE',  ( 0.000000000000000000, 1.000000000000000000, 0.000000000000000000 ) ) ;
#1653 = LINE ( 'NONE', #2303, #3619 ) ;
#1654 = CARTESIAN_POINT ( 'NONE',  ( 2.600000000000000089, 2.299999999999999822, 5.825000000000000178 ) ) ;
#1655 = EDGE_CURVE ( 'NONE', #5938, #2021, #4078, .T. ) ;
#1656 = CARTESIAN_POINT ( 'NONE',  ( 0.2000000000000000111, 0.5000000000000000000, 5.486854749822000166 ) ) ;
#1657 = ADVANCED_FACE ( 'NONE', ( #4950 ), #4414, .F. ) ;
#1658 = EDGE_LOOP ( 'NONE', ( #505, #3337, #3536, #5861 ) ) ;
#1659 = ORIENTED_EDGE ( 'NONE', *, *, #1033, .F. ) ;
#1660 = ORIENTED_EDGE ( 'NONE', *, *, #780, .T. ) ;
#1661 = CARTESIAN_POINT ( 'NONE',  ( 5.349999999999999645, 2.500000000000000000, -5.474999999999999645 ) ) ;
#1662 = CARTESIAN_POINT ( 'NONE',  ( -4.510653744329410131, 3.078237858560999740, 4.675000000000000711 ) ) ;
#1663 = AXIS2_PLACEMENT_3D ( 'NONE', #1201, #1704, #6760 ) ;
#1664 = DIRECTION ( 'NONE',  ( 0.3296118453153108474, 0.9441165348768315591, 0.000000000000000000 ) ) ;
#1665 = CARTESIAN_POINT ( 'NONE',  ( -4.089346255670589514, 3.100000000000000089, 4.675000000000000711 ) ) ;
#1666 = PLANE ( 'NONE',  #6998 ) ;
#1667 = VECTOR ( 'NONE', #3718, 1000.000000000000227 ) ;
#1668 = ORIENTED_EDGE ( 'NONE', *, *, #3312, .F. ) ;
#1669 = ORIENTED_EDGE ( 'NONE', *, *, #3299, .F. ) ;
#1670 = EDGE_CURVE ( 'NONE', #2206, #4864, #6971, .T. ) ;
#1671 = EDGE_LOOP ( 'NONE', ( #499, #1650 ) ) ;
#1672 = FACE_OUTER_BOUND ( 'NONE', #4136, .T. ) ;
#1673 = DIRECTION ( 'NONE',  ( 0.000000000000000000, 1.000000000000000000, 0.000000000000000000 ) ) ;
#1674 = CARTESIAN_POINT ( 'NONE',  ( -3.400000000000000355, 3.100000000000000089, 5.549999999999999822 ) ) ;
#1675 = CARTESIAN_POINT ( 'NONE',  ( 0.01034124158320000146, -2.250000000000000000, -3.850000000000000089 ) ) ;
#1676 = VECTOR ( 'NONE', #1953, 1000.000000000000000 ) ;
#1677 = ORIENTED_EDGE ( 'NONE', *, *, #6554, .T. ) ;
#1678 = VECTOR ( 'NONE', #6450, 1000.000000000000000 ) ;
#1679 = ORIENTED_EDGE ( 'NONE', *, *, #597, .T. ) ;
#1680 = CARTESIAN_POINT ( 'NONE',  ( -4.658590997241000231, -4.850000000000000533, -3.149999999999999911 ) ) ;
#1681 = DIRECTION ( 'NONE',  ( 0.000000000000000000, 0.000000000000000000, -1.000000000000000000 ) ) ;
#1682 = DIRECTION ( 'NONE',  ( 0.000000000000000000, 0.000000000000000000, -1.000000000000000000 ) ) ;
#1683 = DIRECTION ( 'NONE',  ( -8.673617379884035472E-16, 0.000000000000000000, 1.000000000000000000 ) ) ;
#1684 = AXIS2_PLACEMENT_3D ( 'NONE', #4210, #1351, #3663 ) ;
#1685 = FACE_OUTER_BOUND ( 'NONE', #5550, .T. ) ;
#1686 = EDGE_CURVE ( 'NONE', #4404, #6872, #6616, .T. ) ;
#1687 = ORIENTED_EDGE ( 'NONE', *, *, #7154, .T. ) ;
#1688 = VECTOR ( 'NONE', #3650, 1000.000000000000000 ) ;
#1689 = ORIENTED_EDGE ( 'NONE', *, *, #3481, .T. ) ;
#1690 = VECTOR ( 'NONE', #6829, 1000.000000000000114 ) ;
#1691 = DIRECTION ( 'NONE',  ( 0.000000000000000000, -1.000000000000000000, 0.000000000000000000 ) ) ;
#1692 = FACE_OUTER_BOUND ( 'NONE', #1986, .T. ) ;
#1693 = LINE ( 'NONE', #5108, #2791 ) ;
#1694 = CARTESIAN_POINT ( 'NONE',  ( -2.299999999999999822, -2.200000000000000178, -2.050000000000000266 ) ) ;
#1695 = CARTESIAN_POINT ( 'NONE',  ( -0.3412604430225000263, -2.250000000000000000, -4.400000000000000355 ) ) ;
#1696 = VECTOR ( 'NONE', #444, 1000.000000000000000 ) ;
#1697 = VERTEX_POINT ( 'NONE', #6071 ) ;
#1698 = EDGE_CURVE ( 'NONE', #3366, #5654, #366, .T. ) ;
#1699 = EDGE_LOOP ( 'NONE', ( #4019, #5748, #6448, #2544 ) ) ;
#1700 = CARTESIAN_POINT ( 'NONE',  ( -4.675000000000000711, -4.850000000000000533, -2.850000000000000089 ) ) ;
#1701 = LINE ( 'NONE', #5268, #1290 ) ;
#1702 = FACE_OUTER_BOUND ( 'NONE', #3526, .T. ) ;
#1703 = VECTOR ( 'NONE', #3918, 1000.000000000000000 ) ;
#1704 = DIRECTION ( 'NONE',  ( 0.000000000000000000, 0.000000000000000000, 1.000000000000000000 ) ) ;
#1705 = CARTESIAN_POINT ( 'NONE',  ( 3.050000000000000266, -1.699999999999999956, 4.649999999999999467 ) ) ;
#1706 = CIRCLE ( 'NONE', #6467, 0.5250000000000002442 ) ;
#1707 = ORIENTED_EDGE ( 'NONE', *, *, #5295, .F. ) ;
#1708 = EDGE_LOOP ( 'NONE', ( #5733, #7037, #6771, #939 ) ) ;
#1709 = VERTEX_POINT ( 'NONE', #4379 ) ;
#1710 = CARTESIAN_POINT ( 'NONE',  ( -4.799999999999999822, -1.800000000000000044, -3.899999999999999911 ) ) ;
#1711 = DIRECTION ( 'NONE',  ( 0.000000000000000000, 0.000000000000000000, 1.000000000000000000 ) ) ;
#1712 = DIRECTION ( 'NONE',  ( -0.000000000000000000, 1.000000000000000000, 0.000000000000000000 ) ) ;
#1713 = FACE_OUTER_BOUND ( 'NONE', #2691, .T. ) ;
#1714 = DIRECTION ( 'NONE',  ( 1.000000000000000000, 0.000000000000000000, 0.000000000000000000 ) ) ;
#1715 = EDGE_CURVE ( 'NONE', #1709, #3326, #4298, .T. ) ;
#1716 = ORIENTED_EDGE ( 'NONE', *, *, #2520, .T. ) ;
#1717 = CARTESIAN_POINT ( 'NONE',  ( 0.1499999999995000055, 2.500000000000000000, -6.424999999999999822 ) ) ;
#1718 = ORIENTED_EDGE ( 'NONE', *, *, #2620, .T. ) ;
#1719 = FACE_OUTER_BOUND ( 'NONE', #4982, .T. ) ;
#1720 = DIRECTION ( 'NONE',  ( 1.000000000000000000, 0.000000000000000000, 0.000000000000000000 ) ) ;
#1721 = CYLINDRICAL_SURFACE ( 'NONE', #7067, 0.2000000000000000944 ) ;
#1722 = DIRECTION ( 'NONE',  ( 0.000000000000000000, 0.000000000000000000, -1.000000000000000000 ) ) ;
#1723 = VERTEX_POINT ( 'NONE', #4875 ) ;
#1724 = ORIENTED_EDGE ( 'NONE', *, *, #5623, .F. ) ;
#1725 = CARTESIAN_POINT ( 'NONE',  ( 5.399999999999999467, 3.500000000000000000, 5.549999999999999822 ) ) ;
#1726 = DIRECTION ( 'NONE',  ( 0.000000000000000000, 0.000000000000000000, 1.000000000000000000 ) ) ;
#1727 = PLANE ( 'NONE',  #4316 ) ;
#1728 = CARTESIAN_POINT ( 'NONE',  ( -5.250000000000000000, 2.299999999999999822, -1.300000000000000044 ) ) ;
#1729 = VERTEX_POINT ( 'NONE', #4335 ) ;
#1730 = ORIENTED_EDGE ( 'NONE', *, *, #3887, .F. ) ;
#1731 = DIRECTION ( 'NONE',  ( 0.5773502691896257311, 0.5773502691896257311, 0.5773502691896257311 ) ) ;
#1732 = FACE_BOUND ( 'NONE', #543, .T. ) ;
#1733 = ADVANCED_FACE ( 'NONE', ( #6546, #4913, #2034, #7119 ), #4842, .T. ) ;
#1734 = AXIS2_PLACEMENT_3D ( 'NONE', #4406, #2059, #3234 ) ;
#1735 = CARTESIAN_POINT ( 'NONE',  ( -4.299999999999999822, 2.575000000050999827, 5.549999999999999822 ) ) ;
#1736 = ORIENTED_EDGE ( 'NONE', *, *, #2491, .T. ) ;
#1737 = EDGE_LOOP ( 'NONE', ( #3046, #1881, #1501, #876 ) ) ;
#1738 = ORIENTED_EDGE ( 'NONE', *, *, #4109, .F. ) ;
#1739 = DIRECTION ( 'NONE',  ( 0.000000000000000000, 1.000000000000000000, 0.000000000000000000 ) ) ;
#1740 = FACE_OUTER_BOUND ( 'NONE', #89, .T. ) ;
#1741 = VECTOR ( 'NONE', #5438, 1000.000000000000000 ) ;
#1742 = DIRECTION ( 'NONE',  ( -3.469446951953615175E-16, 1.000000000000000000, 0.000000000000000000 ) ) ;
#1743 = LINE ( 'NONE', #6729, #7098 ) ;
#1744 = CARTESIAN_POINT ( 'NONE',  ( 4.575000000000000178, -1.800000000000000044, 2.250000000000000000 ) ) ;
#1745 = CYLINDRICAL_SURFACE ( 'NONE', #3084, 2.399999999999999911 ) ;
#1746 = EDGE_CURVE ( 'NONE', #4112, #2740, #3720, .T. ) ;
#1747 = EDGE_LOOP ( 'NONE', ( #937, #6653, #5028, #1861 ) ) ;
#1748 = VECTOR ( 'NONE', #1321, 1000.000000000000000 ) ;
#1749 = ORIENTED_EDGE ( 'NONE', *, *, #1001, .F. ) ;
#1750 = ORIENTED_EDGE ( 'NONE', *, *, #1439, .F. ) ;
#1751 = EDGE_CURVE ( 'NONE', #2058, #5407, #984, .T. ) ;
#1752 = AXIS2_PLACEMENT_3D ( 'NONE', #3146, #2154, #5942 ) ;
#1753 = AXIS2_PLACEMENT_3D ( 'NONE', #7050, #4952, #2209 ) ;
#1754 = LINE ( 'NONE', #7173, #5477 ) ;
#1755 = DIRECTION ( 'NONE',  ( 0.000000000000000000, 0.7751788502520129409, -0.6317418381918100678 ) ) ;
#1756 = VECTOR ( 'NONE', #6740, 1000.000000000000000 ) ;
#1757 = DIRECTION ( 'NONE',  ( 1.000000000000000000, 0.000000000000000000, 0.000000000000000000 ) ) ;
#1758 = VECTOR ( 'NONE', #5996, 1000.000000000000000 ) ;
#1759 = ORIENTED_EDGE ( 'NONE', *, *, #3608, .T. ) ;
#1760 = VERTEX_POINT ( 'NONE', #1165 ) ;
#1761 = CARTESIAN_POINT ( 'NONE',  ( 0.2000000000000000111, 0.5000000000000000000, 4.850000000000000533 ) ) ;
#1762 = EDGE_CURVE ( 'NONE', #3124, #452, #2207, .T. ) ;
#1763 = FACE_OUTER_BOUND ( 'NONE', #3749, .T. ) ;
#1764 = DIRECTION ( 'NONE',  ( 0.000000000000000000, 0.000000000000000000, 1.000000000000000000 ) ) ;
#1765 = VECTOR ( 'NONE', #1992, 1000.000000000000000 ) ;
#1766 = ORIENTED_EDGE ( 'NONE', *, *, #2051, .F. ) ;
#1767 = EDGE_LOOP ( 'NONE', ( #3724, #1669, #3352, #6635 ) ) ;
#1768 = DIRECTION ( 'NONE',  ( 0.000000000000000000, 0.000000000000000000, -1.000000000000000000 ) ) ;
#1769 = CARTESIAN_POINT ( 'NONE',  ( 0.2000000000000000111, 0.5249986853333999948, 5.799999999999999822 ) ) ;
#1770 = FACE_BOUND ( 'NONE', #23, .T. ) ;
#1771 = ORIENTED_EDGE ( 'NONE', *, *, #5672, .F. ) ;
#1772 = ORIENTED_EDGE ( 'NONE', *, *, #6859, .T. ) ;
#1773 = EDGE_CURVE ( 'NONE', #6500, #296, #5351, .T. ) ;
#1774 = EDGE_LOOP ( 'NONE', ( #3466, #4099, #4579, #465 ) ) ;
#1775 = CARTESIAN_POINT ( 'NONE',  ( 2.600000000000000089, 2.500000000000000000, 6.025000000000000355 ) ) ;
#1776 = CARTESIAN_POINT ( 'NONE',  ( 3.824999999999999734, 2.500000000000000000, 6.025000000000000355 ) ) ;
#1777 = EDGE_CURVE ( 'NONE', #2597, #5052, #3385, .T. ) ;
#1778 = DIRECTION ( 'NONE',  ( 1.000000000000000000, 0.000000000000000000, 0.000000000000000000 ) ) ;
#1779 = CARTESIAN_POINT ( 'NONE',  ( 4.500000000000000000, 3.500000000000000000, 5.549999999999999822 ) ) ;
#1780 = DIRECTION ( 'NONE',  ( 0.000000000000000000, 0.000000000000000000, 1.000000000000000000 ) ) ;
#1781 = AXIS2_PLACEMENT_3D ( 'NONE', #4268, #5455, #5537 ) ;
#1782 = ORIENTED_EDGE ( 'NONE', *, *, #6554, .F. ) ;
#1783 = ORIENTED_EDGE ( 'NONE', *, *, #2959, .T. ) ;
#1784 = ORIENTED_EDGE ( 'NONE', *, *, #2132, .F. ) ;
#1785 = ADVANCED_FACE ( 'NONE', ( #1672 ), #2288, .F. ) ;
#1786 = DIRECTION ( 'NONE',  ( 0.000000000000000000, 1.000000000000000000, 0.000000000000000000 ) ) ;
#1787 = AXIS2_PLACEMENT_3D ( 'NONE', #5021, #2246, #1022 ) ;
#1788 = EDGE_CURVE ( 'NONE', #6468, #2275, #158, .T. ) ;
#1789 = CARTESIAN_POINT ( 'NONE',  ( -4.950000000000000178, 2.200000000000000178, -6.125000000000000000 ) ) ;
#1790 = CARTESIAN_POINT ( 'NONE',  ( 0.01991645209479804557, -2.299999999999999822, -4.073676878214885555 ) ) ;
#1791 = DIRECTION ( 'NONE',  ( 0.000000000000000000, -1.000000000000000000, 0.000000000000000000 ) ) ;
#1792 = DIRECTION ( 'NONE',  ( 0.000000000000000000, -1.000000000000000000, 0.000000000000000000 ) ) ;
#1793 = CIRCLE ( 'NONE', #4820, 1.949999999999999956 ) ;
#1794 = DIRECTION ( 'NONE',  ( 0.000000000000000000, 0.000000000000000000, 1.000000000000000000 ) ) ;
#1795 = CARTESIAN_POINT ( 'NONE',  ( 0.2000000000000000111, 0.5000000000000000000, 5.000000000000000000 ) ) ;
#1796 = ORIENTED_EDGE ( 'NONE', *, *, #328, .F. ) ;
#1797 = ORIENTED_EDGE ( 'NONE', *, *, #5081, .T. ) ;
#1798 = ORIENTED_EDGE ( 'NONE', *, *, #3255, .F. ) ;
#1799 = DIRECTION ( 'NONE',  ( 0.9301203081854811927, 0.000000000000000000, 0.3672549690622926022 ) ) ;
#1800 = DIRECTION ( 'NONE',  ( 0.000000000000000000, 1.000000000000000000, 0.000000000000000000 ) ) ;
#1801 = DIRECTION ( 'NONE',  ( 0.000000000000000000, -1.000000000000000000, 0.000000000000000000 ) ) ;
#1802 = VECTOR ( 'NONE', #40, 1000.000000000000000 ) ;
#1803 = CARTESIAN_POINT ( 'NONE',  ( 3.050000000000000266, -2.100000000000000089, 4.649999999999999467 ) ) ;
#1804 = FACE_OUTER_BOUND ( 'NONE', #5396, .T. ) ;
#1805 = EDGE_CURVE ( 'NONE', #4968, #873, #6765, .T. ) ;
#1806 = VERTEX_POINT ( 'NONE', #6221 ) ;
#1807 = AXIS2_PLACEMENT_3D ( 'NONE', #4815, #416, #2613 ) ;
#1808 = ORIENTED_EDGE ( 'NONE', *, *, #5376, .T. ) ;
#1809 = CARTESIAN_POINT ( 'NONE',  ( -0.4000000000000000222, -2.504982500878000007, 5.355238724270999562 ) ) ;
#1810 = CARTESIAN_POINT ( 'NONE',  ( -2.475000000000000089, -5.500000000000000000, -0.8499999999999999778 ) ) ;
#1811 = DIRECTION ( 'NONE',  ( -1.000000000000000000, 0.000000000000000000, 0.000000000000000000 ) ) ;
#1812 = CYLINDRICAL_SURFACE ( 'NONE', #6802, 0.2000000000000000944 ) ;
#1813 = DIRECTION ( 'NONE',  ( 0.000000000000000000, 1.000000000000000000, 0.000000000000000000 ) ) ;
#1814 = AXIS2_PLACEMENT_3D ( 'NONE', #995, #1605, #493 ) ;
#1815 = VECTOR ( 'NONE', #7125, 999.9999999999998863 ) ;
#1816 = FACE_OUTER_BOUND ( 'NONE', #6876, .T. ) ;
#1817 = VERTEX_POINT ( 'NONE', #1775 ) ;
#1818 = AXIS2_PLACEMENT_3D ( 'NONE', #1735, #4532, #377 ) ;
#1819 = ORIENTED_EDGE ( 'NONE', *, *, #208, .F. ) ;
#1820 = ORIENTED_EDGE ( 'NONE', *, *, #5385, .F. ) ;
#1821 = DIRECTION ( 'NONE',  ( -1.643130076444999944E-13, 1.000000000000000000, 0.000000000000000000 ) ) ;
#1822 = CARTESIAN_POINT ( 'NONE',  ( -3.225000000000000089, -2.100000000000000089, 5.474999999999999645 ) ) ;
#1823 = CARTESIAN_POINT ( 'NONE',  ( -4.675000000000000711, -4.899999999999999467, -2.550000000000000266 ) ) ;
#1824 = DIRECTION ( 'NONE',  ( 1.000000000000000000, 0.000000000000000000, 0.000000000000000000 ) ) ;
#1825 = AXIS2_PLACEMENT_3D ( 'NONE', #1761, #4621, #5780 ) ;
#1826 = ORIENTED_EDGE ( 'NONE', *, *, #6953, .F. ) ;
#1827 = ORIENTED_EDGE ( 'NONE', *, *, #3478, .T. ) ;
#1828 = ORIENTED_EDGE ( 'NONE', *, *, #1601, .T. ) ;
#1829 = CARTESIAN_POINT ( 'NONE',  ( -3.799999999999999822, 3.100000000000000089, 5.549999999999999822 ) ) ;
#1830 = LINE ( 'NONE', #5775, #2098 ) ;
#1831 = ADVANCED_FACE ( 'NONE', ( #1207 ), #52, .T. ) ;
#1832 = EDGE_CURVE ( 'NONE', #4170, #6810, #13, .T. ) ;
#1833 = FACE_OUTER_BOUND ( 'NONE', #1, .T. ) ;
#1834 = FACE_OUTER_BOUND ( 'NONE', #5395, .T. ) ;
#1835 = VERTEX_POINT ( 'NONE', #6725 ) ;
#1836 = ORIENTED_EDGE ( 'NONE', *, *, #6714, .T. ) ;
#1837 = ORIENTED_EDGE ( 'NONE', *, *, #3293, .F. ) ;
#1838 = CARTESIAN_POINT ( 'NONE',  ( -5.450000000000000178, 2.500000000000000000, -1.300000000000000044 ) ) ;
#1839 = DIRECTION ( 'NONE',  ( 0.000000000000000000, 0.000000000000000000, 1.000000000000000000 ) ) ;
#1840 = CARTESIAN_POINT ( 'NONE',  ( -2.125000000000000000, -1.899999999999999911, -1.550000000000000044 ) ) ;
#1841 = ADVANCED_FACE ( 'NONE', ( #3460 ), #2355, .F. ) ;
#1842 = CARTESIAN_POINT ( 'NONE',  ( -2.449999999999999734, -1.800000000000000044, -0.8499999999999999778 ) ) ;
#1843 = CARTESIAN_POINT ( 'NONE',  ( -0.3133008409292000196, -2.200000000000000178, -4.950000000000000178 ) ) ;
#1844 = ADVANCED_FACE ( 'NONE', ( #4449 ), #4489, .F. ) ;
#1845 = EDGE_LOOP ( 'NONE', ( #1367, #6001, #1171, #5495 ) ) ;
#1846 = ORIENTED_EDGE ( 'NONE', *, *, #5973, .F. ) ;
#1847 = EDGE_CURVE ( 'NONE', #1545, #971, #6182, .T. ) ;
#1848 = PLANE ( 'NONE',  #5995 ) ;
#1849 = DIRECTION ( 'NONE',  ( -1.000000000000000000, 0.000000000000000000, 0.000000000000000000 ) ) ;
#1850 = DIRECTION ( 'NONE',  ( 1.000000000000000000, 0.000000000000000000, 0.000000000000000000 ) ) ;
#1851 = ADVANCED_FACE ( 'NONE', ( #4040 ), #5647, .T. ) ;
#1852 = ADVANCED_FACE ( 'NONE', ( #94, #2824 ), #1282, .T. ) ;
#1853 = DIRECTION ( 'NONE',  ( -2.028361564358297984E-14, 1.000000000000000000, 0.000000000000000000 ) ) ;
#1854 = LINE ( 'NONE', #2282, #5500 ) ;
#1855 = ORIENTED_EDGE ( 'NONE', *, *, #92, .T. ) ;
#1856 = ORIENTED_EDGE ( 'NONE', *, *, #6453, .T. ) ;
#1857 = ORIENTED_EDGE ( 'NONE', *, *, #1602, .T. ) ;
#1858 = CYLINDRICAL_SURFACE ( 'NONE', #4192, 0.2000000000000000944 ) ;
#1859 = CARTESIAN_POINT ( 'NONE',  ( -4.799999999999999822, -1.199999999999999956, -2.550000000000000266 ) ) ;
#1860 = CARTESIAN_POINT ( 'NONE',  ( -2.100000000000000089, -2.402000000000000135, -1.443649167310000037 ) ) ;
#1861 = ORIENTED_EDGE ( 'NONE', *, *, #4853, .F. ) ;
#1862 = ORIENTED_EDGE ( 'NONE', *, *, #6148, .F. ) ;
#1863 = ORIENTED_EDGE ( 'NONE', *, *, #2945, .T. ) ;
#1864 = LINE ( 'NONE', #5313, #841 ) ;
#1865 = LINE ( 'NONE', #5803, #5383 ) ;
#1866 = DIRECTION ( 'NONE',  ( 0.000000000000000000, -1.000000000000000000, 0.000000000000000000 ) ) ;
#1867 = VECTOR ( 'NONE', #5787, 1000.000000000000000 ) ;
#1868 = LINE ( 'NONE', #748, #6106 ) ;
#1869 = ORIENTED_EDGE ( 'NONE', *, *, #1480, .T. ) ;
#1870 = AXIS2_PLACEMENT_3D ( 'NONE', #5466, #3825, #1066 ) ;
#1871 = FACE_OUTER_BOUND ( 'NONE', #4044, .T. ) ;
#1872 = ADVANCED_FACE ( 'NONE', ( #2752 ), #4527, .F. ) ;
#1873 = CARTESIAN_POINT ( 'NONE',  ( 4.500000000000000000, 3.077185478309000022, 5.549999999999999822 ) ) ;
#1874 = LINE ( 'NONE', #6317, #2457 ) ;
#1875 = EDGE_CURVE ( 'NONE', #5896, #6149, #6158, .T. ) ;
#1876 = PLANE ( 'NONE',  #261 ) ;
#1877 = VECTOR ( 'NONE', #3040, 1000.000000000000000 ) ;
#1878 = VECTOR ( 'NONE', #5649, 1000.000000000000000 ) ;
#1879 = EDGE_LOOP ( 'NONE', ( #2054, #3581, #4388, #2351, #2552 ) ) ;
#1880 = CARTESIAN_POINT ( 'NONE',  ( -5.750000000000000000, -2.500000000000000000, 6.949999999999999289 ) ) ;
#1881 = ORIENTED_EDGE ( 'NONE', *, *, #828, .T. ) ;
#1882 = LINE ( 'NONE', #3048, #6925 ) ;
#1883 = EDGE_CURVE ( 'NONE', #3192, #1723, #7081, .T. ) ;
#1884 = LINE ( 'NONE', #4104, #5002 ) ;
#1885 = AXIS2_PLACEMENT_3D ( 'NONE', #3480, #796, #6243 ) ;
#1886 = DIRECTION ( 'NONE',  ( 0.000000000000000000, 1.000000000000000000, 0.000000000000000000 ) ) ;
#1887 = VECTOR ( 'NONE', #852, 1000.000000000000000 ) ;
#1888 = LINE ( 'NONE', #4796, #510 ) ;
#1889 = EDGE_CURVE ( 'NONE', #5784, #6203, #3263, .T. ) ;
#1890 = ORIENTED_EDGE ( 'NONE', *, *, #1655, .F. ) ;
#1891 = ADVANCED_FACE ( 'NONE', ( #4665, #843 ), #3638, .F. ) ;
#1892 = EDGE_LOOP ( 'NONE', ( #1759, #5105, #5666, #4708, #4332, #3232, #1558, #620, #2285, #5691, #767 ) ) ;
#1893 = VERTEX_POINT ( 'NONE', #3572 ) ;
#1894 = FACE_OUTER_BOUND ( 'NONE', #5085, .T. ) ;
#1895 = DIRECTION ( 'NONE',  ( 0.000000000000000000, 0.000000000000000000, -1.000000000000000000 ) ) ;
#1896 = DIRECTION ( 'NONE',  ( 0.000000000000000000, 0.000000000000000000, 1.000000000000000000 ) ) ;
#1897 = VECTOR ( 'NONE', #2604, 1000.000000000000000 ) ;
#1898 = ORIENTED_EDGE ( 'NONE', *, *, #6778, .T. ) ;
#1899 = ORIENTED_EDGE ( 'NONE', *, *, #2951, .T. ) ;
#1900 = CARTESIAN_POINT ( 'NONE',  ( -4.299999999999999822, 3.500000000000000000, 5.549999999999999822 ) ) ;
#1901 =( NAMED_UNIT ( * ) SI_UNIT ( $, .STERADIAN. ) SOLID_ANGLE_UNIT ( ) );
#1902 = DIRECTION ( 'NONE',  ( 0.000000000000000000, 0.000000000000000000, 1.000000000000000000 ) ) ;
#1903 = CARTESIAN_POINT ( 'NONE',  ( -2.125000000000000000, -1.899999999999999911, -2.050000000000000266 ) ) ;
#1904 = AXIS2_PLACEMENT_3D ( 'NONE', #887, #309, #2612 ) ;
#1905 = CARTESIAN_POINT ( 'NONE',  ( -4.950000000000000178, -1.899999999999999911, -2.500000000000000000 ) ) ;
#1906 = VECTOR ( 'NONE', #2566, 1000.000000000000000 ) ;
#1907 = ORIENTED_EDGE ( 'NONE', *, *, #4781, .T. ) ;
#1908 = FACE_OUTER_BOUND ( 'NONE', #5425, .T. ) ;
#1909 = CYLINDRICAL_SURFACE ( 'NONE', #269, 0.8500000000000000888 ) ;
#1910 = DIRECTION ( 'NONE',  ( 1.000000000000000000, 0.000000000000000000, 0.000000000000000000 ) ) ;
#1911 = AXIS2_PLACEMENT_3D ( 'NONE', #4368, #6650, #6099 ) ;
#1912 = VERTEX_POINT ( 'NONE', #3058 ) ;
#1913 = DIRECTION ( 'NONE',  ( 0.000000000000000000, -0.7071067811865474617, 0.7071067811865474617 ) ) ;
#1914 = ORIENTED_EDGE ( 'NONE', *, *, #2346, .T. ) ;
#1915 = VECTOR ( 'NONE', #4861, 1000.000000000000000 ) ;
#1916 = CARTESIAN_POINT ( 'NONE',  ( -4.675000000000000711, -4.899999999999999467, -3.750000000000000000 ) ) ;
#1917 = CARTESIAN_POINT ( 'NONE',  ( -2.449999999999999734, -1.800000000000000044, -0.8499999999999999778 ) ) ;
#1918 = DIRECTION ( 'NONE',  ( 0.000000000000000000, -1.000000000000000000, 0.000000000000000000 ) ) ;
#1919 = AXIS2_PLACEMENT_3D ( 'NONE', #655, #6759, #1122 ) ;
#1920 = ADVANCED_FACE ( 'NONE', ( #298 ), #1858, .T. ) ;
#1921 = EDGE_LOOP ( 'NONE', ( #2165, #5274, #3850 ) ) ;
#1922 = ORIENTED_EDGE ( 'NONE', *, *, #1777, .F. ) ;
#1923 = ORIENTED_EDGE ( 'NONE', *, *, #1608, .T. ) ;
#1924 = DIRECTION ( 'NONE',  ( 0.000000000000000000, 0.000000000000000000, 1.000000000000000000 ) ) ;
#1925 = LINE ( 'NONE', #4149, #6904 ) ;
#1926 = VECTOR ( 'NONE', #1225, 1000.000000000000000 ) ;
#1927 = CARTESIAN_POINT ( 'NONE',  ( 0.8349954426310000066, 1.038233069753999871, 4.750000000000000000 ) ) ;
#1928 = CARTESIAN_POINT ( 'NONE',  ( -2.149999999999999911, 1.649999999999999911, 6.949999999999999289 ) ) ;
#1929 = VECTOR ( 'NONE', #2483, 1000.000000000000000 ) ;
#1930 = VERTEX_POINT ( 'NONE', #4736 ) ;
#1931 = ORIENTED_EDGE ( 'NONE', *, *, #602, .T. ) ;
#1932 = DIRECTION ( 'NONE',  ( -0.7071067811877975728, 0.7071067811852975726, 0.000000000000000000 ) ) ;
#1933 =( LENGTH_UNIT ( ) NAMED_UNIT ( * ) SI_UNIT ( .MILLI., .METRE. ) );
#1934 = DIRECTION ( 'NONE',  ( 0.000000000000000000, 0.000000000000000000, 1.000000000000000000 ) ) ;
#1935 = AXIS2_PLACEMENT_3D ( 'NONE', #5278, #4119, #5772 ) ;
#1936 = FACE_OUTER_BOUND ( 'NONE', #2032, .T. ) ;
#1937 = EDGE_CURVE ( 'NONE', #4193, #3257, #233, .T. ) ;
#1938 = LINE ( 'NONE', #3617, #4789 ) ;
#1939 = ORIENTED_EDGE ( 'NONE', *, *, #4331, .T. ) ;
#1940 = DIRECTION ( 'NONE',  ( 0.000000000000000000, 0.000000000000000000, -1.000000000000000000 ) ) ;
#1941 = CARTESIAN_POINT ( 'NONE',  ( -2.100000000000000089, -1.699999999999999956, 5.799999999999999822 ) ) ;
#1942 = CARTESIAN_POINT ( 'NONE',  ( -3.225000000000000089, -2.100000000000000089, 5.825000000000000178 ) ) ;
#1943 = B_SPLINE_CURVE_WITH_KNOTS ( 'NONE', 3,
 ( #4988, #988, #5972, #4451 ),
 .UNSPECIFIED., .F., .F.,
 ( 4, 4 ),
 ( 0.000000000000000000, 1.000000000000000000 ),
 .UNSPECIFIED. ) ;
#1944 = VERTEX_POINT ( 'NONE', #4180 ) ;
#1945 = CARTESIAN_POINT ( 'NONE',  ( -0.8499999999999999778, -2.200000000000000178, -3.550000000000000266 ) ) ;
#1946 = ORIENTED_EDGE ( 'NONE', *, *, #5267, .F. ) ;
#1947 = DIRECTION ( 'NONE',  ( -0.2425356250357920407, 0.000000000000000000, 0.9701425001454671015 ) ) ;
#1948 = FACE_OUTER_BOUND ( 'NONE', #2307, .T. ) ;
#1949 = ORIENTED_EDGE ( 'NONE', *, *, #4009, .T. ) ;
#1950 = VERTEX_POINT ( 'NONE', #807 ) ;
#1951 = EDGE_LOOP ( 'NONE', ( #1152, #1556 ) ) ;
#1952 = DIRECTION ( 'NONE',  ( 0.000000000000000000, 0.000000000000000000, -1.000000000000000000 ) ) ;
#1953 = DIRECTION ( 'NONE',  ( 0.000000000000000000, 0.000000000000000000, 1.000000000000000000 ) ) ;
#1954 = DIRECTION ( 'NONE',  ( -0.000000000000000000, 1.000000000000000000, 0.000000000000000000 ) ) ;
#1955 = EDGE_CURVE ( 'NONE', #3968, #1227, #5854, .T. ) ;
#1956 = CARTESIAN_POINT ( 'NONE',  ( -3.200000000000000178, 2.200000000000000178, 5.799999999999999822 ) ) ;
#1957 = EDGE_CURVE ( 'NONE', #5052, #4499, #3096, .T. ) ;
#1958 = ADVANCED_FACE ( 'NONE', ( #1894 ), #2525, .T. ) ;
#1959 = ORIENTED_EDGE ( 'NONE', *, *, #5768, .F. ) ;
#1960 = VERTEX_POINT ( 'NONE', #6970 ) ;
#1961 = PLANE ( 'NONE',  #6814 ) ;
#1962 = CARTESIAN_POINT ( 'NONE',  ( -2.125000000000000000, -1.699999999999999956, -0.6499999999997999600 ) ) ;
#1963 = LINE ( 'NONE', #6373, #521 ) ;
#1964 = AXIS2_PLACEMENT_3D ( 'NONE', #6016, #5323, #3689 ) ;
#1965 = ADVANCED_FACE ( 'NONE', ( #5168 ), #4215, .T. ) ;
#1966 = CARTESIAN_POINT ( 'NONE',  ( -2.100000000000000089, -1.699999999999999956, 5.813145250178000545 ) ) ;
#1967 = ADVANCED_FACE ( 'NONE', ( #2396 ), #3537, .F. ) ;
#1968 = CIRCLE ( 'NONE', #3022, 0.1999999999999999001 ) ;
#1969 = APPLICATION_CONTEXT ( 'automotive_design' ) ;
#1970 = ORIENTED_EDGE ( 'NONE', *, *, #3078, .F. ) ;
#1971 = FACE_OUTER_BOUND ( 'NONE', #1289, .T. ) ;
#1972 = LINE ( 'NONE', #6926, #3912 ) ;
#1973 = VECTOR ( 'NONE', #3189, 1000.000000000000114 ) ;
#1974 = LINE ( 'NONE', #1437, #7137 ) ;
#1975 = FACE_OUTER_BOUND ( 'NONE', #6580, .T. ) ;
#1976 = DIRECTION ( 'NONE',  ( 0.000000000000000000, 1.000000000000000000, -3.848773152033999911E-14 ) ) ;
#1977 = EDGE_CURVE ( 'NONE', #5677, #6581, #4113, .T. ) ;
#1978 = ORIENTED_EDGE ( 'NONE', *, *, #1453, .T. ) ;
#1979 = DIRECTION ( 'NONE',  ( 0.000000000000000000, 0.000000000000000000, -1.000000000000000000 ) ) ;
#1980 = DIRECTION ( 'NONE',  ( 1.000000000000000000, 0.000000000000000000, 0.000000000000000000 ) ) ;
#1981 = DIRECTION ( 'NONE',  ( 0.000000000000000000, 0.000000000000000000, 1.000000000000000000 ) ) ;
#1982 = VECTOR ( 'NONE', #6667, 1000.000000000000000 ) ;
#1983 = AXIS2_PLACEMENT_3D ( 'NONE', #1873, #1800, #1839 ) ;
#1984 = CARTESIAN_POINT ( 'NONE',  ( 2.306537443294000234, 1.649999999999999911, 6.949999999999999289 ) ) ;
#1985 = VERTEX_POINT ( 'NONE', #861 ) ;
#1986 = EDGE_LOOP ( 'NONE', ( #1898, #742, #2469, #5821 ) ) ;
#1987 = VERTEX_POINT ( 'NONE', #827 ) ;
#1988 = CIRCLE ( 'NONE', #6177, 2.350000000000000089 ) ;
#1989 = VERTEX_POINT ( 'NONE', #6382 ) ;
#1990 = CARTESIAN_POINT ( 'NONE',  ( 0.1784818660467999973, -2.200000000000000178, -4.532520887255999220 ) ) ;
#1991 = DIRECTION ( 'NONE',  ( 1.000000000000000000, 0.000000000000000000, 0.000000000000000000 ) ) ;
#1992 = DIRECTION ( 'NONE',  ( 0.000000000000000000, 4.101294467439000004E-14, 1.000000000000000000 ) ) ;
#1993 = VECTOR ( 'NONE', #1635, 1000.000000000000000 ) ;
#1994 = ORIENTED_EDGE ( 'NONE', *, *, #4558, .T. ) ;
#1995 = ADVANCED_FACE ( 'NONE', ( #1975 ), #4669, .T. ) ;
#1996 = ORIENTED_EDGE ( 'NONE', *, *, #739, .F. ) ;
#1997 = PLANE ( 'NONE',  #3450 ) ;
#1998 = DIRECTION ( 'NONE',  ( 0.000000000000000000, 1.000000000000000000, 1.481115441063000159E-13 ) ) ;
#1999 = PLANE ( 'NONE',  #4926 ) ;
#2000 = LINE ( 'NONE', #5705, #2557 ) ;
#2001 = CARTESIAN_POINT ( 'NONE',  ( 5.049999999999999822, -1.699999999999999956, -5.950000000000000178 ) ) ;
#2002 = CARTESIAN_POINT ( 'NONE',  ( -0.07660168297609040722, -2.200000000000000178, -4.261350971460575288 ) ) ;
#2003 = ADVANCED_FACE ( 'NONE', ( #4168 ), #1876, .T. ) ;
#2004 = ADVANCED_FACE ( 'NONE', ( #5878 ), #3006, .T. ) ;
#2005 = ORIENTED_EDGE ( 'NONE', *, *, #4100, .T. ) ;
#2006 = CARTESIAN_POINT ( 'NONE',  ( 5.200000000000000178, 2.350000000000000089, -5.625000000000000000 ) ) ;
#2007 = AXIS2_PLACEMENT_3D ( 'NONE', #5440, #3729, #4283 ) ;
#2008 = CARTESIAN_POINT ( 'NONE',  ( 3.399999999999999911, 2.399999999999999911, 5.799999999999999822 ) ) ;
#2009 = CARTESIAN_POINT ( 'NONE',  ( 2.550000000000000266, 2.500000000000000000, 5.950000000000000178 ) ) ;
#2010 = EDGE_CURVE ( 'NONE', #3055, #4110, #4098, .T. ) ;
#2011 = DIRECTION ( 'NONE',  ( -0.3357454869805088782, 0.000000000000000000, 0.9419527418996247459 ) ) ;
#2012 = AXIS2_PLACEMENT_3D ( 'NONE', #3399, #3899, #5064 ) ;
#2013 = ORIENTED_EDGE ( 'NONE', *, *, #151, .T. ) ;
#2014 = EDGE_LOOP ( 'NONE', ( #4890, #1424, #4596, #5334 ) ) ;
#2015 = CARTESIAN_POINT ( 'NONE',  ( -4.950000000000000178, 2.200000000000000178, -6.125000000000000000 ) ) ;
#2016 = CARTESIAN_POINT ( 'NONE',  ( -4.799999999999999822, -1.699999999999999956, -2.500000000000000000 ) ) ;
#2017 = VECTOR ( 'NONE', #1786, 1000.000000000000000 ) ;
#2018 = ADVANCED_FACE ( 'NONE', ( #755 ), #4560, .F. ) ;
#2019 = ORIENTED_EDGE ( 'NONE', *, *, #80, .F. ) ;
#2020 = CONICAL_SURFACE ( 'NONE', #6092, 2.000000000005000000, 0.7853981633901446768 ) ;
#2021 = VERTEX_POINT ( 'NONE', #2479 ) ;
#2022 = ORIENTED_EDGE ( 'NONE', *, *, #5868, .T. ) ;
#2023 = VERTEX_POINT ( 'NONE', #1842 ) ;
#2024 = CARTESIAN_POINT ( 'NONE',  ( 4.500000000000000000, 2.477185478309000377, 5.549999999999999822 ) ) ;
#2025 = PLANE ( 'NONE',  #7094 ) ;
#2026 = DIRECTION ( 'NONE',  ( 0.000000000000000000, 1.000000000000000000, 0.000000000000000000 ) ) ;
#2027 = VECTOR ( 'NONE', #302, 1000.000000000000000 ) ;
#2028 = LINE ( 'NONE', #4771, #4006 ) ;
#2029 = ORIENTED_EDGE ( 'NONE', *, *, #2175, .T. ) ;
#2030 = VECTOR ( 'NONE', #6995, 1000.000000000000000 ) ;
#2031 = VECTOR ( 'NONE', #5465, 1000.000000000000000 ) ;
#2032 = EDGE_LOOP ( 'NONE', ( #3267, #285, #936, #1251, #6762, #4755, #165, #1687 ) ) ;
#2033 = FACE_OUTER_BOUND ( 'NONE', #7036, .T. ) ;
#2034 = FACE_BOUND ( 'NONE', #5417, .T. ) ;
#2035 = DIRECTION ( 'NONE',  ( 0.6825022786845929001, 0.7308834651230921020, 0.000000000000000000 ) ) ;
#2036 = DIRECTION ( 'NONE',  ( 0.000000000000000000, 0.000000000000000000, 1.000000000000000000 ) ) ;
#2037 = CARTESIAN_POINT ( 'NONE',  ( -4.675000000000000711, -1.500000000000000000, -3.850000000000000089 ) ) ;
#2038 = LINE ( 'NONE', #4270, #7028 ) ;
#2039 = AXIS2_PLACEMENT_3D ( 'NONE', #4647, #1336, #2372 ) ;
#2040 = VERTEX_POINT ( 'NONE', #6927 ) ;
#2041 = VECTOR ( 'NONE', #617, 1000.000000000000000 ) ;
#2042 = DIRECTION ( 'NONE',  ( 0.000000000000000000, 0.000000000000000000, 1.000000000000000000 ) ) ;
#2043 = DIRECTION ( 'NONE',  ( 0.000000000000000000, 0.000000000000000000, -1.000000000000000000 ) ) ;
#2044 = EDGE_CURVE ( 'NONE', #6249, #3147, #6165, .T. ) ;
#2045 = CYLINDRICAL_SURFACE ( 'NONE', #6049, 2.140000000000000124 ) ;
#2046 = EDGE_CURVE ( 'NONE', #555, #5605, #4058, .T. ) ;
#2047 = VECTOR ( 'NONE', #5551, 1000.000000000000000 ) ;
#2048 = CYLINDRICAL_SURFACE ( 'NONE', #3136, 0.5249999999999999112 ) ;
#2049 = VERTEX_POINT ( 'NONE', #2970 ) ;
#2050 = CARTESIAN_POINT ( 'NONE',  ( 4.500000000000000000, 3.299999999999999822, 5.549999999999999822 ) ) ;
#2051 = EDGE_CURVE ( 'NONE', #5301, #1806, #6294, .T. ) ;
#2052 = CARTESIAN_POINT ( 'NONE',  ( 4.100000000000000533, -1.699999999999999956, -5.575000000000000178 ) ) ;
#2053 = CARTESIAN_POINT ( 'NONE',  ( 4.549999999999999822, -2.500000000000000000, 2.299999999999999822 ) ) ;
#2054 = ORIENTED_EDGE ( 'NONE', *, *, #2713, .F. ) ;
#2055 = EDGE_CURVE ( 'NONE', #4051, #356, #1403, .T. ) ;
#2056 = ORIENTED_EDGE ( 'NONE', *, *, #7152, .T. ) ;
#2057 = VERTEX_POINT ( 'NONE', #5322 ) ;
#2058 = VERTEX_POINT ( 'NONE', #6281 ) ;
#2059 = DIRECTION ( 'NONE',  ( 0.000000000000000000, 1.000000000000000000, 0.000000000000000000 ) ) ;
#2060 = CARTESIAN_POINT ( 'NONE',  ( -4.299999999999999822, 2.500000000000000000, 5.549999999999999822 ) ) ;
#2061 = CARTESIAN_POINT ( 'NONE',  ( -4.299999999999999822, 3.100000000000000089, 5.549999999999999822 ) ) ;
#2062 = DIRECTION ( 'NONE',  ( 0.000000000000000000, 1.000000000000000000, 0.000000000000000000 ) ) ;
#2063 = ORIENTED_EDGE ( 'NONE', *, *, #2271, .F. ) ;
#2064 = ORIENTED_EDGE ( 'NONE', *, *, #4900, .F. ) ;
#2065 = LINE ( 'NONE', #3241, #4435 ) ;
#2066 = DIRECTION ( 'NONE',  ( 0.000000000000000000, 0.000000000000000000, 1.000000000000000000 ) ) ;
#2067 = DIRECTION ( 'NONE',  ( 0.000000000000000000, 1.000000000000000000, 0.000000000000000000 ) ) ;
#2068 = CARTESIAN_POINT ( 'NONE',  ( -4.924999999999999822, -4.899999999999999467, -2.550000000000000266 ) ) ;
#2069 = ORIENTED_EDGE ( 'NONE', *, *, #5873, .F. ) ;
#2070 = CARTESIAN_POINT ( 'NONE',  ( 2.500000000000000000, -1.500000000000000000, 5.799999999999999822 ) ) ;
#2071 = DIRECTION ( 'NONE',  ( 0.000000000000000000, -1.000000000000000000, 0.000000000000000000 ) ) ;
#2072 = CARTESIAN_POINT ( 'NONE',  ( -0.4000000000000000222, -1.928740671584000088, 5.500000000000000000 ) ) ;
#2073 = DIRECTION ( 'NONE',  ( 1.000000000000000000, 0.000000000000000000, 0.000000000000000000 ) ) ;
#2074 = CYLINDRICAL_SURFACE ( 'NONE', #5007, 0.2000000000000000944 ) ;
#2075 = CIRCLE ( 'NONE', #6736, 0.2000000000000000944 ) ;
#2076 = EDGE_CURVE ( 'NONE', #164, #5053, #3626, .T. ) ;
#2077 = VERTEX_POINT ( 'NONE', #6960 ) ;
#2078 = EDGE_CURVE ( 'NONE', #2444, #3358, #219, .T. ) ;
#2079 = ORIENTED_EDGE ( 'NONE', *, *, #4370, .F. ) ;
#2080 = VERTEX_POINT ( 'NONE', #1032 ) ;
#2081 = EDGE_CURVE ( 'NONE', #478, #6501, #4352, .T. ) ;
#2082 = AXIS2_PLACEMENT_3D ( 'NONE', #7032, #7102, #4281 ) ;
#2083 = LINE ( 'NONE', #2015, #197 ) ;
#2084 = LINE ( 'NONE', #5913, #4882 ) ;
#2085 = LINE ( 'NONE', #3191, #3765 ) ;
#2086 = ORIENTED_EDGE ( 'NONE', *, *, #4474, .T. ) ;
#2087 = ORIENTED_EDGE ( 'NONE', *, *, #730, .T. ) ;
#2088 = EDGE_CURVE ( 'NONE', #6978, #4655, #1178, .T. ) ;
#2089 = ORIENTED_EDGE ( 'NONE', *, *, #3141, .T. ) ;
#2090 = ORIENTED_EDGE ( 'NONE', *, *, #3269, .F. ) ;
#2091 = LINE ( 'NONE', #439, #2900 ) ;
#2092 = AXIS2_PLACEMENT_3D ( 'NONE', #5432, #4308, #2115 ) ;
#2093 = VECTOR ( 'NONE', #4181, 1000.000000000000000 ) ;
#2094 = CARTESIAN_POINT ( 'NONE',  ( 3.600000000000000089, 2.200000000000000178, 5.500000000000000000 ) ) ;
#2095 = DIRECTION ( 'NONE',  ( 0.000000000000000000, 0.000000000000000000, 1.000000000000000000 ) ) ;
#2096 = ADVANCED_FACE ( 'NONE', ( #962 ), #7025, .F. ) ;
#2097 = EDGE_CURVE ( 'NONE', #6259, #2760, #6596, .T. ) ;
#2098 = VECTOR ( 'NONE', #4748, 1000.000000000000000 ) ;
#2099 = VECTOR ( 'NONE', #5764, 1000.000000000000000 ) ;
#2100 = ORIENTED_EDGE ( 'NONE', *, *, #3481, .F. ) ;
#2101 = ORIENTED_EDGE ( 'NONE', *, *, #4610, .F. ) ;
#2102 = DIRECTION ( 'NONE',  ( 1.000000000000000000, 5.995204332975999304E-14, -5.773159728050999550E-14 ) ) ;
#2103 = FACE_OUTER_BOUND ( 'NONE', #856, .T. ) ;
#2104 = DIRECTION ( 'NONE',  ( 1.000000000000000000, 0.000000000000000000, 0.000000000000000000 ) ) ;
#2105 = DIRECTION ( 'NONE',  ( 0.000000000000000000, -0.7071067811857980612, -0.7071067811872969733 ) ) ;
#2106 = LINE ( 'NONE', #7051, #628 ) ;
#2107 = AXIS2_PLACEMENT_3D ( 'NONE', #5765, #5172, #3426 ) ;
#2108 = AXIS2_PLACEMENT_3D ( 'NONE', #579, #4443, #1664 ) ;
#2109 = CARTESIAN_POINT ( 'NONE',  ( 0.2000000000000000111, -2.158723172463000051, 5.305238724272000717 ) ) ;
#2110 = EDGE_CURVE ( 'NONE', #3722, #2522, #5390, .T. ) ;
#2111 = ORIENTED_EDGE ( 'NONE', *, *, #4005, .F. ) ;
#2112 = ORIENTED_EDGE ( 'NONE', *, *, #5918, .F. ) ;
#2113 = CARTESIAN_POINT ( 'NONE',  ( 0.8499999999999999778, -2.100000000000000089, 4.649999999999999467 ) ) ;
#2114 = DIRECTION ( 'NONE',  ( -1.000000000000000000, 0.000000000000000000, 0.000000000000000000 ) ) ;
#2115 = DIRECTION ( 'NONE',  ( 0.000000000000000000, 0.000000000000000000, -1.000000000000000000 ) ) ;
#2116 = ORIENTED_EDGE ( 'NONE', *, *, #3879, .T. ) ;
#2117 = CIRCLE ( 'NONE', #2581, 3.101923076922998845 ) ;
#2118 = EDGE_LOOP ( 'NONE', ( #1922, #908, #1449, #3796 ) ) ;
#2119 = CARTESIAN_POINT ( 'NONE',  ( 0.8000000000000000444, -2.621259328415999956, 5.450000000000000178 ) ) ;
#2120 = CARTESIAN_POINT ( 'NONE',  ( 5.049999999999999822, 2.200000000000000178, -6.125000000000000000 ) ) ;
#2121 = CARTESIAN_POINT ( 'NONE',  ( 4.100000000000000533, -1.899999999999999911, -5.774999999999999467 ) ) ;
#2122 = CIRCLE ( 'NONE', #3542, 0.1499999999999999667 ) ;
#2123 = DIRECTION ( 'NONE',  ( 0.000000000000000000, -1.000000000000000000, 0.000000000000000000 ) ) ;
#2124 = VERTEX_POINT ( 'NONE', #6045 ) ;
#2125 = ORIENTED_EDGE ( 'NONE', *, *, #6542, .F. ) ;
#2126 = EDGE_LOOP ( 'NONE', ( #6383, #2330, #2864, #1028 ) ) ;
#2127 = AXIS2_PLACEMENT_3D ( 'NONE', #5347, #5971, #4189 ) ;
#2128 = ORIENTED_EDGE ( 'NONE', *, *, #4294, .F. ) ;
#2129 = CARTESIAN_POINT ( 'NONE',  ( -5.750000000000000000, -2.500000000000000000, 6.949999999999999289 ) ) ;
#2130 = FACE_OUTER_BOUND ( 'NONE', #2425, .T. ) ;
#2131 = FACE_OUTER_BOUND ( 'NONE', #5791, .T. ) ;
#2132 = EDGE_CURVE ( 'NONE', #3496, #1019, #6523, .T. ) ;
#2133 = AXIS2_PLACEMENT_3D ( 'NONE', #3807, #2237, #2640 ) ;
#2134 = ORIENTED_EDGE ( 'NONE', *, *, #930, .T. ) ;
#2135 = FACE_BOUND ( 'NONE', #2776, .T. ) ;
#2136 = VERTEX_POINT ( 'NONE', #1607 ) ;
#2137 = CARTESIAN_POINT ( 'NONE',  ( -1.899999999999999911, -1.699999999999999956, 5.500000000000000000 ) ) ;
#2138 = DIRECTION ( 'NONE',  ( -1.000000000000000000, 0.000000000000000000, 0.000000000000000000 ) ) ;
#2139 = VECTOR ( 'NONE', #6643, 1000.000000000000000 ) ;
#2140 = FACE_OUTER_BOUND ( 'NONE', #5272, .T. ) ;
#2141 = DIRECTION ( 'NONE',  ( 0.000000000000000000, 0.000000000000000000, -1.000000000000000000 ) ) ;
#2142 = FACE_OUTER_BOUND ( 'NONE', #5018, .T. ) ;
#2143 = CARTESIAN_POINT ( 'NONE',  ( -4.924999999999999822, -4.850000000000000533, -3.149999999999999911 ) ) ;
#2144 = ORIENTED_EDGE ( 'NONE', *, *, #1124, .T. ) ;
#2145 = AXIS2_PLACEMENT_3D ( 'NONE', #5979, #4070, #2939 ) ;
#2146 = CARTESIAN_POINT ( 'NONE',  ( -3.000000000000000000, 2.399999999999999911, 5.799999999999999822 ) ) ;
#2147 = ORIENTED_EDGE ( 'NONE', *, *, #744, .T. ) ;
#2148 = EDGE_CURVE ( 'NONE', #7109, #3759, #5827, .T. ) ;
#2149 = CARTESIAN_POINT ( 'NONE',  ( 3.277762515837999935, -1.300000000000000044, 5.500000000000000000 ) ) ;
#2150 = CYLINDRICAL_SURFACE ( 'NONE', #4134, 2.399999999999999911 ) ;
#2151 = EDGE_CURVE ( 'NONE', #4898, #3496, #495, .T. ) ;
#2152 = CARTESIAN_POINT ( 'NONE',  ( -0.4000000000000000222, -1.928740671584000088, 5.349999999999999645 ) ) ;
#2153 = CIRCLE ( 'NONE', #1364, 0.5250000000000002442 ) ;
#2154 = DIRECTION ( 'NONE',  ( 0.000000000000000000, 1.000000000000000000, 0.000000000000000000 ) ) ;
#2155 = PLANE ( 'NONE',  #2312 ) ;
#2156 = VECTOR ( 'NONE', #6757, 1000.000000000000000 ) ;
#2157 = ORIENTED_EDGE ( 'NONE', *, *, #5768, .T. ) ;
#2158 = DIRECTION ( 'NONE',  ( 0.000000000000000000, 1.000000000000000000, 0.000000000000000000 ) ) ;
#2159 = DIRECTION ( 'NONE',  ( -0.000000000000000000, 1.000000000000000000, 0.000000000000000000 ) ) ;
#2160 = CARTESIAN_POINT ( 'NONE',  ( 2.500000000000000000, -1.699999999999999956, 5.500000000000000000 ) ) ;
#2161 = VECTOR ( 'NONE', #642, 1000.000000000000000 ) ;
#2162 = LINE ( 'NONE', #6567, #3201 ) ;
#2163 = ORIENTED_EDGE ( 'NONE', *, *, #4320, .F. ) ;
#2164 = EDGE_LOOP ( 'NONE', ( #7054, #1338, #4967, #3851 ) ) ;
#2165 = ORIENTED_EDGE ( 'NONE', *, *, #3265, .F. ) ;
#2166 = CARTESIAN_POINT ( 'NONE',  ( -5.349999999999999645, -1.699999999999999956, 4.675000000000000711 ) ) ;
#2167 = DIRECTION ( 'NONE',  ( 0.7071067811865475727, 0.7071067811865475727, 0.000000000000000000 ) ) ;
#2168 = CARTESIAN_POINT ( 'NONE',  ( 2.600000000000000089, 0.5000000000000000000, 5.825000000000000178 ) ) ;
#2169 = CARTESIAN_POINT ( 'NONE',  ( 5.750000000000000000, -2.500000000000000000, -6.949999999999999289 ) ) ;
#2170 = ADVANCED_FACE ( 'NONE', ( #2658 ), #2074, .T. ) ;
#2171 = ORIENTED_EDGE ( 'NONE', *, *, #1488, .T. ) ;
#2172 = VERTEX_POINT ( 'NONE', #2549 ) ;
#2173 = EDGE_CURVE ( 'NONE', #5471, #5932, #6990, .T. ) ;
#2174 = EDGE_CURVE ( 'NONE', #2740, #1281, #3220, .T. ) ;
#2175 = EDGE_CURVE ( 'NONE', #3025, #4671, #5980, .T. ) ;
#2176 = CARTESIAN_POINT ( 'NONE',  ( 0.4573119502515000101, -2.250000000000000000, -4.950000000000000178 ) ) ;
#2177 = DIRECTION ( 'NONE',  ( 1.000000000000000000, 0.000000000000000000, 0.000000000000000000 ) ) ;
#2178 = EDGE_CURVE ( 'NONE', #4212, #2559, #1470, .T. ) ;
#2179 = ORIENTED_EDGE ( 'NONE', *, *, #903, .T. ) ;
#2180 = CARTESIAN_POINT ( 'NONE',  ( 0.000000000000000000, 2.500000000000000000, 4.675000000000000711 ) ) ;
#2181 = ORIENTED_EDGE ( 'NONE', *, *, #2766, .T. ) ;
#2182 = ADVANCED_FACE ( 'NONE', ( #391 ), #2045, .F. ) ;
#2183 = DIRECTION ( 'NONE',  ( -0.5773502691896257311, 0.5773502691896257311, 0.5773502691896257311 ) ) ;
#2184 = DIRECTION ( 'NONE',  ( 1.000000000000000000, 0.000000000000000000, 0.000000000000000000 ) ) ;
#2185 = CARTESIAN_POINT ( 'NONE',  ( 4.400000000000000355, -0.1499999999999999944, -5.774999999999999467 ) ) ;
#2186 = DIRECTION ( 'NONE',  ( -0.7276068751091748776, -0.4850712500723838860, -0.4850712500726839238 ) ) ;
#2187 = ADVANCED_FACE ( 'NONE', ( #1535 ), #4886, .T. ) ;
#2188 = DIRECTION ( 'NONE',  ( 0.000000000000000000, -1.000000000000000000, 0.000000000000000000 ) ) ;
#2189 = ORIENTED_EDGE ( 'NONE', *, *, #2852, .F. ) ;
#2190 = DIRECTION ( 'NONE',  ( 8.673617379884035472E-16, 0.000000000000000000, 1.000000000000000000 ) ) ;
#2191 = DIRECTION ( 'NONE',  ( 0.000000000000000000, 0.000000000000000000, 1.000000000000000000 ) ) ;
#2192 = LINE ( 'NONE', #1654, #1312 ) ;
#2193 = FACE_OUTER_BOUND ( 'NONE', #892, .T. ) ;
#2194 = EDGE_CURVE ( 'NONE', #6157, #3678, #6559, .T. ) ;
#2195 = ORIENTED_EDGE ( 'NONE', *, *, #872, .T. ) ;
#2196 = VECTOR ( 'NONE', #4013, 1000.000000000000000 ) ;
#2197 = ORIENTED_EDGE ( 'NONE', *, *, #4769, .F. ) ;
#2198 = VERTEX_POINT ( 'NONE', #2765 ) ;
#2199 = LINE ( 'NONE', #4553, #2982 ) ;
#2200 = CARTESIAN_POINT ( 'NONE',  ( -2.149999999999999911, -1.274998983693000021, -0.2000000000000000111 ) ) ;
#2201 = CYLINDRICAL_SURFACE ( 'NONE', #279, 0.9000000000000000222 ) ;
#2202 = AXIS2_PLACEMENT_3D ( 'NONE', #3909, #2191, #7139 ) ;
#2203 = CARTESIAN_POINT ( 'NONE',  ( -5.450000000000000178, 2.500000000000000000, -1.300000000000000044 ) ) ;
#2204 = ORIENTED_EDGE ( 'NONE', *, *, #3489, .T. ) ;
#2205 = ORIENTED_EDGE ( 'NONE', *, *, #6250, .T. ) ;
#2206 = VERTEX_POINT ( 'NONE', #2879 ) ;
#2207 = LINE ( 'NONE', #3890, #934 ) ;
#2208 = CARTESIAN_POINT ( 'NONE',  ( -0.8499999999999999778, -2.200000000000000178, -3.550000000000000266 ) ) ;
#2209 = DIRECTION ( 'NONE',  ( 1.000000000000000000, 0.000000000000000000, 0.000000000000000000 ) ) ;
#2210 = CARTESIAN_POINT ( 'NONE',  ( 3.277762515837999935, -1.500000000000000000, 5.500000000000000000 ) ) ;
#2211 = DIRECTION ( 'NONE',  ( 0.000000000000000000, 1.000000000000000000, 0.000000000000000000 ) ) ;
#2212 = DIRECTION ( 'NONE',  ( -1.000000000000000000, 0.000000000000000000, 0.000000000000000000 ) ) ;
#2213 = VECTOR ( 'NONE', #5289, 1000.000000000000000 ) ;
#2214 = VECTOR ( 'NONE', #2036, 1000.000000000000000 ) ;
#2215 = EDGE_CURVE ( 'NONE', #676, #3024, #530, .T. ) ;
#2216 = CARTESIAN_POINT ( 'NONE',  ( 2.100000000000000089, -1.800000000000000044, 5.500000000000000000 ) ) ;
#2217 = EDGE_LOOP ( 'NONE', ( #3914, #1547, #6735, #6891 ) ) ;
#2218 = AXIS2_PLACEMENT_3D ( 'NONE', #3340, #35, #5810 ) ;
#2219 = CIRCLE ( 'NONE', #3278, 2.140000000000000124 ) ;
#2220 = DIRECTION ( 'NONE',  ( 1.000000000000000000, 0.000000000000000000, 0.000000000000000000 ) ) ;
#2221 = FACE_OUTER_BOUND ( 'NONE', #3570, .T. ) ;
#2222 = FACE_OUTER_BOUND ( 'NONE', #1576, .T. ) ;
#2223 = ADVANCED_FACE ( 'NONE', ( #3903 ), #2260, .F. ) ;
#2224 = DIRECTION ( 'NONE',  ( 0.000000000000000000, 0.000000000000000000, -1.000000000000000000 ) ) ;
#2225 = EDGE_LOOP ( 'NONE', ( #4957, #3649, #6931, #731 ) ) ;
#2226 = ORIENTED_EDGE ( 'NONE', *, *, #1033, .T. ) ;
#2227 = DIRECTION ( 'NONE',  ( 1.000000000000000000, 0.000000000000000000, 0.000000000000000000 ) ) ;
#2228 = CARTESIAN_POINT ( 'NONE',  ( 0.2000018868028999863, 0.5000000000000000000, 4.850000000000000533 ) ) ;
#2229 = CARTESIAN_POINT ( 'NONE',  ( 4.575000000000000178, -4.899999999999999467, 2.250000000000000000 ) ) ;
#2230 = DIRECTION ( 'NONE',  ( 0.000000000000000000, 0.000000000000000000, -1.000000000000000000 ) ) ;
#2231 = CARTESIAN_POINT ( 'NONE',  ( -2.475000000000000089, -1.899999999999999911, -2.050000000000000266 ) ) ;
#2232 = EDGE_CURVE ( 'NONE', #3441, #4084, #4424, .T. ) ;
#2233 = AXIS2_PLACEMENT_3D ( 'NONE', #3151, #2593, #4826 ) ;
#2234 = EDGE_LOOP ( 'NONE', ( #6026, #2883, #805, #5989 ) ) ;
#2235 = EDGE_LOOP ( 'NONE', ( #811, #6088, #4533, #3459 ) ) ;
#2236 = PLANE ( 'NONE',  #4385 ) ;
#2237 = DIRECTION ( 'NONE',  ( 0.000000000000000000, 1.000000000000000000, 0.000000000000000000 ) ) ;
#2238 = VECTOR ( 'NONE', #5499, 1000.000000000000000 ) ;
#2239 = CARTESIAN_POINT ( 'NONE',  ( 3.750000000000000000, -2.500000000000000000, -6.125000000000000000 ) ) ;
#2240 = DIRECTION ( 'NONE',  ( 0.000000000000000000, 0.000000000000000000, 1.000000000000000000 ) ) ;
#2241 = FACE_OUTER_BOUND ( 'NONE', #6968, .T. ) ;
#2242 = ORIENTED_EDGE ( 'NONE', *, *, #588, .F. ) ;
#2243 = ORIENTED_EDGE ( 'NONE', *, *, #3830, .T. ) ;
#2244 = VERTEX_POINT ( 'NONE', #28 ) ;
#2245 = DIRECTION ( 'NONE',  ( 1.000000000000000000, 0.000000000000000000, 0.000000000000000000 ) ) ;
#2246 = DIRECTION ( 'NONE',  ( 1.000000000000000000, 0.000000000000000000, 0.000000000000000000 ) ) ;
#2247 = DIRECTION ( 'NONE',  ( 1.000000000000000000, 0.000000000000000000, 0.000000000000000000 ) ) ;
#2248 = DIRECTION ( 'NONE',  ( 0.000000000000000000, -1.000000000000000000, 0.000000000000000000 ) ) ;
#2249 = FACE_OUTER_BOUND ( 'NONE', #2118, .T. ) ;
#2250 = VECTOR ( 'NONE', #6522, 1000.000000000000000 ) ;
#2251 = DIRECTION ( 'NONE',  ( 0.000000000000000000, 0.000000000000000000, 1.000000000000000000 ) ) ;
#2252 = ORIENTED_EDGE ( 'NONE', *, *, #5222, .F. ) ;
#2253 = CARTESIAN_POINT ( 'NONE',  ( -0.09999999999999996392, -4.850000000000000533, 5.000000000000000000 ) ) ;
#2254 = VECTOR ( 'NONE', #26, 999.9999999999998863 ) ;
#2255 = ORIENTED_EDGE ( 'NONE', *, *, #1647, .F. ) ;
#2256 = DIRECTION ( 'NONE',  ( 1.000000000000000000, 0.000000000000000000, 0.000000000000000000 ) ) ;
#2257 = CARTESIAN_POINT ( 'NONE',  ( 0.2000000000000000111, 0.5000000000000000000, 5.928237858561000273 ) ) ;
#2258 = DIRECTION ( 'NONE',  ( 0.000000000000000000, 0.000000000000000000, 1.000000000000000000 ) ) ;
#2259 = CARTESIAN_POINT ( 'NONE',  ( 0.000000000000000000, 0.000000000000000000, 4.675000000000000711 ) ) ;
#2260 = PLANE ( 'NONE',  #3723 ) ;
#2261 = AXIS2_PLACEMENT_3D ( 'NONE', #5849, #4106, #3089 ) ;
#2262 = DIRECTION ( 'NONE',  ( 1.000000000000000000, 0.000000000000000000, 0.000000000000000000 ) ) ;
#2263 = DIRECTION ( 'NONE',  ( 1.000000000000000000, 0.000000000000000000, 0.000000000000000000 ) ) ;
#2264 = ORIENTED_EDGE ( 'NONE', *, *, #3400, .F. ) ;
#2265 = ORIENTED_EDGE ( 'NONE', *, *, #4239, .T. ) ;
#2266 = CIRCLE ( 'NONE', #882, 0.2999999999999999334 ) ;
#2267 = PLANE ( 'NONE',  #3683 ) ;
#2268 = ADVANCED_FACE ( 'NONE', ( #2222 ), #6777, .F. ) ;
#2269 = LINE ( 'NONE', #4509, #5937 ) ;
#2270 = CARTESIAN_POINT ( 'NONE',  ( 4.575000000000000178, -4.899999999999999467, 1.649999999999999911 ) ) ;
#2271 = EDGE_CURVE ( 'NONE', #3076, #223, #3037, .T. ) ;
#2272 = LINE ( 'NONE', #5593, #6538 ) ;
#2273 = CARTESIAN_POINT ( 'NONE',  ( -0.09999999999999996392, -4.850000000000000533, 4.986854749822000166 ) ) ;
#2274 = VECTOR ( 'NONE', #7016, 1000.000000000000000 ) ;
#2275 = VERTEX_POINT ( 'NONE', #5621 ) ;
#2276 = ORIENTED_EDGE ( 'NONE', *, *, #5876, .F. ) ;
#2277 = CARTESIAN_POINT ( 'NONE',  ( -4.649999999999999467, -2.500000000000000000, -3.799999999999999822 ) ) ;
#2278 = EDGE_CURVE ( 'NONE', #6239, #5750, #7088, .T. ) ;
#2279 = ADVANCED_BREP_SHAPE_REPRESENTATION ( 'Same_Sky_SJ1-3513N', ( #1600, #1627, #4247, #6808 ), #6568 ) ;
#2280 = CIRCLE ( 'NONE', #6233, 0.5250000000000002442 ) ;
#2281 = DIRECTION ( 'NONE',  ( 0.000000000000000000, 0.000000000000000000, 1.000000000000000000 ) ) ;
#2282 = CARTESIAN_POINT ( 'NONE',  ( -4.299999999999999822, 3.077185478309000022, 6.400000000000000355 ) ) ;
#2283 = CARTESIAN_POINT ( 'NONE',  ( 0.4500000000000999867, 2.200000000000430500, -6.125000000000000000 ) ) ;
#2284 = EDGE_CURVE ( 'NONE', #5741, #3344, #635, .T. ) ;
#2285 = ORIENTED_EDGE ( 'NONE', *, *, #162, .F. ) ;
#2286 = ORIENTED_EDGE ( 'NONE', *, *, #2535, .T. ) ;
#2287 = EDGE_LOOP ( 'NONE', ( #907, #4436, #3717, #3819 ) ) ;
#2288 = PLANE ( 'NONE',  #5931 ) ;
#2289 = CARTESIAN_POINT ( 'NONE',  ( 0.005362112447554000412, -2.200000000000000178, -4.003969365357999521 ) ) ;
#2290 = DIRECTION ( 'NONE',  ( 1.000000000000000000, 0.000000000000000000, 0.000000000000000000 ) ) ;
#2291 = CARTESIAN_POINT ( 'NONE',  ( -0.4316504204180000026, -2.250000000000000000, -4.950000000000000178 ) ) ;
#2292 = DIRECTION ( 'NONE',  ( -0.000000000000000000, 1.000000000000000000, 0.000000000000000000 ) ) ;
#2293 = ORIENTED_EDGE ( 'NONE', *, *, #4274, .T. ) ;
#2294 = ORIENTED_EDGE ( 'NONE', *, *, #4517, .T. ) ;
#2295 = DIRECTION ( 'NONE',  ( 0.000000000000000000, 0.000000000000000000, 1.000000000000000000 ) ) ;
#2296 = LINE ( 'NONE', #672, #413 ) ;
#2297 = DIRECTION ( 'NONE',  ( -0.000000000000000000, 1.000000000000000000, 0.000000000000000000 ) ) ;
#2298 = CARTESIAN_POINT ( 'NONE',  ( -2.149999999999999911, 1.649999999999999911, 5.950000000000000178 ) ) ;
#2299 = CARTESIAN_POINT ( 'NONE',  ( -5.349999999999999645, 0.4000000000000000222, -1.300000000000000044 ) ) ;
#2300 = ORIENTED_EDGE ( 'NONE', *, *, #151, .F. ) ;
#2301 = EDGE_LOOP ( 'NONE', ( #3330, #3298 ) ) ;
#2302 = LINE ( 'NONE', #6893, #6928 ) ;
#2303 = CARTESIAN_POINT ( 'NONE',  ( -2.200000000000000178, 2.500000000000000000, 6.949999999999999289 ) ) ;
#2304 = LINE ( 'NONE', #682, #491 ) ;
#2305 = CARTESIAN_POINT ( 'NONE',  ( -0.4000000000000000222, -4.899999999999999467, 5.299999999999999822 ) ) ;
#2306 = DIRECTION ( 'NONE',  ( 0.000000000000000000, -1.000000000000000000, 0.000000000000000000 ) ) ;
#2307 = EDGE_LOOP ( 'NONE', ( #3394, #271, #4185, #6700 ) ) ;
#2308 = EDGE_CURVE ( 'NONE', #1358, #6027, #836, .T. ) ;
#2309 = ADVANCED_FACE ( 'NONE', ( #6154 ), #103, .F. ) ;
#2310 = CARTESIAN_POINT ( 'NONE',  ( 3.050000000000000266, 2.500000000000000000, 5.275000000000000355 ) ) ;
#2311 = VERTEX_POINT ( 'NONE', #5033 ) ;
#2312 = AXIS2_PLACEMENT_3D ( 'NONE', #2841, #6086, #5068 ) ;
#2313 = CARTESIAN_POINT ( 'NONE',  ( 4.549999999999999822, -2.500000000000000000, 1.000000000000000000 ) ) ;
#2314 = DIRECTION ( 'NONE',  ( 0.000000000000000000, 0.000000000000000000, -1.000000000000000000 ) ) ;
#2315 = CARTESIAN_POINT ( 'NONE',  ( -3.400000000000000355, 3.500000000000000000, 5.549999999999999822 ) ) ;
#2316 = CARTESIAN_POINT ( 'NONE',  ( -0.4000000000000000222, -1.964370335792000155, 5.797161038502000707 ) ) ;
#2317 = CARTESIAN_POINT ( 'NONE',  ( -2.125000000000000000, 1.800000000000000044, -1.550000000000000044 ) ) ;
#2318 = AXIS2_PLACEMENT_3D ( 'NONE', #7005, #5408, #403 ) ;
#2319 = ADVANCED_FACE ( 'NONE', ( #132, #6705 ), #4575, .F. ) ;
#2320 = VERTEX_POINT ( 'NONE', #3938 ) ;
#2321 = ORIENTED_EDGE ( 'NONE', *, *, #4991, .F. ) ;
#2322 = ORIENTED_EDGE ( 'NONE', *, *, #739, .T. ) ;
#2323 = AXIS2_PLACEMENT_3D ( 'NONE', #5883, #6965, #1980 ) ;
#2324 = LINE ( 'NONE', #6185, #4786 ) ;
#2325 = FACE_OUTER_BOUND ( 'NONE', #2599, .T. ) ;
#2326 = EDGE_CURVE ( 'NONE', #3442, #4404, #3334, .T. ) ;
#2327 = ORIENTED_EDGE ( 'NONE', *, *, #2010, .T. ) ;
#2328 = AXIS2_PLACEMENT_3D ( 'NONE', #3961, #5087, #4985 ) ;
#2329 = EDGE_LOOP ( 'NONE', ( #2276, #5008, #3169, #5063, #6303 ) ) ;
#2330 = ORIENTED_EDGE ( 'NONE', *, *, #5385, .T. ) ;
#2331 = AXIS2_PLACEMENT_3D ( 'NONE', #1499, #2584, #3183 ) ;
#2332 = VECTOR ( 'NONE', #4042, 1000.000000000000000 ) ;
#2333 = DIRECTION ( 'NONE',  ( 0.000000000000000000, 1.000000000000000000, 0.000000000000000000 ) ) ;
#2334 = AXIS2_PLACEMENT_3D ( 'NONE', #821, #6817, #3031 ) ;
#2335 = DIRECTION ( 'NONE',  ( 0.000000000000000000, 1.000000000000000000, 0.000000000000000000 ) ) ;
#2336 = ORIENTED_EDGE ( 'NONE', *, *, #1326, .F. ) ;
#2337 = VECTOR ( 'NONE', #6100, 1000.000000000000000 ) ;
#2338 = ORIENTED_EDGE ( 'NONE', *, *, #5433, .F. ) ;
#2339 = ORIENTED_EDGE ( 'NONE', *, *, #5293, .T. ) ;
#2340 = FACE_OUTER_BOUND ( 'NONE', #4617, .T. ) ;
#2341 = CARTESIAN_POINT ( 'NONE',  ( -4.658590997241000231, -4.899999999999999467, -3.149999999999999911 ) ) ;
#2342 = CARTESIAN_POINT ( 'NONE',  ( -0.07499999999999999722, -1.699999999999999956, -0.6375000000000000666 ) ) ;
#2343 = DIRECTION ( 'NONE',  ( 0.000000000000000000, 0.000000000000000000, 1.000000000000000000 ) ) ;
#2344 = VECTOR ( 'NONE', #5090, 1000.000000000000000 ) ;
#2345 = EDGE_LOOP ( 'NONE', ( #1128, #7099, #4799, #1828 ) ) ;
#2346 = EDGE_CURVE ( 'NONE', #676, #3124, #6234, .T. ) ;
#2347 = EDGE_LOOP ( 'NONE', ( #5158, #1004, #6489, #2905 ) ) ;
#2348 = DIRECTION ( 'NONE',  ( 1.000000000000000000, 0.000000000000000000, 0.000000000000000000 ) ) ;
#2349 = DIRECTION ( 'NONE',  ( 0.000000000000000000, 0.000000000000000000, 1.000000000000000000 ) ) ;
#2350 = DIRECTION ( 'NONE',  ( 0.000000000000000000, 0.000000000000000000, 1.000000000000000000 ) ) ;
#2351 = ORIENTED_EDGE ( 'NONE', *, *, #6197, .T. ) ;
#2352 = ORIENTED_EDGE ( 'NONE', *, *, #4816, .F. ) ;
#2353 = VECTOR ( 'NONE', #3834, 1000.000000000000000 ) ;
#2354 = ORIENTED_EDGE ( 'NONE', *, *, #41, .T. ) ;
#2355 = PLANE ( 'NONE',  #5121 ) ;
#2356 = DIRECTION ( 'NONE',  ( 0.000000000000000000, 0.000000000000000000, -1.000000000000000000 ) ) ;
#2357 = DIRECTION ( 'NONE',  ( -0.000000000000000000, 1.000000000000000000, 0.000000000000000000 ) ) ;
#2358 = EDGE_CURVE ( 'NONE', #1985, #1203, #2802, .T. ) ;
#2359 = EDGE_CURVE ( 'NONE', #2598, #704, #1754, .T. ) ;
#2360 = CIRCLE ( 'NONE', #4814, 0.9000000000000001332 ) ;
#2361 = EDGE_LOOP ( 'NONE', ( #3474, #4475, #4563, #2647 ) ) ;
#2362 = ORIENTED_EDGE ( 'NONE', *, *, #5475, .T. ) ;
#2363 = VERTEX_POINT ( 'NONE', #1645 ) ;
#2364 = EDGE_CURVE ( 'NONE', #4655, #6978, #6519, .T. ) ;
#2365 = VECTOR ( 'NONE', #5737, 1000.000000000000000 ) ;
#2366 = EDGE_CURVE ( 'NONE', #4883, #4700, #3392, .T. ) ;
#2367 = DIRECTION ( 'NONE',  ( 0.000000000000000000, -1.000000000000000000, 0.000000000000000000 ) ) ;
#2368 = CARTESIAN_POINT ( 'NONE',  ( 0.2000000000000000111, -1.850000000000000089, 6.959999999999999964 ) ) ;
#2369 = AXIS2_PLACEMENT_3D ( 'NONE', #4885, #2114, #494 ) ;
#2370 = EDGE_CURVE ( 'NONE', #6511, #6141, #725, .T. ) ;
#2371 = CARTESIAN_POINT ( 'NONE',  ( -4.299999999999999822, 2.500000000000000000, 6.224999999999978328 ) ) ;
#2372 = DIRECTION ( 'NONE',  ( 1.000000000000000000, 0.000000000000000000, 0.000000000000000000 ) ) ;
#2373 = ORIENTED_EDGE ( 'NONE', *, *, #5876, .T. ) ;
#2374 = VERTEX_POINT ( 'NONE', #2474 ) ;
#2375 = EDGE_LOOP ( 'NONE', ( #6030, #6414 ) ) ;
#2376 = LINE ( 'NONE', #1339, #4033 ) ;
#2377 = CARTESIAN_POINT ( 'NONE',  ( -2.475000000000000089, -1.699999999999999956, -0.8499999999999999778 ) ) ;
#2378 = FACE_OUTER_BOUND ( 'NONE', #5982, .T. ) ;
#2379 = VECTOR ( 'NONE', #1388, 1000.000000000000000 ) ;
#2380 = DIRECTION ( 'NONE',  ( -1.000000000000000000, 0.000000000000000000, -5.253291954862999884E-14 ) ) ;
#2381 = VERTEX_POINT ( 'NONE', #707 ) ;
#2382 = CIRCLE ( 'NONE', #5303, 0.2000000000000000944 ) ;
#2383 = VECTOR ( 'NONE', #5381, 1000.000000000000114 ) ;
#2384 = DIRECTION ( 'NONE',  ( -0.000000000000000000, 1.000000000000000000, 0.000000000000000000 ) ) ;
#2385 = VERTEX_POINT ( 'NONE', #2368 ) ;
#2386 = CARTESIAN_POINT ( 'NONE',  ( 4.289346255670589692, 3.100000000000000089, 4.675000000000000711 ) ) ;
#2387 = DIRECTION ( 'NONE',  ( 0.000000000000000000, 1.315187275325000119E-14, 1.000000000000000000 ) ) ;
#2388 = PLANE ( 'NONE',  #3314 ) ;
#2389 = CARTESIAN_POINT ( 'NONE',  ( 0.2000000000000000111, 0.5000000000000000000, 5.950000000000000178 ) ) ;
#2390 = DIRECTION ( 'NONE',  ( 0.000000000000000000, 1.000000000000000000, 0.000000000000000000 ) ) ;
#2391 = CIRCLE ( 'NONE', #1243, 0.2999999999999999334 ) ;
#2392 = ORIENTED_EDGE ( 'NONE', *, *, #2625, .F. ) ;
#2393 = AXIS2_PLACEMENT_3D ( 'NONE', #594, #2795, #5029 ) ;
#2394 = ORIENTED_EDGE ( 'NONE', *, *, #2942, .T. ) ;
#2395 = VERTEX_POINT ( 'NONE', #3073 ) ;
#2396 = FACE_OUTER_BOUND ( 'NONE', #3130, .T. ) ;
#2397 = CARTESIAN_POINT ( 'NONE',  ( 2.750000000000000000, 2.399999999999999911, 5.649999999999999467 ) ) ;
#2398 = LINE ( 'NONE', #3892, #1878 ) ;
#2399 = CARTESIAN_POINT ( 'NONE',  ( -0.4500000000000000111, -2.100000000000000089, 4.649999999999999467 ) ) ;
#2400 = EDGE_CURVE ( 'NONE', #1466, #2136, #2921, .T. ) ;
#2401 = VECTOR ( 'NONE', #5224, 1000.000000000000000 ) ;
#2402 = ORIENTED_EDGE ( 'NONE', *, *, #2942, .F. ) ;
#2403 = ORIENTED_EDGE ( 'NONE', *, *, #3265, .T. ) ;
#2404 = ADVANCED_FACE ( 'NONE', ( #6376 ), #5255, .T. ) ;
#2405 = EDGE_CURVE ( 'NONE', #3317, #3506, #4612, .T. ) ;
#2406 = ORIENTED_EDGE ( 'NONE', *, *, #3690, .F. ) ;
#2407 = CYLINDRICAL_SURFACE ( 'NONE', #5974, 0.1499999999999999667 ) ;
#2408 = CYLINDRICAL_SURFACE ( 'NONE', #5966, 3.000000000000000000 ) ;
#2409 = DIRECTION ( 'NONE',  ( 1.000000000000000000, 0.000000000000000000, 0.000000000000000000 ) ) ;
#2410 = LINE ( 'NONE', #6851, #6873 ) ;
#2411 = DIRECTION ( 'NONE',  ( 1.000000000000000000, 0.000000000000000000, 0.000000000000000000 ) ) ;
#2412 = EDGE_CURVE ( 'NONE', #6646, #1760, #1938, .T. ) ;
#2413 = DIRECTION ( 'NONE',  ( 0.000000000000000000, 0.000000000000000000, 1.000000000000000000 ) ) ;
#2414 = VERTEX_POINT ( 'NONE', #5145 ) ;
#2415 = ORIENTED_EDGE ( 'NONE', *, *, #2625, .T. ) ;
#2416 = CARTESIAN_POINT ( 'NONE',  ( -2.649999999999999911, 2.299999999999999822, 5.474999999999999645 ) ) ;
#2417 = DIRECTION ( 'NONE',  ( 0.000000000000000000, 0.000000000000000000, 1.000000000000000000 ) ) ;
#2418 = DIRECTION ( 'NONE',  ( 0.000000000000000000, -1.000000000000000000, 0.000000000000000000 ) ) ;
#2419 = CARTESIAN_POINT ( 'NONE',  ( -1.699999999999999956, 2.399999999999999911, 5.799999999999999822 ) ) ;
#2420 = ORIENTED_EDGE ( 'NONE', *, *, #6413, .F. ) ;
#2421 = ORIENTED_EDGE ( 'NONE', *, *, #744, .F. ) ;
#2422 = CARTESIAN_POINT ( 'NONE',  ( 0.01876739026045000369, -2.299999999999999822, -4.400000000000000355 ) ) ;
#2423 = LINE ( 'NONE', #3528, #2661 ) ;
#2424 = DIRECTION ( 'NONE',  ( 1.000000000000000000, 0.000000000000000000, 0.000000000000000000 ) ) ;
#2425 = EDGE_LOOP ( 'NONE', ( #5596, #1272, #355 ) ) ;
#2426 = ORIENTED_EDGE ( 'NONE', *, *, #6936, .T. ) ;
#2427 = ORIENTED_EDGE ( 'NONE', *, *, #4244, .T. ) ;
#2428 = DIRECTION ( 'NONE',  ( -1.000000000000000000, 0.000000000000000000, 0.000000000000000000 ) ) ;
#2429 = DIRECTION ( 'NONE',  ( 1.000000000000000000, 0.000000000000000000, 0.000000000000000000 ) ) ;
#2430 = LINE ( 'NONE', #2527, #2093 ) ;
#2431 = CARTESIAN_POINT ( 'NONE',  ( 3.649999999999999911, -1.800000000000000044, -5.850000000000000533 ) ) ;
#2432 = VECTOR ( 'NONE', #5445, 1000.000000000000114 ) ;
#2433 = ORIENTED_EDGE ( 'NONE', *, *, #815, .T. ) ;
#2434 = ORIENTED_EDGE ( 'NONE', *, *, #2538, .T. ) ;
#2435 = AXIS2_PLACEMENT_3D ( 'NONE', #3197, #4255, #7074 ) ;
#2436 = ADVANCED_FACE ( 'NONE', ( #4645 ), #2960, .T. ) ;
#2437 = LINE ( 'NONE', #2536, #1008 ) ;
#2438 = PRESENTATION_STYLE_ASSIGNMENT (( #4120 ) ) ;
#2439 = CARTESIAN_POINT ( 'NONE',  ( 4.549999999999999822, -2.500000000000000000, 2.299999999999999822 ) ) ;
#2440 = DIRECTION ( 'NONE',  ( 1.000000000000000000, 0.000000000000000000, 0.000000000000000000 ) ) ;
#2441 = EDGE_CURVE ( 'NONE', #1036, #2320, #2410, .T. ) ;
#2442 = CARTESIAN_POINT ( 'NONE',  ( -3.799999999999999822, 2.477185478309000377, 5.549999999999999822 ) ) ;
#2443 = LINE ( 'NONE', #4163, #4183 ) ;
#2444 = VERTEX_POINT ( 'NONE', #1396 ) ;
#2445 = VECTOR ( 'NONE', #2514, 1000.000000000000000 ) ;
#2446 = CARTESIAN_POINT ( 'NONE',  ( 0.2000000000000000111, 2.299999999999999822, 4.743999999999999773 ) ) ;
#2447 = CARTESIAN_POINT ( 'NONE',  ( 5.349999999999999645, 2.500000000000000000, -6.424999999999999822 ) ) ;
#2448 = EDGE_CURVE ( 'NONE', #121, #43, #276, .T. ) ;
#2449 = EDGE_CURVE ( 'NONE', #2597, #5953, #1830, .T. ) ;
#2450 = AXIS2_PLACEMENT_3D ( 'NONE', #3861, #6084, #1103 ) ;
#2451 = VECTOR ( 'NONE', #2290, 1000.000000000000000 ) ;
#2452 = EDGE_LOOP ( 'NONE', ( #1808, #6688, #5674, #1287 ) ) ;
#2453 = CARTESIAN_POINT ( 'NONE',  ( -4.299999999999999822, 3.100000000000000089, 5.549999999999999822 ) ) ;
#2454 = ORIENTED_EDGE ( 'NONE', *, *, #1746, .F. ) ;
#2455 = CARTESIAN_POINT ( 'NONE',  ( -4.299999999999999822, 3.500000000000000000, 5.549999999999999822 ) ) ;
#2456 = CARTESIAN_POINT ( 'NONE',  ( 5.150000000000000355, -1.699999999999999956, 0.7999999999999001243 ) ) ;
#2457 = VECTOR ( 'NONE', #3005, 1000.000000000000000 ) ;
#2458 = VECTOR ( 'NONE', #299, 1000.000000000000000 ) ;
#2459 = EDGE_LOOP ( 'NONE', ( #3187, #7040, #2833, #1399 ) ) ;
#2460 = ORIENTED_EDGE ( 'NONE', *, *, #5144, .T. ) ;
#2461 = ADVANCED_FACE ( 'NONE', ( #1293 ), #6056, .F. ) ;
#2462 = ORIENTED_EDGE ( 'NONE', *, *, #4999, .T. ) ;
#2463 = DIRECTION ( 'NONE',  ( 0.000000000000000000, 0.000000000000000000, -1.000000000000000000 ) ) ;
#2464 = CARTESIAN_POINT ( 'NONE',  ( 3.050000000000000266, 0.2000000000000000111, 5.062499999996999733 ) ) ;
#2465 = PLANE ( 'NONE',  #492 ) ;
#2466 = DIRECTION ( 'NONE',  ( 0.000000000000000000, 0.000000000000000000, -1.000000000000000000 ) ) ;
#2467 = VECTOR ( 'NONE', #431, 1000.000000000000000 ) ;
#2468 = ORIENTED_EDGE ( 'NONE', *, *, #3612, .F. ) ;
#2469 = ORIENTED_EDGE ( 'NONE', *, *, #1214, .T. ) ;
#2470 = PLANE ( 'NONE',  #98 ) ;
#2471 = LINE ( 'NONE', #4710, #5603 ) ;
#2472 = AXIS2_PLACEMENT_3D ( 'NONE', #1597, #6113, #4916 ) ;
#2473 = LINE ( 'NONE', #5254, #2383 ) ;
#2474 = CARTESIAN_POINT ( 'NONE',  ( 3.050000000000000266, -1.699999999999999956, 4.675000000000000711 ) ) ;
#2475 = DIRECTION ( 'NONE',  ( 1.000000000000000000, 0.000000000000000000, 0.000000000000000000 ) ) ;
#2476 = VECTOR ( 'NONE', #4079, 1000.000000000000114 ) ;
#2477 = ORIENTED_EDGE ( 'NONE', *, *, #2793, .F. ) ;
#2478 = CARTESIAN_POINT ( 'NONE',  ( 4.575000000000000178, -1.800000000000000044, 2.250000000000000000 ) ) ;
#2479 = CARTESIAN_POINT ( 'NONE',  ( 3.974999999999999201, 2.649999999999999911, 5.549999999999999822 ) ) ;
#2480 = CIRCLE ( 'NONE', #4485, 0.5249999999999999112 ) ;
#2481 = ORIENTED_EDGE ( 'NONE', *, *, #5034, .T. ) ;
#2482 = ADVANCED_FACE ( 'NONE', ( #6956 ), #5696, .F. ) ;
#2483 = DIRECTION ( 'NONE',  ( -1.000000000000000000, 0.000000000000000000, 0.000000000000000000 ) ) ;
#2484 = ORIENTED_EDGE ( 'NONE', *, *, #3792, .F. ) ;
#2485 = AXIS2_PLACEMENT_3D ( 'NONE', #4897, #7103, #1235 ) ;
#2486 = LINE ( 'NONE', #1809, #2731 ) ;
#2487 = CARTESIAN_POINT ( 'NONE',  ( -0.4500000000000000111, -2.500000000000000000, 5.825000000000000178 ) ) ;
#2488 = PRODUCT_DEFINITION_SHAPE ( 'NONE', 'NONE',  #536 ) ;
#2489 = VECTOR ( 'NONE', #2026, 1000.000000000000000 ) ;
#2490 = ORIENTED_EDGE ( 'NONE', *, *, #950, .F. ) ;
#2491 = EDGE_CURVE ( 'NONE', #5317, #6872, #6412, .T. ) ;
#2492 = ORIENTED_EDGE ( 'NONE', *, *, #7152, .F. ) ;
#2493 = VERTEX_POINT ( 'NONE', #1905 ) ;
#2494 = AXIS2_PLACEMENT_3D ( 'NONE', #3289, #5579, #4994 ) ;
#2495 = DIRECTION ( 'NONE',  ( 0.000000000000000000, 0.000000000000000000, 1.000000000000000000 ) ) ;
#2496 = VECTOR ( 'NONE', #2758, 999.9999999999998863 ) ;
#2497 = FACE_OUTER_BOUND ( 'NONE', #1213, .T. ) ;
#2498 = EDGE_CURVE ( 'NONE', #1043, #1457, #6889, .T. ) ;
#2499 = EDGE_CURVE ( 'NONE', #3343, #2198, #2922, .T. ) ;
#2500 = ADVANCED_FACE ( 'NONE', ( #1373 ), #3588, .T. ) ;
#2501 = AXIS2_PLACEMENT_3D ( 'NONE', #231, #6533, #7107 ) ;
#2502 = ORIENTED_EDGE ( 'NONE', *, *, #6490, .T. ) ;
#2503 = ORIENTED_EDGE ( 'NONE', *, *, #2088, .F. ) ;
#2504 = CARTESIAN_POINT ( 'NONE',  ( 5.200000000000000178, 0.4000000000000000222, -1.550000000000000044 ) ) ;
#2505 = CARTESIAN_POINT ( 'NONE',  ( 3.050000000000000266, -1.699999999999999956, 4.649999999999999467 ) ) ;
#2506 = CIRCLE ( 'NONE', #899, 0.1499999999999999667 ) ;
#2507 = DIRECTION ( 'NONE',  ( 0.000000000000000000, 0.7071067811883975374, -0.7071067811846976081 ) ) ;
#2508 = DIRECTION ( 'NONE',  ( -2.520206265898999829E-13, -4.588921835116999839E-14, -1.000000000000000000 ) ) ;
#2509 = EDGE_LOOP ( 'NONE', ( #5955, #1939, #6545, #2481 ) ) ;
#2510 = DIRECTION ( 'NONE',  ( 0.000000000000000000, 0.000000000000000000, -1.000000000000000000 ) ) ;
#2511 = LINE ( 'NONE', #5387, #4496 ) ;
#2512 = CARTESIAN_POINT ( 'NONE',  ( 3.824999999999999734, 2.500000000000000000, 5.275000000000000355 ) ) ;
#2513 = DIRECTION ( 'NONE',  ( 0.5773502691896257311, 0.5773502691896257311, 0.5773502691896257311 ) ) ;
#2514 = DIRECTION ( 'NONE',  ( 0.000000000000000000, 1.000000000000000000, 0.000000000000000000 ) ) ;
#2515 = VERTEX_POINT ( 'NONE', #5835 ) ;
#2516 = ORIENTED_EDGE ( 'NONE', *, *, #3826, .F. ) ;
#2517 = DIRECTION ( 'NONE',  ( 0.000000000000000000, 0.000000000000000000, -1.000000000000000000 ) ) ;
#2518 = LINE ( 'NONE', #1275, #1166 ) ;
#2519 = DIRECTION ( 'NONE',  ( 1.000000000000000000, 0.000000000000000000, 0.000000000000000000 ) ) ;
#2520 = EDGE_CURVE ( 'NONE', #4911, #5741, #3647, .T. ) ;
#2521 = ADVANCED_FACE ( 'NONE', ( #2542 ), #6342, .T. ) ;
#2522 = VERTEX_POINT ( 'NONE', #6207 ) ;
#2523 = EDGE_LOOP ( 'NONE', ( #3924, #607, #3015, #1620 ) ) ;
#2524 = ORIENTED_EDGE ( 'NONE', *, *, #1617, .T. ) ;
#2525 = PLANE ( 'NONE',  #6627 ) ;
#2526 = LINE ( 'NONE', #6472, #1906 ) ;
#2527 = CARTESIAN_POINT ( 'NONE',  ( 2.600000000000000089, 2.500000000000000000, 6.949999999999999289 ) ) ;
#2528 = CARTESIAN_POINT ( 'NONE',  ( -4.675000000000000711, -4.899999999999999467, -3.149999999999999911 ) ) ;
#2529 = CARTESIAN_POINT ( 'NONE',  ( -0.6999999999999999556, 3.299999999999999822, -4.450000000000000178 ) ) ;
#2530 = LINE ( 'NONE', #1928, #2379 ) ;
#2531 = ADVANCED_FACE ( 'NONE', ( #1150 ), #1727, .F. ) ;
#2532 = EDGE_CURVE ( 'NONE', #4662, #3367, #2887, .T. ) ;
#2533 = ORIENTED_EDGE ( 'NONE', *, *, #5382, .T. ) ;
#2534 = ORIENTED_EDGE ( 'NONE', *, *, #3577, .F. ) ;
#2535 = EDGE_CURVE ( 'NONE', #1126, #330, #110, .T. ) ;
#2536 = CARTESIAN_POINT ( 'NONE',  ( 3.625000000000000000, 2.299999999999999822, 5.825000000000000178 ) ) ;
#2537 = CARTESIAN_POINT ( 'NONE',  ( 4.500000000000000000, 3.100000000000000089, 5.549999999999999822 ) ) ;
#2538 = EDGE_CURVE ( 'NONE', #2570, #2608, #5833, .T. ) ;
#2539 = CARTESIAN_POINT ( 'NONE',  ( 4.500000000000000000, 3.100000000000000089, 5.549999999999999822 ) ) ;
#2540 = CYLINDRICAL_SURFACE ( 'NONE', #5373, 2.350000000000000089 ) ;
#2541 = FACE_OUTER_BOUND ( 'NONE', #6470, .T. ) ;
#2542 = FACE_OUTER_BOUND ( 'NONE', #5992, .T. ) ;
#2543 = VECTOR ( 'NONE', #5368, 1000.000000000000114 ) ;
#2544 = ORIENTED_EDGE ( 'NONE', *, *, #1001, .T. ) ;
#2545 = CARTESIAN_POINT ( 'NONE',  ( -0.4000000000000000222, -2.272428845803000197, 5.165716172814000196 ) ) ;
#2546 = FACE_BOUND ( 'NONE', #4287, .T. ) ;
#2547 = CARTESIAN_POINT ( 'NONE',  ( -2.125000000000000000, -1.699999999999999956, -0.6499999999997999600 ) ) ;
#2548 = CARTESIAN_POINT ( 'NONE',  ( 0.2000000000000000111, 3.500000000000000000, -3.600000000000000089 ) ) ;
#2549 = CARTESIAN_POINT ( 'NONE',  ( -3.200000000000000178, 2.200000000000000178, 5.799999999999999822 ) ) ;
#2550 = ORIENTED_EDGE ( 'NONE', *, *, #5213, .T. ) ;
#2551 = VECTOR ( 'NONE', #1952, 1000.000000000000000 ) ;
#2552 = ORIENTED_EDGE ( 'NONE', *, *, #5756, .F. ) ;
#2553 = DIRECTION ( 'NONE',  ( 0.000000000000000000, 1.000000000000000000, 0.000000000000000000 ) ) ;
#2554 = DIRECTION ( 'NONE',  ( -1.000000000000000000, 0.000000000000000000, 0.000000000000000000 ) ) ;
#2555 = DIRECTION ( 'NONE',  ( 1.000000000000000000, 0.000000000000000000, 0.000000000000000000 ) ) ;
#2556 = VECTOR ( 'NONE', #1360, 1000.000000000000000 ) ;
#2557 = VECTOR ( 'NONE', #5349, 1000.000000000000000 ) ;
#2558 = CARTESIAN_POINT ( 'NONE',  ( -3.037499999999999645, 2.399999999999999911, 5.375000000000000000 ) ) ;
#2559 = VERTEX_POINT ( 'NONE', #574 ) ;
#2560 = ORIENTED_EDGE ( 'NONE', *, *, #162, .T. ) ;
#2561 = VECTOR ( 'NONE', #5220, 1000.000000000000000 ) ;
#2562 = VERTEX_POINT ( 'NONE', #610 ) ;
#2563 = VECTOR ( 'NONE', #878, 1000.000000000000114 ) ;
#2564 = ORIENTED_EDGE ( 'NONE', *, *, #4659, .T. ) ;
#2565 = DIRECTION ( 'NONE',  ( 0.000000000000000000, 0.000000000000000000, -1.000000000000000000 ) ) ;
#2566 = DIRECTION ( 'NONE',  ( 0.000000000000000000, 0.000000000000000000, 1.000000000000000000 ) ) ;
#2567 = DIRECTION ( 'NONE',  ( -1.000000000000000000, 0.000000000000000000, -5.628527094495999947E-14 ) ) ;
#2568 = CARTESIAN_POINT ( 'NONE',  ( -2.475000000000000089, -2.500000000000000000, -2.050000000000000266 ) ) ;
#2569 = AXIS2_PLACEMENT_3D ( 'NONE', #944, #845, #5243 ) ;
#2570 = VERTEX_POINT ( 'NONE', #2229 ) ;
#2571 = ORIENTED_EDGE ( 'NONE', *, *, #5534, .F. ) ;
#2572 = EDGE_CURVE ( 'NONE', #2598, #294, #1693, .T. ) ;
#2573 = DIRECTION ( 'NONE',  ( 0.7071067811865475727, -0.7071067811865475727, 0.000000000000000000 ) ) ;
#2574 = DIRECTION ( 'NONE',  ( 0.000000000000000000, -0.7751788502520129409, 0.6317418381918100678 ) ) ;
#2575 = ADVANCED_FACE ( 'NONE', ( #3946 ), #6163, .T. ) ;
#2576 = CARTESIAN_POINT ( 'NONE',  ( -4.950000000000000178, -2.500000000000000000, -2.500000000000000000 ) ) ;
#2577 = CARTESIAN_POINT ( 'NONE',  ( 4.401935507578557782, 2.357531251947364126, 4.675000000000000711 ) ) ;
#2578 = VERTEX_POINT ( 'NONE', #3448 ) ;
#2579 = EDGE_CURVE ( 'NONE', #4184, #5899, #384, .T. ) ;
#2580 = DIRECTION ( 'NONE',  ( 0.000000000000000000, 0.000000000000000000, 1.000000000000000000 ) ) ;
#2581 = AXIS2_PLACEMENT_3D ( 'NONE', #4860, #4972, #1615 ) ;
#2582 = DIRECTION ( 'NONE',  ( 1.000000000000000000, 0.000000000000000000, 0.000000000000000000 ) ) ;
#2583 = LINE ( 'NONE', #4349, #4605 ) ;
#2584 = DIRECTION ( 'NONE',  ( 0.000000000000000000, -1.000000000000000000, 0.000000000000000000 ) ) ;
#2585 = EDGE_CURVE ( 'NONE', #3768, #229, #5359, .T. ) ;
#2586 = AXIS2_PLACEMENT_3D ( 'NONE', #4196, #351, #2580 ) ;
#2587 = EDGE_CURVE ( 'NONE', #6190, #2630, #2849, .T. ) ;
#2588 = CARTESIAN_POINT ( 'NONE',  ( -2.674999999999999822, -1.699999999999999956, -0.6499999999997999600 ) ) ;
#2589 = EDGE_LOOP ( 'NONE', ( #1106, #3396, #7062, #3805, #750 ) ) ;
#2590 = CARTESIAN_POINT ( 'NONE',  ( -2.449999999999999734, -1.374998983692999888, -0.2000000000000000111 ) ) ;
#2591 = DIRECTION ( 'NONE',  ( -0.3329829244524177834, 0.000000000000000000, -0.9429328565826494701 ) ) ;
#2592 = AXIS2_PLACEMENT_3D ( 'NONE', #1331, #1902, #3029 ) ;
#2593 = DIRECTION ( 'NONE',  ( -1.000000000000000000, 0.000000000000000000, 0.000000000000000000 ) ) ;
#2594 = CARTESIAN_POINT ( 'NONE',  ( -0.1700556982308999987, -2.200000000000000178, -4.532520887255999220 ) ) ;
#2595 = ORIENTED_EDGE ( 'NONE', *, *, #6276, .F. ) ;
#2596 = CIRCLE ( 'NONE', #1555, 0.4499999999995002997 ) ;
#2597 = VERTEX_POINT ( 'NONE', #6675 ) ;
#2598 = VERTEX_POINT ( 'NONE', #6131 ) ;
#2599 = EDGE_LOOP ( 'NONE', ( #447, #2492 ) ) ;
#2600 = CARTESIAN_POINT ( 'NONE',  ( -5.100000000000000533, 2.350000000000000089, -5.212500000000000355 ) ) ;
#2601 = SURFACE_STYLE_USAGE ( .BOTH. , #5369 ) ;
#2602 = CARTESIAN_POINT ( 'NONE',  ( -2.649999999999999911, -2.100000000000000089, 4.649999999999999467 ) ) ;
#2603 = CARTESIAN_POINT ( 'NONE',  ( -1.699999999999999956, 2.399999999999999911, 5.500000000000000000 ) ) ;
#2604 = DIRECTION ( 'NONE',  ( 0.000000000000000000, 1.000000000000000000, 0.000000000000000000 ) ) ;
#2605 = VECTOR ( 'NONE', #5859, 1000.000000000000000 ) ;
#2606 = ORIENTED_EDGE ( 'NONE', *, *, #2046, .F. ) ;
#2607 = VECTOR ( 'NONE', #78, 1000.000000000000000 ) ;
#2608 = VERTEX_POINT ( 'NONE', #5076 ) ;
#2609 = DIRECTION ( 'NONE',  ( 0.000000000000000000, 0.6317418381932994320, 0.7751788502507993561 ) ) ;
#2610 = PLANE ( 'NONE',  #2127 ) ;
#2611 = CARTESIAN_POINT ( 'NONE',  ( 0.8000000000000000444, -2.621259328415999956, 5.299999999999999822 ) ) ;
#2612 = DIRECTION ( 'NONE',  ( 1.000000000000000000, 0.000000000000000000, 0.000000000000000000 ) ) ;
#2613 = DIRECTION ( 'NONE',  ( 0.000000000000000000, 1.000000000000000000, 0.000000000000000000 ) ) ;
#2614 = CIRCLE ( 'NONE', #5410, 0.8500000000000000888 ) ;
#2615 = EDGE_CURVE ( 'NONE', #7147, #5405, #2304, .T. ) ;
#2616 = EDGE_CURVE ( 'NONE', #3343, #6744, #5514, .T. ) ;
#2617 = EDGE_CURVE ( 'NONE', #5333, #1113, #3847, .T. ) ;
#2618 = ORIENTED_EDGE ( 'NONE', *, *, #1268, .T. ) ;
#2619 = VECTOR ( 'NONE', #6064, 1000.000000000000000 ) ;
#2620 = EDGE_CURVE ( 'NONE', #704, #631, #1074, .T. ) ;
#2621 = CARTESIAN_POINT ( 'NONE',  ( -4.825000000000000178, 2.649999999999999911, 5.549999999999999822 ) ) ;
#2622 = CARTESIAN_POINT ( 'NONE',  ( -1.699999999999999956, 2.399999999999999911, 5.799999999999999822 ) ) ;
#2623 = LINE ( 'NONE', #2072, #5515 ) ;
#2624 = CARTESIAN_POINT ( 'NONE',  ( 0.005362112447554000412, -2.200000000000000178, -4.003969365357999521 ) ) ;
#2625 = EDGE_CURVE ( 'NONE', #1060, #4378, #6091, .T. ) ;
#2626 = AXIS2_PLACEMENT_3D ( 'NONE', #352, #4787, #5872 ) ;
#2627 = EDGE_CURVE ( 'NONE', #689, #1817, #2192, .T. ) ;
#2628 = PLANE ( 'NONE',  #1964 ) ;
#2629 = ORIENTED_EDGE ( 'NONE', *, *, #195, .F. ) ;
#2630 = VERTEX_POINT ( 'NONE', #5553 ) ;
#2631 = CARTESIAN_POINT ( 'NONE',  ( -2.125000000000000000, -1.899999999999999911, -0.8500000000000998979 ) ) ;
#2632 = DIRECTION ( 'NONE',  ( 1.000000000000000000, 0.000000000000000000, 0.000000000000000000 ) ) ;
#2633 = CARTESIAN_POINT ( 'NONE',  ( 4.575000000000000178, -4.850000000000000533, 1.949999999999999956 ) ) ;
#2634 = ORIENTED_EDGE ( 'NONE', *, *, #5433, .T. ) ;
#2635 = ORIENTED_EDGE ( 'NONE', *, *, #3730, .F. ) ;
#2636 = ORIENTED_EDGE ( 'NONE', *, *, #5340, .T. ) ;
#2637 = FACE_OUTER_BOUND ( 'NONE', #751, .T. ) ;
#2638 = ORIENTED_EDGE ( 'NONE', *, *, #1670, .T. ) ;
#2639 = DIRECTION ( 'NONE',  ( 0.000000000000000000, 1.000000000000000000, 0.000000000000000000 ) ) ;
#2640 = DIRECTION ( 'NONE',  ( 0.000000000000000000, 0.000000000000000000, -1.000000000000000000 ) ) ;
#2641 = VECTOR ( 'NONE', #978, 1000.000000000000000 ) ;
#2642 = EDGE_CURVE ( 'NONE', #2768, #5416, #5137, .T. ) ;
#2643 = DIRECTION ( 'NONE',  ( -1.000000000000000000, 0.000000000000000000, 0.000000000000000000 ) ) ;
#2644 = DIRECTION ( 'NONE',  ( 0.000000000000000000, -1.000000000000000000, 0.000000000000000000 ) ) ;
#2645 = ORIENTED_EDGE ( 'NONE', *, *, #6585, .T. ) ;
#2646 = FACE_OUTER_BOUND ( 'NONE', #1389, .T. ) ;
#2647 = ORIENTED_EDGE ( 'NONE', *, *, #6898, .F. ) ;
#2648 = DIRECTION ( 'NONE',  ( 0.000000000000000000, 0.000000000000000000, -1.000000000000000000 ) ) ;
#2649 = CARTESIAN_POINT ( 'NONE',  ( 0.2000000000000000111, 2.825105252028999647, 4.750000000000000000 ) ) ;
#2650 = CARTESIAN_POINT ( 'NONE',  ( -2.877762515837999580, -1.500000000000000000, 5.500000000000000000 ) ) ;
#2651 = DIRECTION ( 'NONE',  ( -1.000000000000000000, 0.000000000000000000, 0.000000000000000000 ) ) ;
#2652 = VERTEX_POINT ( 'NONE', #4719 ) ;
#2653 = ORIENTED_CLOSED_SHELL ( 'NONE', *, #2894, .F. );
#2654 = ORIENTED_EDGE ( 'NONE', *, *, #2151, .F. ) ;
#2655 = CLOSED_SHELL ( 'NONE', ( #61, #6087, #2436, #789, #2461, #6369, #5216, #1081 ) ) ;
#2656 = PLANE ( 'NONE',  #4111 ) ;
#2657 = CARTESIAN_POINT ( 'NONE',  ( 0.2000000000000000111, 3.500000000000000000, -4.450000000000000178 ) ) ;
#2658 = FACE_OUTER_BOUND ( 'NONE', #18, .T. ) ;
#2659 = ORIENTED_EDGE ( 'NONE', *, *, #4460, .F. ) ;
#2660 = ORIENTED_EDGE ( 'NONE', *, *, #898, .T. ) ;
#2661 = VECTOR ( 'NONE', #4032, 1000.000000000000000 ) ;
#2662 = CARTESIAN_POINT ( 'NONE',  ( 0.2443593274800999748, -2.200000000000000178, -4.717896939814000490 ) ) ;
#2663 = EDGE_CURVE ( 'NONE', #3506, #5053, #3156, .T. ) ;
#2664 = DIRECTION ( 'NONE',  ( -1.000000000000000000, 0.000000000000000000, 0.000000000000000000 ) ) ;
#2665 = EDGE_CURVE ( 'NONE', #1036, #4798, #4091, .T. ) ;
#2666 = DIRECTION ( 'NONE',  ( -1.000000000000000000, 0.000000000000000000, 0.000000000000000000 ) ) ;
#2667 = VECTOR ( 'NONE', #5306, 1000.000000000000000 ) ;
#2668 = CIRCLE ( 'NONE', #1173, 2.140000000000000124 ) ;
#2669 = VERTEX_POINT ( 'NONE', #1840 ) ;
#2670 = EDGE_LOOP ( 'NONE', ( #2955, #5793, #6986, #255 ) ) ;
#2671 = ADVANCED_FACE ( 'NONE', ( #6959 ), #6381, .F. ) ;
#2672 = VERTEX_POINT ( 'NONE', #1401 ) ;
#2673 = ORIENTED_EDGE ( 'NONE', *, *, #5584, .T. ) ;
#2674 = DIRECTION ( 'NONE',  ( -0.000000000000000000, 0.7071067811865475727, 0.7071067811865475727 ) ) ;
#2675 = VECTOR ( 'NONE', #4461, 1000.000000000000000 ) ;
#2676 = DIRECTION ( 'NONE',  ( 0.000000000000000000, 1.000000000000000000, 0.000000000000000000 ) ) ;
#2677 = AXIS2_PLACEMENT_3D ( 'NONE', #2539, #3557, #4225 ) ;
#2678 = CARTESIAN_POINT ( 'NONE',  ( -4.950000000000000178, -2.200000000000000178, -3.149999999999999911 ) ) ;
#2679 = DIRECTION ( 'NONE',  ( -0.5547001962240989403, 0.8320502943385971184, 0.000000000000000000 ) ) ;
#2680 = AXIS2_PLACEMENT_3D ( 'NONE', #2270, #2810, #7179 ) ;
#2681 = PRESENTATION_LAYER_ASSIGNMENT (  '', '', ( #5016 ) ) ;
#2682 = ORIENTED_EDGE ( 'NONE', *, *, #2860, .T. ) ;
#2683 = ORIENTED_EDGE ( 'NONE', *, *, #4460, .T. ) ;
#2684 = CARTESIAN_POINT ( 'NONE',  ( -0.4000000000000000222, -4.899999999999999467, 5.299999999999999822 ) ) ;
#2685 = LINE ( 'NONE', #483, #407 ) ;
#2686 = CARTESIAN_POINT ( 'NONE',  ( 0.1499999999995000055, 2.500000000000000000, -6.125000000000000000 ) ) ;
#2687 = DIRECTION ( 'NONE',  ( 0.000000000000000000, -1.000000000000000000, 0.000000000000000000 ) ) ;
#2688 = CARTESIAN_POINT ( 'NONE',  ( 2.550000000000000266, 2.075000000000000178, 6.450000000000000178 ) ) ;
#2689 = AXIS2_PLACEMENT_3D ( 'NONE', #4651, #6857, #282 ) ;
#2690 = DIRECTION ( 'NONE',  ( -1.000000000000000000, 0.000000000000000000, 0.000000000000000000 ) ) ;
#2691 = EDGE_LOOP ( 'NONE', ( #677, #3246, #6135, #5851 ) ) ;
#2692 = CARTESIAN_POINT ( 'NONE',  ( 4.950000000000000178, 0.4000000000000000222, -4.975000000000000533 ) ) ;
#2693 = CARTESIAN_POINT ( 'NONE',  ( 3.277762515837999935, -1.300000000000000044, 5.799999999999999822 ) ) ;
#2694 = LINE ( 'NONE', #3470, #4135 ) ;
#2695 = CARTESIAN_POINT ( 'NONE',  ( -2.877762515837999580, -1.300000000000000044, 5.813145250178000545 ) ) ;
#2696 = DIRECTION ( 'NONE',  ( 0.000000000000000000, 0.000000000000000000, 1.000000000000000000 ) ) ;
#2697 = VERTEX_POINT ( 'NONE', #250 ) ;
#2698 = VERTEX_POINT ( 'NONE', #1341 ) ;
#2699 = DIRECTION ( 'NONE',  ( 1.000000000000000000, 0.000000000000000000, 0.000000000000000000 ) ) ;
#2700 = DIRECTION ( 'NONE',  ( 2.368475785867000094E-14, 0.000000000000000000, -1.000000000000000000 ) ) ;
#2701 = VECTOR ( 'NONE', #2230, 1000.000000000000000 ) ;
#2702 = ORIENTED_EDGE ( 'NONE', *, *, #1526, .T. ) ;
#2703 = ADVANCED_FACE ( 'NONE', ( #859 ), #1909, .T. ) ;
#2704 = EDGE_CURVE ( 'NONE', #5587, #4413, #2930, .T. ) ;
#2705 = ORIENTED_EDGE ( 'NONE', *, *, #2055, .T. ) ;
#2706 = VERTEX_POINT ( 'NONE', #3521 ) ;
#2707 = DIRECTION ( 'NONE',  ( 0.000000000000000000, 0.000000000000000000, -1.000000000000000000 ) ) ;
#2708 = LINE ( 'NONE', #472, #2543 ) ;
#2709 = CARTESIAN_POINT ( 'NONE',  ( -4.299999999999999822, 2.649999999999999911, 5.549999999999999822 ) ) ;
#2710 = DIRECTION ( 'NONE',  ( 2.812564995716999917E-14, -1.000000000000000000, 0.000000000000000000 ) ) ;
#2711 = DIRECTION ( 'NONE',  ( -1.000000000000000000, 0.000000000000000000, 0.000000000000000000 ) ) ;
#2712 = CIRCLE ( 'NONE', #5636, 0.2000000000000000944 ) ;
#2713 = EDGE_CURVE ( 'NONE', #1187, #4754, #1265, .T. ) ;
#2714 = ORIENTED_EDGE ( 'NONE', *, *, #703, .F. ) ;
#2715 = ORIENTED_EDGE ( 'NONE', *, *, #2412, .T. ) ;
#2716 = DIRECTION ( 'NONE',  ( 1.000000000000000000, 0.000000000000000000, 0.000000000000000000 ) ) ;
#2717 = PLANE ( 'NONE',  #6668 ) ;
#2718 = AXIS2_PLACEMENT_3D ( 'NONE', #1695, #1269, #2306 ) ;
#2719 = ADVANCED_FACE ( 'NONE', ( #2378 ), #6278, .F. ) ;
#2720 = CARTESIAN_POINT ( 'NONE',  ( 4.825000000000000178, -1.499998983692999888, 1.500000000000000000 ) ) ;
#2721 = CARTESIAN_POINT ( 'NONE',  ( 3.277762515837999935, -1.300000000000000044, 5.486854749822000166 ) ) ;
#2722 = FACE_OUTER_BOUND ( 'NONE', #6832, .T. ) ;
#2723 = B_SPLINE_CURVE_WITH_KNOTS ( 'NONE', 3,
 ( #5219, #102, #5935, #2577, #275, #4847 ),
 .UNSPECIFIED., .F., .F.,
 ( 4, 2, 4 ),
 ( 3.886462992813238425E-16, 0.0004261410323304439841, 0.0008522820646604993902 ),
 .UNSPECIFIED. ) ;
#2724 = VECTOR ( 'NONE', #6540, 1000.000000000000114 ) ;
#2725 = ORIENTED_EDGE ( 'NONE', *, *, #3870, .T. ) ;
#2726 = FACE_OUTER_BOUND ( 'NONE', #2235, .T. ) ;
#2727 = VECTOR ( 'NONE', #6232, 1000.000000000000000 ) ;
#2728 = DIRECTION ( 'NONE',  ( 0.000000000000000000, 1.000000000000000000, 0.000000000000000000 ) ) ;
#2729 = DIRECTION ( 'NONE',  ( 1.000000000000000000, 0.000000000000000000, 0.000000000000000000 ) ) ;
#2730 = DIRECTION ( 'NONE',  ( 1.000000000000000000, -5.878785113032513212E-14, 0.000000000000000000 ) ) ;
#2731 = VECTOR ( 'NONE', #5159, 1000.000000000000000 ) ;
#2732 = VERTEX_POINT ( 'NONE', #2512 ) ;
#2733 = ORIENTED_EDGE ( 'NONE', *, *, #1565, .F. ) ;
#2734 = DIRECTION ( 'NONE',  ( -0.3548308721223911166, 0.000000000000000000, -0.9349305066093753780 ) ) ;
#2735 = DIRECTION ( 'NONE',  ( 0.8777239347058632957, 0.4791666666666801744, 0.000000000000000000 ) ) ;
#2736 = DIRECTION ( 'NONE',  ( -1.000000000000000000, 0.000000000000000000, 0.000000000000000000 ) ) ;
#2737 = DIRECTION ( 'NONE',  ( 0.000000000000000000, 0.000000000000000000, 1.000000000000000000 ) ) ;
#2738 = AXIS2_PLACEMENT_3D ( 'NONE', #6786, #1799, #4021 ) ;
#2739 = CARTESIAN_POINT ( 'NONE',  ( -0.4000000000000000222, -4.899999999999999467, 5.000000000000000000 ) ) ;
#2740 = VERTEX_POINT ( 'NONE', #5745 ) ;
#2741 = ORIENTED_EDGE ( 'NONE', *, *, #2412, .F. ) ;
#2742 = VERTEX_POINT ( 'NONE', #754 ) ;
#2743 = FACE_OUTER_BOUND ( 'NONE', #1163, .T. ) ;
#2744 = DIRECTION ( 'NONE',  ( 0.000000000000000000, 0.000000000000000000, 1.000000000000000000 ) ) ;
#2745 = CARTESIAN_POINT ( 'NONE',  ( 4.575000000000000178, -1.800000000000000044, 1.050000000000000044 ) ) ;
#2746 = ADVANCED_FACE ( 'NONE', ( #2968 ), #5226, .T. ) ;
#2747 = CARTESIAN_POINT ( 'NONE',  ( 4.100000000000000533, -1.699999999999999956, -5.774999999999999467 ) ) ;
#2748 = CARTESIAN_POINT ( 'NONE',  ( 0.2000000000000000111, 0.5000000000000000000, 5.000000000000000000 ) ) ;
#2749 = ORIENTED_EDGE ( 'NONE', *, *, #721, .F. ) ;
#2750 = EDGE_LOOP ( 'NONE', ( #239, #7009, #1077, #1923 ) ) ;
#2751 = ORIENTED_EDGE ( 'NONE', *, *, #5934, .F. ) ;
#2752 = FACE_OUTER_BOUND ( 'NONE', #2750, .T. ) ;
#2753 = CARTESIAN_POINT ( 'NONE',  ( 0.8000000000000000444, -2.277571154197000070, 5.634283827185999627 ) ) ;
#2754 = FACE_OUTER_BOUND ( 'NONE', #6692, .T. ) ;
#2755 = EDGE_CURVE ( 'NONE', #3372, #1345, #3286, .T. ) ;
#2756 = PLANE ( 'NONE',  #4473 ) ;
#2757 = EDGE_CURVE ( 'NONE', #4570, #5792, #1874, .T. ) ;
#2758 = DIRECTION ( 'NONE',  ( -0.7071067811813830373, 8.659560562291687168E-17, 0.7071067811917121082 ) ) ;
#2759 = ORIENTED_EDGE ( 'NONE', *, *, #875, .F. ) ;
#2760 = VERTEX_POINT ( 'NONE', #2447 ) ;
#2761 = CARTESIAN_POINT ( 'NONE',  ( -3.137774893206000559, -0.9148340452930000533, 5.649999999999999467 ) ) ;
#2762 = DIRECTION ( 'NONE',  ( 0.000000000000000000, 1.000000000000000000, 0.000000000000000000 ) ) ;
#2763 = EDGE_CURVE ( 'NONE', #6219, #2080, #6894, .T. ) ;
#2764 = CARTESIAN_POINT ( 'NONE',  ( -3.000000000000000000, 2.399999999999999911, 5.500000000000000000 ) ) ;
#2765 = CARTESIAN_POINT ( 'NONE',  ( 3.974999999999999201, 3.100000000000000089, 5.549999999999999822 ) ) ;
#2766 = EDGE_CURVE ( 'NONE', #6717, #1262, #4879, .T. ) ;
#2767 = CARTESIAN_POINT ( 'NONE',  ( 3.475549786411999964, -1.329668090586000107, 5.799999999999999822 ) ) ;
#2768 = VERTEX_POINT ( 'NONE', #5874 ) ;
#2769 = EDGE_LOOP ( 'NONE', ( #6756, #571, #2725, #2629 ) ) ;
#2770 = DIRECTION ( 'NONE',  ( 0.000000000000000000, -1.000000000000000000, 0.000000000000000000 ) ) ;
#2771 = LINE ( 'NONE', #109, #368 ) ;
#2772 = CARTESIAN_POINT ( 'NONE',  ( 2.299999999999999822, -1.699999999999999956, 5.799999999999999822 ) ) ;
#2773 = CLOSED_SHELL ( 'NONE', ( #6047, #4143, #1995, #4903, #7017, #562, #1891, #3706, #6283, #862, #3611, #4730, #3166, #6914, #6175, #3525 ) ) ;
#2774 = CARTESIAN_POINT ( 'NONE',  ( -2.649999999999999911, -2.100000000000000089, 5.474999999999999645 ) ) ;
#2775 = CARTESIAN_POINT ( 'NONE',  ( -2.200000000000000178, 0.5000000000000000000, 6.949999999999999289 ) ) ;
#2776 = EDGE_LOOP ( 'NONE', ( #4397, #6273 ) ) ;
#2777 = VECTOR ( 'NONE', #4726, 1000.000000000000000 ) ;
#2778 = ORIENTED_EDGE ( 'NONE', *, *, #3172, .T. ) ;
#2779 = CARTESIAN_POINT ( 'NONE',  ( -1.699999999999999956, -2.000000000000000000, 5.799999999999999822 ) ) ;
#2780 = CARTESIAN_POINT ( 'NONE',  ( 4.840557876839999274, -1.800000000000000044, 0.9000000000000000222 ) ) ;
#2781 = DIRECTION ( 'NONE',  ( 0.000000000000000000, 0.000000000000000000, -1.000000000000000000 ) ) ;
#2782 = ORIENTED_EDGE ( 'NONE', *, *, #6949, .F. ) ;
#2783 = VECTOR ( 'NONE', #3975, 1000.000000000000000 ) ;
#2784 = VERTEX_POINT ( 'NONE', #2210 ) ;
#2785 = VECTOR ( 'NONE', #1190, 1000.000000000000000 ) ;
#2786 = ORIENTED_EDGE ( 'NONE', *, *, #1274, .F. ) ;
#2787 = DIRECTION ( 'NONE',  ( -0.000000000000000000, 0.7071067811865475727, 0.7071067811865475727 ) ) ;
#2788 = LINE ( 'NONE', #2908, #3393 ) ;
#2789 = CARTESIAN_POINT ( 'NONE',  ( 3.537774893206000026, -0.9148340452930000533, 5.649999999999999467 ) ) ;
#2790 = CARTESIAN_POINT ( 'NONE',  ( -2.100000000000000089, -1.500000000000000000, 5.799999999999999822 ) ) ;
#2791 = VECTOR ( 'NONE', #3984, 1000.000000000000000 ) ;
#2792 = LINE ( 'NONE', #630, #1503 ) ;
#2793 = EDGE_CURVE ( 'NONE', #204, #1987, #559, .T. ) ;
#2794 = ORIENTED_EDGE ( 'NONE', *, *, #4572, .F. ) ;
#2795 = DIRECTION ( 'NONE',  ( 0.000000000000000000, 0.000000000000000000, 1.000000000000000000 ) ) ;
#2796 = AXIS2_PLACEMENT_3D ( 'NONE', #2431, #4182, #2466 ) ;
#2797 = DIRECTION ( 'NONE',  ( 0.000000000000000000, 0.000000000000000000, -1.000000000000000000 ) ) ;
#2798 = CIRCLE ( 'NONE', #4680, 0.6750000000000002665 ) ;
#2799 = CARTESIAN_POINT ( 'NONE',  ( -2.649999999999999911, 2.500000000000000000, 4.850000000000000533 ) ) ;
#2800 = CARTESIAN_POINT ( 'NONE',  ( 0.2443593274800999748, -2.200000000000000178, -4.717896939814000490 ) ) ;
#2801 = CARTESIAN_POINT ( 'NONE',  ( -0.3133008409292000196, -2.200000000000000178, -4.950000000000000178 ) ) ;
#2802 = LINE ( 'NONE', #67, #1756 ) ;
#2803 = ADVANCED_FACE ( 'NONE', ( #4452 ), #3113, .T. ) ;
#2804 = CARTESIAN_POINT ( 'NONE',  ( 4.850000000000000533, -1.899999999999999911, 1.000000000000000000 ) ) ;
#2805 = ADVANCED_FACE ( 'NONE', ( #4417 ), #6416, .T. ) ;
#2806 = ORIENTED_EDGE ( 'NONE', *, *, #6461, .T. ) ;
#2807 = VERTEX_POINT ( 'NONE', #6588 ) ;
#2808 = CARTESIAN_POINT ( 'NONE',  ( -0.1325208861381000081, -2.200000000000000178, -3.850000000000000089 ) ) ;
#2809 = PLANE ( 'NONE',  #935 ) ;
#2810 = DIRECTION ( 'NONE',  ( 1.000000000000000000, 0.000000000000000000, 0.000000000000000000 ) ) ;
#2811 = LINE ( 'NONE', #1192, #863 ) ;
#2812 = EDGE_CURVE ( 'NONE', #6724, #2124, #1134, .T. ) ;
#2813 = CIRCLE ( 'NONE', #7111, 3.000000000000000000 ) ;
#2814 = ORIENTED_EDGE ( 'NONE', *, *, #3739, .F. ) ;
#2815 = ORIENTED_EDGE ( 'NONE', *, *, #6492, .T. ) ;
#2816 = CARTESIAN_POINT ( 'NONE',  ( 3.850000000000000089, 2.350000000000000089, 3.649999999999999911 ) ) ;
#2817 = LINE ( 'NONE', #6867, #4933 ) ;
#2818 = CIRCLE ( 'NONE', #1333, 0.5249999999999999112 ) ;
#2819 = LINE ( 'NONE', #5122, #76 ) ;
#2820 = AXIS2_PLACEMENT_3D ( 'NONE', #6513, #7013, #2035 ) ;
#2821 = ORIENTED_EDGE ( 'NONE', *, *, #2284, .F. ) ;
#2822 = ORIENTED_EDGE ( 'NONE', *, *, #2579, .F. ) ;
#2823 = EDGE_LOOP ( 'NONE', ( #2181, #3741, #649, #5946 ) ) ;
#2824 = FACE_OUTER_BOUND ( 'NONE', #3499, .T. ) ;
#2825 = CARTESIAN_POINT ( 'NONE',  ( 5.200000000000000178, -1.699999999999999956, 4.675000000000000711 ) ) ;
#2826 = CARTESIAN_POINT ( 'NONE',  ( 4.500000000000000000, 3.500000000000000000, 4.700000000000000178 ) ) ;
#2827 = FACE_OUTER_BOUND ( 'NONE', #194, .T. ) ;
#2828 = VECTOR ( 'NONE', #1350, 1000.000000000000000 ) ;
#2829 = DIRECTION ( 'NONE',  ( 0.000000000000000000, 1.000000000000000000, 0.000000000000000000 ) ) ;
#2830 = ORIENTED_EDGE ( 'NONE', *, *, #6140, .T. ) ;
#2831 = LINE ( 'NONE', #6039, #1619 ) ;
#2832 = VECTOR ( 'NONE', #1413, 1000.000000000000000 ) ;
#2833 = ORIENTED_EDGE ( 'NONE', *, *, #4066, .T. ) ;
#2834 = CYLINDRICAL_SURFACE ( 'NONE', #2012, 0.4999999999999995559 ) ;
#2835 = DIRECTION ( 'NONE',  ( 1.000000000000000000, 0.000000000000000000, 0.000000000000000000 ) ) ;
#2836 = CARTESIAN_POINT ( 'NONE',  ( 0.005362112447577910106, -2.299999999999999822, -4.003969365358120314 ) ) ;
#2837 = EDGE_CURVE ( 'NONE', #3722, #6501, #1423, .T. ) ;
#2838 = CARTESIAN_POINT ( 'NONE',  ( -2.200000000000000178, 2.500000000000000000, 6.949999999999999289 ) ) ;
#2839 = AXIS2_PLACEMENT_3D ( 'NONE', #4870, #1516, #4329 ) ;
#2840 = EDGE_CURVE ( 'NONE', #1227, #1043, #1596, .T. ) ;
#2841 = CARTESIAN_POINT ( 'NONE',  ( 0.2000000000000000111, 3.500000000000000000, -4.450000000000000178 ) ) ;
#2842 = FACE_OUTER_BOUND ( 'NONE', #4211, .T. ) ;
#2843 = ORIENTED_EDGE ( 'NONE', *, *, #6686, .F. ) ;
#2844 = VECTOR ( 'NONE', #4751, 1000.000000000000000 ) ;
#2845 = EDGE_LOOP ( 'NONE', ( #4938, #2814, #6648, #5342 ) ) ;
#2846 = VECTOR ( 'NONE', #2651, 1000.000000000000000 ) ;
#2847 = CARTESIAN_POINT ( 'NONE',  ( -2.877762515837999580, -1.300000000000000044, 5.799999999999999822 ) ) ;
#2848 = DIRECTION ( 'NONE',  ( 0.1483404529308020026, 0.9889363528682139082, 0.000000000000000000 ) ) ;
#2849 = LINE ( 'NONE', #2772, #3627 ) ;
#2850 = EDGE_CURVE ( 'NONE', #1592, #6484, #5320, .T. ) ;
#2851 = DIRECTION ( 'NONE',  ( 0.000000000000000000, -1.000000000000000000, 0.000000000000000000 ) ) ;
#2852 = EDGE_CURVE ( 'NONE', #2706, #5026, #1563, .T. ) ;
#2853 = LINE ( 'NONE', #111, #1802 ) ;
#2854 = VECTOR ( 'NONE', #188, 1000.000000000000000 ) ;
#2855 = ORIENTED_EDGE ( 'NONE', *, *, #6279, .F. ) ;
#2856 = EDGE_CURVE ( 'NONE', #5045, #5343, #3781, .T. ) ;
#2857 = DIRECTION ( 'NONE',  ( 0.9429328565827660436, 0.000000000000000000, -0.3329829244520880471 ) ) ;
#2858 = ORIENTED_EDGE ( 'NONE', *, *, #418, .T. ) ;
#2859 = CARTESIAN_POINT ( 'NONE',  ( 5.200000000000000178, 2.350000000000000089, -5.950000000000000178 ) ) ;
#2860 = EDGE_CURVE ( 'NONE', #1070, #1330, #4915, .T. ) ;
#2861 = DIRECTION ( 'NONE',  ( 1.000000000000000000, 0.000000000000000000, 0.000000000000000000 ) ) ;
#2862 = AXIS2_PLACEMENT_3D ( 'NONE', #2816, #5048, #6169 ) ;
#2863 = DIRECTION ( 'NONE',  ( 0.000000000000000000, -1.000000000000000000, 0.000000000000000000 ) ) ;
#2864 = ORIENTED_EDGE ( 'NONE', *, *, #1443, .F. ) ;
#2865 = VERTEX_POINT ( 'NONE', #4382 ) ;
#2866 = EDGE_CURVE ( 'NONE', #5405, #1246, #6034, .T. ) ;
#2867 = ORIENTED_EDGE ( 'NONE', *, *, #6979, .F. ) ;
#2868 = DIRECTION ( 'NONE',  ( 0.000000000000000000, 1.000000000000000000, 0.000000000000000000 ) ) ;
#2869 = CYLINDRICAL_SURFACE ( 'NONE', #1636, 0.1499999999999999667 ) ;
#2870 = CARTESIAN_POINT ( 'NONE',  ( -4.825000000000000178, 3.121762141438999993, 5.549999999999999822 ) ) ;
#2871 = CARTESIAN_POINT ( 'NONE',  ( 4.549999999999999822, -1.899999999999999911, 2.299999999999999822 ) ) ;
#2872 = DIRECTION ( 'NONE',  ( 1.000000000000000000, 0.000000000000000000, 0.000000000000000000 ) ) ;
#2873 = ORIENTED_EDGE ( 'NONE', *, *, #4048, .F. ) ;
#2874 = VERTEX_POINT ( 'NONE', #96 ) ;
#2875 = EDGE_LOOP ( 'NONE', ( #2406, #2434, #5205, #5626 ) ) ;
#2876 = CARTESIAN_POINT ( 'NONE',  ( 4.400000000000000355, -1.699999999999999956, -5.774999999999999467 ) ) ;
#2877 = DIRECTION ( 'NONE',  ( -1.000000000000000000, 0.000000000000000000, 0.000000000000000000 ) ) ;
#2878 = DIRECTION ( 'NONE',  ( 1.000000000000000000, 0.000000000000000000, 0.000000000000000000 ) ) ;
#2879 = CARTESIAN_POINT ( 'NONE',  ( -2.000000000002078782, 0.5000000000000002220, 10.55000000000000071 ) ) ;
#2880 = ADVANCED_FACE ( 'NONE', ( #1713 ), #5610, .F. ) ;
#2881 = DIRECTION ( 'NONE',  ( 0.000000000000000000, 0.000000000000000000, -1.000000000000000000 ) ) ;
#2882 = VERTEX_POINT ( 'NONE', #2826 ) ;
#2883 = ORIENTED_EDGE ( 'NONE', *, *, #6819, .F. ) ;
#2884 = ORIENTED_EDGE ( 'NONE', *, *, #6945, .T. ) ;
#2885 = DIRECTION ( 'NONE',  ( -1.000000000000000000, 0.000000000000000000, 6.820450903253999937E-14 ) ) ;
#2886 = DIRECTION ( 'NONE',  ( -0.5773502691896257311, 0.5773502691896257311, 0.5773502691896257311 ) ) ;
#2887 = LINE ( 'NONE', #6749, #3277 ) ;
#2888 = LINE ( 'NONE', #4026, #2139 ) ;
#2889 = ORIENTED_EDGE ( 'NONE', *, *, #4684, .F. ) ;
#2890 = ADVANCED_FACE ( 'NONE', ( #3931 ), #6769, .F. ) ;
#2891 = DIRECTION ( 'NONE',  ( 0.000000000000000000, 1.000000000000000000, 0.000000000000000000 ) ) ;
#2892 = ORIENTED_EDGE ( 'NONE', *, *, #1404, .T. ) ;
#2893 = EDGE_CURVE ( 'NONE', #6967, #1514, #3389, .T. ) ;
#2894 = CLOSED_SHELL ( 'NONE', ( #6815, #1570, #6305, #2500, #812, #6193, #1131 ) ) ;
#2895 = CARTESIAN_POINT ( 'NONE',  ( -3.225000000000000089, 2.299999999999999822, 5.474999999999999645 ) ) ;
#2896 = DIRECTION ( 'NONE',  ( 1.000000000000000000, 0.000000000000000000, 0.000000000000000000 ) ) ;
#2897 = FACE_OUTER_BOUND ( 'NONE', #2345, .T. ) ;
#2898 = FACE_OUTER_BOUND ( 'NONE', #3571, .T. ) ;
#2899 = LINE ( 'NONE', #1705, #191 ) ;
#2900 = VECTOR ( 'NONE', #7149, 1000.000000000000000 ) ;
#2901 = ADVANCED_FACE ( 'NONE', ( #5059 ), #4604, .F. ) ;
#2902 = VERTEX_POINT ( 'NONE', #1823 ) ;
#2903 = EDGE_CURVE ( 'NONE', #4724, #4609, #665, .T. ) ;
#2904 = ORIENTED_EDGE ( 'NONE', *, *, #1955, .F. ) ;
#2905 = ORIENTED_EDGE ( 'NONE', *, *, #1591, .T. ) ;
#2906 = DIRECTION ( 'NONE',  ( -0.000000000000000000, 1.000000000000000000, 0.000000000000000000 ) ) ;
#2907 = CARTESIAN_POINT ( 'NONE',  ( 0.2000000000000000111, -1.599999999999999867, 5.825000000000000178 ) ) ;
#2908 = CARTESIAN_POINT ( 'NONE',  ( 5.049999999999999822, -2.500000000000000000, -5.774999999999999467 ) ) ;
#2909 = CARTESIAN_POINT ( 'NONE',  ( -2.299999999999999822, -2.200000000000000178, -0.8499999999999999778 ) ) ;
#2910 = EDGE_CURVE ( 'NONE', #4717, #6220, #1743, .T. ) ;
#2911 = CARTESIAN_POINT ( 'NONE',  ( -4.658590997241000231, -4.850000000000000533, -2.850000000000000089 ) ) ;
#2912 = ORIENTED_EDGE ( 'NONE', *, *, #5357, .F. ) ;
#2913 = AXIS2_PLACEMENT_3D ( 'NONE', #448, #1524, #2716 ) ;
#2914 = ORIENTED_EDGE ( 'NONE', *, *, #2812, .F. ) ;
#2915 = ORIENTED_EDGE ( 'NONE', *, *, #3608, .F. ) ;
#2916 = CARTESIAN_POINT ( 'NONE',  ( 3.050000000000000266, -1.699999999999999956, 5.062499999996999733 ) ) ;
#2917 = CARTESIAN_POINT ( 'NONE',  ( 0.000000000000000000, 0.000000000000000000, 0.000000000000000000 ) ) ;
#2918 = AXIS2_PLACEMENT_3D ( 'NONE', #5100, #1256, #1683 ) ;
#2919 = AXIS2_PLACEMENT_3D ( 'NONE', #2825, #53, #1742 ) ;
#2920 = LINE ( 'NONE', #1180, #3205 ) ;
#2921 = LINE ( 'NONE', #4089, #4895 ) ;
#2922 = CIRCLE ( 'NONE', #7092, 0.5250000000000002442 ) ;
#2923 = CARTESIAN_POINT ( 'NONE',  ( 2.299999999999999822, -1.800000000000000044, 5.799999999999999822 ) ) ;
#2924 = ORIENTED_EDGE ( 'NONE', *, *, #2078, .F. ) ;
#2925 = CIRCLE ( 'NONE', #4202, 0.5999999999999998668 ) ;
#2926 = ORIENTED_EDGE ( 'NONE', *, *, #4480, .F. ) ;
#2927 = EDGE_LOOP ( 'NONE', ( #7176, #6466 ) ) ;
#2928 = LINE ( 'NONE', #2416, #6451 ) ;
#2929 = DIRECTION ( 'NONE',  ( 0.000000000000000000, -0.7071067811865474617, -0.7071067811865474617 ) ) ;
#2930 = LINE ( 'NONE', #4683, #1877 ) ;
#2931 = CARTESIAN_POINT ( 'NONE',  ( 0.07736768238237999584, -2.200000000000000178, -4.249860751627999811 ) ) ;
#2932 = AXIS2_PLACEMENT_3D ( 'NONE', #3999, #3463, #5134 ) ;
#2933 = LINE ( 'NONE', #2775, #1107 ) ;
#2934 = ORIENTED_EDGE ( 'NONE', *, *, #2757, .T. ) ;
#2935 = DIRECTION ( 'NONE',  ( 0.000000000000000000, 0.000000000000000000, 1.000000000000000000 ) ) ;
#2936 = ORIENTED_EDGE ( 'NONE', *, *, #6898, .T. ) ;
#2937 = DIRECTION ( 'NONE',  ( -1.000000000000000000, 0.000000000000000000, 0.000000000000000000 ) ) ;
#2938 = CARTESIAN_POINT ( 'NONE',  ( 0.1784818660467999973, -2.299999999999999822, -4.532520887255999220 ) ) ;
#2939 = DIRECTION ( 'NONE',  ( 0.000000000000000000, 1.000000000000000000, 0.000000000000000000 ) ) ;
#2940 = EDGE_CURVE ( 'NONE', #6938, #2882, #3050, .T. ) ;
#2941 = ADVANCED_FACE ( 'NONE', ( #2950 ), #1323, .F. ) ;
#2942 = EDGE_CURVE ( 'NONE', #7135, #3759, #6843, .T. ) ;
#2943 = ORIENTED_EDGE ( 'NONE', *, *, #4602, .T. ) ;
#2944 = ORIENTED_EDGE ( 'NONE', *, *, #5183, .T. ) ;
#2945 = EDGE_CURVE ( 'NONE', #3534, #2080, #4081, .T. ) ;
#2946 = AXIS2_PLACEMENT_3D ( 'NONE', #5817, #5884, #4758 ) ;
#2947 = ORIENTED_EDGE ( 'NONE', *, *, #933, .T. ) ;
#2948 = DIRECTION ( 'NONE',  ( 1.000000000000000000, 0.000000000000000000, 0.000000000000000000 ) ) ;
#2949 = DIRECTION ( 'NONE',  ( 0.000000000000000000, -0.7071067811866530439, 0.7071067811864419905 ) ) ;
#2950 = FACE_OUTER_BOUND ( 'NONE', #1005, .T. ) ;
#2951 = EDGE_CURVE ( 'NONE', #4293, #1450, #4493, .T. ) ;
#2952 = VECTOR ( 'NONE', #2510, 1000.000000000000000 ) ;
#2953 = ORIENTED_EDGE ( 'NONE', *, *, #4381, .T. ) ;
#2954 = ORIENTED_EDGE ( 'NONE', *, *, #2194, .F. ) ;
#2955 = ORIENTED_EDGE ( 'NONE', *, *, #2532, .T. ) ;
#2956 = EDGE_CURVE ( 'NONE', #6713, #3076, #3127, .T. ) ;
#2957 = CARTESIAN_POINT ( 'NONE',  ( 4.840557876839999274, -1.699999999999999956, 2.288196601125009888 ) ) ;
#2958 = VECTOR ( 'NONE', #5181, 1000.000000000000000 ) ;
#2959 = EDGE_CURVE ( 'NONE', #5333, #720, #3576, .T. ) ;
#2960 = CYLINDRICAL_SURFACE ( 'NONE', #1183, 0.5000000000000004441 ) ;
#2961 = VECTOR ( 'NONE', #5202, 1000.000000000000114 ) ;
#2962 = DIRECTION ( 'NONE',  ( 0.000000000000000000, 0.000000000000000000, 1.000000000000000000 ) ) ;
#2963 = CARTESIAN_POINT ( 'NONE',  ( -4.658590997241000231, -4.899999999999999467, -3.149999999999999911 ) ) ;
#2964 = ORIENTED_EDGE ( 'NONE', *, *, #4240, .T. ) ;
#2965 = VERTEX_POINT ( 'NONE', #5857 ) ;
#2966 = DIRECTION ( 'NONE',  ( 0.000000000000000000, 0.000000000000000000, -1.000000000000000000 ) ) ;
#2967 = LINE ( 'NONE', #5194, #3038 ) ;
#2968 = FACE_OUTER_BOUND ( 'NONE', #3444, .T. ) ;
#2969 = AXIS2_PLACEMENT_3D ( 'NONE', #6871, #6934, #3054 ) ;
#2970 = CARTESIAN_POINT ( 'NONE',  ( 4.500000000000000000, 2.500000000000000000, 4.875000000000022204 ) ) ;
#2971 = DIRECTION ( 'NONE',  ( 1.000000000000000000, 0.000000000000000000, 0.000000000000000000 ) ) ;
#2972 = VERTEX_POINT ( 'NONE', #4805 ) ;
#2973 = AXIS2_PLACEMENT_3D ( 'NONE', #535, #2699, #1652 ) ;
#2974 = CIRCLE ( 'NONE', #5403, 0.5999999999999998668 ) ;
#2975 = CARTESIAN_POINT ( 'NONE',  ( -5.349999999999999645, 3.299999999999999822, 4.675000000000000711 ) ) ;
#2976 = ORIENTED_EDGE ( 'NONE', *, *, #5042, .T. ) ;
#2977 = DIRECTION ( 'NONE',  ( 0.000000000000000000, 1.000000000000000000, 0.000000000000000000 ) ) ;
#2978 = DIRECTION ( 'NONE',  ( 0.000000000000000000, 0.7071067811865475727, -0.7071067811865475727 ) ) ;
#2979 = CARTESIAN_POINT ( 'NONE',  ( -4.510653744329410131, 3.299999999999999822, 4.675000000000000711 ) ) ;
#2980 = AXIS2_PLACEMENT_3D ( 'NONE', #888, #4161, #3030 ) ;
#2981 = EDGE_LOOP ( 'NONE', ( #6797, #4872, #554, #4003, #4325, #2294 ) ) ;
#2982 = VECTOR ( 'NONE', #1731, 1000.000000000000114 ) ;
#2983 = ORIENTED_EDGE ( 'NONE', *, *, #4107, .T. ) ;
#2984 = EDGE_CURVE ( 'NONE', #2275, #3943, #5796, .T. ) ;
#2985 = ORIENTED_EDGE ( 'NONE', *, *, #3494, .T. ) ;
#2986 = CARTESIAN_POINT ( 'NONE',  ( -0.4000000000000000222, -1.928740671584000088, 5.349999999999999645 ) ) ;
#2987 = CARTESIAN_POINT ( 'NONE',  ( -0.3133008409292000196, -2.299999999999999822, -4.950000000000000178 ) ) ;
#2988 = CARTESIAN_POINT ( 'NONE',  ( -2.125000000000000000, -1.899999999999999911, -2.050000000000000266 ) ) ;
#2989 = DIRECTION ( 'NONE',  ( 1.000000000000000000, 0.000000000000000000, 0.000000000000000000 ) ) ;
#2990 = AXIS2_PLACEMENT_3D ( 'NONE', #3225, #6932, #1504 ) ;
#2991 = ORIENTED_EDGE ( 'NONE', *, *, #2076, .T. ) ;
#2992 = ORIENTED_EDGE ( 'NONE', *, *, #3792, .T. ) ;
#2993 = ORIENTED_EDGE ( 'NONE', *, *, #1465, .F. ) ;
#2994 = EDGE_CURVE ( 'NONE', #6717, #294, #6911, .T. ) ;
#2995 = FACE_OUTER_BOUND ( 'NONE', #1671, .T. ) ;
#2996 = CARTESIAN_POINT ( 'NONE',  ( 4.825000000000000178, -4.899999999999999467, 1.649999999999999911 ) ) ;
#2997 = PLANE ( 'NONE',  #2592 ) ;
#2998 = CARTESIAN_POINT ( 'NONE',  ( 4.825000000000000178, -1.699999999999999956, 1.011803398874989934 ) ) ;
#2999 = DIRECTION ( 'NONE',  ( 1.000000000000000000, 0.000000000000000000, 0.000000000000000000 ) ) ;
#3000 = EDGE_CURVE ( 'NONE', #6359, #5483, #1648, .T. ) ;
#3001 = LINE ( 'NONE', #5146, #2196 ) ;
#3002 = ORIENTED_EDGE ( 'NONE', *, *, #3584, .T. ) ;
#3003 = CARTESIAN_POINT ( 'NONE',  ( 0.8499999999999999778, -2.500000000000000000, 4.649999999999999467 ) ) ;
#3004 = DIRECTION ( 'NONE',  ( 1.000000000000000000, 0.000000000000000000, 0.000000000000000000 ) ) ;
#3005 = DIRECTION ( 'NONE',  ( 1.000000000000000000, 0.000000000000000000, 0.000000000000000000 ) ) ;
#3006 = PLANE ( 'NONE',  #5354 ) ;
#3007 = ADVANCED_FACE ( 'NONE', ( #4151 ), #3021, .F. ) ;
#3008 = ORIENTED_EDGE ( 'NONE', *, *, #5267, .T. ) ;
#3009 = CARTESIAN_POINT ( 'NONE',  ( -2.475000000000000089, -1.899999999999999911, -1.787069746572999884 ) ) ;
#3010 = ORIENTED_EDGE ( 'NONE', *, *, #3690, .T. ) ;
#3011 = CARTESIAN_POINT ( 'NONE',  ( 4.500000000000000000, 2.575000000050999827, 4.950000000051000271 ) ) ;
#3012 = DIRECTION ( 'NONE',  ( 1.000000000000000000, 0.000000000000000000, 0.000000000000000000 ) ) ;
#3013 = DIRECTION ( 'NONE',  ( -5.773159728049999906E-14, 1.000000000000000000, 0.000000000000000000 ) ) ;
#3014 = CYLINDRICAL_SURFACE ( 'NONE', #2261, 0.8500000000000000888 ) ;
#3015 = ORIENTED_EDGE ( 'NONE', *, *, #5481, .F. ) ;
#3016 = ORIENTED_EDGE ( 'NONE', *, *, #1169, .F. ) ;
#3017 = VERTEX_POINT ( 'NONE', #3165 ) ;
#3018 = DIRECTION ( 'NONE',  ( 0.000000000000000000, 0.000000000000000000, 1.000000000000000000 ) ) ;
#3019 = DIRECTION ( 'NONE',  ( 0.000000000000000000, 0.000000000000000000, 1.000000000000000000 ) ) ;
#3020 = CARTESIAN_POINT ( 'NONE',  ( 2.500000000000000000, -1.699999999999999956, 5.799999999999999822 ) ) ;
#3021 = PLANE ( 'NONE',  #2569 ) ;
#3022 = AXIS2_PLACEMENT_3D ( 'NONE', #6699, #1138, #3357 ) ;
#3023 = DIRECTION ( 'NONE',  ( 0.000000000000000000, 1.000000000000000000, 0.000000000000000000 ) ) ;
#3024 = VERTEX_POINT ( 'NONE', #6434 ) ;
#3025 = VERTEX_POINT ( 'NONE', #267 ) ;
#3026 = PLANE ( 'NONE',  #3783 ) ;
#3027 = LINE ( 'NONE', #917, #6358 ) ;
#3028 = LINE ( 'NONE', #5250, #3628 ) ;
#3029 = DIRECTION ( 'NONE',  ( 1.000000000000000000, 0.000000000000000000, 0.000000000000000000 ) ) ;
#3030 = DIRECTION ( 'NONE',  ( 0.000000000000000000, 0.000000000000000000, -1.000000000000000000 ) ) ;
#3031 = DIRECTION ( 'NONE',  ( 0.000000000000000000, 0.000000000000000000, -1.000000000000000000 ) ) ;
#3032 = AXIS2_PLACEMENT_3D ( 'NONE', #4701, #2463, #4636 ) ;
#3033 = EDGE_CURVE ( 'NONE', #2172, #502, #6973, .T. ) ;
#3034 = ADVANCED_FACE ( 'NONE', ( #3062 ), #4218, .T. ) ;
#3035 = DIRECTION ( 'NONE',  ( 1.000000000000000000, 0.000000000000000000, 0.000000000000000000 ) ) ;
#3036 = ORIENTED_EDGE ( 'NONE', *, *, #5811, .T. ) ;
#3037 = CIRCLE ( 'NONE', #2918, 0.5000000000000000000 ) ;
#3038 = VECTOR ( 'NONE', #4650, 1000.000000000000000 ) ;
#3039 = FACE_OUTER_BOUND ( 'NONE', #3708, .T. ) ;
#3040 = DIRECTION ( 'NONE',  ( 0.000000000000000000, 1.000000000000000000, 0.000000000000000000 ) ) ;
#3041 = DIRECTION ( 'NONE',  ( 0.000000000000000000, 0.000000000000000000, 1.000000000000000000 ) ) ;
#3042 = ADVANCED_FACE ( 'NONE', ( #3100 ), #879, .T. ) ;
#3043 = AXIS2_PLACEMENT_3D ( 'NONE', #1966, #788, #5739 ) ;
#3044 = AXIS2_PLACEMENT_3D ( 'NONE', #5773, #6981, #6347 ) ;
#3045 = ORIENTED_EDGE ( 'NONE', *, *, #4987, .T. ) ;
#3046 = ORIENTED_EDGE ( 'NONE', *, *, #933, .F. ) ;
#3047 = ADVANCED_FACE ( 'NONE', ( #5337 ), #6882, .F. ) ;
#3048 = CARTESIAN_POINT ( 'NONE',  ( -2.600000000000000089, 0.2500000000000000000, -1.443649167310000037 ) ) ;
#3049 = CARTESIAN_POINT ( 'NONE',  ( -4.649999999999999467, -1.899999999999999911, -2.500000000000000000 ) ) ;
#3050 = CIRCLE ( 'NONE', #5602, 0.8500000000000000888 ) ;
#3051 = FACE_OUTER_BOUND ( 'NONE', #2845, .T. ) ;
#3052 = AXIS2_PLACEMENT_3D ( 'NONE', #3281, #4265, #1021 ) ;
#3053 = CARTESIAN_POINT ( 'NONE',  ( 4.700000000000000178, -2.200000000000000178, 1.000000000000000000 ) ) ;
#3054 = DIRECTION ( 'NONE',  ( 0.000000000000000000, 0.000000000000000000, -1.000000000000000000 ) ) ;
#3055 = VERTEX_POINT ( 'NONE', #2169 ) ;
#3056 = ORIENTED_EDGE ( 'NONE', *, *, #867, .T. ) ;
#3057 = ORIENTED_EDGE ( 'NONE', *, *, #867, .F. ) ;
#3058 = CARTESIAN_POINT ( 'NONE',  ( -1.906537443294000100, 1.649999999999999911, 5.950000000000000178 ) ) ;
#3059 = FILL_AREA_STYLE_COLOUR ( '', #3184 ) ;
#3060 = ADVANCED_FACE ( 'NONE', ( #5490 ), #4330, .F. ) ;
#3061 = CARTESIAN_POINT ( 'NONE',  ( 0.8349954426310000066, 1.038233069753999871, 5.974000000000000199 ) ) ;
#3062 = FACE_OUTER_BOUND ( 'NONE', #4973, .T. ) ;
#3063 = PLANE ( 'NONE',  #4377 ) ;
#3064 = CARTESIAN_POINT ( 'NONE',  ( 4.100000000000000533, -1.699999999999999956, -5.575000000000000178 ) ) ;
#3065 = AXIS2_PLACEMENT_3D ( 'NONE', #1694, #1764, #6244 ) ;
#3066 = ORIENTED_EDGE ( 'NONE', *, *, #4682, .F. ) ;
#3067 = ORIENTED_EDGE ( 'NONE', *, *, #2370, .F. ) ;
#3068 = DIRECTION ( 'NONE',  ( 0.000000000000000000, 0.000000000000000000, -1.000000000000000000 ) ) ;
#3069 = CARTESIAN_POINT ( 'NONE',  ( 4.999999999999999112, 2.477185478309000377, 5.549999999999999822 ) ) ;
#3070 = CARTESIAN_POINT ( 'NONE',  ( -4.924999999999999822, -4.899999999999999467, -3.750000000000000000 ) ) ;
#3071 = VECTOR ( 'NONE', #2183, 1000.000000000000114 ) ;
#3072 = LINE ( 'NONE', #5281, #2496 ) ;
#3073 = CARTESIAN_POINT ( 'NONE',  ( 0.8000000000000000444, -4.899999999999999467, 5.299999999999999822 ) ) ;
#3074 = EDGE_CURVE ( 'NONE', #262, #3257, #4573, .T. ) ;
#3075 = CIRCLE ( 'NONE', #1343, 0.1499999999999999667 ) ;
#3076 = VERTEX_POINT ( 'NONE', #3883 ) ;
#3077 = CARTESIAN_POINT ( 'NONE',  ( 4.999999999999999112, 2.500000000000000000, 5.549999999999999822 ) ) ;
#3078 = EDGE_CURVE ( 'NONE', #840, #6227, #3810, .T. ) ;
#3079 = EDGE_CURVE ( 'NONE', #5899, #4184, #2813, .T. ) ;
#3080 = FACE_OUTER_BOUND ( 'NONE', #881, .T. ) ;
#3081 = VECTOR ( 'NONE', #3332, 1000.000000000000227 ) ;
#3082 = EDGE_LOOP ( 'NONE', ( #460, #3804, #4261, #4810 ) ) ;
#3083 = VERTEX_POINT ( 'NONE', #6652 ) ;
#3084 = AXIS2_PLACEMENT_3D ( 'NONE', #1210, #2251, #2872 ) ;
#3085 = CARTESIAN_POINT ( 'NONE',  ( 4.825000000000000178, -4.850000000000000533, 1.350000000000000089 ) ) ;
#3086 = EDGE_CURVE ( 'NONE', #3147, #6753, #3275, .T. ) ;
#3087 = CYLINDRICAL_SURFACE ( 'NONE', #5114, 2.000000000000000000 ) ;
#3088 = CARTESIAN_POINT ( 'NONE',  ( 0.2000000000000000111, -1.599999999999999867, 5.000000000000000000 ) ) ;
#3089 = DIRECTION ( 'NONE',  ( 0.000000000000000000, 0.000000000000000000, 1.000000000000000000 ) ) ;
#3090 = AXIS2_PLACEMENT_3D ( 'NONE', #5447, #4943, #7153 ) ;
#3091 = ORIENTED_EDGE ( 'NONE', *, *, #2840, .F. ) ;
#3092 = EDGE_CURVE ( 'NONE', #1345, #6500, #512, .T. ) ;
#3093 = ORIENTED_EDGE ( 'NONE', *, *, #5180, .T. ) ;
#3094 = ORIENTED_EDGE ( 'NONE', *, *, #5732, .F. ) ;
#3095 = AXIS2_PLACEMENT_3D ( 'NONE', #389, #317, #2582 ) ;
#3096 = LINE ( 'NONE', #5208, #2667 ) ;
#3097 = DIRECTION ( 'NONE',  ( 0.000000000000000000, 1.000000000000000000, 0.000000000000000000 ) ) ;
#3098 = VECTOR ( 'NONE', #6200, 1000.000000000000000 ) ;
#3099 = DIRECTION ( 'NONE',  ( 0.000000000000000000, -1.000000000000000000, 0.000000000000000000 ) ) ;
#3100 = FACE_OUTER_BOUND ( 'NONE', #1845, .T. ) ;
#3101 = CARTESIAN_POINT ( 'NONE',  ( 0.3270891200751999683, -2.299999999999999822, -4.950000000000000178 ) ) ;
#3102 = AXIS2_PLACEMENT_3D ( 'NONE', #2859, #4976, #2707 ) ;
#3103 = VERTEX_POINT ( 'NONE', #5998 ) ;
#3104 = EDGE_CURVE ( 'NONE', #2057, #1483, #4409, .T. ) ;
#3105 = ORIENTED_EDGE ( 'NONE', *, *, #1957, .T. ) ;
#3106 = CARTESIAN_POINT ( 'NONE',  ( 0.2000000000000000111, 3.299999999999999822, -3.600000000000000089 ) ) ;
#3107 = VECTOR ( 'NONE', #324, 1000.000000000000000 ) ;
#3108 = CARTESIAN_POINT ( 'NONE',  ( 0.005362112447525990699, -2.299999999999999822, -4.003969365357605170 ) ) ;
#3109 = B_SPLINE_CURVE_WITH_KNOTS ( 'NONE', 3,
 ( #6164, #5110, #2931, #4434 ),
 .UNSPECIFIED., .F., .F.,
 ( 4, 4 ),
 ( 0.000000000000000000, 1.000000000000000000 ),
 .UNSPECIFIED. ) ;
#3110 = VERTEX_POINT ( 'NONE', #3199 ) ;
#3111 = LINE ( 'NONE', #2545, #7115 ) ;
#3112 = CARTESIAN_POINT ( 'NONE',  ( -5.750000000000000000, 3.500000000000000000, -6.949999999999999289 ) ) ;
#3113 = CYLINDRICAL_SURFACE ( 'NONE', #3733, 0.2000000000000000944 ) ;
#3114 = PLANE ( 'NONE',  #3437 ) ;
#3115 = DIRECTION ( 'NONE',  ( 1.000000000000000000, 0.000000000000000000, 0.000000000000000000 ) ) ;
#3116 = ORIENTED_EDGE ( 'NONE', *, *, #7121, .F. ) ;
#3117 = ORIENTED_EDGE ( 'NONE', *, *, #5961, .F. ) ;
#3118 = PLANE ( 'NONE',  #3454 ) ;
#3119 = DIRECTION ( 'NONE',  ( 0.7071067811852975726, 0.7071067811877974618, 0.000000000000000000 ) ) ;
#3120 = ORIENTED_EDGE ( 'NONE', *, *, #5519, .T. ) ;
#3121 = ADVANCED_FACE ( 'NONE', ( #549 ), #1666, .T. ) ;
#3122 = ORIENTED_EDGE ( 'NONE', *, *, #3074, .F. ) ;
#3123 = VERTEX_POINT ( 'NONE', #6066 ) ;
#3124 = VERTEX_POINT ( 'NONE', #1084 ) ;
#3125 = CARTESIAN_POINT ( 'NONE',  ( -2.100000000000000089, -1.500000000000000000, 5.500000000000000000 ) ) ;
#3126 = DIRECTION ( 'NONE',  ( 0.000000000000000000, 0.000000000000000000, -1.000000000000000000 ) ) ;
#3127 = LINE ( 'NONE', #5825, #3856 ) ;
#3128 = DIRECTION ( 'NONE',  ( 0.000000000000000000, 1.000000000000000000, 0.000000000000000000 ) ) ;
#3129 = EDGE_CURVE ( 'NONE', #1113, #5311, #7, .T. ) ;
#3130 = EDGE_LOOP ( 'NONE', ( #4949, #2336, #5374, #2914 ) ) ;
#3131 = ORIENTED_EDGE ( 'NONE', *, *, #220, .T. ) ;
#3132 = CARTESIAN_POINT ( 'NONE',  ( 2.299999999999999822, -1.699999999999999956, 5.799999999999999822 ) ) ;
#3133 = ORIENTED_EDGE ( 'NONE', *, *, #6812, .T. ) ;
#3134 = CARTESIAN_POINT ( 'NONE',  ( 2.750000000000000000, 2.350000000000000089, -6.275000000000000355 ) ) ;
#3135 = ADVANCED_FACE ( 'NONE', ( #5372 ), #2201, .F. ) ;
#3136 = AXIS2_PLACEMENT_3D ( 'NONE', #6525, #1536, #6598 ) ;
#3137 = LINE ( 'NONE', #1492, #3152 ) ;
#3138 = DIRECTION ( 'NONE',  ( 1.000000000000000000, 0.000000000000000000, 0.000000000000000000 ) ) ;
#3139 = ADVANCED_FACE ( 'NONE', ( #2130 ), #5013, .T. ) ;
#3140 = CARTESIAN_POINT ( 'NONE',  ( 4.500000000000000000, 3.077185478309000022, 6.400000000000000355 ) ) ;
#3141 = EDGE_CURVE ( 'NONE', #1729, #3288, #3175, .T. ) ;
#3142 = UNCERTAINTY_MEASURE_WITH_UNIT (LENGTH_MEASURE( 1.000000000000000082E-05 ), #1933, 'distance_accuracy_value', 'NONE');
#3143 = ORIENTED_EDGE ( 'NONE', *, *, #3826, .T. ) ;
#3144 = CARTESIAN_POINT ( 'NONE',  ( -4.658590997241000231, -4.850000000000000533, -3.449999999999999734 ) ) ;
#3145 = CARTESIAN_POINT ( 'NONE',  ( 0.8000000000000000444, -1.928740671584000088, 5.799999999999999822 ) ) ;
#3146 = CARTESIAN_POINT ( 'NONE',  ( 4.500000000000000000, 2.500000000000000000, 5.549999999999999822 ) ) ;
#3147 = VERTEX_POINT ( 'NONE', #46 ) ;
#3148 = ORIENTED_EDGE ( 'NONE', *, *, #5329, .T. ) ;
#3149 = CARTESIAN_POINT ( 'NONE',  ( -4.950000000000000178, -1.899999999999999911, -3.799999999999999822 ) ) ;
#3150 = PLANE ( 'NONE',  #360 ) ;
#3151 = CARTESIAN_POINT ( 'NONE',  ( -4.924999999999999822, -4.850000000000000533, -3.149999999999999911 ) ) ;
#3152 = VECTOR ( 'NONE', #2929, 1000.000000000000114 ) ;
#3153 = LINE ( 'NONE', #6058, #5051 ) ;
#3154 = ORIENTED_EDGE ( 'NONE', *, *, #2081, .T. ) ;
#3155 = VERTEX_POINT ( 'NONE', #4035 ) ;
#3156 = CIRCLE ( 'NONE', #6301, 0.5000000000000004441 ) ;
#3157 = ORIENTED_EDGE ( 'NONE', *, *, #1255, .T. ) ;
#3158 = AXIS2_PLACEMENT_3D ( 'NONE', #1859, #5894, #4080 ) ;
#3159 = ORIENTED_EDGE ( 'NONE', *, *, #506, .T. ) ;
#3160 = CARTESIAN_POINT ( 'NONE',  ( 4.500000000000000000, 3.100000000000000089, 4.700000000000000178 ) ) ;
#3161 = CARTESIAN_POINT ( 'NONE',  ( 0.8000000000000000444, -1.928740671584000088, 5.349999999999999645 ) ) ;
#3162 = LINE ( 'NONE', #2094, #1640 ) ;
#3163 = EDGE_CURVE ( 'NONE', #5564, #1893, #6892, .T. ) ;
#3164 = PLANE ( 'NONE',  #2839 ) ;
#3165 = CARTESIAN_POINT ( 'NONE',  ( -2.149999999999999911, -1.800000000000000044, -0.8499999999999999778 ) ) ;
#3166 = ADVANCED_FACE ( 'NONE', ( #2898 ), #5050, .F. ) ;
#3167 = EDGE_CURVE ( 'NONE', #2395, #1631, #4342, .T. ) ;
#3168 = EDGE_LOOP ( 'NONE', ( #5443, #3697, #6734, #6917, #712, #3604 ) ) ;
#3169 = ORIENTED_EDGE ( 'NONE', *, *, #6621, .T. ) ;
#3170 = CARTESIAN_POINT ( 'NONE',  ( 4.575000000000000178, -1.800000000000000044, 0.9000000000000000222 ) ) ;
#3171 = CARTESIAN_POINT ( 'NONE',  ( 5.299999999999999822, 2.500000000000000000, -4.975000000000000533 ) ) ;
#3172 = EDGE_CURVE ( 'NONE', #4700, #2515, #1160, .T. ) ;
#3173 = CARTESIAN_POINT ( 'NONE',  ( -4.299999999999999822, 2.649999999999999911, 5.549999999999999822 ) ) ;
#3174 = EDGE_CURVE ( 'NONE', #4008, #262, #4592, .T. ) ;
#3175 = CIRCLE ( 'NONE', #3748, 1.800000000000000044 ) ;
#3176 = ADVANCED_FACE ( 'NONE', ( #727 ), #5717, .F. ) ;
#3177 = ORIENTED_EDGE ( 'NONE', *, *, #6541, .F. ) ;
#3178 = DIRECTION ( 'NONE',  ( 0.000000000000000000, 0.000000000000000000, 1.000000000000000000 ) ) ;
#3179 = CIRCLE ( 'NONE', #1440, 0.2000000000000000944 ) ;
#3180 = LINE ( 'NONE', #2478, #2844 ) ;
#3181 = CARTESIAN_POINT ( 'NONE',  ( 4.825000000000000178, -1.800000000000000044, 2.250000000000000000 ) ) ;
#3182 = CARTESIAN_POINT ( 'NONE',  ( 3.449999999187000288, 2.349999999991999822, 4.799999999991999999 ) ) ;
#3183 = DIRECTION ( 'NONE',  ( 1.000000000000000000, 0.000000000000000000, 0.000000000000000000 ) ) ;
#3184 = COLOUR_RGB ( '',0.7921568627450980005, 0.8196078431372548767, 0.9333333333333333481 ) ;
#3185 = VERTEX_POINT ( 'NONE', #6835 ) ;
#3186 = EDGE_CURVE ( 'NONE', #3518, #3366, #1854, .T. ) ;
#3187 = ORIENTED_EDGE ( 'NONE', *, *, #1847, .F. ) ;
#3188 = PLANE ( 'NONE',  #5185 ) ;
#3189 = DIRECTION ( 'NONE',  ( -0.7071067811865474617, -0.7071067811865474617, 0.000000000000000000 ) ) ;
#3190 = AXIS2_PLACEMENT_3D ( 'NONE', #5175, #1780, #6805 ) ;
#3191 = CARTESIAN_POINT ( 'NONE',  ( -5.100000000000000533, 2.350000000000000089, -6.125000000000000000 ) ) ;
#3192 = VERTEX_POINT ( 'NONE', #3348 ) ;
#3193 = CIRCLE ( 'NONE', #986, 2.100000000000000089 ) ;
#3194 = ORIENTED_EDGE ( 'NONE', *, *, #498, .F. ) ;
#3195 = ORIENTED_EDGE ( 'NONE', *, *, #4740, .T. ) ;
#3196 = ORIENTED_EDGE ( 'NONE', *, *, #470, .F. ) ;
#3197 = CARTESIAN_POINT ( 'NONE',  ( 0.2000000000000000111, 0.5000000000000000000, 5.950000000000000178 ) ) ;
#3198 = CARTESIAN_POINT ( 'NONE',  ( -4.799999999999999822, -3.350000000000000089, -3.750000000000000000 ) ) ;
#3199 = CARTESIAN_POINT ( 'NONE',  ( -0.4000000000000000222, -2.000000000000000000, 5.500000000000000000 ) ) ;
#3200 = CARTESIAN_POINT ( 'NONE',  ( -2.649999999999999911, -1.699999999999999956, 4.649999999999999467 ) ) ;
#3201 = VECTOR ( 'NONE', #4401, 1000.000000000000000 ) ;
#3202 = ORIENTED_EDGE ( 'NONE', *, *, #4983, .F. ) ;
#3203 = VECTOR ( 'NONE', #1940, 1000.000000000000000 ) ;
#3204 = CARTESIAN_POINT ( 'NONE',  ( -5.250000000000000000, -1.699999999999999956, -2.500000000000000000 ) ) ;
#3205 = VECTOR ( 'NONE', #2367, 1000.000000000000000 ) ;
#3206 = EDGE_LOOP ( 'NONE', ( #3465, #3865, #7039, #2195 ) ) ;
#3207 = DIRECTION ( 'NONE',  ( 0.000000000000000000, 1.000000000000000000, 0.000000000000000000 ) ) ;
#3208 = CARTESIAN_POINT ( 'NONE',  ( -5.349999999999999645, -1.699999999999999956, 4.675000000000000711 ) ) ;
#3209 = PLANE ( 'NONE',  #5852 ) ;
#3210 = DIRECTION ( 'NONE',  ( 0.000000000000000000, 0.000000000000000000, 1.000000000000000000 ) ) ;
#3211 = VECTOR ( 'NONE', #688, 1000.000000000000000 ) ;
#3212 = EDGE_LOOP ( 'NONE', ( #1344, #6390, #4486, #6634 ) ) ;
#3213 = ADVANCED_FACE ( 'NONE', ( #4522 ), #6720, .F. ) ;
#3214 = EDGE_CURVE ( 'NONE', #4309, #6581, #6683, .T. ) ;
#3215 = ORIENTED_EDGE ( 'NONE', *, *, #1158, .F. ) ;
#3216 = AXIS2_PLACEMENT_3D ( 'NONE', #1426, #4673, #5312 ) ;
#3217 = CARTESIAN_POINT ( 'NONE',  ( -1.899999999999999911, -1.800000000000000044, 5.799999999999999822 ) ) ;
#3218 = CARTESIAN_POINT ( 'NONE',  ( -2.877762515837999580, -1.500000000000000000, 5.799999999999999822 ) ) ;
#3219 = DIRECTION ( 'NONE',  ( 0.000000000000000000, -1.000000000000000000, 0.000000000000000000 ) ) ;
#3220 = LINE ( 'NONE', #925, #1056 ) ;
#3221 = ADVANCED_FACE ( 'NONE', ( #5083 ), #803, .T. ) ;
#3222 = FACE_OUTER_BOUND ( 'NONE', #678, .T. ) ;
#3223 = ORIENTED_EDGE ( 'NONE', *, *, #3922, .F. ) ;
#3224 = VERTEX_POINT ( 'NONE', #2979 ) ;
#3225 = CARTESIAN_POINT ( 'NONE',  ( 0.2000000000000000111, 0.5000000000000000000, 4.850000000000000533 ) ) ;
#3226 = DIRECTION ( 'NONE',  ( 0.000000000000000000, 1.000000000000000000, 0.000000000000000000 ) ) ;
#3227 = CARTESIAN_POINT ( 'NONE',  ( -1.449999999999999956, 2.500000000000000000, -6.424999999999999822 ) ) ;
#3228 = DIRECTION ( 'NONE',  ( 0.000000000000000000, 1.000000000000000000, 0.000000000000000000 ) ) ;
#3229 = EDGE_CURVE ( 'NONE', #6117, #4830, #6329, .T. ) ;
#3230 = ORIENTED_EDGE ( 'NONE', *, *, #5616, .T. ) ;
#3231 = ORIENTED_EDGE ( 'NONE', *, *, #1072, .T. ) ;
#3232 = ORIENTED_EDGE ( 'NONE', *, *, #4594, .F. ) ;
#3233 = ORIENTED_EDGE ( 'NONE', *, *, #6114, .T. ) ;
#3234 = DIRECTION ( 'NONE',  ( 0.000000000000000000, 0.000000000000000000, -1.000000000000000000 ) ) ;
#3235 = DIRECTION ( 'NONE',  ( -1.000000000000000000, 0.000000000000000000, 0.000000000000000000 ) ) ;
#3236 = CYLINDRICAL_SURFACE ( 'NONE', #5731, 0.8999999999999998002 ) ;
#3237 = CARTESIAN_POINT ( 'NONE',  ( 0.5000000000000000000, -4.850000000000000533, 5.000000000000000000 ) ) ;
#3238 = CARTESIAN_POINT ( 'NONE',  ( -2.599999999999991207, -1.775000000000009015, -1.320495392440820259 ) ) ;
#3239 = VERTEX_POINT ( 'NONE', #5790 ) ;
#3240 = ORIENTED_EDGE ( 'NONE', *, *, #2175, .F. ) ;
#3241 = CARTESIAN_POINT ( 'NONE',  ( -5.349999999999999645, 3.299999999999999822, 4.675000000000000711 ) ) ;
#3242 = FACE_BOUND ( 'NONE', #2014, .T. ) ;
#3243 = FACE_OUTER_BOUND ( 'NONE', #7029, .T. ) ;
#3244 = ORIENTED_EDGE ( 'NONE', *, *, #214, .F. ) ;
#3245 = CARTESIAN_POINT ( 'NONE',  ( 4.825000000000000178, -4.850000000000000533, 1.949999999999999956 ) ) ;
#3246 = ORIENTED_EDGE ( 'NONE', *, *, #1324, .F. ) ;
#3247 = CARTESIAN_POINT ( 'NONE',  ( -2.149999999999999911, -1.800000000000000044, -0.6999999999999999556 ) ) ;
#3248 = FACE_BOUND ( 'NONE', #7000, .T. ) ;
#3249 = CARTESIAN_POINT ( 'NONE',  ( 0.2000000000000000111, -2.391276827538000305, 5.494761275728999195 ) ) ;
#3250 = DIRECTION ( 'NONE',  ( 0.000000000000000000, 0.000000000000000000, -1.000000000000000000 ) ) ;
#3251 = EDGE_CURVE ( 'NONE', #6427, #2732, #835, .T. ) ;
#3252 = DIRECTION ( 'NONE',  ( -1.000000000000000000, 0.000000000000000000, 0.000000000000000000 ) ) ;
#3253 = AXIS2_PLACEMENT_3D ( 'NONE', #2600, #2167, #2565 ) ;
#3254 = CARTESIAN_POINT ( 'NONE',  ( 0.005362112447553000344, -2.299999999999999822, -4.003969365357999521 ) ) ;
#3255 = EDGE_CURVE ( 'NONE', #6220, #6117, #1888, .T. ) ;
#3256 = VERTEX_POINT ( 'NONE', #3662 ) ;
#3257 = VERTEX_POINT ( 'NONE', #3088 ) ;
#3258 = AXIS2_PLACEMENT_3D ( 'NONE', #905, #3119, #6996 ) ;
#3259 = CARTESIAN_POINT ( 'NONE',  ( 0.8499999999999999778, -2.350000000000000089, -4.400000000000000355 ) ) ;
#3260 = FACE_OUTER_BOUND ( 'NONE', #1069, .T. ) ;
#3261 = EDGE_CURVE ( 'NONE', #3524, #778, #6661, .T. ) ;
#3262 = CARTESIAN_POINT ( 'NONE',  ( -0.4000000000000000222, -2.045017499121999816, 5.444761275728999372 ) ) ;
#3263 = CIRCLE ( 'NONE', #5718, 0.1499999999999999667 ) ;
#3264 = ORIENTED_EDGE ( 'NONE', *, *, #6041, .F. ) ;
#3265 = EDGE_CURVE ( 'NONE', #6259, #652, #359, .T. ) ;
#3266 = ORIENTED_EDGE ( 'NONE', *, *, #1377, .F. ) ;
#3267 = ORIENTED_EDGE ( 'NONE', *, *, #1686, .F. ) ;
#3268 = CARTESIAN_POINT ( 'NONE',  ( -2.125000000000000000, -2.500000000000000000, -0.8499999999999999778 ) ) ;
#3269 = EDGE_CURVE ( 'NONE', #5471, #3524, #1435, .T. ) ;
#3270 = ORIENTED_EDGE ( 'NONE', *, *, #2400, .F. ) ;
#3271 = DIRECTION ( 'NONE',  ( 1.000000000000000000, 0.000000000000000000, 0.000000000000000000 ) ) ;
#3272 = CARTESIAN_POINT ( 'NONE',  ( -1.699999999999999956, -1.800000000000000044, 5.500000000000000000 ) ) ;
#3273 = LINE ( 'NONE', #2602, #1758 ) ;
#3274 = DIRECTION ( 'NONE',  ( 0.000000000000000000, 0.000000000000000000, 1.000000000000000000 ) ) ;
#3275 = LINE ( 'NONE', #6612, #1897 ) ;
#3276 = CARTESIAN_POINT ( 'NONE',  ( -1.449999999999999956, 2.500000000000000000, -6.424999999999999822 ) ) ;
#3277 = VECTOR ( 'NONE', #538, 1000.000000000000000 ) ;
#3278 = AXIS2_PLACEMENT_3D ( 'NONE', #1048, #6611, #1624 ) ;
#3279 = ORIENTED_EDGE ( 'NONE', *, *, #5180, .F. ) ;
#3280 = ORIENTED_EDGE ( 'NONE', *, *, #646, .F. ) ;
#3281 = CARTESIAN_POINT ( 'NONE',  ( 0.2000000000000000111, 3.500000000000000000, -4.450000000000000178 ) ) ;
#3282 = CARTESIAN_POINT ( 'NONE',  ( 5.750000000000000000, -2.500000000000000000, 6.949999999999999289 ) ) ;
#3283 = DIRECTION ( 'NONE',  ( -0.000000000000000000, 1.000000000000000000, 0.000000000000000000 ) ) ;
#3284 = CARTESIAN_POINT ( 'NONE',  ( 5.299999999999999822, 2.500000000000000000, -1.550000000000000044 ) ) ;
#3285 = LINE ( 'NONE', #55, #2238 ) ;
#3286 = CIRCLE ( 'NONE', #2689, 0.2999999999999999334 ) ;
#3287 = DIRECTION ( 'NONE',  ( 1.000000000000000000, 0.000000000000000000, 0.000000000000000000 ) ) ;
#3288 = VERTEX_POINT ( 'NONE', #6388 ) ;
#3289 = CARTESIAN_POINT ( 'NONE',  ( 4.500000000000000000, 3.500000000000000000, 5.549999999999999822 ) ) ;
#3290 = LINE ( 'NONE', #3402, #5391 ) ;
#3291 = DIRECTION ( 'NONE',  ( 1.000000000000000000, 0.000000000000000000, 0.000000000000000000 ) ) ;
#3292 = CARTESIAN_POINT ( 'NONE',  ( 3.399999999999999911, 2.399999999999999911, 5.799999999999999822 ) ) ;
#3293 = EDGE_CURVE ( 'NONE', #2124, #5613, #5847, .T. ) ;
#3294 = DIRECTION ( 'NONE',  ( 0.000000000000000000, 0.000000000000000000, 1.000000000000000000 ) ) ;
#3295 = AXIS2_PLACEMENT_3D ( 'NONE', #190, #5601, #2390 ) ;
#3296 = ADVANCED_FACE ( 'NONE', ( #4248 ), #227, .F. ) ;
#3297 = EDGE_LOOP ( 'NONE', ( #1139, #3569, #6429, #6791 ) ) ;
#3298 = ORIENTED_EDGE ( 'NONE', *, *, #1670, .F. ) ;
#3299 = EDGE_CURVE ( 'NONE', #51, #6239, #1328, .T. ) ;
#3300 = DIRECTION ( 'NONE',  ( -1.000000000000000000, 0.000000000000000000, 7.502495993580000853E-14 ) ) ;
#3301 = DIRECTION ( 'NONE',  ( 0.5547001962240989403, 0.8320502943385971184, 0.000000000000000000 ) ) ;
#3302 = CARTESIAN_POINT ( 'NONE',  ( 4.850000000000000533, -1.899999999999999911, 2.299999999999999822 ) ) ;
#3303 = AXIS2_PLACEMENT_3D ( 'NONE', #894, #3178, #7093 ) ;
#3304 = VERTEX_POINT ( 'NONE', #4660 ) ;
#3305 = ORIENTED_EDGE ( 'NONE', *, *, #1773, .F. ) ;
#3306 = EDGE_CURVE ( 'NONE', #4968, #330, #5235, .T. ) ;
#3307 = ORIENTED_EDGE ( 'NONE', *, *, #498, .T. ) ;
#3308 = EDGE_CURVE ( 'NONE', #6141, #5416, #3599, .T. ) ;
#3309 = DIRECTION ( 'NONE',  ( 0.000000000000000000, 0.000000000000000000, 1.000000000000000000 ) ) ;
#3310 = DIRECTION ( 'NONE',  ( -1.000000000000000000, 0.000000000000000000, 0.000000000000000000 ) ) ;
#3311 = FACE_OUTER_BOUND ( 'NONE', #106, .T. ) ;
#3312 = EDGE_CURVE ( 'NONE', #4499, #1466, #3799, .T. ) ;
#3313 = CARTESIAN_POINT ( 'NONE',  ( -4.675000000000000711, -1.699999999999999956, -3.788196601125009888 ) ) ;
#3314 = AXIS2_PLACEMENT_3D ( 'NONE', #654, #1850, #4068 ) ;
#3315 = EDGE_CURVE ( 'NONE', #947, #375, #6426, .T. ) ;
#3316 = VERTEX_POINT ( 'NONE', #2121 ) ;
#3317 = VERTEX_POINT ( 'NONE', #4934 ) ;
#3318 = ORIENTED_EDGE ( 'NONE', *, *, #5113, .T. ) ;
#3319 = DIRECTION ( 'NONE',  ( -0.000000000000000000, 1.000000000000000000, 0.000000000000000000 ) ) ;
#3320 = CARTESIAN_POINT ( 'NONE',  ( -2.350000000000000089, 2.399999999999999911, 5.649999999999999467 ) ) ;
#3321 = VECTOR ( 'NONE', #6104, 1000.000000000000000 ) ;
#3322 = LINE ( 'NONE', #4299, #6050 ) ;
#3323 = DIRECTION ( 'NONE',  ( 0.000000000000000000, 0.000000000000000000, 1.000000000000000000 ) ) ;
#3324 = DIRECTION ( 'NONE',  ( 1.000000000000000000, 0.000000000000000000, 0.000000000000000000 ) ) ;
#3325 = EDGE_CURVE ( 'NONE', #2515, #4309, #6077, .T. ) ;
#3326 = VERTEX_POINT ( 'NONE', #3262 ) ;
#3327 = VECTOR ( 'NONE', #4245, 1000.000000000000000 ) ;
#3328 = CIRCLE ( 'NONE', #2145, 0.1499999999999999667 ) ;
#3329 = CARTESIAN_POINT ( 'NONE',  ( 4.250000000000000000, -1.699999999999999956, 2.500000000000000000 ) ) ;
#3330 = ORIENTED_EDGE ( 'NONE', *, *, #5293, .F. ) ;
#3331 = DIRECTION ( 'NONE',  ( 0.000000000000000000, 0.000000000000000000, 1.000000000000000000 ) ) ;
#3332 = DIRECTION ( 'NONE',  ( -0.3672549690623789220, 0.000000000000000000, 0.9301203081854469978 ) ) ;
#3333 = AXIS2_PLACEMENT_3D ( 'NONE', #1598, #4453, #6660 ) ;
#3334 = LINE ( 'NONE', #4538, #4784 ) ;
#3335 = DIRECTION ( 'NONE',  ( 1.000000000000000000, 0.000000000000000000, 0.000000000000000000 ) ) ;
#3336 = VECTOR ( 'NONE', #1932, 1000.000000000000000 ) ;
#3337 = ORIENTED_EDGE ( 'NONE', *, *, #6987, .F. ) ;
#3338 = CARTESIAN_POINT ( 'NONE',  ( 0.2857242237777000149, -2.250000000000000000, -4.833948469906999890 ) ) ;
#3339 = FACE_OUTER_BOUND ( 'NONE', #4147, .T. ) ;
#3340 = CARTESIAN_POINT ( 'NONE',  ( 0.2000000000000000111, 3.500000000000000000, -4.450000000000000178 ) ) ;
#3341 = DIRECTION ( 'NONE',  ( 1.000000000000000000, 0.000000000000000000, 0.000000000000000000 ) ) ;
#3342 = DIRECTION ( 'NONE',  ( 0.000000000000000000, 0.000000000000000000, 1.000000000000000000 ) ) ;
#3343 = VERTEX_POINT ( 'NONE', #6055 ) ;
#3344 = VERTEX_POINT ( 'NONE', #5950 ) ;
#3345 = LINE ( 'NONE', #83, #5999 ) ;
#3346 = LINE ( 'NONE', #5561, #4001 ) ;
#3347 = DIRECTION ( 'NONE',  ( 1.000000000000000000, 0.000000000000000000, 0.000000000000000000 ) ) ;
#3348 = CARTESIAN_POINT ( 'NONE',  ( -0.4000000000000000222, -1.928740671584000088, 5.799999999999999822 ) ) ;
#3349 = EDGE_CURVE ( 'NONE', #2630, #3155, #6655, .T. ) ;
#3350 = ORIENTED_EDGE ( 'NONE', *, *, #2359, .F. ) ;
#3351 = VERTEX_POINT ( 'NONE', #968 ) ;
#3352 = ORIENTED_EDGE ( 'NONE', *, *, #1530, .F. ) ;
#3353 = DIRECTION ( 'NONE',  ( 1.000000000000000000, -1.467425215157000219E-14, 0.000000000000000000 ) ) ;
#3354 = DIRECTION ( 'NONE',  ( 1.000000000000000000, 0.000000000000000000, 0.000000000000000000 ) ) ;
#3355 = CARTESIAN_POINT ( 'NONE',  ( -2.149999999999999911, 2.500000000000000000, 5.950000000000000178 ) ) ;
#3356 = CARTESIAN_POINT ( 'NONE',  ( -4.299999999999999822, 3.500000000000000000, 4.700000000000000178 ) ) ;
#3357 = DIRECTION ( 'NONE',  ( -0.9889363528683650095, -0.1483404529297947250, 0.000000000000000000 ) ) ;
#3358 = VERTEX_POINT ( 'NONE', #3227 ) ;
#3359 = EDGE_CURVE ( 'NONE', #7082, #6392, #6566, .T. ) ;
#3360 = EDGE_CURVE ( 'NONE', #5150, #4911, #4400, .T. ) ;
#3361 = CARTESIAN_POINT ( 'NONE',  ( -4.825000000000000178, 3.100000000000000089, 5.549999999999999822 ) ) ;
#3362 = CARTESIAN_POINT ( 'NONE',  ( 4.000000000000000000, 2.500000000000000000, 5.549999999999999822 ) ) ;
#3363 = CARTESIAN_POINT ( 'NONE',  ( 0.1757717520002999856, -0.8499999999999999778, 4.750000000000000000 ) ) ;
#3364 = AXIS2_PLACEMENT_3D ( 'NONE', #3405, #6706, #1755 ) ;
#3365 = DIRECTION ( 'NONE',  ( 0.000000000000000000, 0.000000000000000000, 1.000000000000000000 ) ) ;
#3366 = VERTEX_POINT ( 'NONE', #7140 ) ;
#3367 = VERTEX_POINT ( 'NONE', #6604 ) ;
#3368 = CARTESIAN_POINT ( 'NONE',  ( 4.500000000000000000, 2.649999999999999911, 5.549999999999999822 ) ) ;
#3369 = CARTESIAN_POINT ( 'NONE',  ( 5.049999999999999822, 2.200000000000000178, -6.125000000000000000 ) ) ;
#3370 = AXIS2_PLACEMENT_3D ( 'NONE', #1587, #1548, #3271 ) ;
#3371 = CARTESIAN_POINT ( 'NONE',  ( 0.004213083907949999318, -2.250000000000000000, -4.532520887255999220 ) ) ;
#3372 = VERTEX_POINT ( 'NONE', #2633 ) ;
#3373 = VECTOR ( 'NONE', #4825, 1000.000000000000000 ) ;
#3374 = ORIENTED_EDGE ( 'NONE', *, *, #1177, .F. ) ;
#3375 = CARTESIAN_POINT ( 'NONE',  ( 4.100000000000000533, -1.899999999999999911, -5.774999999999999467 ) ) ;
#3376 = FACE_BOUND ( 'NONE', #2375, .T. ) ;
#3377 = AXIS2_PLACEMENT_3D ( 'NONE', #586, #556, #5055 ) ;
#3378 = AXIS2_PLACEMENT_3D ( 'NONE', #1810, #4138, #4172 ) ;
#3379 = CARTESIAN_POINT ( 'NONE',  ( -3.225000000000000089, 0.1000000000000000056, 5.649999999999999467 ) ) ;
#3380 = ORIENTED_EDGE ( 'NONE', *, *, #4166, .F. ) ;
#3381 = VECTOR ( 'NONE', #5358, 1000.000000000000000 ) ;
#3382 = ORIENTED_EDGE ( 'NONE', *, *, #6621, .F. ) ;
#3383 = EDGE_CURVE ( 'NONE', #4051, #2522, #2117, .T. ) ;
#3384 = ORIENTED_EDGE ( 'NONE', *, *, #4853, .T. ) ;
#3385 = LINE ( 'NONE', #5607, #3835 ) ;
#3386 = DIRECTION ( 'NONE',  ( 1.000000000000000000, 0.000000000000000000, 0.000000000000000000 ) ) ;
#3387 = ADVANCED_FACE ( 'NONE', ( #2193 ), #6462, .F. ) ;
#3388 = PLANE ( 'NONE',  #1305 ) ;
#3389 = LINE ( 'NONE', #161, #6985 ) ;
#3390 = DIRECTION ( 'NONE',  ( 1.000000000000000000, 0.000000000000000000, 0.000000000000000000 ) ) ;
#3391 = DIRECTION ( 'NONE',  ( -1.000000000000000000, 0.000000000000000000, 0.000000000000000000 ) ) ;
#3392 = CIRCLE ( 'NONE', #5253, 0.1499999999999999667 ) ;
#3393 = VECTOR ( 'NONE', #5089, 1000.000000000000000 ) ;
#3394 = ORIENTED_EDGE ( 'NONE', *, *, #4389, .T. ) ;
#3395 = DIRECTION ( 'NONE',  ( 0.000000000000000000, 0.7071067811865975328, -0.7071067811864976127 ) ) ;
#3396 = ORIENTED_EDGE ( 'NONE', *, *, #2148, .T. ) ;
#3397 = EDGE_CURVE ( 'NONE', #3103, #2672, #3531, .T. ) ;
#3398 = VECTOR ( 'NONE', #7162, 1000.000000000000000 ) ;
#3399 = CARTESIAN_POINT ( 'NONE',  ( 4.500000000000000000, 2.477185478309000377, 5.549999999999999822 ) ) ;
#3400 = EDGE_CURVE ( 'NONE', #3894, #631, #6530, .T. ) ;
#3401 =( GEOMETRIC_REPRESENTATION_CONTEXT ( 3 ) GLOBAL_UNCERTAINTY_ASSIGNED_CONTEXT ( ( #3142 ) ) GLOBAL_UNIT_ASSIGNED_CONTEXT ( ( #1933, #307, #1901 ) ) REPRESENTATION_CONTEXT ( 'NONE', 'WORKASPACE' ) );
#3402 = CARTESIAN_POINT ( 'NONE',  ( 3.625000000000000000, -2.100000000000000089, 5.825000000000000178 ) ) ;
#3403 = CARTESIAN_POINT ( 'NONE',  ( 5.750000000000000000, 3.500000000000000000, 6.949999999999999289 ) ) ;
#3404 = ADVANCED_FACE ( 'NONE', ( #684 ), #3911, .F. ) ;
#3405 = CARTESIAN_POINT ( 'NONE',  ( 0.8000000000000000444, -2.621259328415999956, 5.450000000000000178 ) ) ;
#3406 = DIRECTION ( 'NONE',  ( 0.000000000000000000, 0.000000000000000000, 1.000000000000000000 ) ) ;
#3407 = ORIENTED_EDGE ( 'NONE', *, *, #5882, .F. ) ;
#3408 = VERTEX_POINT ( 'NONE', #1803 ) ;
#3409 = CARTESIAN_POINT ( 'NONE',  ( 0.5875347804278000519, -2.299999999999999822, -4.950000000000000178 ) ) ;
#3410 = PLANE ( 'NONE',  #6395 ) ;
#3411 = DIRECTION ( 'NONE',  ( 1.000000000000000000, 0.000000000000000000, 0.000000000000000000 ) ) ;
#3412 = CIRCLE ( 'NONE', #6195, 0.8999999999999998002 ) ;
#3413 = ORIENTED_EDGE ( 'NONE', *, *, #721, .T. ) ;
#3414 = ORIENTED_EDGE ( 'NONE', *, *, #3584, .F. ) ;
#3415 = DIRECTION ( 'NONE',  ( -1.000000000000000000, 0.000000000000000000, 0.000000000000000000 ) ) ;
#3416 = DIRECTION ( 'NONE',  ( -1.000000000000000000, 0.000000000000000000, 0.000000000000000000 ) ) ;
#3417 = CIRCLE ( 'NONE', #6320, 0.2000000000000000944 ) ;
#3418 = FACE_OUTER_BOUND ( 'NONE', #135, .T. ) ;
#3419 = CARTESIAN_POINT ( 'NONE',  ( -4.675000000000000711, -1.800000000000000044, -3.750000000000000000 ) ) ;
#3420 = VECTOR ( 'NONE', #3605, 1000.000000000000000 ) ;
#3421 = ORIENTED_EDGE ( 'NONE', *, *, #5918, .T. ) ;
#3422 = EDGE_LOOP ( 'NONE', ( #6908, #1405, #3545, #3685 ) ) ;
#3423 = ORIENTED_EDGE ( 'NONE', *, *, #1294, .T. ) ;
#3424 = CARTESIAN_POINT ( 'NONE',  ( 4.825000000000000178, -4.850000000000000533, 1.649999999999999911 ) ) ;
#3425 = CARTESIAN_POINT ( 'NONE',  ( -2.461083660708000220, -1.800000000000000044, -0.6999999999999999556 ) ) ;
#3426 = DIRECTION ( 'NONE',  ( 0.000000000000000000, 1.000000000000000000, 0.000000000000000000 ) ) ;
#3427 = DIRECTION ( 'NONE',  ( 0.000000000000000000, 0.000000000000000000, -1.000000000000000000 ) ) ;
#3428 = AXIS2_PLACEMENT_3D ( 'NONE', #2185, #2258, #2835 ) ;
#3429 = LINE ( 'NONE', #2911, #531 ) ;
#3430 = ORIENTED_EDGE ( 'NONE', *, *, #6469, .F. ) ;
#3431 = ORIENTED_EDGE ( 'NONE', *, *, #5961, .T. ) ;
#3432 = CIRCLE ( 'NONE', #1684, 0.2999999999999999889 ) ;
#3433 = ORIENTED_EDGE ( 'NONE', *, *, #3141, .F. ) ;
#3434 = LINE ( 'NONE', #2876, #5632 ) ;
#3435 = DIRECTION ( 'NONE',  ( 0.000000000000000000, 0.000000000000000000, 1.000000000000000000 ) ) ;
#3436 = CARTESIAN_POINT ( 'NONE',  ( 0.000000000000000000, 0.000000000000000000, 4.675000000000000711 ) ) ;
#3437 = AXIS2_PLACEMENT_3D ( 'NONE', #3182, #6487, #319 ) ;
#3438 = EDGE_CURVE ( 'NONE', #4110, #5734, #6093, .T. ) ;
#3439 = LINE ( 'NONE', #6009, #3495 ) ;
#3440 = FACE_OUTER_BOUND ( 'NONE', #922, .T. ) ;
#3441 = VERTEX_POINT ( 'NONE', #1111 ) ;
#3442 = VERTEX_POINT ( 'NONE', #2774 ) ;
#3443 = CIRCLE ( 'NONE', #5291, 0.8500000000000000888 ) ;
#3444 = EDGE_LOOP ( 'NONE', ( #6257, #4118, #5457, #3591 ) ) ;
#3445 = CIRCLE ( 'NONE', #3333, 1.800000000000000044 ) ;
#3446 = CARTESIAN_POINT ( 'NONE',  ( -2.649999999999999911, 2.500000000000000000, 5.275000000000000355 ) ) ;
#3447 = DIRECTION ( 'NONE',  ( 0.000000000000000000, 0.000000000000000000, 1.000000000000000000 ) ) ;
#3448 = CARTESIAN_POINT ( 'NONE',  ( -5.250000000000000000, 2.500000000000000000, -6.125000000000000000 ) ) ;
#3449 = ADVANCED_FACE ( 'NONE', ( #5631 ), #181, .T. ) ;
#3450 = AXIS2_PLACEMENT_3D ( 'NONE', #1900, #7011, #816 ) ;
#3451 = EDGE_LOOP ( 'NONE', ( #2064, #5502, #2659, #4706 ) ) ;
#3452 = ORIENTED_EDGE ( 'NONE', *, *, #5642, .F. ) ;
#3453 = DIRECTION ( 'NONE',  ( 0.000000000000000000, -1.000000000000000000, 0.000000000000000000 ) ) ;
#3454 = AXIS2_PLACEMENT_3D ( 'NONE', #3631, #1947, #5437 ) ;
#3455 = CARTESIAN_POINT ( 'NONE',  ( -2.449999999999999734, -1.800000000000000044, -0.6999999999999999556 ) ) ;
#3456 = DIRECTION ( 'NONE',  ( 0.000000000000000000, 1.000000000000000000, 0.000000000000000000 ) ) ;
#3457 = VERTEX_POINT ( 'NONE', #3948 ) ;
#3458 = EDGE_LOOP ( 'NONE', ( #4679, #6645, #4064, #4466 ) ) ;
#3459 = ORIENTED_EDGE ( 'NONE', *, *, #3308, .F. ) ;
#3460 = FACE_OUTER_BOUND ( 'NONE', #6456, .T. ) ;
#3461 = PLANE ( 'NONE',  #7008 ) ;
#3462 = DIRECTION ( 'NONE',  ( 0.000000000000000000, 0.000000000000000000, 1.000000000000000000 ) ) ;
#3463 = DIRECTION ( 'NONE',  ( 0.000000000000000000, 0.000000000000000000, 1.000000000000000000 ) ) ;
#3464 = CARTESIAN_POINT ( 'NONE',  ( 0.8239999999999999547, -2.621259328415999956, 5.450000000000000178 ) ) ;
#3465 = ORIENTED_EDGE ( 'NONE', *, *, #2766, .F. ) ;
#3466 = ORIENTED_EDGE ( 'NONE', *, *, #6010, .T. ) ;
#3467 = EDGE_LOOP ( 'NONE', ( #5141, #6862 ) ) ;
#3468 = DIRECTION ( 'NONE',  ( -1.000000000000000000, 0.000000000000000000, 0.000000000000000000 ) ) ;
#3469 = DIRECTION ( 'NONE',  ( 0.000000000000000000, 0.000000000000000000, 1.000000000000000000 ) ) ;
#3470 = CARTESIAN_POINT ( 'NONE',  ( 5.200000000000000178, 2.350000000000000089, -6.125000000000000000 ) ) ;
#3471 = CARTESIAN_POINT ( 'NONE',  ( 4.850000000000000533, -2.500000000000000000, 1.000000000000000000 ) ) ;
#3472 = EDGE_CURVE ( 'NONE', #3076, #1060, #2272, .T. ) ;
#3473 = CARTESIAN_POINT ( 'NONE',  ( -4.799999999999999822, -0.1499999999999999944, -2.500000000000000000 ) ) ;
#3474 = ORIENTED_EDGE ( 'NONE', *, *, #7146, .F. ) ;
#3475 = ORIENTED_EDGE ( 'NONE', *, *, #4859, .F. ) ;
#3476 = ORIENTED_EDGE ( 'NONE', *, *, #5973, .T. ) ;
#3477 = LINE ( 'NONE', #5151, #436 ) ;
#3478 = EDGE_CURVE ( 'NONE', #4212, #6306, #3109, .T. ) ;
#3479 = CARTESIAN_POINT ( 'NONE',  ( 3.050000000000000266, 2.299999999999999822, 5.474999999999999645 ) ) ;
#3480 = CARTESIAN_POINT ( 'NONE',  ( -5.349999999999999645, 3.299999999999999822, 4.675000000000000711 ) ) ;
#3481 = EDGE_CURVE ( 'NONE', #6608, #6202, #3412, .T. ) ;
#3482 = ADVANCED_FACE ( 'NONE', ( #1267 ), #5077, .T. ) ;
#3483 = EDGE_CURVE ( 'NONE', #2630, #3839, #2811, .T. ) ;
#3484 = EDGE_LOOP ( 'NONE', ( #120, #7116, #3888 ) ) ;
#3485 = DIRECTION ( 'NONE',  ( 0.000000000000000000, -1.000000000000000000, 0.000000000000000000 ) ) ;
#3486 = VERTEX_POINT ( 'NONE', #6640 ) ;
#3487 = VECTOR ( 'NONE', #1976, 1000.000000000000000 ) ;
#3488 = CARTESIAN_POINT ( 'NONE',  ( 0.5000000000000000000, -4.850000000000000533, 5.299999999999999822 ) ) ;
#3489 = EDGE_CURVE ( 'NONE', #1631, #5104, #575, .T. ) ;
#3490 = DIRECTION ( 'NONE',  ( -1.465494392505000267E-14, 2.819966482547999849E-14, 1.000000000000000000 ) ) ;
#3491 = CARTESIAN_POINT ( 'NONE',  ( -0.4000000000000000222, -1.928740671584000088, 5.349999999999999645 ) ) ;
#3492 = DIRECTION ( 'NONE',  ( 0.000000000000000000, 1.000000000000000000, 0.000000000000000000 ) ) ;
#3493 = DIRECTION ( 'NONE',  ( -1.000000000000000000, 0.000000000000000000, 0.000000000000000000 ) ) ;
#3494 = EDGE_CURVE ( 'NONE', #2578, #2444, #4548, .T. ) ;
#3495 = VECTOR ( 'NONE', #5062, 1000.000000000000000 ) ;
#3496 = VERTEX_POINT ( 'NONE', #4472 ) ;
#3497 = ADVANCED_FACE ( 'NONE', ( #6132 ), #6750, .T. ) ;
#3498 = ORIENTED_EDGE ( 'NONE', *, *, #5392, .F. ) ;
#3499 = EDGE_LOOP ( 'NONE', ( #4686, #2741, #2915, #3596 ) ) ;
#3500 = DIRECTION ( 'NONE',  ( -0.000000000000000000, 1.000000000000000000, 0.000000000000000000 ) ) ;
#3501 = DIRECTION ( 'NONE',  ( 1.000000000000000000, 0.000000000000000000, 0.000000000000000000 ) ) ;
#3502 = AXIS2_PLACEMENT_3D ( 'NONE', #6933, #5816, #3012 ) ;
#3503 = CARTESIAN_POINT ( 'NONE',  ( -5.349999999999999645, -1.699999999999999956, 4.675000000000000711 ) ) ;
#3504 = DIRECTION ( 'NONE',  ( 0.000000000000000000, -1.000000000000000000, 0.000000000000000000 ) ) ;
#3505 = DIRECTION ( 'NONE',  ( 0.000000000000000000, 0.000000000000000000, 1.000000000000000000 ) ) ;
#3506 = VERTEX_POINT ( 'NONE', #1829 ) ;
#3507 = AXIS2_PLACEMENT_3D ( 'NONE', #5452, #5419, #2648 ) ;
#3508 = ORIENTED_EDGE ( 'NONE', *, *, #1644, .T. ) ;
#3509 = ORIENTED_EDGE ( 'NONE', *, *, #1805, .T. ) ;
#3510 = VECTOR ( 'NONE', #3115, 1000.000000000000000 ) ;
#3511 = VECTOR ( 'NONE', #2417, 1000.000000000000000 ) ;
#3512 = DIRECTION ( 'NONE',  ( 0.000000000000000000, 0.000000000000000000, 1.000000000000000000 ) ) ;
#3513 = CYLINDRICAL_SURFACE ( 'NONE', #4661, 3.101923076923000178 ) ;
#3514 = AXIS2_PLACEMENT_3D ( 'NONE', #4470, #5669, #3411 ) ;
#3515 = LINE ( 'NONE', #2299, #6923 ) ;
#3516 = ORIENTED_EDGE ( 'NONE', *, *, #5757, .F. ) ;
#3517 = VECTOR ( 'NONE', #2567, 1000.000000000000000 ) ;
#3518 = VERTEX_POINT ( 'NONE', #168 ) ;
#3519 = DIRECTION ( 'NONE',  ( 0.000000000000000000, 0.000000000000000000, -1.000000000000000000 ) ) ;
#3520 = CARTESIAN_POINT ( 'NONE',  ( 2.306537443294000234, 1.649999999999999911, 6.949999999999999289 ) ) ;
#3521 = CARTESIAN_POINT ( 'NONE',  ( 2.306537443294000234, 1.649999999999999911, 5.950000000000000178 ) ) ;
#3522 = AXIS2_PLACEMENT_3D ( 'NONE', #5895, #6880, #300 ) ;
#3523 = PLANE ( 'NONE',  #7024 ) ;
#3524 = VERTEX_POINT ( 'NONE', #3585 ) ;
#3525 = ADVANCED_FACE ( 'NONE', ( #5774 ), #2408, .T. ) ;
#3526 = EDGE_LOOP ( 'NONE', ( #3116, #5742, #5843, #4074 ) ) ;
#3527 = DIRECTION ( 'NONE',  ( -1.000000000000000000, 0.000000000000000000, 0.000000000000000000 ) ) ;
#3528 = CARTESIAN_POINT ( 'NONE',  ( -4.299999999999999822, 3.077185478309000022, 4.700000000000000178 ) ) ;
#3529 = DIRECTION ( 'NONE',  ( 0.7071067811865474617, 0.7071067811865474617, 0.000000000000000000 ) ) ;
#3530 = CARTESIAN_POINT ( 'NONE',  ( -5.750000000000000000, 3.000000000000000000, 0.000000000000000000 ) ) ;
#3531 = CIRCLE ( 'NONE', #2233, 0.2999999999999999334 ) ;
#3532 = EDGE_CURVE ( 'NONE', #1025, #5587, #785, .T. ) ;
#3533 = ORIENTED_EDGE ( 'NONE', *, *, #1601, .F. ) ;
#3534 = VERTEX_POINT ( 'NONE', #1903 ) ;
#3535 = AXIS2_PLACEMENT_3D ( 'NONE', #4315, #5914, #932 ) ;
#3536 = ORIENTED_EDGE ( 'NONE', *, *, #4646, .F. ) ;
#3537 = PLANE ( 'NONE',  #4888 ) ;
#3538 = CARTESIAN_POINT ( 'NONE',  ( 2.339999999999999858, 0.5000000000000000000, 5.500000000000000000 ) ) ;
#3539 = DIRECTION ( 'NONE',  ( -1.000000000000000000, 0.000000000000000000, 0.000000000000000000 ) ) ;
#3540 = DIRECTION ( 'NONE',  ( 0.000000000000000000, 0.7751788502520129409, -0.6317418381918100678 ) ) ;
#3541 = ADVANCED_FACE ( 'NONE', ( #4122 ), #4713, .T. ) ;
#3542 = AXIS2_PLACEMENT_3D ( 'NONE', #3247, #5461, #2797 ) ;
#3543 = ADVANCED_FACE ( 'NONE', ( #1394 ), #4010, .F. ) ;
#3544 = VERTEX_POINT ( 'NONE', #989 ) ;
#3545 = ORIENTED_EDGE ( 'NONE', *, *, #959, .F. ) ;
#3546 = ORIENTED_EDGE ( 'NONE', *, *, #4395, .F. ) ;
#3547 = LINE ( 'NONE', #3644, #6463 ) ;
#3548 = VECTOR ( 'NONE', #3019, 1000.000000000000000 ) ;
#3549 = ADVANCED_FACE ( 'NONE', ( #7086 ), #3209, .F. ) ;
#3550 = FACE_OUTER_BOUND ( 'NONE', #6212, .T. ) ;
#3551 = EDGE_CURVE ( 'NONE', #6511, #2768, #6445, .T. ) ;
#3552 = DIRECTION ( 'NONE',  ( 0.000000000000000000, -1.000000000000000000, 0.000000000000000000 ) ) ;
#3553 = AXIS2_PLACEMENT_3D ( 'NONE', #5523, #4441, #5011 ) ;
#3554 = CARTESIAN_POINT ( 'NONE',  ( -2.200000000000000178, 2.299999999999999822, 5.825000000000000178 ) ) ;
#3555 = EDGE_LOOP ( 'NONE', ( #6961, #6679, #4524, #323 ) ) ;
#3556 = CARTESIAN_POINT ( 'NONE',  ( 3.600000000000000089, -0.5000000000000000000, 5.799999999999999822 ) ) ;
#3557 = DIRECTION ( 'NONE',  ( -0.000000000000000000, 1.000000000000000000, 0.000000000000000000 ) ) ;
#3558 = VECTOR ( 'NONE', #2519, 1000.000000000000000 ) ;
#3559 = ORIENTED_EDGE ( 'NONE', *, *, #5492, .T. ) ;
#3560 = AXIS2_PLACEMENT_3D ( 'NONE', #64, #1030, #566 ) ;
#3561 = VECTOR ( 'NONE', #2409, 1000.000000000000000 ) ;
#3562 = CARTESIAN_POINT ( 'NONE',  ( 0.000000000000000000, 2.500000000000000000, -6.125000000000000000 ) ) ;
#3563 = ORIENTED_EDGE ( 'NONE', *, *, #3494, .F. ) ;
#3564 = CARTESIAN_POINT ( 'NONE',  ( 0.2000000000000000111, 0.5000000000000000000, 5.825000000000000178 ) ) ;
#3565 = DIRECTION ( 'NONE',  ( 0.000000000000000000, -1.000000000000000000, 0.000000000000000000 ) ) ;
#3566 = CARTESIAN_POINT ( 'NONE',  ( -0.4500000000000000111, -2.100000000000000089, 5.825000000000000178 ) ) ;
#3567 = AXIS2_PLACEMENT_3D ( 'NONE', #3473, #1295, #1757 ) ;
#3568 = CARTESIAN_POINT ( 'NONE',  ( -2.149999999999999911, 2.500000000000000000, 5.950000000000000178 ) ) ;
#3569 = ORIENTED_EDGE ( 'NONE', *, *, #5642, .T. ) ;
#3570 = EDGE_LOOP ( 'NONE', ( #4641, #1228, #3148, #4285 ) ) ;
#3571 = EDGE_LOOP ( 'NONE', ( #3407, #5207, #4004, #6391, #2490 ) ) ;
#3572 = CARTESIAN_POINT ( 'NONE',  ( -1.800000000000000044, 2.500000000000000000, 5.950000000000000178 ) ) ;
#3573 = CARTESIAN_POINT ( 'NONE',  ( -4.950000000000000178, -2.500000000000000000, -3.799999999999999822 ) ) ;
#3574 = CARTESIAN_POINT ( 'NONE',  ( 1.100000000000000089, 3.299999999999999822, -4.450000000000000178 ) ) ;
#3575 = ADVANCED_FACE ( 'NONE', ( #415 ), #3746, .F. ) ;
#3576 = LINE ( 'NONE', #334, #729 ) ;
#3577 = EDGE_CURVE ( 'NONE', #1538, #7109, #2818, .T. ) ;
#3578 = LINE ( 'NONE', #7007, #2605 ) ;
#3579 = VECTOR ( 'NONE', #5704, 1000.000000000000000 ) ;
#3580 = ORIENTED_EDGE ( 'NONE', *, *, #1562, .T. ) ;
#3581 = ORIENTED_EDGE ( 'NONE', *, *, #5485, .F. ) ;
#3582 = LINE ( 'NONE', #5345, #5783 ) ;
#3583 = CARTESIAN_POINT ( 'NONE',  ( -4.299999999999999822, 3.500000000000000000, 5.549999999999999822 ) ) ;
#3584 = EDGE_CURVE ( 'NONE', #5521, #7136, #6483, .T. ) ;
#3585 = CARTESIAN_POINT ( 'NONE',  ( 5.399999999999999467, 3.100000000000000089, 5.549999999999999822 ) ) ;
#3586 = FACE_OUTER_BOUND ( 'NONE', #6068, .T. ) ;
#3587 = CARTESIAN_POINT ( 'NONE',  ( -2.399999999999999911, -1.800000000000000044, -0.7500000000000000000 ) ) ;
#3588 = PLANE ( 'NONE',  #5600 ) ;
#3589 = ADVANCED_FACE ( 'NONE', ( #1493, #5379 ), #4746, .T. ) ;
#3590 = FACE_OUTER_BOUND ( 'NONE', #2509, .T. ) ;
#3591 = ORIENTED_EDGE ( 'NONE', *, *, #5049, .T. ) ;
#3592 = ADVANCED_FACE ( 'NONE', ( #1464 ), #6954, .T. ) ;
#3593 = CARTESIAN_POINT ( 'NONE',  ( -2.125000000000000000, -0.3499999999999999778, -0.7750000000000000222 ) ) ;
#3594 = CARTESIAN_POINT ( 'NONE',  ( 0.2000000000000000111, 3.077185478309000022, -4.450000000000000178 ) ) ;
#3595 = ORIENTED_EDGE ( 'NONE', *, *, #1294, .F. ) ;
#3596 = ORIENTED_EDGE ( 'NONE', *, *, #3167, .F. ) ;
#3597 = DIRECTION ( 'NONE',  ( 0.000000000000000000, -1.000000000000000000, 0.000000000000000000 ) ) ;
#3598 = CARTESIAN_POINT ( 'NONE',  ( -4.950000000000000178, -1.899999999999999911, -3.799999999999999822 ) ) ;
#3599 = LINE ( 'NONE', #5400, #2353 ) ;
#3600 = FACE_OUTER_BOUND ( 'NONE', #5904, .T. ) ;
#3601 = CIRCLE ( 'NONE', #463, 2.350000000000000089 ) ;
#3602 = EDGE_LOOP ( 'NONE', ( #6284, #5493, #5991, #6837 ) ) ;
#3603 = ORIENTED_EDGE ( 'NONE', *, *, #3086, .T. ) ;
#3604 = ORIENTED_EDGE ( 'NONE', *, *, #1977, .T. ) ;
#3605 = DIRECTION ( 'NONE',  ( -1.000000000000000000, 0.000000000000000000, 4.077280664037000002E-14 ) ) ;
#3606 = CARTESIAN_POINT ( 'NONE',  ( -0.4500000000000000111, -2.100000000000000089, 4.649999999999999467 ) ) ;
#3607 = DIRECTION ( 'NONE',  ( 0.000000000000000000, 0.000000000000000000, 1.000000000000000000 ) ) ;
#3608 = EDGE_CURVE ( 'NONE', #1631, #6646, #2106, .T. ) ;
#3609 = PRODUCT ( 'Same_Sky_SJ1-3513N', 'Same_Sky_SJ1-3513N', '', ( #6737 ) ) ;
#3610 = EDGE_LOOP ( 'NONE', ( #5353, #3508, #5149, #2635 ) ) ;
#3611 = ADVANCED_FACE ( 'NONE', ( #383 ), #2540, .T. ) ;
#3612 = EDGE_CURVE ( 'NONE', #4495, #5701, #2360, .T. ) ;
#3613 = ORIENTED_EDGE ( 'NONE', *, *, #5302, .T. ) ;
#3614 = AXIS2_PLACEMENT_3D ( 'NONE', #6460, #396, #3226 ) ;
#3615 = DIRECTION ( 'NONE',  ( 0.000000000000000000, -1.000000000000000000, 0.000000000000000000 ) ) ;
#3616 = DIRECTION ( 'NONE',  ( -1.000000000000000000, 0.000000000000000000, 0.000000000000000000 ) ) ;
#3617 = CARTESIAN_POINT ( 'NONE',  ( -0.4000000000000000222, -2.621259328415999956, 5.299999999999999822 ) ) ;
#3618 = VECTOR ( 'NONE', #2102, 1000.000000000000000 ) ;
#3619 = VECTOR ( 'NONE', #6090, 1000.000000000000000 ) ;
#3620 = EDGE_CURVE ( 'NONE', #6202, #6608, #57, .T. ) ;
#3621 = ORIENTED_EDGE ( 'NONE', *, *, #3730, .T. ) ;
#3622 = AXIS2_PLACEMENT_3D ( 'NONE', #4011, #2297, #601 ) ;
#3623 = AXIS2_PLACEMENT_3D ( 'NONE', #450, #2104, #4338 ) ;
#3624 = LINE ( 'NONE', #6415, #5542 ) ;
#3625 = ADVANCED_FACE ( 'NONE', ( #2827 ), #3893, .T. ) ;
#3626 = LINE ( 'NONE', #6357, #2445 ) ;
#3627 = VECTOR ( 'NONE', #3910, 1000.000000000000000 ) ;
#3628 = VECTOR ( 'NONE', #274, 1000.000000000000114 ) ;
#3629 = ORIENTED_EDGE ( 'NONE', *, *, #4280, .F. ) ;
#3630 = ORIENTED_EDGE ( 'NONE', *, *, #774, .T. ) ;
#3631 = CARTESIAN_POINT ( 'NONE',  ( -3.050000000000000266, 0.4000000000000000222, 4.750000000000000000 ) ) ;
#3632 = FACE_OUTER_BOUND ( 'NONE', #1578, .T. ) ;
#3633 = AXIS2_PLACEMENT_3D ( 'NONE', #1517, #6577, #475 ) ;
#3634 = DIRECTION ( 'NONE',  ( 0.000000000000000000, 0.000000000000000000, -1.000000000000000000 ) ) ;
#3635 = ORIENTED_EDGE ( 'NONE', *, *, #5074, .T. ) ;
#3636 = ORIENTED_EDGE ( 'NONE', *, *, #3000, .F. ) ;
#3637 = ORIENTED_EDGE ( 'NONE', *, *, #1762, .T. ) ;
#3638 = PLANE ( 'NONE',  #830 ) ;
#3639 = FACE_OUTER_BOUND ( 'NONE', #1195, .T. ) ;
#3640 = LINE ( 'NONE', #3674, #2458 ) ;
#3641 = VECTOR ( 'NONE', #4139, 1000.000000000000227 ) ;
#3642 = ORIENTED_EDGE ( 'NONE', *, *, #3092, .F. ) ;
#3643 = ORIENTED_EDGE ( 'NONE', *, *, #3818, .F. ) ;
#3644 = CARTESIAN_POINT ( 'NONE',  ( 2.100000000000000089, 2.399999999999999911, 5.799999999999999822 ) ) ;
#3645 = DIRECTION ( 'NONE',  ( 0.000000000000000000, -1.000000000000000000, 0.000000000000000000 ) ) ;
#3646 = CARTESIAN_POINT ( 'NONE',  ( -3.225000000000000089, 2.299999999999999822, 5.825000000000000178 ) ) ;
#3647 = LINE ( 'NONE', #349, #38 ) ;
#3648 =( GEOMETRIC_REPRESENTATION_CONTEXT ( 3 ) GLOBAL_UNCERTAINTY_ASSIGNED_CONTEXT ( ( #4230 ) ) GLOBAL_UNIT_ASSIGNED_CONTEXT ( ( #7042, #6503, #5958 ) ) REPRESENTATION_CONTEXT ( 'NONE', 'WORKASPACE' ) );
#3649 = ORIENTED_EDGE ( 'NONE', *, *, #2956, .T. ) ;
#3650 = DIRECTION ( 'NONE',  ( 1.045089940514000085E-12, 6.927791673661000036E-13, -1.000000000000000000 ) ) ;
#3651 = DIRECTION ( 'NONE',  ( 0.000000000000000000, 0.000000000000000000, 1.000000000000000000 ) ) ;
#3652 = DIRECTION ( 'NONE',  ( 0.000000000000000000, 0.000000000000000000, 1.000000000000000000 ) ) ;
#3653 = ADVANCED_FACE ( 'NONE', ( #2142 ), #4383, .F. ) ;
#3654 = VECTOR ( 'NONE', #390, 1000.000000000000000 ) ;
#3655 = ADVANCED_FACE ( 'NONE', ( #2722 ), #3855, .T. ) ;
#3656 = ORIENTED_EDGE ( 'NONE', *, *, #3843, .F. ) ;
#3657 = ORIENTED_EDGE ( 'NONE', *, *, #3692, .F. ) ;
#3658 = AXIS2_PLACEMENT_3D ( 'NONE', #3464, #4002, #3540 ) ;
#3659 = DIRECTION ( 'NONE',  ( -1.000000000000000000, 0.000000000000000000, 0.000000000000000000 ) ) ;
#3660 = PLANE ( 'NONE',  #3258 ) ;
#3661 = EDGE_CURVE ( 'NONE', #6295, #229, #6589, .T. ) ;
#3662 = CARTESIAN_POINT ( 'NONE',  ( 0.1532033693045000144, -2.299999999999999822, -3.850000000000000089 ) ) ;
#3663 = DIRECTION ( 'NONE',  ( -1.000000000000000000, 0.000000000000000000, 0.000000000000000000 ) ) ;
#3664 = VECTOR ( 'NONE', #4752, 1000.000000000000000 ) ;
#3665 = EDGE_LOOP ( 'NONE', ( #6258, #3698, #2354, #5838 ) ) ;
#3666 = ORIENTED_EDGE ( 'NONE', *, *, #6715, .F. ) ;
#3667 = ORIENTED_EDGE ( 'NONE', *, *, #5302, .F. ) ;
#3668 = EDGE_CURVE ( 'NONE', #2172, #356, #3179, .T. ) ;
#3669 = ADVANCED_FACE ( 'NONE', ( #2249 ), #2756, .T. ) ;
#3670 = ORIENTED_EDGE ( 'NONE', *, *, #68, .T. ) ;
#3671 = DIRECTION ( 'NONE',  ( 1.000000000000000000, 0.000000000000000000, 0.000000000000000000 ) ) ;
#3672 = CARTESIAN_POINT ( 'NONE',  ( -4.299999999999999822, 3.299999999999999822, 5.549999999999999822 ) ) ;
#3673 = AXIS2_PLACEMENT_3D ( 'NONE', #2963, #5188, #133 ) ;
#3674 = CARTESIAN_POINT ( 'NONE',  ( 5.750000000000000000, 3.500000000000000000, -6.949999999999999289 ) ) ;
#3675 = DIRECTION ( 'NONE',  ( -1.000000000000000000, 0.000000000000000000, 0.000000000000000000 ) ) ;
#3676 = VECTOR ( 'NONE', #6346, 1000.000000000000000 ) ;
#3677 = VERTEX_POINT ( 'NONE', #1744 ) ;
#3678 = VERTEX_POINT ( 'NONE', #6659 ) ;
#3679 = CYLINDRICAL_SURFACE ( 'NONE', #3216, 2.100000000000000089 ) ;
#3680 = FACE_OUTER_BOUND ( 'NONE', #6000, .T. ) ;
#3681 = LINE ( 'NONE', #2377, #6296 ) ;
#3682 = CARTESIAN_POINT ( 'NONE',  ( -3.324999999999999734, 2.399999999999999911, 5.649999999999999467 ) ) ;
#3683 = AXIS2_PLACEMENT_3D ( 'NONE', #1613, #33, #4468 ) ;
#3684 = DIRECTION ( 'NONE',  ( 1.000000000000000000, 0.000000000000000000, 0.000000000000000000 ) ) ;
#3685 = ORIENTED_EDGE ( 'NONE', *, *, #147, .F. ) ;
#3686 = DIRECTION ( 'NONE',  ( 1.000000000000000000, 0.000000000000000000, 0.000000000000000000 ) ) ;
#3687 = DIRECTION ( 'NONE',  ( 0.000000000000000000, 1.000000000000000000, 0.000000000000000000 ) ) ;
#3688 = ADVANCED_FACE ( 'NONE', ( #4989, #5611 ), #5024, .F. ) ;
#3689 = DIRECTION ( 'NONE',  ( 1.000000000000000000, 0.000000000000000000, 0.000000000000000000 ) ) ;
#3690 = EDGE_CURVE ( 'NONE', #2570, #2652, #3285, .T. ) ;
#3691 = VERTEX_POINT ( 'NONE', #5572 ) ;
#3692 = EDGE_CURVE ( 'NONE', #6265, #4688, #4699, .T. ) ;
#3693 = ADVANCED_FACE ( 'NONE', ( #2325 ), #6770, .T. ) ;
#3694 = CARTESIAN_POINT ( 'NONE',  ( 3.050000000000000266, 2.500000000000000000, 4.950000000000000178 ) ) ;
#3695 = CARTESIAN_POINT ( 'NONE',  ( 0.8499999999999999778, -2.500000000000000000, -3.550000000000000266 ) ) ;
#3696 = CARTESIAN_POINT ( 'NONE',  ( -1.939999999999999947, 0.5000000000000002220, 5.799999999999999822 ) ) ;
#3697 = ORIENTED_EDGE ( 'NONE', *, *, #3325, .F. ) ;
#3698 = ORIENTED_EDGE ( 'NONE', *, *, #1577, .T. ) ;
#3699 = EDGE_CURVE ( 'NONE', #631, #294, #4000, .T. ) ;
#3700 = ORIENTED_EDGE ( 'NONE', *, *, #2615, .T. ) ;
#3701 = ORIENTED_EDGE ( 'NONE', *, *, #6586, .T. ) ;
#3702 = DIRECTION ( 'NONE',  ( 0.000000000000000000, 1.000000000000000000, 0.000000000000000000 ) ) ;
#3703 = FACE_OUTER_BOUND ( 'NONE', #3451, .T. ) ;
#3704 = ADVANCED_FACE ( 'NONE', ( #994, #5871 ), #2656, .T. ) ;
#3705 = CARTESIAN_POINT ( 'NONE',  ( 0.2000000000000000111, -4.850000000000000533, 5.299999999999999822 ) ) ;
#3706 = ADVANCED_FACE ( 'NONE', ( #3751, #4272 ), #5285, .T. ) ;
#3707 = ORIENTED_EDGE ( 'NONE', *, *, #3472, .F. ) ;
#3708 = EDGE_LOOP ( 'NONE', ( #6570, #4946, #3978, #6266 ) ) ;
#3709 = FACE_BOUND ( 'NONE', #4213, .T. ) ;
#3710 = VERTEX_POINT ( 'NONE', #2006 ) ;
#3711 =( LENGTH_UNIT ( ) NAMED_UNIT ( * ) SI_UNIT ( .MILLI., .METRE. ) );
#3712 = CARTESIAN_POINT ( 'NONE',  ( 0.2000000000000000111, 2.899999999999999911, 5.928237858561000273 ) ) ;
#3713 = CIRCLE ( 'NONE', #9, 1.800000000000000044 ) ;
#3714 = LINE ( 'NONE', #681, #1520 ) ;
#3715 = DIRECTION ( 'NONE',  ( 0.000000000000000000, -1.000000000000000000, 0.000000000000000000 ) ) ;
#3716 = VECTOR ( 'NONE', #4834, 1000.000000000000000 ) ;
#3717 = ORIENTED_EDGE ( 'NONE', *, *, #2959, .F. ) ;
#3718 = DIRECTION ( 'NONE',  ( -0.7276068751091748776, 0.4850712500723838860, 0.4850712500726839238 ) ) ;
#3719 = PLANE ( 'NONE',  #997 ) ;
#3720 = CIRCLE ( 'NONE', #1509, 0.4499999999994993560 ) ;
#3721 = DIRECTION ( 'NONE',  ( 0.000000000000000000, 0.000000000000000000, -1.000000000000000000 ) ) ;
#3722 = VERTEX_POINT ( 'NONE', #4346 ) ;
#3723 = AXIS2_PLACEMENT_3D ( 'NONE', #5660, #2729, #1181 ) ;
#3724 = ORIENTED_EDGE ( 'NONE', *, *, #2278, .F. ) ;
#3725 = ORIENTED_EDGE ( 'NONE', *, *, #3915, .T. ) ;
#3726 = FACE_OUTER_BOUND ( 'NONE', #1699, .T. ) ;
#3727 = EDGE_CURVE ( 'NONE', #2698, #2608, #7055, .T. ) ;
#3728 = LINE ( 'NONE', #2016, #826 ) ;
#3729 = DIRECTION ( 'NONE',  ( 0.000000000000000000, 1.000000000000000000, 0.000000000000000000 ) ) ;
#3730 = EDGE_CURVE ( 'NONE', #1709, #4749, #3111, .T. ) ;
#3731 = VERTEX_POINT ( 'NONE', #4234 ) ;
#3732 = ORIENTED_EDGE ( 'NONE', *, *, #959, .T. ) ;
#3733 = AXIS2_PLACEMENT_3D ( 'NONE', #2721, #6074, #6112 ) ;
#3734 = VERTEX_POINT ( 'NONE', #5386 ) ;
#3735 = ORIENTED_EDGE ( 'NONE', *, *, #4987, .F. ) ;
#3736 = CYLINDRICAL_SURFACE ( 'NONE', #4547, 0.4999999999999995559 ) ;
#3737 = DIRECTION ( 'NONE',  ( -1.000000000000000000, 0.000000000000000000, 0.000000000000000000 ) ) ;
#3738 = CYLINDRICAL_SURFACE ( 'NONE', #6678, 0.5000000000000000000 ) ;
#3739 = EDGE_CURVE ( 'NONE', #525, #3155, #420, .T. ) ;
#3740 = VERTEX_POINT ( 'NONE', #923 ) ;
#3741 = ORIENTED_EDGE ( 'NONE', *, *, #565, .T. ) ;
#3742 = ORIENTED_EDGE ( 'NONE', *, *, #2148, .F. ) ;
#3743 = DIRECTION ( 'NONE',  ( -1.000000000000000000, 0.000000000000000000, 0.000000000000000000 ) ) ;
#3744 = EDGE_CURVE ( 'NONE', #2320, #4881, #5318, .T. ) ;
#3745 = FACE_OUTER_BOUND ( 'NONE', #469, .T. ) ;
#3746 = PLANE ( 'NONE',  #1904 ) ;
#3747 = ADVANCED_FACE ( 'NONE', ( #1971 ), #5428, .T. ) ;
#3748 = AXIS2_PLACEMENT_3D ( 'NONE', #3992, #4554, #5682 ) ;
#3749 = EDGE_LOOP ( 'NONE', ( #2144, #4169, #468, #4854, #710, #7010, #2116, #3838, #1459, #1175, #5983, #3423, #2125, #6037, #4438, #2524, #3533, #1245, #6518, #2516, #1320, #1478, #5084, #5103 ) ) ;
#3750 = EDGE_CURVE ( 'NONE', #3408, #362, #4750, .T. ) ;
#3751 = FACE_BOUND ( 'NONE', #2301, .T. ) ;
#3752 = VECTOR ( 'NONE', #4880, 1000.000000000000000 ) ;
#3753 = CARTESIAN_POINT ( 'NONE',  ( 0.000000000000000000, 3.000000000000000000, -6.949999999999999289 ) ) ;
#3754 = DIRECTION ( 'NONE',  ( 1.000000000000000000, 0.000000000000000000, 0.000000000000000000 ) ) ;
#3755 = DIRECTION ( 'NONE',  ( 0.000000000000000000, 0.000000000000000000, -1.000000000000000000 ) ) ;
#3756 = CIRCLE ( 'NONE', #632, 0.4499999999995002997 ) ;
#3757 = FACE_OUTER_BOUND ( 'NONE', #4937, .T. ) ;
#3758 = EDGE_LOOP ( 'NONE', ( #2189, #4323, #7070, #5054 ) ) ;
#3759 = VERTEX_POINT ( 'NONE', #2621 ) ;
#3760 = LINE ( 'NONE', #2631, #5538 ) ;
#3761 = CYLINDRICAL_SURFACE ( 'NONE', #20, 0.4499999999994993560 ) ;
#3762 = VECTOR ( 'NONE', #4327, 1000.000000000000000 ) ;
#3763 = LINE ( 'NONE', #5987, #4715 ) ;
#3764 = ORIENTED_EDGE ( 'NONE', *, *, #5546, .T. ) ;
#3765 = VECTOR ( 'NONE', #5915, 1000.000000000000114 ) ;
#3766 = ORIENTED_EDGE ( 'NONE', *, *, #5042, .F. ) ;
#3767 = ORIENTED_EDGE ( 'NONE', *, *, #504, .T. ) ;
#3768 = VERTEX_POINT ( 'NONE', #1533 ) ;
#3769 = CARTESIAN_POINT ( 'NONE',  ( -3.350000000000000089, 2.350000000000000089, -6.275000000000000355 ) ) ;
#3770 = LINE ( 'NONE', #2745, #4568 ) ;
#3771 = DIRECTION ( 'NONE',  ( 1.000000000000000000, 0.000000000000000000, 0.000000000000000000 ) ) ;
#3772 = AXIS2_PLACEMENT_3D ( 'NONE', #5389, #5321, #2073 ) ;
#3773 = ORIENTED_EDGE ( 'NONE', *, *, #6114, .F. ) ;
#3774 = AXIS2_PLACEMENT_3D ( 'NONE', #4456, #1681, #1641 ) ;
#3775 = VECTOR ( 'NONE', #71, 1000.000000000000000 ) ;
#3776 = ORIENTED_EDGE ( 'NONE', *, *, #4646, .T. ) ;
#3777 = ADVANCED_FACE ( 'NONE', ( #1434 ), #6988, .F. ) ;
#3778 =( NAMED_UNIT ( * ) SI_UNIT ( $, .STERADIAN. ) SOLID_ANGLE_UNIT ( ) );
#3779 = ADVANCED_FACE ( 'NONE', ( #4535 ), #2834, .T. ) ;
#3780 = FACE_BOUND ( 'NONE', #542, .T. ) ;
#3781 = LINE ( 'NONE', #1023, #1067 ) ;
#3782 = DIRECTION ( 'NONE',  ( 0.000000000000000000, 0.000000000000000000, -1.000000000000000000 ) ) ;
#3783 = AXIS2_PLACEMENT_3D ( 'NONE', #2259, #5099, #1791 ) ;
#3784 = ORIENTED_EDGE ( 'NONE', *, *, #1059, .T. ) ;
#3785 = LINE ( 'NONE', #2180, #467 ) ;
#3786 = EDGE_LOOP ( 'NONE', ( #3595, #4356, #1707, #5635 ) ) ;
#3787 = ADVANCED_FACE ( 'NONE', ( #1719 ), #1604, .T. ) ;
#3788 = VECTOR ( 'NONE', #4544, 1000.000000000000000 ) ;
#3789 = CARTESIAN_POINT ( 'NONE',  ( 5.200000000000000178, 2.399999999999999911, -1.550000000000000044 ) ) ;
#3790 = CARTESIAN_POINT ( 'NONE',  ( -0.6999999999999999556, 3.500000000000000000, -4.450000000000000178 ) ) ;
#3791 = CARTESIAN_POINT ( 'NONE',  ( 3.550000000000000266, -1.699999999999999956, -5.575000000000000178 ) ) ;
#3792 = EDGE_CURVE ( 'NONE', #2080, #4293, #4922, .T. ) ;
#3793 = EDGE_CURVE ( 'NONE', #6359, #4038, #3935, .T. ) ;
#3794 = LINE ( 'NONE', #4241, #3487 ) ;
#3795 = ORIENTED_EDGE ( 'NONE', *, *, #4062, .F. ) ;
#3796 = ORIENTED_EDGE ( 'NONE', *, *, #1957, .F. ) ;
#3797 = DIRECTION ( 'NONE',  ( 0.000000000000000000, 0.000000000000000000, -1.000000000000000000 ) ) ;
#3798 = DIRECTION ( 'NONE',  ( 1.000000000000000000, 0.000000000000000000, 0.000000000000000000 ) ) ;
#3799 = LINE ( 'NONE', #1507, #622 ) ;
#3800 = CARTESIAN_POINT ( 'NONE',  ( 2.550000000000000266, 2.500000000000000000, 6.949999999999999289 ) ) ;
#3801 = ADVANCED_FACE ( 'NONE', ( #1029 ), #6664, .F. ) ;
#3802 = ORIENTED_EDGE ( 'NONE', *, *, #5113, .F. ) ;
#3803 = ORIENTED_EDGE ( 'NONE', *, *, #5836, .T. ) ;
#3804 = ORIENTED_EDGE ( 'NONE', *, *, #6499, .T. ) ;
#3805 = ORIENTED_EDGE ( 'NONE', *, *, #3661, .T. ) ;
#3806 = DIRECTION ( 'NONE',  ( 0.000000000000000000, 0.000000000000000000, 1.000000000000000000 ) ) ;
#3807 = CARTESIAN_POINT ( 'NONE',  ( 0.2000000000000000111, 3.299999999999999822, -4.450000000000000178 ) ) ;
#3808 = CARTESIAN_POINT ( 'NONE',  ( 2.200000000000000178, 2.500000000000000000, 5.950000000000000178 ) ) ;
#3809 = CARTESIAN_POINT ( 'NONE',  ( -3.349999999999810019, 2.500000000000000000, 4.675000000000000711 ) ) ;
#3810 = LINE ( 'NONE', #5448, #2641 ) ;
#3811 = CARTESIAN_POINT ( 'NONE',  ( 2.400000000002078693, 0.5000000000000000000, 10.55000000000000071 ) ) ;
#3812 = EDGE_LOOP ( 'NONE', ( #6428, #2373 ) ) ;
#3813 = ORIENTED_EDGE ( 'NONE', *, *, #5917, .T. ) ;
#3814 = DIRECTION ( 'NONE',  ( -1.000000000000000000, 0.000000000000000000, 0.000000000000000000 ) ) ;
#3815 = CARTESIAN_POINT ( 'NONE',  ( -4.750000000000000000, 2.500000000000000000, 2.850000000000000089 ) ) ;
#3816 = CARTESIAN_POINT ( 'NONE',  ( 3.625000000000000000, 2.299999999999999822, 5.474999999999999645 ) ) ;
#3817 = CARTESIAN_POINT ( 'NONE',  ( 4.850000000000000533, -1.899999999999999911, 1.000000000000000000 ) ) ;
#3818 = EDGE_CURVE ( 'NONE', #3017, #6810, #2122, .T. ) ;
#3819 = ORIENTED_EDGE ( 'NONE', *, *, #426, .T. ) ;
#3820 = EDGE_CURVE ( 'NONE', #732, #3192, #3823, .T. ) ;
#3821 = DIRECTION ( 'NONE',  ( 1.000000000000000000, 0.000000000000000000, 0.000000000000000000 ) ) ;
#3822 = EDGE_LOOP ( 'NONE', ( #4488, #4668, #5684, #4569 ) ) ;
#3823 = LINE ( 'NONE', #5618, #4465 ) ;
#3824 = PLANE ( 'NONE',  #4828 ) ;
#3825 = DIRECTION ( 'NONE',  ( 0.000000000000000000, 1.000000000000000000, 0.000000000000000000 ) ) ;
#3826 = EDGE_CURVE ( 'NONE', #2784, #339, #3417, .T. ) ;
#3827 = EDGE_CURVE ( 'NONE', #6464, #6117, #526, .T. ) ;
#3828 = CARTESIAN_POINT ( 'NONE',  ( -1.699999999999999956, -1.800000000000000044, 5.813145250178000545 ) ) ;
#3829 = VERTEX_POINT ( 'NONE', #4960 ) ;
#3830 = EDGE_CURVE ( 'NONE', #3024, #5441, #7170, .T. ) ;
#3831 = VECTOR ( 'NONE', #225, 1000.000000000000000 ) ;
#3832 = LINE ( 'NONE', #4508, #1249 ) ;
#3833 = DIRECTION ( 'NONE',  ( 0.000000000000000000, 0.000000000000000000, -1.000000000000000000 ) ) ;
#3834 = DIRECTION ( 'NONE',  ( 0.000000000000000000, 1.000000000000000000, 0.000000000000000000 ) ) ;
#3835 = VECTOR ( 'NONE', #5020, 1000.000000000000000 ) ;
#3836 = AXIS2_PLACEMENT_3D ( 'NONE', #2228, #1726, #6638 ) ;
#3837 = ORIENTED_EDGE ( 'NONE', *, *, #7146, .T. ) ;
#3838 = ORIENTED_EDGE ( 'NONE', *, *, #457, .F. ) ;
#3839 = VERTEX_POINT ( 'NONE', #1140 ) ;
#3840 = DIRECTION ( 'NONE',  ( 0.000000000000000000, 0.000000000000000000, 1.000000000000000000 ) ) ;
#3841 = LINE ( 'NONE', #4519, #4425 ) ;
#3842 = VECTOR ( 'NONE', #3755, 1000.000000000000000 ) ;
#3843 = EDGE_CURVE ( 'NONE', #375, #947, #3990, .T. ) ;
#3844 = DIRECTION ( 'NONE',  ( 0.000000000000000000, 1.000000000000000000, 0.000000000000000000 ) ) ;
#3845 = CARTESIAN_POINT ( 'NONE',  ( 0.000000000000000000, -2.350000000000000089, -5.250000000000000000 ) ) ;
#3846 = DIRECTION ( 'NONE',  ( 0.000000000000000000, 0.000000000000000000, 1.000000000000000000 ) ) ;
#3847 = CIRCLE ( 'NONE', #1061, 0.8999999999999998002 ) ;
#3848 = CIRCLE ( 'NONE', #2108, 4.000000000000001776 ) ;
#3849 = EDGE_LOOP ( 'NONE', ( #263, #6507, #3202, #1603 ) ) ;
#3850 = ORIENTED_EDGE ( 'NONE', *, *, #455, .T. ) ;
#3851 = ORIENTED_EDGE ( 'NONE', *, *, #3875, .F. ) ;
#3852 = CARTESIAN_POINT ( 'NONE',  ( -0.4000000000000000222, -2.272428845803000197, 5.165716172814000196 ) ) ;
#3853 = DIRECTION ( 'NONE',  ( -0.000000000000000000, 1.000000000000000000, 0.000000000000000000 ) ) ;
#3854 = DIRECTION ( 'NONE',  ( 1.000000000000000000, 0.000000000000000000, 0.000000000000000000 ) ) ;
#3855 = PLANE ( 'NONE',  #516 ) ;
#3856 = VECTOR ( 'NONE', #6339, 1000.000000000000000 ) ;
#3857 = CARTESIAN_POINT ( 'NONE',  ( 0.8499999999999999778, -2.200000000000000178, -5.250000000000000000 ) ) ;
#3858 = ORIENTED_EDGE ( 'NONE', *, *, #3086, .F. ) ;
#3859 = CARTESIAN_POINT ( 'NONE',  ( -4.950000000000000178, -1.899999999999999911, -3.799999999999999822 ) ) ;
#3860 = LINE ( 'NONE', #6556, #4018 ) ;
#3861 = CARTESIAN_POINT ( 'NONE',  ( 4.500000000000000000, 2.500000000000000000, 5.549999999999999822 ) ) ;
#3862 = CARTESIAN_POINT ( 'NONE',  ( 0.01991645209477999751, -2.299999999999999822, -4.073676878215000130 ) ) ;
#3863 = AXIS2_PLACEMENT_3D ( 'NONE', #2780, #3954, #2240 ) ;
#3864 = ORIENTED_EDGE ( 'NONE', *, *, #872, .F. ) ;
#3865 = ORIENTED_EDGE ( 'NONE', *, *, #1037, .F. ) ;
#3866 = CARTESIAN_POINT ( 'NONE',  ( -2.200000000000000178, 2.299999999999999822, 5.825000000000000178 ) ) ;
#3867 = ADVANCED_FACE ( 'NONE', ( #6268 ), #5096, .F. ) ;
#3868 = CARTESIAN_POINT ( 'NONE',  ( 0.1532033693045000144, -2.299999999999999822, -3.850000000000000089 ) ) ;
#3869 = DIRECTION ( 'NONE',  ( 0.000000000000000000, 0.000000000000000000, -1.000000000000000000 ) ) ;
#3870 = EDGE_CURVE ( 'NONE', #1019, #4732, #6848, .T. ) ;
#3871 = DIRECTION ( 'NONE',  ( 1.000000000000000000, 0.000000000000000000, 0.000000000000000000 ) ) ;
#3872 = VECTOR ( 'NONE', #6408, 1000.000000000000000 ) ;
#3873 = DIRECTION ( 'NONE',  ( 0.000000000000000000, 0.000000000000000000, 1.000000000000000000 ) ) ;
#3874 = ORIENTED_EDGE ( 'NONE', *, *, #1519, .F. ) ;
#3875 = EDGE_CURVE ( 'NONE', #6027, #4495, #6192, .T. ) ;
#3876 = ORIENTED_EDGE ( 'NONE', *, *, #903, .F. ) ;
#3877 = VECTOR ( 'NONE', #4224, 1000.000000000000000 ) ;
#3878 = LINE ( 'NONE', #2313, #315 ) ;
#3879 = EDGE_CURVE ( 'NONE', #4881, #1638, #783, .T. ) ;
#3880 = CARTESIAN_POINT ( 'NONE',  ( 2.500000000000000000, -1.500000000000000000, 5.799999999999999822 ) ) ;
#3881 = LINE ( 'NONE', #3919, #6443 ) ;
#3882 = CARTESIAN_POINT ( 'NONE',  ( -0.4000000000000000222, -1.928740671584000088, 5.500000000000000000 ) ) ;
#3883 = CARTESIAN_POINT ( 'NONE',  ( -2.475000000000000089, -1.699999999999999956, -1.112930253426925864 ) ) ;
#3884 = AXIS2_PLACEMENT_3D ( 'NONE', #3491, #3416, #5639 ) ;
#3885 = EDGE_CURVE ( 'NONE', #1203, #6203, #1370, .T. ) ;
#3886 = ORIENTED_EDGE ( 'NONE', *, *, #6582, .F. ) ;
#3887 = EDGE_CURVE ( 'NONE', #115, #6370, #1865, .T. ) ;
#3888 = ORIENTED_EDGE ( 'NONE', *, *, #2866, .F. ) ;
#3889 = ORIENTED_EDGE ( 'NONE', *, *, #5236, .T. ) ;
#3890 = CARTESIAN_POINT ( 'NONE',  ( 5.049999999999999822, -2.500000000000000000, -5.774999999999999467 ) ) ;
#3891 = AXIS2_PLACEMENT_3D ( 'NONE', #3705, #6881, #5309 ) ;
#3892 = CARTESIAN_POINT ( 'NONE',  ( 0.1532033693045000144, -2.200000000000000178, -3.850000000000000089 ) ) ;
#3893 = PLANE ( 'NONE',  #6781 ) ;
#3894 = VERTEX_POINT ( 'NONE', #2439 ) ;
#3895 = AXIS2_PLACEMENT_3D ( 'NONE', #4969, #7177, #2190 ) ;
#3896 = AXIS2_PLACEMENT_3D ( 'NONE', #5925, #3274, #943 ) ;
#3897 = DIRECTION ( 'NONE',  ( 0.000000000000000000, -1.000000000000000000, 0.000000000000000000 ) ) ;
#3898 = ORIENTED_EDGE ( 'NONE', *, *, #3612, .T. ) ;
#3899 = DIRECTION ( 'NONE',  ( 0.000000000000000000, 1.000000000000000000, 0.000000000000000000 ) ) ;
#3900 = LINE ( 'NONE', #2799, #6228 ) ;
#3901 = AXIS2_PLACEMENT_3D ( 'NONE', #1795, #6236, #3035 ) ;
#3902 = DIRECTION ( 'NONE',  ( 0.000000000000000000, -1.000000000000000000, 0.000000000000000000 ) ) ;
#3903 = FACE_OUTER_BOUND ( 'NONE', #6119, .T. ) ;
#3904 = CARTESIAN_POINT ( 'NONE',  ( -2.799999999999999822, 0.5000000000000003331, 6.959999999999999964 ) ) ;
#3905 = VECTOR ( 'NONE', #5559, 1000.000000000000000 ) ;
#3906 = ORIENTED_EDGE ( 'NONE', *, *, #1889, .F. ) ;
#3907 = ORIENTED_EDGE ( 'NONE', *, *, #6721, .F. ) ;
#3908 = CARTESIAN_POINT ( 'NONE',  ( 4.250000000000000000, -1.699999999999999956, 0.7999999999999001243 ) ) ;
#3909 = CARTESIAN_POINT ( 'NONE',  ( -2.937500000000000000, 0.1000000000000000056, 5.474999999999999645 ) ) ;
#3910 = DIRECTION ( 'NONE',  ( 0.000000000000000000, 0.000000000000000000, -1.000000000000000000 ) ) ;
#3911 = CYLINDRICAL_SURFACE ( 'NONE', #4694, 2.140000000000000124 ) ;
#3912 = VECTOR ( 'NONE', #6485, 1000.000000000000000 ) ;
#3913 = CARTESIAN_POINT ( 'NONE',  ( 0.8499999999999999778, -2.500000000000000000, 5.825000000000000178 ) ) ;
#3914 = ORIENTED_EDGE ( 'NONE', *, *, #1348, .T. ) ;
#3915 = EDGE_CURVE ( 'NONE', #660, #3123, #5656, .T. ) ;
#3916 = ADVANCED_FACE ( 'NONE', ( #671 ), #2997, .T. ) ;
#3917 = ORIENTED_EDGE ( 'NONE', *, *, #2755, .F. ) ;
#3918 = DIRECTION ( 'NONE',  ( 1.000000000000000000, 0.000000000000000000, 0.000000000000000000 ) ) ;
#3919 = CARTESIAN_POINT ( 'NONE',  ( 2.600000000000000089, 2.500000000000000000, 6.949999999999999289 ) ) ;
#3920 = FACE_BOUND ( 'NONE', #6948, .T. ) ;
#3921 = DIRECTION ( 'NONE',  ( 0.000000000000000000, 1.000000000000000000, 0.000000000000000000 ) ) ;
#3922 = EDGE_CURVE ( 'NONE', #3734, #5039, #129, .T. ) ;
#3923 = EDGE_CURVE ( 'NONE', #7136, #5230, #3434, .T. ) ;
#3924 = ORIENTED_EDGE ( 'NONE', *, *, #953, .F. ) ;
#3925 = ORIENTED_EDGE ( 'NONE', *, *, #6046, .F. ) ;
#3926 = EDGE_LOOP ( 'NONE', ( #6143, #2983, #3002, #6590, #7071, #2322 ) ) ;
#3927 = DIRECTION ( 'NONE',  ( 1.000000000000000000, 0.000000000000000000, 0.000000000000000000 ) ) ;
#3928 = DIRECTION ( 'NONE',  ( 1.000000000000000000, 0.000000000000000000, 0.000000000000000000 ) ) ;
#3929 = EDGE_CURVE ( 'NONE', #4046, #2374, #5693, .T. ) ;
#3930 = CARTESIAN_POINT ( 'NONE',  ( -0.3133008409292000196, -2.299999999999999822, -4.950000000000000178 ) ) ;
#3931 = FACE_OUTER_BOUND ( 'NONE', #1045, .T. ) ;
#3932 = VERTEX_POINT ( 'NONE', #5143 ) ;
#3933 = CARTESIAN_POINT ( 'NONE',  ( -1.449999999999999956, 2.200000000000000178, -6.125000000000000000 ) ) ;
#3934 = ORIENTED_EDGE ( 'NONE', *, *, #457, .T. ) ;
#3935 = LINE ( 'NONE', #4455, #401 ) ;
#3936 = LINE ( 'NONE', #567, #424 ) ;
#3937 = ADVANCED_FACE ( 'NONE', ( #207 ), #2407, .F. ) ;
#3938 = CARTESIAN_POINT ( 'NONE',  ( -1.899999999999999911, -1.800000000000000044, 5.799999999999999822 ) ) ;
#3939 = AXIS2_PLACEMENT_3D ( 'NONE', #4394, #3335, #569 ) ;
#3940 = FACE_OUTER_BOUND ( 'NONE', #2234, .T. ) ;
#3941 = CARTESIAN_POINT ( 'NONE',  ( -0.4000000000000000222, -2.621259328415999956, 5.000000000000000000 ) ) ;
#3942 = ORIENTED_EDGE ( 'NONE', *, *, #3074, .T. ) ;
#3943 = VERTEX_POINT ( 'NONE', #1525 ) ;
#3944 = FACE_OUTER_BOUND ( 'NONE', #3758, .T. ) ;
#3945 = LINE ( 'NONE', #3868, #1299 ) ;
#3946 = FACE_OUTER_BOUND ( 'NONE', #6532, .T. ) ;
#3947 = AXIS2_PLACEMENT_3D ( 'NONE', #4367, #4905, #3702 ) ;
#3948 = CARTESIAN_POINT ( 'NONE',  ( -4.299999999999999822, 3.100000000000000089, 4.700000000000000178 ) ) ;
#3949 = ORIENTED_EDGE ( 'NONE', *, *, #1777, .T. ) ;
#3950 = CARTESIAN_POINT ( 'NONE',  ( -0.2723189432173999669, -2.250000000000000000, -4.833948469906999890 ) ) ;
#3951 = ORIENTED_EDGE ( 'NONE', *, *, #909, .F. ) ;
#3952 = CARTESIAN_POINT ( 'NONE',  ( 0.1784818660467999973, -2.200000000000000178, -4.532520887255999220 ) ) ;
#3953 = CARTESIAN_POINT ( 'NONE',  ( 0.000000000000000000, 2.500000000000000000, -6.125000000000000000 ) ) ;
#3954 = DIRECTION ( 'NONE',  ( -1.000000000000000000, 0.000000000000000000, 0.000000000000000000 ) ) ;
#3955 = LINE ( 'NONE', #2317, #4243 ) ;
#3956 = ORIENTED_EDGE ( 'NONE', *, *, #4115, .F. ) ;
#3957 = VECTOR ( 'NONE', #1792, 1000.000000000000000 ) ;
#3958 = ORIENTED_EDGE ( 'NONE', *, *, #2852, .T. ) ;
#3959 = AXIS2_PLACEMENT_3D ( 'NONE', #753, #5901, #217 ) ;
#3960 = ORIENTED_EDGE ( 'NONE', *, *, #5424, .T. ) ;
#3961 = CARTESIAN_POINT ( 'NONE',  ( -4.299999999999999822, 3.078237858560999740, 5.549999999999999822 ) ) ;
#3962 = FACE_OUTER_BOUND ( 'NONE', #5880, .T. ) ;
#3963 = CARTESIAN_POINT ( 'NONE',  ( -2.475000000000000089, -1.899999999999999911, -0.8500000000000998979 ) ) ;
#3964 = EDGE_CURVE ( 'NONE', #5896, #6190, #4266, .T. ) ;
#3965 = DIRECTION ( 'NONE',  ( 0.000000000000000000, 0.000000000000000000, -1.000000000000000000 ) ) ;
#3966 = VECTOR ( 'NONE', #2999, 1000.000000000000000 ) ;
#3967 = VECTOR ( 'NONE', #7112, 1000.000000000000000 ) ;
#3968 = VERTEX_POINT ( 'NONE', #6952 ) ;
#3969 = ORIENTED_EDGE ( 'NONE', *, *, #4331, .F. ) ;
#3970 = VERTEX_POINT ( 'NONE', #449 ) ;
#3971 = AXIS2_PLACEMENT_3D ( 'NONE', #5287, #318, #4623 ) ;
#3972 = DIRECTION ( 'NONE',  ( -1.000000000000000000, 0.000000000000000000, 0.000000000000000000 ) ) ;
#3973 = CARTESIAN_POINT ( 'NONE',  ( 3.750000000000000000, -2.200000000000000178, -5.950000000000000178 ) ) ;
#3974 = LINE ( 'NONE', #4088, #200 ) ;
#3975 = DIRECTION ( 'NONE',  ( 0.000000000000000000, 0.000000000000000000, -1.000000000000000000 ) ) ;
#3976 = DIRECTION ( 'NONE',  ( 0.000000000000000000, -1.000000000000000000, 0.000000000000000000 ) ) ;
#3977 = LINE ( 'NONE', #5700, #5192 ) ;
#3978 = ORIENTED_EDGE ( 'NONE', *, *, #6946, .T. ) ;
#3979 = EDGE_CURVE ( 'NONE', #1466, #2040, #869, .T. ) ;
#3980 = VERTEX_POINT ( 'NONE', #949 ) ;
#3981 = ORIENTED_EDGE ( 'NONE', *, *, #4909, .F. ) ;
#3982 = CARTESIAN_POINT ( 'NONE',  ( 4.575000000000000178, -1.800000000000000044, 2.399999999999999911 ) ) ;
#3983 = LINE ( 'NONE', #4469, #6746 ) ;
#3984 = DIRECTION ( 'NONE',  ( -1.000000000000000000, -1.717144944752999980E-13, 0.000000000000000000 ) ) ;
#3985 = DIRECTION ( 'NONE',  ( 0.000000000000000000, 0.000000000000000000, 1.000000000000000000 ) ) ;
#3986 = ORIENTED_EDGE ( 'NONE', *, *, #5615, .F. ) ;
#3987 = ORIENTED_EDGE ( 'NONE', *, *, #602, .F. ) ;
#3988 = LINE ( 'NONE', #4031, #893 ) ;
#3989 = DIRECTION ( 'NONE',  ( 0.000000000000000000, -1.000000000000000000, 0.000000000000000000 ) ) ;
#3990 = CIRCLE ( 'NONE', #4347, 0.8500000000000000888 ) ;
#3991 = LINE ( 'NONE', #2239, #6452 ) ;
#3992 = CARTESIAN_POINT ( 'NONE',  ( 0.2000000000000000111, 0.5000000000000000000, 10.14999999999999858 ) ) ;
#3993 = DIRECTION ( 'NONE',  ( 0.000000000000000000, 0.000000000000000000, -1.000000000000000000 ) ) ;
#3994 = EDGE_LOOP ( 'NONE', ( #459, #1418, #4355, #5646 ) ) ;
#3995 = ORIENTED_EDGE ( 'NONE', *, *, #2194, .T. ) ;
#3996 = ORIENTED_EDGE ( 'NONE', *, *, #1608, .F. ) ;
#3997 = CARTESIAN_POINT ( 'NONE',  ( 0.4500000000000999867, 2.200000000000000178, -6.125000000000000000 ) ) ;
#3998 = CARTESIAN_POINT ( 'NONE',  ( 5.200000000000000178, 2.350000000000000089, -6.125000000000000000 ) ) ;
#3999 = CARTESIAN_POINT ( 'NONE',  ( -1.350000000000000089, -0.05000000000000000278, -1.550000000000000044 ) ) ;
#4000 = LINE ( 'NONE', #2871, #1667 ) ;
#4001 = VECTOR ( 'NONE', #4482, 1000.000000000000000 ) ;
#4002 = DIRECTION ( 'NONE',  ( -1.000000000000000000, 0.000000000000000000, 0.000000000000000000 ) ) ;
#4003 = ORIENTED_EDGE ( 'NONE', *, *, #464, .F. ) ;
#4004 = ORIENTED_EDGE ( 'NONE', *, *, #6822, .T. ) ;
#4005 = EDGE_CURVE ( 'NONE', #5539, #6203, #1963, .T. ) ;
#4006 = VECTOR ( 'NONE', #5797, 1000.000000000000000 ) ;
#4007 = EDGE_CURVE ( 'NONE', #2740, #6526, #3756, .T. ) ;
#4008 = VERTEX_POINT ( 'NONE', #308 ) ;
#4009 = EDGE_CURVE ( 'NONE', #32, #1433, #4876, .T. ) ;
#4010 = PLANE ( 'NONE',  #749 ) ;
#4011 = CARTESIAN_POINT ( 'NONE',  ( 4.500000000000000000, 3.100000000000000089, 5.549999999999999822 ) ) ;
#4012 = AXIS2_PLACEMENT_3D ( 'NONE', #1142, #600, #65 ) ;
#4013 = DIRECTION ( 'NONE',  ( -1.000000000000000000, 0.000000000000000000, 0.000000000000000000 ) ) ;
#4014 = ADVANCED_FACE ( 'NONE', ( #342 ), #2610, .T. ) ;
#4015 = DIRECTION ( 'NONE',  ( 0.000000000000000000, -1.000000000000000000, 0.000000000000000000 ) ) ;
#4016 = EDGE_LOOP ( 'NONE', ( #3667, #5375 ) ) ;
#4017 = ORIENTED_EDGE ( 'NONE', *, *, #1551, .F. ) ;
#4018 = VECTOR ( 'NONE', #4500, 1000.000000000000000 ) ;
#4019 = ORIENTED_EDGE ( 'NONE', *, *, #4514, .F. ) ;
#4020 = VECTOR ( 'NONE', #105, 1000.000000000000000 ) ;
#4021 = DIRECTION ( 'NONE',  ( 0.000000000000000000, -1.000000000000000000, 0.000000000000000000 ) ) ;
#4022 = DIRECTION ( 'NONE',  ( 0.000000000000000000, 1.000000000000000000, 0.000000000000000000 ) ) ;
#4023 = DIRECTION ( 'NONE',  ( 1.000000000000000000, 0.000000000000000000, 0.000000000000000000 ) ) ;
#4024 = EDGE_CURVE ( 'NONE', #2698, #1985, #3075, .T. ) ;
#4025 = DIRECTION ( 'NONE',  ( 1.000000000000000000, 0.000000000000000000, 0.000000000000000000 ) ) ;
#4026 = CARTESIAN_POINT ( 'NONE',  ( -2.449999999999999734, -1.699999999999999956, -0.2000000000000000111 ) ) ;
#4027 = AXIS2_PLACEMENT_3D ( 'NONE', #2422, #5815, #2348 ) ;
#4028 = ORIENTED_EDGE ( 'NONE', *, *, #5661, .T. ) ;
#4029 = CARTESIAN_POINT ( 'NONE',  ( 0.8499999999999999778, -2.500000000000000000, -3.550000000000000266 ) ) ;
#4030 = EDGE_LOOP ( 'NONE', ( #2934, #3630, #1297, #4437 ) ) ;
#4031 = CARTESIAN_POINT ( 'NONE',  ( -2.600000000000000089, -1.775000000000000133, -1.443649167310000037 ) ) ;
#4032 = DIRECTION ( 'NONE',  ( 0.000000000000000000, 1.000000000000000000, 0.000000000000000000 ) ) ;
#4033 = VECTOR ( 'NONE', #713, 1000.000000000000000 ) ;
#4034 = DIRECTION ( 'NONE',  ( 0.000000000000000000, 0.000000000000000000, -1.000000000000000000 ) ) ;
#4035 = CARTESIAN_POINT ( 'NONE',  ( 2.500000000000000000, -1.500000000000000000, 5.500000000000000000 ) ) ;
#4036 = ADVANCED_FACE ( 'NONE', ( #5420 ), #1999, .T. ) ;
#4037 = ORIENTED_EDGE ( 'NONE', *, *, #7019, .T. ) ;
#4038 = VERTEX_POINT ( 'NONE', #3070 ) ;
#4039 = ORIENTED_EDGE ( 'NONE', *, *, #5190, .T. ) ;
#4040 = FACE_OUTER_BOUND ( 'NONE', #2875, .T. ) ;
#4041 = CARTESIAN_POINT ( 'NONE',  ( 3.050000000000000266, 2.199999999980000176, 4.649999999992999733 ) ) ;
#4042 = DIRECTION ( 'NONE',  ( 0.000000000000000000, 0.000000000000000000, -1.000000000000000000 ) ) ;
#4043 = DIRECTION ( 'NONE',  ( 1.000000000000000000, 0.000000000000000000, 0.000000000000000000 ) ) ;
#4044 = EDGE_LOOP ( 'NONE', ( #2403, #4045, #6070, #2286, #5238, #6709 ) ) ;
#4045 = ORIENTED_EDGE ( 'NONE', *, *, #4274, .F. ) ;
#4046 = VERTEX_POINT ( 'NONE', #2505 ) ;
#4047 = DIRECTION ( 'NONE',  ( 0.000000000000000000, 1.000000000000000000, 0.000000000000000000 ) ) ;
#4048 = EDGE_CURVE ( 'NONE', #1244, #6157, #1428, .T. ) ;
#4049 = DIRECTION ( 'NONE',  ( 0.000000000000000000, 1.000000000000000000, 0.000000000000000000 ) ) ;
#4050 = CARTESIAN_POINT ( 'NONE',  ( 3.200000000000000178, 0.5000000000000000000, 10.55000000000000071 ) ) ;
#4051 = VERTEX_POINT ( 'NONE', #6442 ) ;
#4052 = ORIENTED_EDGE ( 'NONE', *, *, #4341, .F. ) ;
#4053 = ORIENTED_EDGE ( 'NONE', *, *, #3739, .T. ) ;
#4054 = CARTESIAN_POINT ( 'NONE',  ( 0.000000000000000000, 2.500000000000000000, 0.000000000000000000 ) ) ;
#4055 = CARTESIAN_POINT ( 'NONE',  ( -4.950000000000000178, 2.200000000000000178, -6.125000000000000000 ) ) ;
#4056 = CARTESIAN_POINT ( 'NONE',  ( -4.299999999999999822, 3.100000000000000089, 5.549999999999999822 ) ) ;
#4057 = EDGE_CURVE ( 'NONE', #525, #3980, #1462, .T. ) ;
#4058 = LINE ( 'NONE', #1942, #4310 ) ;
#4059 = ADVANCED_FACE ( 'NONE', ( #1091 ), #5608, .F. ) ;
#4060 = FACE_BOUND ( 'NONE', #6304, .T. ) ;
#4061 = ORIENTED_EDGE ( 'NONE', *, *, #6318, .F. ) ;
#4062 = EDGE_CURVE ( 'NONE', #128, #1472, #5044, .T. ) ;
#4063 = DIRECTION ( 'NONE',  ( 1.000000000000000000, 0.000000000000000000, 0.000000000000000000 ) ) ;
#4064 = ORIENTED_EDGE ( 'NONE', *, *, #3879, .F. ) ;
#4065 = DIRECTION ( 'NONE',  ( 0.000000000000000000, 0.000000000000000000, -1.000000000000000000 ) ) ;
#4066 = EDGE_CURVE ( 'NONE', #1950, #6977, #2685, .T. ) ;
#4067 = LINE ( 'NONE', #2938, #2777 ) ;
#4068 = DIRECTION ( 'NONE',  ( 0.000000000000000000, 1.000000000000000000, 0.000000000000000000 ) ) ;
#4069 = ADVANCED_FACE ( 'NONE', ( #4490 ), #1633, .T. ) ;
#4070 = DIRECTION ( 'NONE',  ( 1.000000000000000000, 0.000000000000000000, 0.000000000000000000 ) ) ;
#4071 = DIRECTION ( 'NONE',  ( 0.7071067811864419905, 0.000000000000000000, 0.7071067811866530439 ) ) ;
#4072 = DIRECTION ( 'NONE',  ( -1.000000000000000000, 0.000000000000000000, 0.000000000000000000 ) ) ;
#4073 = AXIS2_PLACEMENT_3D ( 'NONE', #189, #4657, #3565 ) ;
#4074 = ORIENTED_EDGE ( 'NONE', *, *, #3620, .T. ) ;
#4075 = VERTEX_POINT ( 'NONE', #6145 ) ;
#4076 = ORIENTED_EDGE ( 'NONE', *, *, #4203, .T. ) ;
#4077 = DIRECTION ( 'NONE',  ( 0.7071067811865475727, -0.7071067811865475727, 0.000000000000000000 ) ) ;
#4078 = CIRCLE ( 'NONE', #2913, 0.5250000000000002442 ) ;
#4079 = DIRECTION ( 'NONE',  ( 0.3329829244524177834, 0.000000000000000000, 0.9429328565826494701 ) ) ;
#4080 = DIRECTION ( 'NONE',  ( 1.000000000000000000, 0.000000000000000000, 0.000000000000000000 ) ) ;
#4081 = LINE ( 'NONE', #2988, #847 ) ;
#4082 = FACE_BOUND ( 'NONE', #1356, .T. ) ;
#4083 = ORIENTED_EDGE ( 'NONE', *, *, #2346, .F. ) ;
#4084 = VERTEX_POINT ( 'NONE', #7120 ) ;
#4085 = ORIENTED_EDGE ( 'NONE', *, *, #5222, .T. ) ;
#4086 = DIRECTION ( 'NONE',  ( -1.000000000000000000, 0.000000000000000000, 0.000000000000000000 ) ) ;
#4087 = VECTOR ( 'NONE', #3004, 1000.000000000000000 ) ;
#4088 = CARTESIAN_POINT ( 'NONE',  ( 5.299999999999999822, 2.500000000000000000, -1.550000000000000044 ) ) ;
#4089 = CARTESIAN_POINT ( 'NONE',  ( 2.200000000000000178, 2.500000000000000000, 5.950000000000000178 ) ) ;
#4090 = CARTESIAN_POINT ( 'NONE',  ( 3.824999999999999734, 2.500000000000000000, 6.025000000000000355 ) ) ;
#4091 = CIRCLE ( 'NONE', #5015, 0.2000000000000000944 ) ;
#4092 = LINE ( 'NONE', #639, #1574 ) ;
#4093 = ORIENTED_EDGE ( 'NONE', *, *, #3979, .T. ) ;
#4094 = VECTOR ( 'NONE', #1393, 1000.000000000000000 ) ;
#4095 = LINE ( 'NONE', #5073, #3788 ) ;
#4096 = CARTESIAN_POINT ( 'NONE',  ( -5.250000000000000000, -1.699999999999999956, -4.000000000000000000 ) ) ;
#4097 = DIRECTION ( 'NONE',  ( 0.000000000000000000, 0.000000000000000000, 1.000000000000000000 ) ) ;
#4098 = LINE ( 'NONE', #5263, #2213 ) ;
#4099 = ORIENTED_EDGE ( 'NONE', *, *, #3929, .T. ) ;
#4100 = EDGE_CURVE ( 'NONE', #452, #5879, #625, .T. ) ;
#4101 = ORIENTED_EDGE ( 'NONE', *, *, #295, .T. ) ;
#4102 = ADVANCED_FACE ( 'NONE', ( #2103 ), #2717, .T. ) ;
#4103 = CARTESIAN_POINT ( 'NONE',  ( -5.200000000000000178, 3.500000000000000000, 5.549999999999999822 ) ) ;
#4104 = CARTESIAN_POINT ( 'NONE',  ( -5.250000000000000000, -1.699999999999999956, -4.000000000000000000 ) ) ;
#4105 = AXIS2_PLACEMENT_3D ( 'NONE', #4173, #4727, #2555 ) ;
#4106 = DIRECTION ( 'NONE',  ( 0.000000000000000000, 1.000000000000000000, 0.000000000000000000 ) ) ;
#4107 = EDGE_CURVE ( 'NONE', #3740, #5521, #6547, .T. ) ;
#4108 = ORIENTED_EDGE ( 'NONE', *, *, #4124, .T. ) ;
#4109 = EDGE_CURVE ( 'NONE', #2275, #2972, #1594, .T. ) ;
#4110 = VERTEX_POINT ( 'NONE', #3282 ) ;
#4111 = AXIS2_PLACEMENT_3D ( 'NONE', #5940, #2042, #957 ) ;
#4112 = VERTEX_POINT ( 'NONE', #2753 ) ;
#4113 = LINE ( 'NONE', #6336, #2556 ) ;
#4114 = CARTESIAN_POINT ( 'NONE',  ( -3.425000000000000266, 2.500000000000000000, 5.275000000000000355 ) ) ;
#4115 = EDGE_CURVE ( 'NONE', #163, #339, #4986, .T. ) ;
#4116 = AXIS2_PLACEMENT_3D ( 'NONE', #242, #4711, #6888 ) ;
#4117 = ORIENTED_EDGE ( 'NONE', *, *, #6240, .T. ) ;
#4118 = ORIENTED_EDGE ( 'NONE', *, *, #2704, .F. ) ;
#4119 = DIRECTION ( 'NONE',  ( 1.000000000000000000, 0.000000000000000000, 0.000000000000000000 ) ) ;
#4120 = SURFACE_STYLE_USAGE ( .BOTH. , #379 ) ;
#4121 = VECTOR ( 'NONE', #6253, 1000.000000000000000 ) ;
#4122 = FACE_OUTER_BOUND ( 'NONE', #4531, .T. ) ;
#4123 = DIRECTION ( 'NONE',  ( 0.000000000000000000, -1.000000000000000000, 0.000000000000000000 ) ) ;
#4124 = EDGE_CURVE ( 'NONE', #6018, #3025, #6072, .T. ) ;
#4125 = VECTOR ( 'NONE', #4174, 1000.000000000000000 ) ;
#4126 = CARTESIAN_POINT ( 'NONE',  ( -1.749999999999999778, 0.5000000000000002220, 4.850000000000000533 ) ) ;
#4127 = ORIENTED_EDGE ( 'NONE', *, *, #6542, .T. ) ;
#4128 = B_SPLINE_SURFACE_WITH_KNOTS ( 'NONE', 3, 1, ( 
 ( #131, #2836 ),
 ( #787, #1790 ),
 ( #1292, #5620 ),
 ( #1254, #5695 ) ),
 .UNSPECIFIED., .F., .F., .F.,
 ( 4, 4 ),
 ( 2, 2 ),
 ( 0.1095949475875662021, 0.9656163533129110688 ),
 ( 0.000000000000000000, 1.000000000000000000 ),
 .UNSPECIFIED. ) ;
#4129 = DIRECTION ( 'NONE',  ( -0.000000000000000000, 1.000000000000000000, 0.000000000000000000 ) ) ;
#4130 = CARTESIAN_POINT ( 'NONE',  ( -2.125000000000000000, -2.500000000000000000, -0.8499999999999999778 ) ) ;
#4131 = AXIS2_PLACEMENT_3D ( 'NONE', #3587, #2507, #5804 ) ;
#4132 = CARTESIAN_POINT ( 'NONE',  ( 4.500000000000000000, 2.575000000050999827, 5.549999999999999822 ) ) ;
#4133 = ORIENTED_EDGE ( 'NONE', *, *, #3255, .T. ) ;
#4134 = AXIS2_PLACEMENT_3D ( 'NONE', #2257, #4391, #598 ) ;
#4135 = VECTOR ( 'NONE', #5738, 1000.000000000000114 ) ;
#4136 = EDGE_LOOP ( 'NONE', ( #1308, #6274, #963, #2985 ) ) ;
#4137 = DIRECTION ( 'NONE',  ( 0.000000000000000000, 0.000000000000000000, -1.000000000000000000 ) ) ;
#4138 = DIRECTION ( 'NONE',  ( 0.000000000000000000, 0.000000000000000000, -1.000000000000000000 ) ) ;
#4139 = DIRECTION ( 'NONE',  ( 0.7276068751091748776, 0.4850712500723838860, -0.4850712500726839238 ) ) ;
#4140 = VECTOR ( 'NONE', #799, 1000.000000000000000 ) ;
#4141 = LINE ( 'NONE', #6364, #2832 ) ;
#4142 = EDGE_CURVE ( 'NONE', #5444, #4732, #1130, .T. ) ;
#4143 = ADVANCED_FACE ( 'NONE', ( #735 ), #6766, .T. ) ;
#4144 = ORIENTED_EDGE ( 'NONE', *, *, #1215, .F. ) ;
#4145 = AXIS2_PLACEMENT_3D ( 'NONE', #6372, #3068, #4743 ) ;
#4146 = ORIENTED_EDGE ( 'NONE', *, *, #4514, .T. ) ;
#4147 = EDGE_LOOP ( 'NONE', ( #696, #2087, #458, #1857 ) ) ;
#4148 = DIRECTION ( 'NONE',  ( 1.000000000000000000, 0.000000000000000000, 0.000000000000000000 ) ) ;
#4149 = CARTESIAN_POINT ( 'NONE',  ( 5.200000000000000178, 2.500000000000000000, 0.000000000000000000 ) ) ;
#4150 = DIRECTION ( 'NONE',  ( 2.829012744230000060E-14, 1.000000000000000000, 0.000000000000000000 ) ) ;
#4151 = FACE_OUTER_BOUND ( 'NONE', #1892, .T. ) ;
#4152 = FACE_OUTER_BOUND ( 'NONE', #2452, .T. ) ;
#4153 = ADVANCED_FACE ( 'NONE', ( #1283 ), #3461, .T. ) ;
#4154 = ADVANCED_FACE ( 'NONE', ( #5088, #1740 ), #4601, .F. ) ;
#4155 = ORIENTED_EDGE ( 'NONE', *, *, #5426, .T. ) ;
#4156 = ORIENTED_EDGE ( 'NONE', *, *, #2713, .T. ) ;
#4157 = ADVANCED_FACE ( 'NONE', ( #5131 ), #6726, .F. ) ;
#4158 = DIRECTION ( 'NONE',  ( 0.000000000000000000, 0.000000000000000000, 1.000000000000000000 ) ) ;
#4159 = LINE ( 'NONE', #7159, #3618 ) ;
#4160 = DIRECTION ( 'NONE',  ( 1.000000000000000000, 0.000000000000000000, 0.000000000000000000 ) ) ;
#4161 = DIRECTION ( 'NONE',  ( 0.000000000000000000, 1.000000000000000000, 0.000000000000000000 ) ) ;
#4162 = CARTESIAN_POINT ( 'NONE',  ( 3.337500000000000355, 0.1000000000000000056, 5.474999999999999645 ) ) ;
#4163 = CARTESIAN_POINT ( 'NONE',  ( -4.299999999999999822, 2.575000000050999827, 4.950000000051000271 ) ) ;
#4164 = EDGE_LOOP ( 'NONE', ( #3498, #7181, #1630, #2749, #1784, #2654, #3907, #6885 ) ) ;
#4165 = CYLINDRICAL_SURFACE ( 'NONE', #423, 0.2000000000000000944 ) ;
#4166 = EDGE_CURVE ( 'NONE', #202, #2732, #770, .T. ) ;
#4167 = DIRECTION ( 'NONE',  ( 0.000000000000000000, 0.000000000000000000, 1.000000000000000000 ) ) ;
#4168 = FACE_OUTER_BOUND ( 'NONE', #5148, .T. ) ;
#4169 = ORIENTED_EDGE ( 'NONE', *, *, #5781, .T. ) ;
#4170 = VERTEX_POINT ( 'NONE', #698 ) ;
#4171 = CARTESIAN_POINT ( 'NONE',  ( -4.675000000000000711, -1.699999999999999956, -2.550000000000000266 ) ) ;
#4172 = DIRECTION ( 'NONE',  ( 0.000000000000000000, -1.000000000000000000, 0.000000000000000000 ) ) ;
#4173 = CARTESIAN_POINT ( 'NONE',  ( 4.500000000000000000, 3.100000000000000089, 5.549999999999999822 ) ) ;
#4174 = DIRECTION ( 'NONE',  ( -1.000000000000000000, 0.000000000000000000, 0.000000000000000000 ) ) ;
#4175 = ORIENTED_CLOSED_SHELL ( 'NONE', *, #2655, .F. );
#4176 = VECTOR ( 'NONE', #5548, 1000.000000000000000 ) ;
#4177 = ORIENTED_EDGE ( 'NONE', *, *, #455, .F. ) ;
#4178 = ORIENTED_EDGE ( 'NONE', *, *, #1644, .F. ) ;
#4179 = ORIENTED_EDGE ( 'NONE', *, *, #6946, .F. ) ;
#4180 = CARTESIAN_POINT ( 'NONE',  ( 0.5875347804278000519, -2.200000000000000178, -4.950000000000000178 ) ) ;
#4181 = DIRECTION ( 'NONE',  ( 0.000000000000000000, -1.000000000000000000, 0.000000000000000000 ) ) ;
#4182 = DIRECTION ( 'NONE',  ( 0.7071067811865475727, 0.7071067811865475727, 0.000000000000000000 ) ) ;
#4183 = VECTOR ( 'NONE', #5699, 1000.000000000000000 ) ;
#4184 = VERTEX_POINT ( 'NONE', #123 ) ;
#4185 = ORIENTED_EDGE ( 'NONE', *, *, #1009, .T. ) ;
#4186 = FACE_OUTER_BOUND ( 'NONE', #5199, .T. ) ;
#4187 = CARTESIAN_POINT ( 'NONE',  ( -4.649999999999999467, -1.899999999999999911, -3.799999999999999822 ) ) ;
#4188 = CARTESIAN_POINT ( 'NONE',  ( 3.399999999999999911, 2.200000000000000178, 5.500000000000000000 ) ) ;
#4189 = DIRECTION ( 'NONE',  ( 0.000000000000000000, 1.000000000000000000, 0.000000000000000000 ) ) ;
#4190 = PLANE ( 'NONE',  #1807 ) ;
#4191 = DIRECTION ( 'NONE',  ( 0.000000000000000000, 1.000000000000000000, 0.000000000000000000 ) ) ;
#4192 = AXIS2_PLACEMENT_3D ( 'NONE', #1452, #3018, #6393 ) ;
#4193 = VERTEX_POINT ( 'NONE', #2907 ) ;
#4194 = EDGE_CURVE ( 'NONE', #6227, #6181, #5726, .T. ) ;
#4195 = VECTOR ( 'NONE', #3252, 1000.000000000000000 ) ;
#4196 = CARTESIAN_POINT ( 'NONE',  ( -4.299999999999999822, 3.077185478309000022, 5.549999999999999822 ) ) ;
#4197 = DIRECTION ( 'NONE',  ( 0.000000000000000000, 1.000000000000000000, 0.000000000000000000 ) ) ;
#4198 = DIRECTION ( 'NONE',  ( 0.000000000000000000, 0.000000000000000000, 1.000000000000000000 ) ) ;
#4199 = DIRECTION ( 'NONE',  ( 1.000000000000000000, 0.000000000000000000, 0.000000000000000000 ) ) ;
#4200 = ADVANCED_FACE ( 'NONE', ( #3962 ), #6183, .T. ) ;
#4201 = AXIS2_PLACEMENT_3D ( 'NONE', #4432, #5629, #644 ) ;
#4202 = AXIS2_PLACEMENT_3D ( 'NONE', #2996, #3616, #5900 ) ;
#4203 = EDGE_CURVE ( 'NONE', #2381, #6247, #6337, .T. ) ;
#4204 = ORIENTED_EDGE ( 'NONE', *, *, #6465, .F. ) ;
#4205 = ORIENTED_EDGE ( 'NONE', *, *, #4480, .T. ) ;
#4206 = FACE_OUTER_BOUND ( 'NONE', #1416, .T. ) ;
#4207 = CARTESIAN_POINT ( 'NONE',  ( -2.649999999999999911, 2.500000000000000000, 4.850000000000000533 ) ) ;
#4208 = VECTOR ( 'NONE', #5454, 1000.000000000000000 ) ;
#4209 = CARTESIAN_POINT ( 'NONE',  ( 3.050000000000000266, 2.500000000000000000, 5.275000000000000355 ) ) ;
#4210 = CARTESIAN_POINT ( 'NONE',  ( 0.2000000000000000111, -4.850000000000000533, 5.299999999999999822 ) ) ;
#4211 = EDGE_LOOP ( 'NONE', ( #5060, #7129, #6150, #1451 ) ) ;
#4212 = VERTEX_POINT ( 'NONE', #2289 ) ;
#4213 = EDGE_LOOP ( 'NONE', ( #5798, #3264 ) ) ;
#4214 = ORIENTED_EDGE ( 'NONE', *, *, #3163, .F. ) ;
#4215 = PLANE ( 'NONE',  #5126 ) ;
#4216 = DIRECTION ( 'NONE',  ( 1.000000000000000000, 0.000000000000000000, 0.000000000000000000 ) ) ;
#4217 = DIRECTION ( 'NONE',  ( 1.000000000000000000, 0.000000000000000000, 0.000000000000000000 ) ) ;
#4218 = PLANE ( 'NONE',  #2796 ) ;
#4219 = VECTOR ( 'NONE', #4071, 1000.000000000000000 ) ;
#4220 = EDGE_LOOP ( 'NONE', ( #3621, #177, #4912, #2560 ) ) ;
#4221 = ORIENTED_EDGE ( 'NONE', *, *, #1318, .T. ) ;
#4222 = CARTESIAN_POINT ( 'NONE',  ( 0.8000000000000000444, -4.899999999999999467, 5.299999999999999822 ) ) ;
#4223 = CARTESIAN_POINT ( 'NONE',  ( -3.775000000000000355, 2.649999999999999911, 5.549999999999999822 ) ) ;
#4224 = DIRECTION ( 'NONE',  ( 0.000000000000000000, 1.000000000000000000, 0.000000000000000000 ) ) ;
#4225 = DIRECTION ( 'NONE',  ( 1.000000000000000000, 0.000000000000000000, 0.000000000000000000 ) ) ;
#4226 = AXIS2_PLACEMENT_3D ( 'NONE', #3682, #6515, #4845 ) ;
#4227 = CARTESIAN_POINT ( 'NONE',  ( -0.07660168297609040722, -2.299999999999999822, -4.261350971460575288 ) ) ;
#4228 = EDGE_CURVE ( 'NONE', #4822, #3304, #1208, .T. ) ;
#4229 = ADVANCED_FACE ( 'NONE', ( #3639 ), #367, .F. ) ;
#4230 = UNCERTAINTY_MEASURE_WITH_UNIT (LENGTH_MEASURE( 1.000000000000000082E-05 ), #7042, 'distance_accuracy_value', 'NONE');
#4231 = VECTOR ( 'NONE', #412, 1000.000000000000000 ) ;
#4232 = ORIENTED_EDGE ( 'NONE', *, *, #784, .F. ) ;
#4233 = EDGE_CURVE ( 'NONE', #5735, #3224, #973, .T. ) ;
#4234 = CARTESIAN_POINT ( 'NONE',  ( -2.149999999999999911, -1.699999999999999956, -0.8499999999999999778 ) ) ;
#4235 = CARTESIAN_POINT ( 'NONE',  ( 3.750000000000000000, -1.899999999999999911, -5.774999999999999467 ) ) ;
#4236 = CARTESIAN_POINT ( 'NONE',  ( 5.049999999999999822, 2.200000000000000178, -5.774999999999999467 ) ) ;
#4237 = CARTESIAN_POINT ( 'NONE',  ( 0.8499999999999999778, -2.200000000000000178, -3.550000000000000266 ) ) ;
#4238 = AXIS2_PLACEMENT_3D ( 'NONE', #3249, #5463, #5788 ) ;
#4239 = EDGE_CURVE ( 'NONE', #5879, #676, #2526, .T. ) ;
#4240 = EDGE_CURVE ( 'NONE', #6306, #2077, #5241, .T. ) ;
#4241 = CARTESIAN_POINT ( 'NONE',  ( -2.649999999999999911, -1.699999999999999956, 4.850000000000000533 ) ) ;
#4242 = VERTEX_POINT ( 'NONE', #5923 ) ;
#4243 = VECTOR ( 'NONE', #4557, 1000.000000000000000 ) ;
#4244 = EDGE_CURVE ( 'NONE', #6967, #621, #6208, .T. ) ;
#4245 = DIRECTION ( 'NONE',  ( 0.000000000000000000, 1.000000000000000000, 0.000000000000000000 ) ) ;
#4246 = CARTESIAN_POINT ( 'NONE',  ( 4.559442123160000193, -4.850000000000000533, 1.949999999999999956 ) ) ;
#4247 = BREP_WITH_VOIDS ( 'NONE', #4422, ( #4175, #5697, #192, #2653, #4410, #4503 ) );
#4248 = FACE_OUTER_BOUND ( 'NONE', #5712, .T. ) ;
#4249 = CIRCLE ( 'NONE', #6821, 0.2000000000000000944 ) ;
#4250 = CIRCLE ( 'NONE', #4829, 2.100000000000000089 ) ;
#4251 = ORIENTED_EDGE ( 'NONE', *, *, #6585, .F. ) ;
#4252 = EDGE_LOOP ( 'NONE', ( #2924, #3430, #4833, #6924 ) ) ;
#4253 = ORIENTED_EDGE ( 'NONE', *, *, #6754, .T. ) ;
#4254 = EDGE_LOOP ( 'NONE', ( #5406, #6105, #668 ) ) ;
#4255 = DIRECTION ( 'NONE',  ( 0.000000000000000000, 0.000000000000000000, -1.000000000000000000 ) ) ;
#4256 = SURFACE_STYLE_FILL_AREA ( #4803 ) ;
#4257 = AXIS2_PLACEMENT_3D ( 'NONE', #2109, #4953, #6036 ) ;
#4258 = DIRECTION ( 'NONE',  ( 1.000000000000000000, 0.000000000000000000, 0.000000000000000000 ) ) ;
#4259 = LINE ( 'NONE', #4907, #1237 ) ;
#4260 = DIRECTION ( 'NONE',  ( -1.000000000000000000, 0.000000000000000000, 0.000000000000000000 ) ) ;
#4261 = ORIENTED_EDGE ( 'NONE', *, *, #3744, .T. ) ;
#4262 = DIRECTION ( 'NONE',  ( 0.000000000000000000, -1.000000000000000000, 0.000000000000000000 ) ) ;
#4263 = EDGE_LOOP ( 'NONE', ( #3934, #570, #4312, #5111 ) ) ;
#4264 = LINE ( 'NONE', #4222, #659 ) ;
#4265 = DIRECTION ( 'NONE',  ( 0.000000000000000000, 1.000000000000000000, 0.000000000000000000 ) ) ;
#4266 = LINE ( 'NONE', #7049, #4231 ) ;
#4267 = LINE ( 'NONE', #6982, #1412 ) ;
#4268 = CARTESIAN_POINT ( 'NONE',  ( 4.500000000000000000, 3.500000000000000000, 5.549999999999999822 ) ) ;
#4269 = CIRCLE ( 'NONE', #4846, 0.3000000000000000444 ) ;
#4270 = CARTESIAN_POINT ( 'NONE',  ( -1.800000000000000044, 2.500000000000000000, 4.750000000000000000 ) ) ;
#4271 = VERTEX_POINT ( 'NONE', #4702 ) ;
#4272 = FACE_OUTER_BOUND ( 'NONE', #6189, .T. ) ;
#4273 = LINE ( 'NONE', #2622, #1688 ) ;
#4274 = EDGE_CURVE ( 'NONE', #4754, #652, #1925, .T. ) ;
#4275 = LINE ( 'NONE', #4631, #4497 ) ;
#4276 = CARTESIAN_POINT ( 'NONE',  ( 0.2000000000000000111, 0.5000000000000000000, 5.486854749822000166 ) ) ;
#4277 = EDGE_LOOP ( 'NONE', ( #640, #5330 ) ) ;
#4278 = ORIENTED_EDGE ( 'NONE', *, *, #1214, .F. ) ;
#4279 = DIRECTION ( 'NONE',  ( -0.000000000000000000, 1.000000000000000000, 0.000000000000000000 ) ) ;
#4280 = EDGE_CURVE ( 'NONE', #7147, #4271, #5893, .T. ) ;
#4281 = DIRECTION ( 'NONE',  ( 0.000000000000000000, -1.000000000000000000, 0.000000000000000000 ) ) ;
#4282 = EDGE_CURVE ( 'NONE', #4881, #3486, #2712, .T. ) ;
#4283 = DIRECTION ( 'NONE',  ( 0.000000000000000000, 0.000000000000000000, -1.000000000000000000 ) ) ;
#4284 = EDGE_LOOP ( 'NONE', ( #3917, #4735 ) ) ;
#4285 = ORIENTED_EDGE ( 'NONE', *, *, #5868, .F. ) ;
#4286 = ORIENTED_EDGE ( 'NONE', *, *, #1655, .T. ) ;
#4287 = EDGE_LOOP ( 'NONE', ( #3194, #3960, #982, #4477 ) ) ;
#4288 = LINE ( 'NONE', #6502, #2432 ) ;
#4289 = CARTESIAN_POINT ( 'NONE',  ( 3.200000000000000178, 0.5000000000000000000, 6.959999999999999964 ) ) ;
#4290 = LINE ( 'NONE', #4593, #5643 ) ;
#4291 = EDGE_CURVE ( 'NONE', #6149, #5294, #473, .T. ) ;
#4292 = VECTOR ( 'NONE', #6155, 1000.000000000000000 ) ;
#4293 = VERTEX_POINT ( 'NONE', #6574 ) ;
#4294 = EDGE_CURVE ( 'NONE', #4841, #1817, #3881, .T. ) ;
#4295 = PLANE ( 'NONE',  #203 ) ;
#4296 = EDGE_LOOP ( 'NONE', ( #4588, #3656 ) ) ;
#4297 = ORIENTED_EDGE ( 'NONE', *, *, #6850, .F. ) ;
#4298 = LINE ( 'NONE', #3852, #1172 ) ;
#4299 = CARTESIAN_POINT ( 'NONE',  ( 2.100000000000000089, -2.000000000000000000, 5.500000000000000000 ) ) ;
#4300 = LINE ( 'NONE', #3857, #2846 ) ;
#4301 = VECTOR ( 'NONE', #1540, 1000.000000000000000 ) ;
#4302 = ORIENTED_EDGE ( 'NONE', *, *, #2704, .T. ) ;
#4303 = CARTESIAN_POINT ( 'NONE',  ( 3.050000000000000266, -2.100000000000000089, 4.649999999999999467 ) ) ;
#4304 = FACE_OUTER_BOUND ( 'NONE', #1002, .T. ) ;
#4305 = CARTESIAN_POINT ( 'NONE',  ( -5.349999999999999645, 2.399999999999999911, -1.300000000000000044 ) ) ;
#4306 = VECTOR ( 'NONE', #3353, 1000.000000000000000 ) ;
#4307 = LINE ( 'NONE', #4236, #1458 ) ;
#4308 = DIRECTION ( 'NONE',  ( 0.7071067811865475727, 0.7071067811865475727, 0.000000000000000000 ) ) ;
#4309 = VERTEX_POINT ( 'NONE', #1623 ) ;
#4310 = VECTOR ( 'NONE', #4685, 1000.000000000000000 ) ;
#4311 = ORIENTED_EDGE ( 'NONE', *, *, #5112, .F. ) ;
#4312 = ORIENTED_EDGE ( 'NONE', *, *, #2665, .T. ) ;
#4313 = CARTESIAN_POINT ( 'NONE',  ( 4.549999999999999822, -2.500000000000000000, 2.299999999999999822 ) ) ;
#4314 = CARTESIAN_POINT ( 'NONE',  ( 4.850000000000000533, -1.899999999999999911, 2.299999999999999822 ) ) ;
#4315 = CARTESIAN_POINT ( 'NONE',  ( 4.559442123160000193, -4.850000000000000533, 1.649999999999999911 ) ) ;
#4316 = AXIS2_PLACEMENT_3D ( 'NONE', #6712, #4510, #139 ) ;
#4317 = AXIS2_PLACEMENT_3D ( 'NONE', #844, #1386, #4217 ) ;
#4318 = LINE ( 'NONE', #433, #1915 ) ;
#4319 = ORIENTED_EDGE ( 'NONE', *, *, #3306, .F. ) ;
#4320 = EDGE_CURVE ( 'NONE', #6295, #1538, #2480, .T. ) ;
#4321 = ORIENTED_EDGE ( 'NONE', *, *, #3929, .F. ) ;
#4322 = VECTOR ( 'NONE', #2141, 1000.000000000000000 ) ;
#4323 = ORIENTED_EDGE ( 'NONE', *, *, #5806, .F. ) ;
#4324 = STYLED_ITEM ( 'NONE', ( #7083 ), #1627 ) ;
#4325 = ORIENTED_EDGE ( 'NONE', *, *, #1883, .T. ) ;
#4326 = CARTESIAN_POINT ( 'NONE',  ( 3.600000000000000089, -0.5000000000000000000, 5.799999999999999822 ) ) ;
#4327 = DIRECTION ( 'NONE',  ( 0.000000000000000000, 0.000000000000000000, 1.000000000000000000 ) ) ;
#4328 = CARTESIAN_POINT ( 'NONE',  ( -2.599999999999995648, -1.775000000000004130, -1.579504607559159224 ) ) ;
#4329 = DIRECTION ( 'NONE',  ( 1.000000000000000000, 0.000000000000000000, 0.000000000000000000 ) ) ;
#4330 = PLANE ( 'NONE',  #3633 ) ;
#4331 = EDGE_CURVE ( 'NONE', #297, #5264, #1099, .T. ) ;
#4332 = ORIENTED_EDGE ( 'NONE', *, *, #551, .T. ) ;
#4333 = DIRECTION ( 'NONE',  ( -0.000000000000000000, 1.000000000000000000, 0.000000000000000000 ) ) ;
#4334 = EDGE_LOOP ( 'NONE', ( #4448, #5853, #4447, #741 ) ) ;
#4335 = CARTESIAN_POINT ( 'NONE',  ( 2.000000000000000000, 0.4999999999998941957, 10.14999999999999858 ) ) ;
#4336 = DIRECTION ( 'NONE',  ( 0.000000000000000000, 1.000000000000000000, 0.000000000000000000 ) ) ;
#4337 = ADVANCED_FACE ( 'NONE', ( #1702 ), #4977, .F. ) ;
#4338 = DIRECTION ( 'NONE',  ( 0.000000000000000000, 0.000000000000000000, -1.000000000000000000 ) ) ;
#4339 = EDGE_CURVE ( 'NONE', #115, #720, #4359, .T. ) ;
#4340 = DIRECTION ( 'NONE',  ( -0.5547001962240989403, 0.8320502943385971184, 0.000000000000000000 ) ) ;
#4341 = EDGE_CURVE ( 'NONE', #3224, #720, #4941, .T. ) ;
#4342 = CIRCLE ( 'NONE', #5032, 0.5999999999999999778 ) ;
#4343 = EDGE_LOOP ( 'NONE', ( #5072, #2420, #4818, #2715 ) ) ;
#4344 = DIRECTION ( 'NONE',  ( -5.865999022095999129E-14, 1.376554437185000134E-11, -1.000000000000000000 ) ) ;
#4345 = VERTEX_POINT ( 'NONE', #1588 ) ;
#4346 = CARTESIAN_POINT ( 'NONE',  ( 3.399999999999999911, 2.399999999999999911, 5.799999999999999822 ) ) ;
#4347 = AXIS2_PLACEMENT_3D ( 'NONE', #62, #1176, #4574 ) ;
#4348 = LINE ( 'NONE', #2113, #539 ) ;
#4349 = CARTESIAN_POINT ( 'NONE',  ( -0.5499999999068000411, -2.299999999999999822, -4.950000000000000178 ) ) ;
#4350 = CARTESIAN_POINT ( 'NONE',  ( -4.675000000000000711, -5.500000000000000000, -3.149999999999999911 ) ) ;
#4351 = EDGE_CURVE ( 'NONE', #6141, #6511, #69, .T. ) ;
#4352 = LINE ( 'NONE', #4393, #5594 ) ;
#4353 = VECTOR ( 'NONE', #1054, 1000.000000000000000 ) ;
#4354 = ORIENTED_EDGE ( 'NONE', *, *, #3312, .T. ) ;
#4355 = ORIENTED_EDGE ( 'NONE', *, *, #4523, .T. ) ;
#4356 = ORIENTED_EDGE ( 'NONE', *, *, #1255, .F. ) ;
#4357 = PLANE ( 'NONE',  #6102 ) ;
#4358 = DIRECTION ( 'NONE',  ( 0.000000000000000000, -0.7751788502520129409, 0.6317418381918100678 ) ) ;
#4359 = CIRCLE ( 'NONE', #1911, 0.8999999999999998002 ) ;
#4360 = CARTESIAN_POINT ( 'NONE',  ( -4.924999999999999822, -1.800000000000000044, -3.899999999999999911 ) ) ;
#4361 = LINE ( 'NONE', #4827, #1353 ) ;
#4362 = ORIENTED_EDGE ( 'NONE', *, *, #2850, .F. ) ;
#4363 = AXIS2_PLACEMENT_3D ( 'NONE', #1860, #2829, #3391 ) ;
#4364 = ORIENTED_EDGE ( 'NONE', *, *, #2405, .T. ) ;
#4365 = EDGE_LOOP ( 'NONE', ( #3350, #376, #3864, #6782 ) ) ;
#4366 = ORIENTED_EDGE ( 'NONE', *, *, #5524, .T. ) ;
#4367 = CARTESIAN_POINT ( 'NONE',  ( -2.200000000000000178, 1.500000000000000000, 6.387500000000000178 ) ) ;
#4368 = CARTESIAN_POINT ( 'NONE',  ( -4.299999999999999822, 3.100000000000000089, 5.549999999999999822 ) ) ;
#4369 = DIRECTION ( 'NONE',  ( 1.000000000000000000, 0.000000000000000000, 0.000000000000000000 ) ) ;
#4370 = EDGE_CURVE ( 'NONE', #2385, #3185, #3346, .T. ) ;
#4371 = DIRECTION ( 'NONE',  ( 0.000000000000000000, 0.000000000000000000, -1.000000000000000000 ) ) ;
#4372 = CIRCLE ( 'NONE', #6103, 2.399999999999999911 ) ;
#4373 = EDGE_CURVE ( 'NONE', #5230, #4772, #6137, .T. ) ;
#4374 = CARTESIAN_POINT ( 'NONE',  ( -2.100000000000000089, 0.3020000000000000462, -1.456350832690000097 ) ) ;
#4375 = ORIENTED_EDGE ( 'NONE', *, *, #6465, .T. ) ;
#4376 = VECTOR ( 'NONE', #5839, 1000.000000000000000 ) ;
#4377 = AXIS2_PLACEMENT_3D ( 'NONE', #1422, #5858, #335 ) ;
#4378 = VERTEX_POINT ( 'NONE', #6537 ) ;
#4379 = CARTESIAN_POINT ( 'NONE',  ( -0.4000000000000000222, -2.272428845803000197, 5.165716172814000196 ) ) ;
#4380 = CARTESIAN_POINT ( 'NONE',  ( -4.658590997241000231, -5.500000000000000000, -3.149999999999999911 ) ) ;
#4381 = EDGE_CURVE ( 'NONE', #1147, #4271, #5994, .T. ) ;
#4382 = CARTESIAN_POINT ( 'NONE',  ( -5.750000000000000000, -2.500000000000000000, -6.949999999999999289 ) ) ;
#4383 = CYLINDRICAL_SURFACE ( 'NONE', #1211, 2.399999999999999911 ) ;
#4384 = LINE ( 'NONE', #2790, #6569 ) ;
#4385 = AXIS2_PLACEMENT_3D ( 'NONE', #4479, #6136, #653 ) ;
#4386 = ORIENTED_EDGE ( 'NONE', *, *, #3325, .T. ) ;
#4387 = CARTESIAN_POINT ( 'NONE',  ( 3.050000000000000266, -2.100000000000000089, 5.474999999999999645 ) ) ;
#4388 = ORIENTED_EDGE ( 'NONE', *, *, #1805, .F. ) ;
#4389 = EDGE_CURVE ( 'NONE', #3678, #6753, #5715, .T. ) ;
#4390 = AXIS2_PLACEMENT_3D ( 'NONE', #4054, #4129, #5743 ) ;
#4391 = DIRECTION ( 'NONE',  ( 0.000000000000000000, 0.000000000000000000, 1.000000000000000000 ) ) ;
#4392 = FACE_OUTER_BOUND ( 'NONE', #7100, .T. ) ;
#4393 = CARTESIAN_POINT ( 'NONE',  ( 3.600000000000000089, -0.5000000000000000000, 5.799999999999999822 ) ) ;
#4394 = CARTESIAN_POINT ( 'NONE',  ( -0.4000000000000000222, -2.621259328415999956, 5.450000000000000178 ) ) ;
#4395 = EDGE_CURVE ( 'NONE', #5311, #6370, #5976, .T. ) ;
#4396 = EDGE_LOOP ( 'NONE', ( #3223, #5046, #5139, #4144 ) ) ;
#4397 = ORIENTED_EDGE ( 'NONE', *, *, #5584, .F. ) ;
#4398 = PLANE ( 'NONE',  #2973 ) ;
#4399 = FACE_OUTER_BOUND ( 'NONE', #1629, .T. ) ;
#4400 = LINE ( 'NONE', #1076, #2467 ) ;
#4401 = DIRECTION ( 'NONE',  ( 1.000000000000000000, 0.000000000000000000, 0.000000000000000000 ) ) ;
#4402 = ORIENTED_EDGE ( 'NONE', *, *, #6276, .T. ) ;
#4403 = ORIENTED_EDGE ( 'NONE', *, *, #6403, .F. ) ;
#4404 = VERTEX_POINT ( 'NONE', #4658 ) ;
#4405 = FACE_OUTER_BOUND ( 'NONE', #254, .T. ) ;
#4406 = CARTESIAN_POINT ( 'NONE',  ( 0.2000000000000000111, 3.299999999999999822, -4.450000000000000178 ) ) ;
#4407 = DIRECTION ( 'NONE',  ( 1.000000000000000000, 0.000000000000000000, 0.000000000000000000 ) ) ;
#4408 = LINE ( 'NONE', #2129, #3967 ) ;
#4409 = LINE ( 'NONE', #7077, #964 ) ;
#4410 = ORIENTED_CLOSED_SHELL ( 'NONE', *, #4759, .F. );
#4411 = ORIENTED_EDGE ( 'NONE', *, *, #4999, .F. ) ;
#4412 = ORIENTED_EDGE ( 'NONE', *, *, #2755, .T. ) ;
#4413 = VERTEX_POINT ( 'NONE', #618 ) ;
#4414 = PLANE ( 'NONE',  #3507 ) ;
#4415 = CARTESIAN_POINT ( 'NONE',  ( 4.549999999999999822, -2.200000000000000178, 1.649999999999999911 ) ) ;
#4416 = CARTESIAN_POINT ( 'NONE',  ( -1.899999999999999911, -1.699999999999999956, 5.799999999999999822 ) ) ;
#4417 = FACE_OUTER_BOUND ( 'NONE', #1747, .T. ) ;
#4418 = DIRECTION ( 'NONE',  ( 0.000000000000000000, 1.000000000000000000, 0.000000000000000000 ) ) ;
#4419 = LINE ( 'NONE', #6624, #3716 ) ;
#4420 = ADVANCED_FACE ( 'NONE', ( #1241 ), #2388, .T. ) ;
#4421 = EDGE_LOOP ( 'NONE', ( #4891, #2867, #2243, #1996 ) ) ;
#4422 = CLOSED_SHELL ( 'NONE', ( #2719, #3801, #5936, #7079, #1432, #3135, #1398, #550, #5023, #7114, #683, #3916, #1851, #6023, #1114, #4154, #6935, #3213, #1363, #3937, #3589, #3688, #1431, #1075, #153, #6180, #1657, #2309, #2671, #6054, #7026, #4761, #1186, #956, #1733, #5728, #5659, #4153, #6374, #4697, #4866, #3034, #6341, #4614, #773, #1224, #2531, #4653, #1967, #2890, #1153, #6783, #5580, #3541, #2941, #2187, #5308, #2575, #6505, #5570, #4229, #5350, #6288, #3575, #2004, #3060, #1958, #2223, #3704, #3669, #2268, #1280, #4036, #693, #5679, #409, #587, #3592, #5035, #5841, #813, #4874, #1831, #4102, #3221, #5422, #5889, #2404, #822, #793, #3449, #3176, #1391, #1844, #2003, #2880, #3482, #4014, #6966, #5229, #4767, #906, #6689, #3296, #860, #84, #4962, #4695, #6597, #3121, #3655, #7161, #3693, #6096, #1143, #1115, #6593, #1354, #5720, #2901, #5174, #2805, #6906, #6402, #2521, #5529, #5132, #3867, #6455, #3549, #5316, #4889, #4747, #1511, #6557, #3653, #3747, #1024, #1872, #6331, #4337, #2703, #913, #6399, #3387 ) ) ;
#4423 = DIRECTION ( 'NONE',  ( -0.000000000000000000, 1.000000000000000000, 0.000000000000000000 ) ) ;
#4424 = LINE ( 'NONE', #3403, #1982 ) ;
#4425 = VECTOR ( 'NONE', #45, 1000.000000000000000 ) ;
#4426 = CARTESIAN_POINT ( 'NONE',  ( -5.200000000000000178, 3.100000000000000089, 5.549999999999999822 ) ) ;
#4427 = EDGE_CURVE ( 'NONE', #2669, #2124, #148, .T. ) ;
#4428 = ORIENTED_EDGE ( 'NONE', *, *, #5806, .T. ) ;
#4429 = ORIENTED_EDGE ( 'NONE', *, *, #5577, .F. ) ;
#4430 = CARTESIAN_POINT ( 'NONE',  ( 5.025000000000000355, 2.649999999999999911, 5.549999999999999822 ) ) ;
#4431 = DIRECTION ( 'NONE',  ( 0.000000000000000000, 1.000000000000000000, 0.000000000000000000 ) ) ;
#4432 = CARTESIAN_POINT ( 'NONE',  ( -4.299999999999999822, 2.500000000000000000, 5.549999999999999822 ) ) ;
#4433 = EDGE_CURVE ( 'NONE', #1278, #5435, #5766, .T. ) ;
#4434 = CARTESIAN_POINT ( 'NONE',  ( 0.1784818660467999973, -2.200000000000000178, -4.532520887255999220 ) ) ;
#4435 = VECTOR ( 'NONE', #519, 1000.000000000000000 ) ;
#4436 = ORIENTED_EDGE ( 'NONE', *, *, #4341, .T. ) ;
#4437 = ORIENTED_EDGE ( 'NONE', *, *, #5954, .T. ) ;
#4438 = ORIENTED_EDGE ( 'NONE', *, *, #5144, .F. ) ;
#4439 = CARTESIAN_POINT ( 'NONE',  ( 0.2000000000000000111, 3.078237858560999740, -4.450000000000000178 ) ) ;
#4440 = VECTOR ( 'NONE', #6488, 1000.000000000000000 ) ;
#4441 = DIRECTION ( 'NONE',  ( 0.000000000000000000, 0.000000000000000000, -1.000000000000000000 ) ) ;
#4442 = AXIS2_PLACEMENT_3D ( 'NONE', #2720, #6073, #7160 ) ;
#4443 = DIRECTION ( 'NONE',  ( 0.000000000000000000, 0.000000000000000000, 1.000000000000000000 ) ) ;
#4444 = FACE_OUTER_BOUND ( 'NONE', #5967, .T. ) ;
#4445 = CIRCLE ( 'NONE', #1314, 1.999999999998998579 ) ;
#4446 = ORIENTED_EDGE ( 'NONE', *, *, #6828, .F. ) ;
#4447 = ORIENTED_EDGE ( 'NONE', *, *, #686, .T. ) ;
#4448 = ORIENTED_EDGE ( 'NONE', *, *, #3229, .F. ) ;
#4449 = FACE_OUTER_BOUND ( 'NONE', #157, .T. ) ;
#4450 = DIRECTION ( 'NONE',  ( 1.000000000000000000, 0.000000000000000000, 0.000000000000000000 ) ) ;
#4451 = CARTESIAN_POINT ( 'NONE',  ( 0.005362112447554000412, -2.200000000000000178, -4.003969365357999521 ) ) ;
#4452 = FACE_OUTER_BOUND ( 'NONE', #5702, .T. ) ;
#4453 = DIRECTION ( 'NONE',  ( 0.000000000000000000, 0.000000000000000000, -1.000000000000000000 ) ) ;
#4454 = ORIENTED_EDGE ( 'NONE', *, *, #5811, .F. ) ;
#4455 = CARTESIAN_POINT ( 'NONE',  ( -4.675000000000000711, -4.899999999999999467, -3.750000000000000000 ) ) ;
#4456 = CARTESIAN_POINT ( 'NONE',  ( 0.2000000000000000111, -4.899999999999999467, 5.313145250177999657 ) ) ;
#4457 = LINE ( 'NONE', #4537, #1223 ) ;
#4458 = VECTOR ( 'NONE', #1541, 1000.000000000000000 ) ;
#4459 = DIRECTION ( 'NONE',  ( -1.000000000000000000, 0.000000000000000000, 0.000000000000000000 ) ) ;
#4460 = EDGE_CURVE ( 'NONE', #6359, #4700, #2817, .T. ) ;
#4461 = DIRECTION ( 'NONE',  ( 0.000000000000000000, 1.000000000000000000, 0.000000000000000000 ) ) ;
#4462 = ADVANCED_FACE ( 'NONE', ( #3376, #86 ), #6719, .T. ) ;
#4463 = EDGE_CURVE ( 'NONE', #4413, #2578, #6795, .T. ) ;
#4464 = LINE ( 'NONE', #6631, #243 ) ;
#4465 = VECTOR ( 'NONE', #1062, 1000.000000000000000 ) ;
#4466 = ORIENTED_EDGE ( 'NONE', *, *, #3744, .F. ) ;
#4467 = ORIENTED_EDGE ( 'NONE', *, *, #7030, .T. ) ;
#4468 = DIRECTION ( 'NONE',  ( 1.000000000000000000, 0.000000000000000000, 0.000000000000000000 ) ) ;
#4469 = CARTESIAN_POINT ( 'NONE',  ( 0.8499999999999999778, -2.500000000000000000, 4.649999999999999467 ) ) ;
#4470 = CARTESIAN_POINT ( 'NONE',  ( 0.2000000000000000111, 0.5000000000000000000, 10.55000000000000071 ) ) ;
#4471 = EDGE_CURVE ( 'NONE', #689, #6249, #1199, .T. ) ;
#4472 = CARTESIAN_POINT ( 'NONE',  ( 0.2443593274800999748, -2.299999999999999822, -4.717896939814000490 ) ) ;
#4473 = AXIS2_PLACEMENT_3D ( 'NONE', #2688, #3390, #4494 ) ;
#4474 = EDGE_CURVE ( 'NONE', #3326, #1514, #4712, .T. ) ;
#4475 = ORIENTED_EDGE ( 'NONE', *, *, #6721, .T. ) ;
#4476 = EDGE_CURVE ( 'NONE', #204, #4008, #1793, .T. ) ;
#4477 = ORIENTED_EDGE ( 'NONE', *, *, #5836, .F. ) ;
#4478 = AXIS2_PLACEMENT_3D ( 'NONE', #3161, #4216, #6432 ) ;
#4479 = CARTESIAN_POINT ( 'NONE',  ( 0.2000000000000000111, 0.5000000000000000000, 5.825000000000000178 ) ) ;
#4480 = EDGE_CURVE ( 'NONE', #5784, #2652, #5118, .T. ) ;
#4481 = CARTESIAN_POINT ( 'NONE',  ( -3.225000000000000089, -2.100000000000000089, 5.825000000000000178 ) ) ;
#4482 = DIRECTION ( 'NONE',  ( 0.000000000000000000, 0.000000000000000000, -1.000000000000000000 ) ) ;
#4483 = DIRECTION ( 'NONE',  ( -1.000000000000000000, 0.000000000000000000, 0.000000000000000000 ) ) ;
#4484 = CARTESIAN_POINT ( 'NONE',  ( -4.349999999999999645, -1.699999999999999956, -2.500000000000000000 ) ) ;
#4485 = AXIS2_PLACEMENT_3D ( 'NONE', #2709, #1549, #4407 ) ;
#4486 = ORIENTED_EDGE ( 'NONE', *, *, #3699, .F. ) ;
#4487 = ORIENTED_EDGE ( 'NONE', *, *, #5094, .T. ) ;
#4488 = ORIENTED_EDGE ( 'NONE', *, *, #2055, .F. ) ;
#4489 = PLANE ( 'NONE',  #6292 ) ;
#4490 = FACE_OUTER_BOUND ( 'NONE', #3822, .T. ) ;
#4491 = CIRCLE ( 'NONE', #2969, 0.2999999999999999334 ) ;
#4492 = CARTESIAN_POINT ( 'NONE',  ( -2.475000000000000089, -1.899999999999999911, -0.8500000000000998979 ) ) ;
#4493 = LINE ( 'NONE', #2568, #4901 ) ;
#4494 = DIRECTION ( 'NONE',  ( 0.000000000000000000, 1.000000000000000000, 0.000000000000000000 ) ) ;
#4495 = VERTEX_POINT ( 'NONE', #3790 ) ;
#4496 = VECTOR ( 'NONE', #4197, 1000.000000000000000 ) ;
#4497 = VECTOR ( 'NONE', #4198, 1000.000000000000000 ) ;
#4498 = LINE ( 'NONE', #3933, #5583 ) ;
#4499 = VERTEX_POINT ( 'NONE', #2009 ) ;
#4500 = DIRECTION ( 'NONE',  ( -1.000000000000000000, 1.702341971092000012E-13, 0.000000000000000000 ) ) ;
#4501 = AXIS2_PLACEMENT_3D ( 'NONE', #173, #1722, #4015 ) ;
#4502 = DIRECTION ( 'NONE',  ( 0.000000000000000000, 0.000000000000000000, -1.000000000000000000 ) ) ;
#4503 = ORIENTED_CLOSED_SHELL ( 'NONE', *, #1286, .F. );
#4504 = DIRECTION ( 'NONE',  ( 0.000000000000000000, 1.000000000000000000, 0.000000000000000000 ) ) ;
#4505 = DIRECTION ( 'NONE',  ( -7.753057455299000164E-14, 3.256654205567000055E-14, 1.000000000000000000 ) ) ;
#4506 = EDGE_LOOP ( 'NONE', ( #792, #3725, #722, #2079 ) ) ;
#4507 = ORIENTED_EDGE ( 'NONE', *, *, #2498, .F. ) ;
#4508 = CARTESIAN_POINT ( 'NONE',  ( -4.924999999999999822, -4.899999999999999467, -2.550000000000000266 ) ) ;
#4509 = CARTESIAN_POINT ( 'NONE',  ( 3.475549786411999964, -1.329668090586000107, 5.500000000000000000 ) ) ;
#4510 = DIRECTION ( 'NONE',  ( 1.000000000000000000, 0.000000000000000000, 0.000000000000000000 ) ) ;
#4511 = CARTESIAN_POINT ( 'NONE',  ( -4.799999999999999822, -2.200000000000000178, -3.799999999999999822 ) ) ;
#4512 = VECTOR ( 'NONE', #7031, 1000.000000000000000 ) ;
#4513 = VERTEX_POINT ( 'NONE', #4305 ) ;
#4514 = EDGE_CURVE ( 'NONE', #5258, #186, #4924, .T. ) ;
#4515 = DIRECTION ( 'NONE',  ( 0.000000000000000000, 1.000000000000000000, 0.000000000000000000 ) ) ;
#4516 = ORIENTED_EDGE ( 'NONE', *, *, #1646, .F. ) ;
#4517 = EDGE_CURVE ( 'NONE', #1723, #4662, #2596, .T. ) ;
#4518 = CARTESIAN_POINT ( 'NONE',  ( -4.649999999999999467, -1.899999999999999911, -2.500000000000000000 ) ) ;
#4519 = CARTESIAN_POINT ( 'NONE',  ( -0.4000000000000000222, -2.000000000000000000, 5.794322077004999905 ) ) ;
#4520 = DIRECTION ( 'NONE',  ( 1.000000000000000000, 0.000000000000000000, 0.000000000000000000 ) ) ;
#4521 = FACE_BOUND ( 'NONE', #6017, .T. ) ;
#4522 = FACE_OUTER_BOUND ( 'NONE', #2126, .T. ) ;
#4523 = EDGE_CURVE ( 'NONE', #4084, #2058, #6013, .T. ) ;
#4524 = ORIENTED_EDGE ( 'NONE', *, *, #2010, .F. ) ;
#4525 = ORIENTED_EDGE ( 'NONE', *, *, #4659, .F. ) ;
#4526 = ORIENTED_EDGE ( 'NONE', *, *, #5081, .F. ) ;
#4527 = CYLINDRICAL_SURFACE ( 'NONE', #2328, 0.8999999999999998002 ) ;
#4528 = CARTESIAN_POINT ( 'NONE',  ( 4.575000000000000178, -1.699999999999999956, 2.288196601125009888 ) ) ;
#4529 = DIRECTION ( 'NONE',  ( 0.000000000000000000, 0.000000000000000000, -1.000000000000000000 ) ) ;
#4530 = PLANE ( 'NONE',  #3190 ) ;
#4531 = EDGE_LOOP ( 'NONE', ( #4375, #3767, #7090, #6830 ) ) ;
#4532 = DIRECTION ( 'NONE',  ( 0.000000000000000000, -1.000000000000000000, 0.000000000000000000 ) ) ;
#4533 = ORIENTED_EDGE ( 'NONE', *, *, #2642, .T. ) ;
#4534 = VERTEX_POINT ( 'NONE', #7096 ) ;
#4535 = FACE_OUTER_BOUND ( 'NONE', #3665, .T. ) ;
#4536 = DIRECTION ( 'NONE',  ( 0.000000000000000000, 0.000000000000000000, 1.000000000000000000 ) ) ;
#4537 = CARTESIAN_POINT ( 'NONE',  ( -0.3133008409292000196, -2.299999999999999822, -4.950000000000000178 ) ) ;
#4538 = CARTESIAN_POINT ( 'NONE',  ( -2.649999999999999911, -2.100000000000000089, 5.474999999999999645 ) ) ;
#4539 = AXIS2_PLACEMENT_3D ( 'NONE', #7134, #2262, #4504 ) ;
#4540 = CYLINDRICAL_SURFACE ( 'NONE', #1495, 4.000000000000000000 ) ;
#4541 = LINE ( 'NONE', #6312, #7143 ) ;
#4542 = ORIENTED_EDGE ( 'NONE', *, *, #4777, .T. ) ;
#4543 = ORIENTED_EDGE ( 'NONE', *, *, #6140, .F. ) ;
#4544 = DIRECTION ( 'NONE',  ( -3.910666014879000125E-14, -6.804558865888999750E-12, 1.000000000000000000 ) ) ;
#4545 = CARTESIAN_POINT ( 'NONE',  ( -2.649999999999999911, -2.100000000000000089, 4.649999999999999467 ) ) ;
#4546 = CARTESIAN_POINT ( 'NONE',  ( 0.1499999999995000055, 2.500000000000000000, -5.474999999999999645 ) ) ;
#4547 = AXIS2_PLACEMENT_3D ( 'NONE', #2024, #2639, #4940 ) ;
#4548 = LINE ( 'NONE', #37, #2701 ) ;
#4549 = LINE ( 'NONE', #1728, #1690 ) ;
#4550 = VERTEX_POINT ( 'NONE', #6486 ) ;
#4551 = AXIS2_PLACEMENT_3D ( 'NONE', #5474, #501, #4794 ) ;
#4552 = ORIENTED_EDGE ( 'NONE', *, *, #3299, .T. ) ;
#4553 = CARTESIAN_POINT ( 'NONE',  ( 3.625000000000000000, 2.299999999999999822, 5.825000000000000178 ) ) ;
#4554 = DIRECTION ( 'NONE',  ( 0.000000000000000000, 0.000000000000000000, -1.000000000000000000 ) ) ;
#4555 = AXIS2_PLACEMENT_3D ( 'NONE', #5970, #482, #6480 ) ;
#4556 = VECTOR ( 'NONE', #6748, 1000.000000000000114 ) ;
#4557 = DIRECTION ( 'NONE',  ( 0.000000000000000000, -1.000000000000000000, 0.000000000000000000 ) ) ;
#4558 = EDGE_CURVE ( 'NONE', #6526, #3239, #996, .T. ) ;
#4559 = ORIENTED_EDGE ( 'NONE', *, *, #3306, .T. ) ;
#4560 = CONICAL_SURFACE ( 'NONE', #1411, 0.5999999999489998848, 0.7853981633972990650 ) ;
#4561 = ORIENTED_EDGE ( 'NONE', *, *, #4194, .T. ) ;
#4562 = VECTOR ( 'NONE', #4022, 1000.000000000000000 ) ;
#4563 = ORIENTED_EDGE ( 'NONE', *, *, #4783, .T. ) ;
#4564 = CARTESIAN_POINT ( 'NONE',  ( -5.750000000000000000, 3.500000000000000000, -6.949999999999999289 ) ) ;
#4565 = DIRECTION ( 'NONE',  ( 0.000000000000000000, 0.000000000000000000, -1.000000000000000000 ) ) ;
#4566 = EDGE_CURVE ( 'NONE', #1545, #1950, #2583, .T. ) ;
#4567 = AXIS2_PLACEMENT_3D ( 'NONE', #4162, #747, #6270 ) ;
#4568 = VECTOR ( 'NONE', #5370, 1000.000000000000000 ) ;
#4569 = ORIENTED_EDGE ( 'NONE', *, *, #4945, .F. ) ;
#4570 = VERTEX_POINT ( 'NONE', #6558 ) ;
#4571 = ORIENTED_EDGE ( 'NONE', *, *, #5262, .T. ) ;
#4572 = EDGE_CURVE ( 'NONE', #1893, #5039, #6327, .T. ) ;
#4573 = CIRCLE ( 'NONE', #6599, 2.100000000000000089 ) ;
#4574 = DIRECTION ( 'NONE',  ( 0.000000000000000000, 0.000000000000000000, -1.000000000000000000 ) ) ;
#4575 = PLANE ( 'NONE',  #3622 ) ;
#4576 = LINE ( 'NONE', #1258, #5449 ) ;
#4577 = CARTESIAN_POINT ( 'NONE',  ( 3.600000000000000089, 0.8499999999999999778, 5.649999999999999467 ) ) ;
#4578 = ORIENTED_EDGE ( 'NONE', *, *, #6209, .T. ) ;
#4579 = ORIENTED_EDGE ( 'NONE', *, *, #6235, .F. ) ;
#4580 = ORIENTED_EDGE ( 'NONE', *, *, #1120, .F. ) ;
#4581 = PLANE ( 'NONE',  #2738 ) ;
#4582 = EDGE_CURVE ( 'NONE', #5441, #3740, #422, .T. ) ;
#4583 = FACE_OUTER_BOUND ( 'NONE', #758, .T. ) ;
#4584 = CARTESIAN_POINT ( 'NONE',  ( 5.025000000000000355, 3.121762141438999993, 5.549999999999999822 ) ) ;
#4585 = DIRECTION ( 'NONE',  ( 0.6125232486051080949, 0.7904525728456103240, 0.000000000000000000 ) ) ;
#4586 = VECTOR ( 'NONE', #292, 1000.000000000000000 ) ;
#4587 = ORIENTED_EDGE ( 'NONE', *, *, #4781, .F. ) ;
#4588 = ORIENTED_EDGE ( 'NONE', *, *, #3315, .F. ) ;
#4589 = DIRECTION ( 'NONE',  ( 0.000000000000000000, 1.000000000000000000, 0.000000000000000000 ) ) ;
#4590 = DIRECTION ( 'NONE',  ( 0.000000000000000000, 0.000000000000000000, 1.000000000000000000 ) ) ;
#4591 = VECTOR ( 'NONE', #6075, 1000.000000000000000 ) ;
#4592 = LINE ( 'NONE', #6138, #4219 ) ;
#4593 = CARTESIAN_POINT ( 'NONE',  ( -4.924999999999999822, -1.800000000000000044, -3.750000000000000000 ) ) ;
#4594 = EDGE_CURVE ( 'NONE', #1514, #3110, #2623, .T. ) ;
#4595 = AXIS2_PLACEMENT_3D ( 'NONE', #6003, #1711, #3354 ) ;
#4596 = ORIENTED_EDGE ( 'NONE', *, *, #1832, .T. ) ;
#4597 = ORIENTED_EDGE ( 'NONE', *, *, #3167, .T. ) ;
#4598 = ADVANCED_FACE ( 'NONE', ( #5430 ), #454, .F. ) ;
#4599 = ORIENTED_EDGE ( 'NONE', *, *, #4294, .T. ) ;
#4600 = CARTESIAN_POINT ( 'NONE',  ( -2.488881257919000056, -1.500000000000000000, 5.649999999999999467 ) ) ;
#4601 = PLANE ( 'NONE',  #7124 ) ;
#4602 = EDGE_CURVE ( 'NONE', #1345, #3372, #6552, .T. ) ;
#4603 = LINE ( 'NONE', #626, #2332 ) ;
#4604 = PLANE ( 'NONE',  #612 ) ;
#4605 = VECTOR ( 'NONE', #1498, 1000.000000000000114 ) ;
#4606 = ORIENTED_EDGE ( 'NONE', *, *, #5577, .T. ) ;
#4607 = EDGE_LOOP ( 'NONE', ( #7144, #5625, #3177, #331 ) ) ;
#4608 = VECTOR ( 'NONE', #6398, 1000.000000000000000 ) ;
#4609 = VERTEX_POINT ( 'NONE', #3566 ) ;
#4610 = EDGE_CURVE ( 'NONE', #1944, #6962, #6082, .T. ) ;
#4611 = CARTESIAN_POINT ( 'NONE',  ( -1.899999999999999911, -1.800000000000000044, 5.500000000000000000 ) ) ;
#4612 = LINE ( 'NONE', #2442, #1415 ) ;
#4613 = AXIS2_PLACEMENT_3D ( 'NONE', #6173, #2281, #6255 ) ;
#4614 = ADVANCED_FACE ( 'NONE', ( #633 ), #5544, .F. ) ;
#4615 = CARTESIAN_POINT ( 'NONE',  ( -4.950000000000000178, -2.500000000000000000, -2.500000000000000000 ) ) ;
#4616 = CARTESIAN_POINT ( 'NONE',  ( 4.500000000000000000, 3.100000000000000089, 5.549999999999999822 ) ) ;
#4617 = EDGE_LOOP ( 'NONE', ( #1288, #2660, #3837, #6600 ) ) ;
#4618 = ORIENTED_EDGE ( 'NONE', *, *, #6582, .T. ) ;
#4619 = ORIENTED_EDGE ( 'NONE', *, *, #2215, .T. ) ;
#4620 = AXIS2_PLACEMENT_3D ( 'NONE', #590, #4340, #3210 ) ;
#4621 = DIRECTION ( 'NONE',  ( 0.000000000000000000, 0.000000000000000000, -1.000000000000000000 ) ) ;
#4622 = PLANE ( 'NONE',  #2677 ) ;
#4623 = DIRECTION ( 'NONE',  ( 0.000000000000000000, 0.000000000000000000, 1.000000000000000000 ) ) ;
#4624 = AXIS2_PLACEMENT_3D ( 'NONE', #2050, #5398, #1979 ) ;
#4625 = ORIENTED_EDGE ( 'NONE', *, *, #584, .T. ) ;
#4626 = LINE ( 'NONE', #1945, #427 ) ;
#4627 = ORIENTED_EDGE ( 'NONE', *, *, #3979, .F. ) ;
#4628 = FACE_OUTER_BOUND ( 'NONE', #4698, .T. ) ;
#4629 = LINE ( 'NONE', #1311, #1867 ) ;
#4630 = AXIS2_PLACEMENT_3D ( 'NONE', #3593, #752, #6275 ) ;
#4631 = CARTESIAN_POINT ( 'NONE',  ( 0.5000000000000000000, -4.850000000000000533, 4.986854749822000166 ) ) ;
#4632 = DIRECTION ( 'NONE',  ( 0.000000000000000000, 0.000000000000000000, 1.000000000000000000 ) ) ;
#4633 = VERTEX_POINT ( 'NONE', #2764 ) ;
#4634 = EDGE_LOOP ( 'NONE', ( #6907, #1783, #1216, #3666 ) ) ;
#4635 = ORIENTED_EDGE ( 'NONE', *, *, #3397, .T. ) ;
#4636 = DIRECTION ( 'NONE',  ( 1.000000000000000000, 0.000000000000000000, 0.000000000000000000 ) ) ;
#4637 = DIRECTION ( 'NONE',  ( 5.625129991434000464E-14, 1.000000000000000000, 0.000000000000000000 ) ) ;
#4638 = CARTESIAN_POINT ( 'NONE',  ( -4.675000000000000711, -1.800000000000000044, -3.750000000000000000 ) ) ;
#4639 = ORIENTED_EDGE ( 'NONE', *, *, #4124, .F. ) ;
#4640 = ORIENTED_EDGE ( 'NONE', *, *, #3668, .T. ) ;
#4641 = ORIENTED_EDGE ( 'NONE', *, *, #2215, .F. ) ;
#4642 = CARTESIAN_POINT ( 'NONE',  ( -4.941409002758999414, -1.800000000000000044, -3.899999999999999911 ) ) ;
#4643 = CARTESIAN_POINT ( 'NONE',  ( 0.2000000000000000111, 0.5000000000000000000, 6.959999999999999964 ) ) ;
#4644 = CARTESIAN_POINT ( 'NONE',  ( -2.877762515837999580, -1.500000000000000000, 5.799999999999999822 ) ) ;
#4645 = FACE_OUTER_BOUND ( 'NONE', #6839, .T. ) ;
#4646 = EDGE_CURVE ( 'NONE', #4911, #1835, #3290, .T. ) ;
#4647 = CARTESIAN_POINT ( 'NONE',  ( 2.237499999999999822, -2.100000000000000089, 5.237499999999999822 ) ) ;
#4648 = ORIENTED_EDGE ( 'NONE', *, *, #976, .F. ) ;
#4649 = CARTESIAN_POINT ( 'NONE',  ( 0.1999999999999997891, -1.300000000000000044, 4.850000000000000533 ) ) ;
#4650 = DIRECTION ( 'NONE',  ( 0.000000000000000000, 0.000000000000000000, -1.000000000000000000 ) ) ;
#4651 = CARTESIAN_POINT ( 'NONE',  ( 4.575000000000000178, -4.850000000000000533, 1.649999999999999911 ) ) ;
#4652 = CARTESIAN_POINT ( 'NONE',  ( 0.2000000000000000111, 0.5000000000000000000, 5.825000000000000178 ) ) ;
#4653 = ADVANCED_FACE ( 'NONE', ( #2221 ), #6153, .T. ) ;
#4654 = ORIENTED_EDGE ( 'NONE', *, *, #3186, .T. ) ;
#4655 = VERTEX_POINT ( 'NONE', #3362 ) ;
#4656 = DIRECTION ( 'NONE',  ( -1.000000000000000000, 0.000000000000000000, 0.000000000000000000 ) ) ;
#4657 = DIRECTION ( 'NONE',  ( 0.000000000000000000, 0.000000000000000000, -1.000000000000000000 ) ) ;
#4658 = CARTESIAN_POINT ( 'NONE',  ( -2.649999999999999911, 2.299999999999999822, 5.474999999999999645 ) ) ;
#4659 = EDGE_CURVE ( 'NONE', #4609, #555, #2296, .T. ) ;
#4660 = CARTESIAN_POINT ( 'NONE',  ( -2.649999999999999911, -1.699999999999999956, 4.675000000000000711 ) ) ;
#4661 = AXIS2_PLACEMENT_3D ( 'NONE', #4716, #2962, #6890 ) ;
#4662 = VERTEX_POINT ( 'NONE', #1220 ) ;
#4663 = EDGE_LOOP ( 'NONE', ( #517, #4580, #7118 ) ) ;
#4664 = ORIENTED_EDGE ( 'NONE', *, *, #6420, .F. ) ;
#4665 = FACE_BOUND ( 'NONE', #6422, .T. ) ;
#4666 = VECTOR ( 'NONE', #1247, 1000.000000000000000 ) ;
#4667 = LINE ( 'NONE', #2987, #3517 ) ;
#4668 = ORIENTED_EDGE ( 'NONE', *, *, #6992, .T. ) ;
#4669 = CONICAL_SURFACE ( 'NONE', #6870, 2.024999999999999911, 0.7853981633972990650 ) ;
#4670 = AXIS2_PLACEMENT_3D ( 'NONE', #4932, #2159, #6603 ) ;
#4671 = VERTEX_POINT ( 'NONE', #4995 ) ;
#4672 = ORIENTED_EDGE ( 'NONE', *, *, #6987, .T. ) ;
#4673 = DIRECTION ( 'NONE',  ( 0.000000000000000000, 0.000000000000000000, -1.000000000000000000 ) ) ;
#4674 = DIRECTION ( 'NONE',  ( 0.000000000000000000, 1.000000000000000000, 0.000000000000000000 ) ) ;
#4675 = AXIS2_PLACEMENT_3D ( 'NONE', #2176, #2066, #1092 ) ;
#4676 = DIRECTION ( 'NONE',  ( 1.000000000000000000, 0.000000000000000000, 0.000000000000000000 ) ) ;
#4677 = CARTESIAN_POINT ( 'NONE',  ( -4.299999999999999822, 2.575000000050999827, 5.549999999999999822 ) ) ;
#4678 = VECTOR ( 'NONE', #6263, 1000.000000000000000 ) ;
#4679 = ORIENTED_EDGE ( 'NONE', *, *, #2441, .F. ) ;
#4680 = AXIS2_PLACEMENT_3D ( 'NONE', #2060, #7076, #3737 ) ;
#4681 = DIRECTION ( 'NONE',  ( 0.000000000000000000, 1.000000000000000000, 0.000000000000000000 ) ) ;
#4682 = EDGE_CURVE ( 'NONE', #6592, #1042, #5581, .T. ) ;
#4683 = CARTESIAN_POINT ( 'NONE',  ( -1.449999999999999956, 0.4000000000000000222, -6.125000000000000000 ) ) ;
#4684 = EDGE_CURVE ( 'NONE', #1206, #5444, #4457, .T. ) ;
#4685 = DIRECTION ( 'NONE',  ( 0.000000000000000000, 1.000000000000000000, 0.000000000000000000 ) ) ;
#4686 = ORIENTED_EDGE ( 'NONE', *, *, #1072, .F. ) ;
#4687 = DIRECTION ( 'NONE',  ( 0.000000000000000000, 0.000000000000000000, -1.000000000000000000 ) ) ;
#4688 = VERTEX_POINT ( 'NONE', #6666 ) ;
#4689 = CARTESIAN_POINT ( 'NONE',  ( -5.250000000000000000, -1.699999999999999956, -2.500000000000000000 ) ) ;
#4690 = EDGE_CURVE ( 'NONE', #6501, #2874, #5065, .T. ) ;
#4691 = FACE_OUTER_BOUND ( 'NONE', #4506, .T. ) ;
#4692 = EDGE_CURVE ( 'NONE', #1483, #2244, #5098, .T. ) ;
#4693 = DIRECTION ( 'NONE',  ( -0.5773502691904927042, 0.5773502691890928240, -0.5773502691892918870 ) ) ;
#4694 = AXIS2_PLACEMENT_3D ( 'NONE', #1656, #3985, #3871 ) ;
#4695 = ADVANCED_FACE ( 'NONE', ( #4392 ), #6738, .F. ) ;
#4696 = ORIENTED_EDGE ( 'NONE', *, *, #4107, .F. ) ;
#4697 = ADVANCED_FACE ( 'NONE', ( #528 ), #4963, .T. ) ;
#4698 = EDGE_LOOP ( 'NONE', ( #6333, #5071, #6061, #4028 ) ) ;
#4699 = CIRCLE ( 'NONE', #5162, 0.2999999999999999334 ) ;
#4700 = VERTEX_POINT ( 'NONE', #4638 ) ;
#4701 = CARTESIAN_POINT ( 'NONE',  ( 2.100000000000000089, -1.800000000000000044, 5.799999999999999822 ) ) ;
#4702 = CARTESIAN_POINT ( 'NONE',  ( 5.200000000000000178, 2.399999999999999911, -4.975000000000000533 ) ) ;
#4703 = CARTESIAN_POINT ( 'NONE',  ( 0.006511140987249999963, -2.250000000000000000, -4.717896939814000490 ) ) ;
#4704 = CARTESIAN_POINT ( 'NONE',  ( 1.100000000000000089, 3.078237858560999740, -4.450000000000000178 ) ) ;
#4705 = VECTOR ( 'NONE', #5251, 1000.000000000000000 ) ;
#4706 = ORIENTED_EDGE ( 'NONE', *, *, #3793, .T. ) ;
#4707 = ADVANCED_FACE ( 'NONE', ( #738 ), #4530, .F. ) ;
#4708 = ORIENTED_EDGE ( 'NONE', *, *, #4517, .F. ) ;
#4709 = PLANE ( 'NONE',  #1935 ) ;
#4710 = CARTESIAN_POINT ( 'NONE',  ( 2.100000000000000089, 2.399999999999999911, 5.500000000000000000 ) ) ;
#4711 = DIRECTION ( 'NONE',  ( -0.000000000000000000, 1.000000000000000000, 0.000000000000000000 ) ) ;
#4712 = CIRCLE ( 'NONE', #3884, 0.1499999999999999944 ) ;
#4713 = PLANE ( 'NONE',  #6543 ) ;
#4714 = CARTESIAN_POINT ( 'NONE',  ( 4.724999999999999645, 2.350000000000000089, -5.625000000000000000 ) ) ;
#4715 = VECTOR ( 'NONE', #3228, 1000.000000000000000 ) ;
#4716 = CARTESIAN_POINT ( 'NONE',  ( 0.2000000000000000111, -0.05192307692308000683, 5.486854749822000166 ) ) ;
#4717 = VERTEX_POINT ( 'NONE', #6147 ) ;
#4718 = DIRECTION ( 'NONE',  ( 0.000000000000000000, 1.000000000000000000, 0.000000000000000000 ) ) ;
#4719 = CARTESIAN_POINT ( 'NONE',  ( 4.825000000000000178, -4.899999999999999467, 2.250000000000000000 ) ) ;
#4720 = VECTOR ( 'NONE', #405, 1000.000000000000000 ) ;
#4721 = ORIENTED_EDGE ( 'NONE', *, *, #2893, .F. ) ;
#4722 = VECTOR ( 'NONE', #2413, 1000.000000000000000 ) ;
#4723 = CARTESIAN_POINT ( 'NONE',  ( -4.799999999999999822, -1.699999999999999956, -2.550000000000000266 ) ) ;
#4724 = VERTEX_POINT ( 'NONE', #5689 ) ;
#4725 = CARTESIAN_POINT ( 'NONE',  ( -5.349999999999999645, -1.699999999999999956, 4.675000000000000711 ) ) ;
#4726 = DIRECTION ( 'NONE',  ( 0.000000000000000000, 1.000000000000000000, 0.000000000000000000 ) ) ;
#4727 = DIRECTION ( 'NONE',  ( 0.000000000000000000, -1.000000000000000000, 0.000000000000000000 ) ) ;
#4728 = AXIS2_PLACEMENT_3D ( 'NONE', #5116, #5678, #2977 ) ;
#4729 = LINE ( 'NONE', #5818, #417 ) ;
#4730 = ADVANCED_FACE ( 'NONE', ( #627 ), #2020, .F. ) ;
#4731 = ADVANCED_FACE ( 'NONE', ( #775 ), #1170, .T. ) ;
#4732 = VERTEX_POINT ( 'NONE', #5729 ) ;
#4733 = CIRCLE ( 'NONE', #321, 0.8999999999999998002 ) ;
#4734 = ORIENTED_EDGE ( 'NONE', *, *, #5757, .T. ) ;
#4735 = ORIENTED_EDGE ( 'NONE', *, *, #4602, .F. ) ;
#4736 = CARTESIAN_POINT ( 'NONE',  ( -4.649999999999999467, -1.899999999999999911, -2.500000000000000000 ) ) ;
#4737 = CARTESIAN_POINT ( 'NONE',  ( -2.649999999999999911, -1.699999999999999956, 5.062500000000000000 ) ) ;
#4738 = PLANE ( 'NONE',  #6642 ) ;
#4739 = DIRECTION ( 'NONE',  ( 0.000000000000000000, -1.000000000000000000, 0.000000000000000000 ) ) ;
#4740 = EDGE_CURVE ( 'NONE', #6265, #3103, #3429, .T. ) ;
#4741 = ORIENTED_EDGE ( 'NONE', *, *, #2642, .F. ) ;
#4742 = ORIENTED_EDGE ( 'NONE', *, *, #2579, .T. ) ;
#4743 = DIRECTION ( 'NONE',  ( 0.000000000000000000, -1.000000000000000000, 0.000000000000000000 ) ) ;
#4744 = CARTESIAN_POINT ( 'NONE',  ( 4.500000000000000000, 3.100000000000000089, 4.675000000000000711 ) ) ;
#4745 = DIRECTION ( 'NONE',  ( 1.000000000000000000, 0.000000000000000000, 0.000000000000000000 ) ) ;
#4746 = PLANE ( 'NONE',  #5504 ) ;
#4747 = ADVANCED_FACE ( 'NONE', ( #6187 ), #6844, .T. ) ;
#4748 = DIRECTION ( 'NONE',  ( 0.000000000000000000, 0.000000000000000000, -1.000000000000000000 ) ) ;
#4749 = VERTEX_POINT ( 'NONE', #5091 ) ;
#4750 = LINE ( 'NONE', #4303, #1085 ) ;
#4751 = DIRECTION ( 'NONE',  ( 1.000000000000000000, 0.000000000000000000, 0.000000000000000000 ) ) ;
#4752 = DIRECTION ( 'NONE',  ( 1.000000000000000000, 0.000000000000000000, 0.000000000000000000 ) ) ;
#4753 = DIRECTION ( 'NONE',  ( 0.000000000000000000, -1.000000000000000000, 0.000000000000000000 ) ) ;
#4754 = VERTEX_POINT ( 'NONE', #6696 ) ;
#4755 = ORIENTED_EDGE ( 'NONE', *, *, #6806, .F. ) ;
#4756 = LINE ( 'NONE', #4857, #4512 ) ;
#4757 = FACE_OUTER_BOUND ( 'NONE', #576, .T. ) ;
#4758 = DIRECTION ( 'NONE',  ( 1.000000000000000000, 0.000000000000000000, 0.000000000000000000 ) ) ;
#4759 = CLOSED_SHELL ( 'NONE', ( #4157, #6060, #3787, #6151, #3543 ) ) ;
#4760 = ORIENTED_EDGE ( 'NONE', *, *, #6979, .T. ) ;
#4761 = ADVANCED_FACE ( 'NONE', ( #4082, #5767 ), #6300, .F. ) ;
#4762 = ORIENTED_EDGE ( 'NONE', *, *, #388, .T. ) ;
#4763 = ORIENTED_EDGE ( 'NONE', *, *, #4684, .T. ) ;
#4764 = DIRECTION ( 'NONE',  ( 0.000000000000000000, 0.7071067811865475727, -0.7071067811865475727 ) ) ;
#4765 = DIRECTION ( 'NONE',  ( 0.000000000000000000, 1.000000000000000000, 0.000000000000000000 ) ) ;
#4766 = DIRECTION ( 'NONE',  ( 0.000000000000000000, 0.000000000000000000, -1.000000000000000000 ) ) ;
#4767 = ADVANCED_FACE ( 'NONE', ( #56 ), #1745, .F. ) ;
#4768 = CARTESIAN_POINT ( 'NONE',  ( -5.349999999999999645, 2.500000000000000000, 0.000000000000000000 ) ) ;
#4769 = EDGE_CURVE ( 'NONE', #1358, #5701, #126, .T. ) ;
#4770 = AXIS2_PLACEMENT_3D ( 'NONE', #545, #2744, #2861 ) ;
#4771 = CARTESIAN_POINT ( 'NONE',  ( -4.675000000000000711, -4.899999999999999467, -2.550000000000000266 ) ) ;
#4772 = VERTEX_POINT ( 'NONE', #3064 ) ;
#4773 = ORIENTED_EDGE ( 'NONE', *, *, #1274, .T. ) ;
#4774 = LINE ( 'NONE', #340, #3336 ) ;
#4775 = DIRECTION ( 'NONE',  ( 0.000000000000000000, 0.000000000000000000, 1.000000000000000000 ) ) ;
#4776 = CARTESIAN_POINT ( 'NONE',  ( 4.825000000000000178, -4.899999999999999467, 1.050000000000000044 ) ) ;
#4777 = EDGE_CURVE ( 'NONE', #1960, #6343, #7018, .T. ) ;
#4778 = DIRECTION ( 'NONE',  ( 0.000000000000000000, 1.000000000000000000, 0.000000000000000000 ) ) ;
#4779 = CARTESIAN_POINT ( 'NONE',  ( -0.1700556982309684995, -2.299999999999999822, -4.532520887256310083 ) ) ;
#4780 = VECTOR ( 'NONE', #2868, 1000.000000000000000 ) ;
#4781 = EDGE_CURVE ( 'NONE', #3544, #2807, #3578, .T. ) ;
#4782 = ORIENTED_EDGE ( 'NONE', *, *, #4791, .T. ) ;
#4783 = EDGE_CURVE ( 'NONE', #4898, #1042, #4806, .T. ) ;
#4784 = VECTOR ( 'NONE', #2333, 1000.000000000000000 ) ;
#4785 = DIRECTION ( 'NONE',  ( 0.000000000000000000, 0.000000000000000000, 1.000000000000000000 ) ) ;
#4786 = VECTOR ( 'NONE', #2949, 1000.000000000000000 ) ;
#4787 = DIRECTION ( 'NONE',  ( -1.000000000000000000, 0.000000000000000000, 0.000000000000000000 ) ) ;
#4788 = CARTESIAN_POINT ( 'NONE',  ( 0.3270891200751999683, -2.299999999999999822, -4.950000000000000178 ) ) ;
#4789 = VECTOR ( 'NONE', #1334, 1000.000000000000000 ) ;
#4790 = EDGE_LOOP ( 'NONE', ( #5541, #1766, #4887, #2300, #1521, #3380, #3670, #2128, #6763, #3105, #4354, #6723, #1441, #3230, #7168, #4792, #2759, #3995, #694, #1079, #1736, #5664, #1771 ) ) ;
#4791 = EDGE_CURVE ( 'NONE', #2902, #6553, #2028, .T. ) ;
#4792 = ORIENTED_EDGE ( 'NONE', *, *, #1215, .T. ) ;
#4793 = LINE ( 'NONE', #4313, #2030 ) ;
#4794 = DIRECTION ( 'NONE',  ( -1.000000000000000000, 0.000000000000000000, 0.000000000000000000 ) ) ;
#4795 = VECTOR ( 'NONE', #1486, 1000.000000000000000 ) ;
#4796 = CARTESIAN_POINT ( 'NONE',  ( -4.649999999999999467, -2.500000000000000000, -3.799999999999999822 ) ) ;
#4797 = DIRECTION ( 'NONE',  ( -0.000000000000000000, 0.7071067811865475727, 0.7071067811865475727 ) ) ;
#4798 = VERTEX_POINT ( 'NONE', #6476 ) ;
#4799 = ORIENTED_EDGE ( 'NONE', *, *, #4690, .T. ) ;
#4800 = VERTEX_POINT ( 'NONE', #268 ) ;
#4801 = ORIENTED_EDGE ( 'NONE', *, *, #2627, .T. ) ;
#4802 = PLANE ( 'NONE',  #246 ) ;
#4803 = FILL_AREA_STYLE ('',( #3059 ) ) ;
#4804 = CARTESIAN_POINT ( 'NONE',  ( 4.575000000000000178, -4.850000000000000533, 1.350000000000000089 ) ) ;
#4805 = CARTESIAN_POINT ( 'NONE',  ( -5.450000000000000178, 2.500000000000000000, 2.850000000000000089 ) ) ;
#4806 = LINE ( 'NONE', #3101, #7133 ) ;
#4807 = AXIS2_PLACEMENT_3D ( 'NONE', #2160, #5476, #2666 ) ;
#4808 = ORIENTED_EDGE ( 'NONE', *, *, #5357, .T. ) ;
#4809 = EDGE_CURVE ( 'NONE', #5734, #5407, #810, .T. ) ;
#4810 = ORIENTED_EDGE ( 'NONE', *, *, #4282, .T. ) ;
#4811 = FACE_OUTER_BOUND ( 'NONE', #5897, .T. ) ;
#4812 = LINE ( 'NONE', #4776, #4562 ) ;
#4813 = DIRECTION ( 'NONE',  ( 0.000000000000000000, 1.000000000000000000, 0.000000000000000000 ) ) ;
#4814 = AXIS2_PLACEMENT_3D ( 'NONE', #921, #4813, #6006 ) ;
#4815 = CARTESIAN_POINT ( 'NONE',  ( -2.649999999999999911, 0.2000000000000000111, 5.062500000000000000 ) ) ;
#4816 = EDGE_CURVE ( 'NONE', #164, #3317, #5397, .T. ) ;
#4817 = AXIS2_PLACEMENT_3D ( 'NONE', #3320, #3853, #3928 ) ;
#4818 = ORIENTED_EDGE ( 'NONE', *, *, #7105, .T. ) ;
#4819 = LINE ( 'NONE', #3144, #1573 ) ;
#4820 = AXIS2_PLACEMENT_3D ( 'NONE', #5082, #5680, #691 ) ;
#4821 = CARTESIAN_POINT ( 'NONE',  ( -1.800000000000000044, 2.500000000000000000, 4.750000000000000000 ) ) ;
#4822 = VERTEX_POINT ( 'NONE', #1456 ) ;
#4823 = VECTOR ( 'NONE', #6944, 1000.000000000000000 ) ;
#4824 = DIRECTION ( 'NONE',  ( 0.000000000000000000, 0.000000000000000000, 1.000000000000000000 ) ) ;
#4825 = DIRECTION ( 'NONE',  ( 0.000000000000000000, -1.000000000000000000, 0.000000000000000000 ) ) ;
#4826 = DIRECTION ( 'NONE',  ( 0.000000000000000000, 0.000000000000000000, 1.000000000000000000 ) ) ;
#4827 = CARTESIAN_POINT ( 'NONE',  ( 3.050000000000000266, 0.2000000000000000111, 4.675000000000000711 ) ) ;
#4828 = AXIS2_PLACEMENT_3D ( 'NONE', #3753, #6665, #2220 ) ;
#4829 = AXIS2_PLACEMENT_3D ( 'NONE', #7172, #3250, #6014 ) ;
#4830 = VERTEX_POINT ( 'NONE', #5339 ) ;
#4831 = ORIENTED_EDGE ( 'NONE', *, *, #6727, .F. ) ;
#4832 = ORIENTED_EDGE ( 'NONE', *, *, #909, .T. ) ;
#4833 = ORIENTED_EDGE ( 'NONE', *, *, #3532, .T. ) ;
#4834 = DIRECTION ( 'NONE',  ( 0.000000000000000000, -1.000000000000000000, 0.000000000000000000 ) ) ;
#4835 = PRESENTATION_STYLE_ASSIGNMENT (( #2601 ) ) ;
#4836 = VECTOR ( 'NONE', #3485, 1000.000000000000000 ) ;
#4837 = DIRECTION ( 'NONE',  ( 0.000000000000000000, 1.000000000000000000, 0.000000000000000000 ) ) ;
#4838 = CARTESIAN_POINT ( 'NONE',  ( 3.849999987651000044, 2.500000000000000000, 4.950000000000000178 ) ) ;
#4839 = CONICAL_SURFACE ( 'NONE', #2862, 1.149999999999999911, 0.7853981633972990650 ) ;
#4840 = ORIENTED_EDGE ( 'NONE', *, *, #6673, .T. ) ;
#4841 = VERTEX_POINT ( 'NONE', #6913 ) ;
#4842 = PLANE ( 'NONE',  #591 ) ;
#4843 = CARTESIAN_POINT ( 'NONE',  ( 0.8000000000000000444, -1.928740671584000088, 5.349999999999999645 ) ) ;
#4844 = PLANE ( 'NONE',  #1753 ) ;
#4845 = DIRECTION ( 'NONE',  ( 0.000000000000000000, 0.000000000000000000, -1.000000000000000000 ) ) ;
#4846 = AXIS2_PLACEMENT_3D ( 'NONE', #6459, #1474, #7064 ) ;
#4847 = CARTESIAN_POINT ( 'NONE',  ( 4.649609279585962263, 2.500000000000015099, 4.675000000000000711 ) ) ;
#4848 = ORIENTED_EDGE ( 'NONE', *, *, #5485, .T. ) ;
#4849 = LINE ( 'NONE', #3112, #6684 ) ;
#4850 = CARTESIAN_POINT ( 'NONE',  ( 5.750000000000000000, 3.500000000000000000, -6.949999999999999289 ) ) ;
#4851 = EDGE_CURVE ( 'NONE', #5343, #2311, #2530, .T. ) ;
#4852 = DIRECTION ( 'NONE',  ( 1.000000000000000000, 0.000000000000000000, 0.000000000000000000 ) ) ;
#4853 = EDGE_CURVE ( 'NONE', #6977, #6962, #5826, .T. ) ;
#4854 = ORIENTED_EDGE ( 'NONE', *, *, #4594, .T. ) ;
#4855 = VERTEX_POINT ( 'NONE', #4910 ) ;
#4856 = ORIENTED_EDGE ( 'NONE', *, *, #6811, .T. ) ;
#4857 = CARTESIAN_POINT ( 'NONE',  ( 4.850000000000000533, -1.899999999999999911, 2.299999999999999822 ) ) ;
#4858 = CARTESIAN_POINT ( 'NONE',  ( -0.4000000000000000222, -2.277571154197000070, 5.634283827185999627 ) ) ;
#4859 = EDGE_CURVE ( 'NONE', #3358, #4413, #7155, .T. ) ;
#4860 = CARTESIAN_POINT ( 'NONE',  ( 0.2000000000000000111, -0.05192307692308000683, 5.799999999999999822 ) ) ;
#4861 = DIRECTION ( 'NONE',  ( 0.000000000000000000, 1.000000000000000000, 0.000000000000000000 ) ) ;
#4862 = ORIENTED_EDGE ( 'NONE', *, *, #6806, .T. ) ;
#4863 = EDGE_CURVE ( 'NONE', #6613, #6713, #1132, .T. ) ;
#4864 = VERTEX_POINT ( 'NONE', #3811 ) ;
#4865 = ORIENTED_EDGE ( 'NONE', *, *, #2812, .T. ) ;
#4866 = ADVANCED_FACE ( 'NONE', ( #445 ), #4980, .F. ) ;
#4867 = ORIENTED_EDGE ( 'NONE', *, *, #4109, .T. ) ;
#4868 = CARTESIAN_POINT ( 'NONE',  ( -5.250000000000000000, -1.699999999999999956, -2.500000000000000000 ) ) ;
#4869 = PLANE ( 'NONE',  #149 ) ;
#4870 = CARTESIAN_POINT ( 'NONE',  ( 0.2000000000000000111, -0.1000000000000000056, 5.825000000000000178 ) ) ;
#4871 = CIRCLE ( 'NONE', #354, 0.4999999999999995559 ) ;
#4872 = ORIENTED_EDGE ( 'NONE', *, *, #1746, .T. ) ;
#4873 = ORIENTED_EDGE ( 'NONE', *, *, #5675, .F. ) ;
#4874 = ADVANCED_FACE ( 'NONE', ( #6578 ), #1590, .T. ) ;
#4875 = CARTESIAN_POINT ( 'NONE',  ( -0.4000000000000000222, -2.000000000000000000, 5.794322077003999816 ) ) ;
#4876 = LINE ( 'NONE', #3712, #1546 ) ;
#4877 = CIRCLE ( 'NONE', #1734, 0.8999999999999998002 ) ;
#4878 = DIRECTION ( 'NONE',  ( -0.7276068751091748776, 0.4850712500722839104, -0.4850712500727838994 ) ) ;
#4879 = LINE ( 'NONE', #17, #1993 ) ;
#4880 = DIRECTION ( 'NONE',  ( 0.000000000000000000, 0.000000000000000000, 1.000000000000000000 ) ) ;
#4881 = VERTEX_POINT ( 'NONE', #514 ) ;
#4882 = VECTOR ( 'NONE', #2591, 1000.000000000000114 ) ;
#4883 = VERTEX_POINT ( 'NONE', #3313 ) ;
#4884 = FACE_OUTER_BOUND ( 'NONE', #7104, .T. ) ;
#4885 = CARTESIAN_POINT ( 'NONE',  ( 4.575000000000000178, -4.850000000000000533, 1.649999999999999911 ) ) ;
#4886 = PLANE ( 'NONE',  #2092 ) ;
#4887 = ORIENTED_EDGE ( 'NONE', *, *, #6506, .F. ) ;
#4888 = AXIS2_PLACEMENT_3D ( 'NONE', #6840, #4077, #5762 ) ;
#4889 = ADVANCED_FACE ( 'NONE', ( #2131 ), #3738, .T. ) ;
#4890 = ORIENTED_EDGE ( 'NONE', *, *, #993, .T. ) ;
#4891 = ORIENTED_EDGE ( 'NONE', *, *, #1000, .T. ) ;
#4892 = EDGE_CURVE ( 'NONE', #6798, #3943, #8, .T. ) ;
#4893 = DIRECTION ( 'NONE',  ( 0.000000000000000000, 1.000000000000000000, 0.000000000000000000 ) ) ;
#4894 = CARTESIAN_POINT ( 'NONE',  ( -4.510653744329410131, 3.100000000000000089, 4.675000000000000711 ) ) ;
#4895 = VECTOR ( 'NONE', #2508, 1000.000000000000000 ) ;
#4896 = VECTOR ( 'NONE', #4906, 1000.000000000000000 ) ;
#4897 = CARTESIAN_POINT ( 'NONE',  ( -4.299999999999999822, 3.100000000000000089, 5.549999999999999822 ) ) ;
#4898 = VERTEX_POINT ( 'NONE', #7045 ) ;
#4899 = ORIENTED_EDGE ( 'NONE', *, *, #6859, .F. ) ;
#4900 = EDGE_CURVE ( 'NONE', #2515, #4038, #4290, .T. ) ;
#4901 = VECTOR ( 'NONE', #6942, 1000.000000000000000 ) ;
#4902 = ORIENTED_EDGE ( 'NONE', *, *, #4320, .T. ) ;
#4903 = ADVANCED_FACE ( 'NONE', ( #1816 ), #5719, .F. ) ;
#4904 = EDGE_LOOP ( 'NONE', ( #1154, #798 ) ) ;
#4905 = DIRECTION ( 'NONE',  ( 1.000000000000000000, 0.000000000000000000, 0.000000000000000000 ) ) ;
#4906 = DIRECTION ( 'NONE',  ( 0.000000000000000000, 0.000000000000000000, 1.000000000000000000 ) ) ;
#4907 = CARTESIAN_POINT ( 'NONE',  ( -4.649999999999999467, -1.899999999999999911, -2.500000000000000000 ) ) ;
#4908 = DIRECTION ( 'NONE',  ( -1.000000000000000000, 0.000000000000000000, 0.000000000000000000 ) ) ;
#4909 = EDGE_CURVE ( 'NONE', #4046, #3408, #2899, .T. ) ;
#4910 = CARTESIAN_POINT ( 'NONE',  ( -2.449999999999999734, -1.699999999999999956, -0.8499999999999999778 ) ) ;
#4911 = VERTEX_POINT ( 'NONE', #1202 ) ;
#4912 = ORIENTED_EDGE ( 'NONE', *, *, #5917, .F. ) ;
#4913 = FACE_BOUND ( 'NONE', #5922, .T. ) ;
#4914 = LINE ( 'NONE', #5453, #605 ) ;
#4915 = LINE ( 'NONE', #7123, #4322 ) ;
#4916 = DIRECTION ( 'NONE',  ( 0.000000000000000000, 1.000000000000000000, 0.000000000000000000 ) ) ;
#4917 = DIRECTION ( 'NONE',  ( 1.000000000000000000, 0.000000000000000000, 0.000000000000000000 ) ) ;
#4918 = AXIS2_PLACEMENT_3D ( 'NONE', #2316, #5120, #1813 ) ;
#4919 = EDGE_LOOP ( 'NONE', ( #400, #2636, #1365, #5785 ) ) ;
#4920 = DIRECTION ( 'NONE',  ( 1.000000000000000000, 0.000000000000000000, 0.000000000000000000 ) ) ;
#4921 = ORIENTED_EDGE ( 'NONE', *, *, #557, .T. ) ;
#4922 = LINE ( 'NONE', #7130, #7002 ) ;
#4923 = DIRECTION ( 'NONE',  ( 0.9889363528683650095, -0.1483404529297947250, 0.000000000000000000 ) ) ;
#4924 = LINE ( 'NONE', #7022, #2250 ) ;
#4925 = DIRECTION ( 'NONE',  ( 0.000000000000000000, -2.663128309512000089E-13, -1.000000000000000000 ) ) ;
#4926 = AXIS2_PLACEMENT_3D ( 'NONE', #2649, #853, #4745 ) ;
#4927 = FACE_OUTER_BOUND ( 'NONE', #3082, .T. ) ;
#4928 = ORIENTED_EDGE ( 'NONE', *, *, #5049, .F. ) ;
#4929 = VERTEX_POINT ( 'NONE', #4484 ) ;
#4930 = CARTESIAN_POINT ( 'NONE',  ( -2.100000000000000089, -1.500000000000000000, 5.500000000000000000 ) ) ;
#4931 = EDGE_CURVE ( 'NONE', #6220, #2381, #6836, .T. ) ;
#4932 = CARTESIAN_POINT ( 'NONE',  ( -2.028268721646999673, 1.649999999999999911, 6.450000000000000178 ) ) ;
#4933 = VECTOR ( 'NONE', #1886, 1000.000000000000000 ) ;
#4934 = CARTESIAN_POINT ( 'NONE',  ( -3.799999999999999822, 2.500000000000000000, 5.549999999999999822 ) ) ;
#4935 = EDGE_LOOP ( 'NONE', ( #3643, #2702, #990 ) ) ;
#4936 = AXIS2_PLACEMENT_3D ( 'NONE', #648, #3342, #4585 ) ;
#4937 = EDGE_LOOP ( 'NONE', ( #3244, #6573, #4856, #4526, #4578 ) ) ;
#4938 = ORIENTED_EDGE ( 'NONE', *, *, #3349, .T. ) ;
#4939 = LINE ( 'NONE', #6609, #2041 ) ;
#4940 = DIRECTION ( 'NONE',  ( -1.000000000000000000, 0.000000000000000000, 0.000000000000000000 ) ) ;
#4941 = LINE ( 'NONE', #1662, #7014 ) ;
#4942 = DIRECTION ( 'NONE',  ( 1.000000000000000000, 0.000000000000000000, 0.000000000000000000 ) ) ;
#4943 = DIRECTION ( 'NONE',  ( 0.000000000000000000, 0.000000000000000000, 1.000000000000000000 ) ) ;
#4944 = VECTOR ( 'NONE', #2878, 1000.000000000000000 ) ;
#4945 = EDGE_CURVE ( 'NONE', #356, #4633, #2819, .T. ) ;
#4946 = ORIENTED_EDGE ( 'NONE', *, *, #6828, .T. ) ;
#4947 = CIRCLE ( 'NONE', #312, 0.1999999999999999001 ) ;
#4948 = AXIS2_PLACEMENT_3D ( 'NONE', #6435, #371, #1918 ) ;
#4949 = ORIENTED_EDGE ( 'NONE', *, *, #504, .F. ) ;
#4950 = FACE_OUTER_BOUND ( 'NONE', #6040, .T. ) ;
#4951 = CARTESIAN_POINT ( 'NONE',  ( 3.475549786411999964, -1.329668090586000107, 5.799999999999999822 ) ) ;
#4952 = DIRECTION ( 'NONE',  ( -0.000000000000000000, 1.000000000000000000, 0.000000000000000000 ) ) ;
#4953 = DIRECTION ( 'NONE',  ( 0.000000000000000000, 0.7751788502505326806, -0.6317418381936267258 ) ) ;
#4954 = EDGE_CURVE ( 'NONE', #5613, #2669, #3955, .T. ) ;
#4955 = CIRCLE ( 'NONE', #4624, 0.8999999999999998002 ) ;
#4956 = FACE_OUTER_BOUND ( 'NONE', #5177, .T. ) ;
#4957 = ORIENTED_EDGE ( 'NONE', *, *, #4863, .T. ) ;
#4958 = EDGE_CURVE ( 'NONE', #1036, #1638, #5014, .T. ) ;
#4959 = CIRCLE ( 'NONE', #1825, 1.800000000000000044 ) ;
#4960 = CARTESIAN_POINT ( 'NONE',  ( 3.750000000000000000, -1.899999999999999911, -6.125000000000000000 ) ) ;
#4961 = FACE_OUTER_BOUND ( 'NONE', #6824, .T. ) ;
#4962 = ADVANCED_FACE ( 'NONE', ( #2241 ), #6139, .T. ) ;
#4963 = PLANE ( 'NONE',  #7128 ) ;
#4964 = DIRECTION ( 'NONE',  ( 1.000000000000000000, 0.000000000000000000, 0.000000000000000000 ) ) ;
#4965 = DIRECTION ( 'NONE',  ( 0.000000000000000000, 0.000000000000000000, -1.000000000000000000 ) ) ;
#4966 = LINE ( 'NONE', #2298, #6852 ) ;
#4967 = ORIENTED_EDGE ( 'NONE', *, *, #1646, .T. ) ;
#4968 = VERTEX_POINT ( 'NONE', #2283 ) ;
#4969 = CARTESIAN_POINT ( 'NONE',  ( -2.100000000000000089, -1.699999999999999956, -1.456350832690000097 ) ) ;
#4970 = CYLINDRICAL_SURFACE ( 'NONE', #5355, 0.5999999999999998668 ) ;
#4971 = DIRECTION ( 'NONE',  ( 0.000000000000000000, -1.000000000000000000, 0.000000000000000000 ) ) ;
#4972 = DIRECTION ( 'NONE',  ( 0.000000000000000000, 0.000000000000000000, -1.000000000000000000 ) ) ;
#4973 = EDGE_LOOP ( 'NONE', ( #1329, #42, #6286, #2022 ) ) ;
#4974 = VERTEX_POINT ( 'NONE', #5683 ) ;
#4975 = ORIENTED_EDGE ( 'NONE', *, *, #6152, .T. ) ;
#4976 = DIRECTION ( 'NONE',  ( 0.7071067811865475727, -0.7071067811865475727, 0.000000000000000000 ) ) ;
#4977 = CYLINDRICAL_SURFACE ( 'NONE', #5173, 0.8999999999999998002 ) ;
#4978 = LINE ( 'NONE', #6651, #2337 ) ;
#4979 = DIRECTION ( 'NONE',  ( 1.000000000000000000, 0.000000000000000000, 0.000000000000000000 ) ) ;
#4980 = PLANE ( 'NONE',  #6447 ) ;
#4981 = ORIENTED_EDGE ( 'NONE', *, *, #6271, .T. ) ;
#4982 = EDGE_LOOP ( 'NONE', ( #1226, #4411, #2953 ) ) ;
#4983 = EDGE_CURVE ( 'NONE', #2865, #3055, #6216, .T. ) ;
#4984 = ORIENTED_EDGE ( 'NONE', *, *, #6469, .T. ) ;
#4985 = DIRECTION ( 'NONE',  ( -1.000000000000000000, 0.000000000000000000, 0.000000000000000000 ) ) ;
#4986 = LINE ( 'NONE', #4951, #5509 ) ;
#4987 = EDGE_CURVE ( 'NONE', #375, #2882, #4729, .T. ) ;
#4988 = CARTESIAN_POINT ( 'NONE',  ( -0.1700556982308999987, -2.200000000000000178, -4.532520887255999220 ) ) ;
#4989 = FACE_BOUND ( 'NONE', #4277, .T. ) ;
#4990 = ORIENTED_EDGE ( 'NONE', *, *, #6819, .T. ) ;
#4991 = EDGE_CURVE ( 'NONE', #4688, #6265, #4491, .T. ) ;
#4992 = DIRECTION ( 'NONE',  ( 0.9889363528681992532, 0.1483404529309000630, 0.000000000000000000 ) ) ;
#4993 = EDGE_CURVE ( 'NONE', #2760, #330, #326, .T. ) ;
#4994 = DIRECTION ( 'NONE',  ( 0.000000000000000000, 0.000000000000000000, -1.000000000000000000 ) ) ;
#4995 = CARTESIAN_POINT ( 'NONE',  ( 0.8499999999999999778, -2.200000000000000178, -5.250000000000000000 ) ) ;
#4996 = DIRECTION ( 'NONE',  ( -1.000000000000000000, 0.000000000000000000, 0.000000000000000000 ) ) ;
#4997 = CARTESIAN_POINT ( 'NONE',  ( 3.750000000000000000, -2.500000000000000000, -5.774999999999999467 ) ) ;
#4998 = VECTOR ( 'NONE', #762, 1000.000000000000000 ) ;
#4999 = EDGE_CURVE ( 'NONE', #1147, #1051, #4141, .T. ) ;
#5000 = CARTESIAN_POINT ( 'NONE',  ( 0.2000000000000000111, 0.5000000000000000000, 5.825000000000000178 ) ) ;
#5001 = ORIENTED_EDGE ( 'NONE', *, *, #4351, .F. ) ;
#5002 = VECTOR ( 'NONE', #6326, 1000.000000000000227 ) ;
#5003 = DIRECTION ( 'NONE',  ( 0.5773502691896257311, 0.5773502691896257311, -0.5773502691896257311 ) ) ;
#5004 = LINE ( 'NONE', #609, #5237 ) ;
#5005 = CARTESIAN_POINT ( 'NONE',  ( -4.299999999999999822, 3.100000000000000089, 5.549999999999999822 ) ) ;
#5006 = DIRECTION ( 'NONE',  ( 0.000000000000000000, 0.000000000000000000, -1.000000000000000000 ) ) ;
#5007 = AXIS2_PLACEMENT_3D ( 'NONE', #2695, #5909, #353 ) ;
#5008 = ORIENTED_EDGE ( 'NONE', *, *, #5800, .T. ) ;
#5009 = ORIENTED_EDGE ( 'NONE', *, *, #3820, .T. ) ;
#5010 = LINE ( 'NONE', #4518, #786 ) ;
#5011 = DIRECTION ( 'NONE',  ( 1.000000000000000000, 0.000000000000000000, 0.000000000000000000 ) ) ;
#5012 = VECTOR ( 'NONE', #7084, 1000.000000000000000 ) ;
#5013 = PLANE ( 'NONE',  #4918 ) ;
#5014 = LINE ( 'NONE', #47, #6560 ) ;
#5015 = AXIS2_PLACEMENT_3D ( 'NONE', #1941, #4167, #715 ) ;
#5016 = STYLED_ITEM ( 'NONE', ( #2438 ), #1600 ) ;
#5017 = ORIENTED_EDGE ( 'NONE', *, *, #716, .F. ) ;
#5018 = EDGE_LOOP ( 'NONE', ( #5404, #4808, #3958, #4402 ) ) ;
#5019 = EDGE_LOOP ( 'NONE', ( #2157, #918, #4840, #6025 ) ) ;
#5020 = DIRECTION ( 'NONE',  ( 0.000000000000000000, 1.000000000000000000, 0.000000000000000000 ) ) ;
#5021 = CARTESIAN_POINT ( 'NONE',  ( -0.4239999999999999880, -1.928740671584000088, 5.349999999999999645 ) ) ;
#5022 = FACE_OUTER_BOUND ( 'NONE', #4919, .T. ) ;
#5023 = ADVANCED_FACE ( 'NONE', ( #3600 ), #3014, .T. ) ;
#5024 = PLANE ( 'NONE',  #2472 ) ;
#5025 = EDGE_CURVE ( 'NONE', #3759, #6295, #764, .T. ) ;
#5026 = VERTEX_POINT ( 'NONE', #1984 ) ;
#5027 = DIRECTION ( 'NONE',  ( -0.000000000000000000, 1.000000000000000000, 0.000000000000000000 ) ) ;
#5028 = ORIENTED_EDGE ( 'NONE', *, *, #1137, .F. ) ;
#5029 = DIRECTION ( 'NONE',  ( 1.000000000000000000, 0.000000000000000000, 0.000000000000000000 ) ) ;
#5030 = CARTESIAN_POINT ( 'NONE',  ( 0.000000000000000000, 2.500000000000000000, 0.000000000000000000 ) ) ;
#5031 = CARTESIAN_POINT ( 'NONE',  ( 3.600000000000000089, 2.200000000000000178, 5.799999999999999822 ) ) ;
#5032 = AXIS2_PLACEMENT_3D ( 'NONE', #1277, #1242, #619 ) ;
#5033 = CARTESIAN_POINT ( 'NONE',  ( -1.906537443294000100, 1.649999999999999911, 6.949999999999999289 ) ) ;
#5034 = EDGE_CURVE ( 'NONE', #6343, #1960, #3432, .T. ) ;
#5035 = ADVANCED_FACE ( 'NONE', ( #5328 ), #5204, .T. ) ;
#5036 = CARTESIAN_POINT ( 'NONE',  ( 0.07736768238237999584, -2.299999999999999822, -4.249860751627999811 ) ) ;
#5037 = DIRECTION ( 'NONE',  ( -1.000000000000000000, 0.000000000000000000, 5.238088402179756116E-10 ) ) ;
#5038 = ORIENTED_EDGE ( 'NONE', *, *, #4233, .F. ) ;
#5039 = VERTEX_POINT ( 'NONE', #3568 ) ;
#5040 = CARTESIAN_POINT ( 'NONE',  ( -1.906537443294000100, 1.649999999999999911, 5.950000000000000178 ) ) ;
#5041 = PLANE ( 'NONE',  #2202 ) ;
#5042 = EDGE_CURVE ( 'NONE', #2374, #6227, #4361, .T. ) ;
#5043 = CARTESIAN_POINT ( 'NONE',  ( -4.649999999999999467, 0.4000000000000000222, -1.300000000000000044 ) ) ;
#5044 = CIRCLE ( 'NONE', #4595, 3.000000000000000000 ) ;
#5045 = VERTEX_POINT ( 'NONE', #7035 ) ;
#5046 = ORIENTED_EDGE ( 'NONE', *, *, #80, .T. ) ;
#5047 = VECTOR ( 'NONE', #1015, 1000.000000000000000 ) ;
#5048 = DIRECTION ( 'NONE',  ( 0.000000000000000000, 1.000000000000000000, 0.000000000000000000 ) ) ;
#5049 = EDGE_CURVE ( 'NONE', #1025, #2578, #2085, .T. ) ;
#5050 = CYLINDRICAL_SURFACE ( 'NONE', #857, 1.800000000000000044 ) ;
#5051 = VECTOR ( 'NONE', #5401, 1000.000000000000000 ) ;
#5052 = VERTEX_POINT ( 'NONE', #3800 ) ;
#5053 = VERTEX_POINT ( 'NONE', #6496 ) ;
#5054 = ORIENTED_EDGE ( 'NONE', *, *, #1026, .F. ) ;
#5055 = DIRECTION ( 'NONE',  ( 1.000000000000000000, 0.000000000000000000, 0.000000000000000000 ) ) ;
#5056 = CARTESIAN_POINT ( 'NONE',  ( 5.049999999999999822, -2.500000000000000000, -6.125000000000000000 ) ) ;
#5057 = VECTOR ( 'NONE', #1151, 1000.000000000000000 ) ;
#5058 = CARTESIAN_POINT ( 'NONE',  ( -2.475000000000000089, -1.899999999999999911, -2.050000000000000266 ) ) ;
#5059 = FACE_OUTER_BOUND ( 'NONE', #938, .T. ) ;
#5060 = ORIENTED_EDGE ( 'NONE', *, *, #3000, .T. ) ;
#5061 = CIRCLE ( 'NONE', #4501, 1.800000000000000044 ) ;
#5062 = DIRECTION ( 'NONE',  ( 0.000000000000000000, 0.000000000000000000, 1.000000000000000000 ) ) ;
#5063 = ORIENTED_EDGE ( 'NONE', *, *, #1266, .T. ) ;
#5064 = DIRECTION ( 'NONE',  ( -1.000000000000000000, 0.000000000000000000, 0.000000000000000000 ) ) ;
#5065 = LINE ( 'NONE', #5031, #187 ) ;
#5066 = VECTOR ( 'NONE', #185, 1000.000000000000000 ) ;
#5067 = DIRECTION ( 'NONE',  ( 0.000000000000000000, 0.000000000000000000, 1.000000000000000000 ) ) ;
#5068 = DIRECTION ( 'NONE',  ( 1.000000000000000000, 0.000000000000000000, 0.000000000000000000 ) ) ;
#5069 = CARTESIAN_POINT ( 'NONE',  ( -0.8499999999999999778, -2.500000000000000000, -5.250000000000000000 ) ) ;
#5070 = VECTOR ( 'NONE', #5599, 1000.000000000000000 ) ;
#5071 = ORIENTED_EDGE ( 'NONE', *, *, #3692, .T. ) ;
#5072 = ORIENTED_EDGE ( 'NONE', *, *, #6686, .T. ) ;
#5073 = CARTESIAN_POINT ( 'NONE',  ( -0.4000000000000000222, -2.000000000000000000, 5.794322077004999905 ) ) ;
#5074 = EDGE_CURVE ( 'NONE', #2077, #2807, #1508, .T. ) ;
#5075 = DIRECTION ( 'NONE',  ( -1.000000000000000000, 0.000000000000000000, 0.000000000000000000 ) ) ;
#5076 = CARTESIAN_POINT ( 'NONE',  ( 4.575000000000000178, -4.899999999999999467, 1.050000000000000044 ) ) ;
#5077 = PLANE ( 'NONE',  #3065 ) ;
#5078 = VERTEX_POINT ( 'NONE', #5951 ) ;
#5079 = ORIENTED_EDGE ( 'NONE', *, *, #4142, .F. ) ;
#5080 = LINE ( 'NONE', #3375, #5070 ) ;
#5081 = EDGE_CURVE ( 'NONE', #2742, #732, #2162, .T. ) ;
#5082 = CARTESIAN_POINT ( 'NONE',  ( 0.2000000000000000111, 0.5000000000000000000, 4.850000000000000533 ) ) ;
#5083 = FACE_OUTER_BOUND ( 'NONE', #687, .T. ) ;
#5084 = ORIENTED_EDGE ( 'NONE', *, *, #3483, .T. ) ;
#5085 = EDGE_LOOP ( 'NONE', ( #2855, #4975, #4801, #5969 ) ) ;
#5086 = ORIENTED_EDGE ( 'NONE', *, *, #2110, .F. ) ;
#5087 = DIRECTION ( 'NONE',  ( 0.000000000000000000, 1.000000000000000000, 0.000000000000000000 ) ) ;
#5088 = FACE_BOUND ( 'NONE', #4284, .T. ) ;
#5089 = DIRECTION ( 'NONE',  ( 0.000000000000000000, 1.000000000000000000, 0.000000000000000000 ) ) ;
#5090 = DIRECTION ( 'NONE',  ( 0.000000000000000000, -1.000000000000000000, 0.000000000000000000 ) ) ;
#5091 = CARTESIAN_POINT ( 'NONE',  ( 0.8000000000000000444, -2.272428845803000197, 5.165716172814000196 ) ) ;
#5092 = ORIENTED_EDGE ( 'NONE', *, *, #4991, .T. ) ;
#5093 = VERTEX_POINT ( 'NONE', #3696 ) ;
#5094 = EDGE_CURVE ( 'NONE', #4193, #1070, #3193, .T. ) ;
#5095 = ORIENTED_EDGE ( 'NONE', *, *, #464, .T. ) ;
#5096 = PLANE ( 'NONE',  #4116 ) ;
#5097 = APPLICATION_PROTOCOL_DEFINITION ( 'draft international standard', 'automotive_design', 1998, #5233 ) ;
#5098 = LINE ( 'NONE', #5619, #5280 ) ;
#5099 = DIRECTION ( 'NONE',  ( 0.000000000000000000, 0.000000000000000000, -1.000000000000000000 ) ) ;
#5100 = CARTESIAN_POINT ( 'NONE',  ( -2.100000000000000089, -1.699999999999999956, -1.443649167310000037 ) ) ;
#5101 = CLOSED_SHELL ( 'NONE', ( #466, #513, #348, #2746, #1785 ) ) ;
#5102 = CARTESIAN_POINT ( 'NONE',  ( 4.500000000000000000, 2.649999999999999911, 6.075000000000000178 ) ) ;
#5103 = ORIENTED_EDGE ( 'NONE', *, *, #281, .F. ) ;
#5104 = VERTEX_POINT ( 'NONE', #2739 ) ;
#5105 = ORIENTED_EDGE ( 'NONE', *, *, #7105, .F. ) ;
#5106 = DIRECTION ( 'NONE',  ( 0.000000000000000000, 0.000000000000000000, -1.000000000000000000 ) ) ;
#5107 = CARTESIAN_POINT ( 'NONE',  ( -0.2313370455056000252, -2.299999999999999822, -4.717896939814000490 ) ) ;
#5108 = CARTESIAN_POINT ( 'NONE',  ( 4.549999999999999822, -1.699999999999999956, 2.500000000000000000 ) ) ;
#5109 = AXIS2_PLACEMENT_3D ( 'NONE', #5256, #1794, #6779 ) ;
#5110 = CARTESIAN_POINT ( 'NONE',  ( 0.01991645209477999751, -2.200000000000000178, -4.073676878215000130 ) ) ;
#5111 = ORIENTED_EDGE ( 'NONE', *, *, #5630, .T. ) ;
#5112 = EDGE_CURVE ( 'NONE', #6807, #5317, #3153, .T. ) ;
#5113 = EDGE_CURVE ( 'NONE', #4974, #4609, #4318, .T. ) ;
#5114 = AXIS2_PLACEMENT_3D ( 'NONE', #6252, #5298, #325 ) ;
#5115 = ORIENTED_EDGE ( 'NONE', *, *, #5025, .F. ) ;
#5116 = CARTESIAN_POINT ( 'NONE',  ( -5.349999999999999645, -1.699999999999999956, 4.675000000000000711 ) ) ;
#5117 = DIRECTION ( 'NONE',  ( 0.000000000000000000, 1.000000000000000000, 0.000000000000000000 ) ) ;
#5118 = LINE ( 'NONE', #3181, #1678 ) ;
#5119 = DIRECTION ( 'NONE',  ( 0.000000000000000000, 1.000000000000000000, 0.000000000000000000 ) ) ;
#5120 = DIRECTION ( 'NONE',  ( 1.000000000000000000, 0.000000000000000000, 0.000000000000000000 ) ) ;
#5121 = AXIS2_PLACEMENT_3D ( 'NONE', #4600, #3500, #662 ) ;
#5122 = CARTESIAN_POINT ( 'NONE',  ( -3.000000000000000000, 2.399999999999999911, 5.799999999999999822 ) ) ;
#5123 = EDGE_CURVE ( 'NONE', #6874, #3970, #3763, .T. ) ;
#5124 = EDGE_CURVE ( 'NONE', #7135, #1543, #1560, .T. ) ;
#5125 = ORIENTED_EDGE ( 'NONE', *, *, #4471, .F. ) ;
#5126 = AXIS2_PLACEMENT_3D ( 'NONE', #734, #198, #5794 ) ;
#5127 = ORIENTED_EDGE ( 'NONE', *, *, #3885, .T. ) ;
#5128 = AXIS2_PLACEMENT_3D ( 'NONE', #3208, #3283, #3854 ) ;
#5129 = EDGE_LOOP ( 'NONE', ( #6335, #4146, #91, #6491, #2976, #1970, #3764 ) ) ;
#5130 = DIRECTION ( 'NONE',  ( 0.000000000000000000, 0.000000000000000000, -1.000000000000000000 ) ) ;
#5131 = FACE_OUTER_BOUND ( 'NONE', #814, .T. ) ;
#5132 = ADVANCED_FACE ( 'NONE', ( #1804 ), #5673, .T. ) ;
#5133 = FACE_OUTER_BOUND ( 'NONE', #184, .T. ) ;
#5134 = DIRECTION ( 'NONE',  ( 1.000000000000000000, 0.000000000000000000, 0.000000000000000000 ) ) ;
#5135 = DIRECTION ( 'NONE',  ( -1.000000000000000000, 0.000000000000000000, 0.000000000000000000 ) ) ;
#5136 = EDGE_CURVE ( 'NONE', #4855, #4170, #2888, .T. ) ;
#5137 = CIRCLE ( 'NONE', #2218, 0.8500000000000000888 ) ;
#5138 = COLOUR_RGB ( '',0.7921568627450980005, 0.8196078431372548767, 0.9333333333333333481 ) ;
#5139 = ORIENTED_EDGE ( 'NONE', *, *, #2856, .F. ) ;
#5140 = ORIENTED_EDGE ( 'NONE', *, *, #2110, .T. ) ;
#5141 = ORIENTED_EDGE ( 'NONE', *, *, #166, .F. ) ;
#5142 = VECTOR ( 'NONE', #2105, 1000.000000000000000 ) ;
#5143 = CARTESIAN_POINT ( 'NONE',  ( 0.2000000000000000111, 2.299999999999999822, 4.850000000000000533 ) ) ;
#5144 = EDGE_CURVE ( 'NONE', #2414, #5284, #6217, .T. ) ;
#5145 = CARTESIAN_POINT ( 'NONE',  ( 2.100000000000000089, 2.399999999999999911, 5.500000000000000000 ) ) ;
#5146 = CARTESIAN_POINT ( 'NONE',  ( -0.4000000000000000222, -2.000000000000000000, 5.500000000000000000 ) ) ;
#5147 = PLANE ( 'NONE',  #3567 ) ;
#5148 = EDGE_LOOP ( 'NONE', ( #3802, #1862, #6813, #5990 ) ) ;
#5149 = ORIENTED_EDGE ( 'NONE', *, *, #1610, .T. ) ;
#5150 = VERTEX_POINT ( 'NONE', #6245 ) ;
#5151 = CARTESIAN_POINT ( 'NONE',  ( -5.450000000000000178, 2.500000000000000000, 2.850000000000000089 ) ) ;
#5152 = CARTESIAN_POINT ( 'NONE',  ( -1.939999999999999947, 0.5000000000000002220, 5.486854749822000166 ) ) ;
#5153 = DIRECTION ( 'NONE',  ( 0.000000000000000000, 1.000000000000000000, 0.000000000000000000 ) ) ;
#5154 = DIRECTION ( 'NONE',  ( -1.000000000000000000, 0.000000000000000000, 0.000000000000000000 ) ) ;
#5155 = VECTOR ( 'NONE', #5327, 1000.000000000000000 ) ;
#5156 = ORIENTED_EDGE ( 'NONE', *, *, #3269, .T. ) ;
#5157 = LINE ( 'NONE', #5711, #5066 ) ;
#5158 = ORIENTED_EDGE ( 'NONE', *, *, #1577, .F. ) ;
#5159 = DIRECTION ( 'NONE',  ( 1.000000000000000000, -6.032211767129999953E-14, 5.625129991434000464E-14 ) ) ;
#5160 = PLANE ( 'NONE',  #6858 ) ;
#5161 = CARTESIAN_POINT ( 'NONE',  ( -2.200000000000000178, 2.500000000000000000, 6.025000000000000355 ) ) ;
#5162 = AXIS2_PLACEMENT_3D ( 'NONE', #6695, #1714, #3427 ) ;
#5163 = LINE ( 'NONE', #6290, #3664 ) ;
#5164 = VECTOR ( 'NONE', #4674, 1000.000000000000000 ) ;
#5165 = EDGE_LOOP ( 'NONE', ( #2873, #2944, #3603, #6167, #2954 ) ) ;
#5166 = ORIENTED_EDGE ( 'NONE', *, *, #5964, .T. ) ;
#5167 = ORIENTED_EDGE ( 'NONE', *, *, #6499, .F. ) ;
#5168 = FACE_OUTER_BOUND ( 'NONE', #205, .T. ) ;
#5169 = DIRECTION ( 'NONE',  ( -0.000000000000000000, 0.7071067811874975906, 0.7071067811855975549 ) ) ;
#5170 = LINE ( 'NONE', #3963, #487 ) ;
#5171 = EDGE_CURVE ( 'NONE', #5407, #3441, #2853, .T. ) ;
#5172 = DIRECTION ( 'NONE',  ( 1.000000000000000000, 0.000000000000000000, 0.000000000000000000 ) ) ;
#5173 = AXIS2_PLACEMENT_3D ( 'NONE', #4, #2676, #3235 ) ;
#5174 = ADVANCED_FACE ( 'NONE', ( #6094 ), #5555, .F. ) ;
#5175 = CARTESIAN_POINT ( 'NONE',  ( -5.100000000000000533, 0.4000000000000000222, 2.850000000000000089 ) ) ;
#5176 = ORIENTED_EDGE ( 'NONE', *, *, #245, .F. ) ;
#5177 = EDGE_LOOP ( 'NONE', ( #3475, #6024, #4302 ) ) ;
#5178 = AXIS2_PLACEMENT_3D ( 'NONE', #3379, #88, #3456 ) ;
#5179 = ORIENTED_EDGE ( 'NONE', *, *, #6420, .T. ) ;
#5180 = EDGE_CURVE ( 'NONE', #3344, #6874, #5708, .T. ) ;
#5181 = DIRECTION ( 'NONE',  ( 0.000000000000000000, 0.000000000000000000, 1.000000000000000000 ) ) ;
#5182 = APPLICATION_PROTOCOL_DEFINITION ( 'draft international standard', 'automotive_design', 1998, #1969 ) ;
#5183 = EDGE_CURVE ( 'NONE', #1244, #3147, #2933, .T. ) ;
#5184 = DIRECTION ( 'NONE',  ( -1.000000000000000000, 0.000000000000000000, 0.000000000000000000 ) ) ;
#5185 = AXIS2_PLACEMENT_3D ( 'NONE', #2590, #358, #2553 ) ;
#5186 = AXIS2_PLACEMENT_3D ( 'NONE', #2061, #442, #2643 ) ;
#5187 = EDGE_CURVE ( 'NONE', #3083, #4293, #6133, .T. ) ;
#5188 = DIRECTION ( 'NONE',  ( -1.000000000000000000, 0.000000000000000000, 0.000000000000000000 ) ) ;
#5189 = EDGE_LOOP ( 'NONE', ( #2090, #1100, #5808, #6168 ) ) ;
#5190 = EDGE_CURVE ( 'NONE', #297, #1960, #614, .T. ) ;
#5191 = ORIENTED_EDGE ( 'NONE', *, *, #4024, .F. ) ;
#5192 = VECTOR ( 'NONE', #2881, 1000.000000000000000 ) ;
#5193 = DIRECTION ( 'NONE',  ( 0.000000000000000000, -1.000000000000000000, 0.000000000000000000 ) ) ;
#5194 = CARTESIAN_POINT ( 'NONE',  ( 5.200000000000000178, 2.350000000000000089, -5.950000000000000178 ) ) ;
#5195 = CARTESIAN_POINT ( 'NONE',  ( 0.000000000000000000, 0.000000000000000000, -6.125000000000000000 ) ) ;
#5196 = VECTOR ( 'NONE', #904, 1000.000000000000000 ) ;
#5197 = ORIENTED_EDGE ( 'NONE', *, *, #1326, .T. ) ;
#5198 = PLANE ( 'NONE',  #90 ) ;
#5199 = EDGE_LOOP ( 'NONE', ( #438, #6438, #2733, #911 ) ) ;
#5200 = FACE_OUTER_BOUND ( 'NONE', #4421, .T. ) ;
#5201 = LINE ( 'NONE', #1917, #3831 ) ;
#5202 = DIRECTION ( 'NONE',  ( 0.000000000000000000, -0.7071067811865474617, -0.7071067811865474617 ) ) ;
#5203 = CONICAL_SURFACE ( 'NONE', #6120, 2.024999999999999911, 0.7853981633972990650 ) ;
#5204 = PLANE ( 'NONE',  #5981 ) ;
#5205 = ORIENTED_EDGE ( 'NONE', *, *, #147, .T. ) ;
#5206 = ORIENTED_EDGE ( 'NONE', *, *, #3079, .T. ) ;
#5207 = ORIENTED_EDGE ( 'NONE', *, *, #5873, .T. ) ;
#5208 = CARTESIAN_POINT ( 'NONE',  ( 2.550000000000000266, 2.500000000000000000, 6.949999999999999289 ) ) ;
#5209 = CARTESIAN_POINT ( 'NONE',  ( 0.2000000000000000111, 0.5000000000000000000, 5.841499999999999915 ) ) ;
#5210 = PLANE ( 'NONE',  #3158 ) ;
#5211 = EDGE_LOOP ( 'NONE', ( #6008, #1317, #3421 ) ) ;
#5212 = ORIENTED_EDGE ( 'NONE', *, *, #2837, .F. ) ;
#5213 = EDGE_CURVE ( 'NONE', #4513, #6798, #4549, .T. ) ;
#5214 = EDGE_CURVE ( 'NONE', #5444, #971, #757, .T. ) ;
#5215 = ORIENTED_EDGE ( 'NONE', *, *, #4244, .F. ) ;
#5216 = ADVANCED_FACE ( 'NONE', ( #4060, #1304 ), #3523, .T. ) ;
#5217 = DIRECTION ( 'NONE',  ( 0.000000000000000000, 0.000000000000000000, -1.000000000000000000 ) ) ;
#5218 = LINE ( 'NONE', #3069, #4094 ) ;
#5219 = CARTESIAN_POINT ( 'NONE',  ( 3.849999998349485697, 2.224999999997689049, 4.675000000000000711 ) ) ;
#5220 = DIRECTION ( 'NONE',  ( -1.000000000000000000, 0.000000000000000000, 0.000000000000000000 ) ) ;
#5221 = DIRECTION ( 'NONE',  ( 0.000000000000000000, 0.000000000000000000, -1.000000000000000000 ) ) ;
#5222 = EDGE_CURVE ( 'NONE', #2023, #4855, #183, .T. ) ;
#5223 = ORIENTED_EDGE ( 'NONE', *, *, #950, .T. ) ;
#5224 = DIRECTION ( 'NONE',  ( 1.000000000000000000, 0.000000000000000000, 0.000000000000000000 ) ) ;
#5225 = DIRECTION ( 'NONE',  ( 0.000000000000000000, -1.000000000000000000, 0.000000000000000000 ) ) ;
#5226 = PLANE ( 'NONE',  #5257 ) ;
#5227 = CARTESIAN_POINT ( 'NONE',  ( -0.4500000000000000111, -2.299999999999999822, 5.237499999999999822 ) ) ;
#5228 = CIRCLE ( 'NONE', #3939, 0.4499999999995002997 ) ;
#5229 = ADVANCED_FACE ( 'NONE', ( #1625 ), #3164, .F. ) ;
#5230 = VERTEX_POINT ( 'NONE', #2747 ) ;
#5231 = EDGE_LOOP ( 'NONE', ( #6799, #3157, #2426, #213 ) ) ;
#5232 = DIRECTION ( 'NONE',  ( 0.000000000000000000, -1.000000000000000000, 0.000000000000000000 ) ) ;
#5233 = APPLICATION_CONTEXT ( 'automotive_design' ) ;
#5234 = FACE_OUTER_BOUND ( 'NONE', #378, .T. ) ;
#5235 = LINE ( 'NONE', #6363, #1082 ) ;
#5236 = EDGE_CURVE ( 'NONE', #2049, #4242, #771, .T. ) ;
#5237 = VECTOR ( 'NONE', #2700, 1000.000000000000000 ) ;
#5238 = ORIENTED_EDGE ( 'NONE', *, *, #4993, .F. ) ;
#5239 = EDGE_LOOP ( 'NONE', ( #5179, #196, #4734, #7157, #3925, #5869, #5759, #5723 ) ) ;
#5240 = ORIENTED_EDGE ( 'NONE', *, *, #2763, .T. ) ;
#5241 = LINE ( 'NONE', #1990, #3420 ) ;
#5242 = CARTESIAN_POINT ( 'NONE',  ( -3.200000000000000178, -0.5000000000000000000, 5.500000000000000000 ) ) ;
#5243 = DIRECTION ( 'NONE',  ( 0.000000000000000000, 1.000000000000000000, 0.000000000000000000 ) ) ;
#5244 = DIRECTION ( 'NONE',  ( 1.000000000000000000, 0.000000000000000000, 0.000000000000000000 ) ) ;
#5245 = VECTOR ( 'NONE', #3687, 1000.000000000000000 ) ;
#5246 = AXIS2_PLACEMENT_3D ( 'NONE', #3503, #1712, #1778 ) ;
#5247 = EDGE_LOOP ( 'NONE', ( #1116, #5361, #4133, #272 ) ) ;
#5248 = EDGE_LOOP ( 'NONE', ( #3563, #4928, #4984 ) ) ;
#5249 = DIRECTION ( 'NONE',  ( -1.000000000000000000, 0.000000000000000000, 0.000000000000000000 ) ) ;
#5250 = CARTESIAN_POINT ( 'NONE',  ( 0.8000000000000000444, -2.045017499121999816, 5.444761275728999372 ) ) ;
#5251 = DIRECTION ( 'NONE',  ( 0.000000000000000000, 1.000000000000000000, 0.000000000000000000 ) ) ;
#5252 = DIRECTION ( 'NONE',  ( -0.000000000000000000, 0.7071067811865475727, 0.7071067811865475727 ) ) ;
#5253 = AXIS2_PLACEMENT_3D ( 'NONE', #5547, #311, #4049 ) ;
#5254 = CARTESIAN_POINT ( 'NONE',  ( 0.8000000000000000444, -2.504982500878000007, 5.355238724270999562 ) ) ;
#5255 = PLANE ( 'NONE',  #4567 ) ;
#5256 = CARTESIAN_POINT ( 'NONE',  ( 0.2000000000000000111, -4.850000000000000533, 4.986854749822000166 ) ) ;
#5257 = AXIS2_PLACEMENT_3D ( 'NONE', #5195, #218, #2418 ) ;
#5258 = VERTEX_POINT ( 'NONE', #3809 ) ;
#5259 = MECHANICAL_DESIGN_GEOMETRIC_PRESENTATION_REPRESENTATION (  '', ( #4324 ), #480 ) ;
#5260 = DIRECTION ( 'NONE',  ( 0.000000000000000000, 0.000000000000000000, 1.000000000000000000 ) ) ;
#5261 = DIRECTION ( 'NONE',  ( -3.469446951953615175E-16, 1.000000000000000000, 0.000000000000000000 ) ) ;
#5262 = EDGE_CURVE ( 'NONE', #1930, #4717, #4259, .T. ) ;
#5263 = CARTESIAN_POINT ( 'NONE',  ( 5.750000000000000000, -2.500000000000000000, -6.949999999999999289 ) ) ;
#5264 = VERTEX_POINT ( 'NONE', #3237 ) ;
#5265 = ORIENTED_EDGE ( 'NONE', *, *, #3964, .T. ) ;
#5266 = CYLINDRICAL_SURFACE ( 'NONE', #5300, 0.2999999999999999334 ) ;
#5267 = EDGE_CURVE ( 'NONE', #873, #2760, #5962, .T. ) ;
#5268 = CARTESIAN_POINT ( 'NONE',  ( -5.450000000000000178, 2.500000000000000000, 2.850000000000000089 ) ) ;
#5269 = VECTOR ( 'NONE', #5154, 1000.000000000000000 ) ;
#5270 = CARTESIAN_POINT ( 'NONE',  ( -5.750000000000000000, -2.500000000000000000, -6.949999999999999289 ) ) ;
#5271 = ORIENTED_EDGE ( 'NONE', *, *, #426, .F. ) ;
#5272 = EDGE_LOOP ( 'NONE', ( #3159, #6079 ) ) ;
#5273 = AXIS2_PLACEMENT_3D ( 'NONE', #1680, #3972, #6042 ) ;
#5274 = ORIENTED_EDGE ( 'NONE', *, *, #5382, .F. ) ;
#5275 = CARTESIAN_POINT ( 'NONE',  ( 0.005362112447553000344, -2.299999999999999822, -4.003969365357999521 ) ) ;
#5276 = EDGE_LOOP ( 'NONE', ( #7166, #3305 ) ) ;
#5277 = ORIENTED_EDGE ( 'NONE', *, *, #6152, .F. ) ;
#5278 = CARTESIAN_POINT ( 'NONE',  ( -1.899999999999999911, -1.750000000000000000, 5.649999999999999467 ) ) ;
#5279 = SURFACE_STYLE_FILL_AREA ( #885 ) ;
#5280 = VECTOR ( 'NONE', #5506, 1000.000000000000000 ) ;
#5281 = CARTESIAN_POINT ( 'NONE',  ( -1.800000000004999823, 0.5000000000000002220, 10.34999999999999964 ) ) ;
#5282 = CARTESIAN_POINT ( 'NONE',  ( -2.475000000000000089, -1.899999999999999911, -0.8500000000000998979 ) ) ;
#5283 = AXIS2_PLACEMENT_3D ( 'NONE', #5886, #6330, #228 ) ;
#5284 = VERTEX_POINT ( 'NONE', #2603 ) ;
#5285 = PLANE ( 'NONE',  #3303 ) ;
#5286 = CARTESIAN_POINT ( 'NONE',  ( 0.8000000000000000444, -2.621259328415999956, 5.000000000001000089 ) ) ;
#5287 = CARTESIAN_POINT ( 'NONE',  ( 4.559442123160000193, -4.850000000000000533, 1.649999999999999911 ) ) ;
#5288 = CIRCLE ( 'NONE', #6563, 0.1499999999999999667 ) ;
#5289 = DIRECTION ( 'NONE',  ( 0.000000000000000000, 0.000000000000000000, 1.000000000000000000 ) ) ;
#5290 = ORIENTED_EDGE ( 'NONE', *, *, #6279, .T. ) ;
#5291 = AXIS2_PLACEMENT_3D ( 'NONE', #2657, #5543, #6122 ) ;
#5292 = VECTOR ( 'NONE', #4687, 1000.000000000000000 ) ;
#5293 = EDGE_CURVE ( 'NONE', #4864, #2206, #6223, .T. ) ;
#5294 = VERTEX_POINT ( 'NONE', #5489 ) ;
#5295 = EDGE_CURVE ( 'NONE', #2172, #2363, #5371, .T. ) ;
#5296 = EDGE_CURVE ( 'NONE', #4800, #5093, #6685, .T. ) ;
#5297 = DIRECTION ( 'NONE',  ( -0.5773502691896257311, 0.5773502691896257311, -0.5773502691896257311 ) ) ;
#5298 = DIRECTION ( 'NONE',  ( 0.000000000000000000, 0.000000000000000000, -1.000000000000000000 ) ) ;
#5299 = CARTESIAN_POINT ( 'NONE',  ( -1.350000000000000089, -1.699999999999999956, -1.550000000000000044 ) ) ;
#5300 = AXIS2_PLACEMENT_3D ( 'NONE', #1381, #2937, #4137 ) ;
#5301 = VERTEX_POINT ( 'NONE', #4838 ) ;
#5302 = EDGE_CURVE ( 'NONE', #5053, #3506, #5776, .T. ) ;
#5303 = AXIS2_PLACEMENT_3D ( 'NONE', #2847, #3519, #5193 ) ;
#5304 = ORIENTED_EDGE ( 'NONE', *, *, #3315, .T. ) ;
#5305 = ORIENTED_EDGE ( 'NONE', *, *, #6868, .F. ) ;
#5306 = DIRECTION ( 'NONE',  ( 0.000000000000000000, 0.000000000000000000, -1.000000000000000000 ) ) ;
#5307 = DIRECTION ( 'NONE',  ( 0.000000000000000000, 1.000000000000000000, 0.000000000000000000 ) ) ;
#5308 = ADVANCED_FACE ( 'NONE', ( #4444 ), #6101, .T. ) ;
#5309 = DIRECTION ( 'NONE',  ( -1.000000000000000000, 0.000000000000000000, 0.000000000000000000 ) ) ;
#5310 = ORIENTED_EDGE ( 'NONE', *, *, #703, .T. ) ;
#5311 = VERTEX_POINT ( 'NONE', #2315 ) ;
#5312 = DIRECTION ( 'NONE',  ( 0.000000000000000000, -1.000000000000000000, 0.000000000000000000 ) ) ;
#5313 = CARTESIAN_POINT ( 'NONE',  ( 2.200000000000000178, 2.500000000000000000, 4.750000000000000000 ) ) ;
#5314 = CARTESIAN_POINT ( 'NONE',  ( 0.2000000000000001221, 3.077185478309000022, -5.299999999999999822 ) ) ;
#5315 = DIRECTION ( 'NONE',  ( -1.000000000000000000, 0.000000000000000000, 0.000000000000000000 ) ) ;
#5316 = ADVANCED_FACE ( 'NONE', ( #1200, #1770, #3920, #4521, #1159, #150, #3418 ), #6, .F. ) ;
#5317 = VERTEX_POINT ( 'NONE', #5681 ) ;
#5318 = LINE ( 'NONE', #3217, #174 ) ;
#5319 = CARTESIAN_POINT ( 'NONE',  ( 0.1532033693045000144, -2.200000000000000178, -3.850000000000000089 ) ) ;
#5320 = LINE ( 'NONE', #2547, #5142 ) ;
#5321 = DIRECTION ( 'NONE',  ( 0.000000000000000000, 0.000000000000000000, 1.000000000000000000 ) ) ;
#5322 = CARTESIAN_POINT ( 'NONE',  ( 0.8499999999999999778, -2.500000000000000000, -5.250000000000000000 ) ) ;
#5323 = DIRECTION ( 'NONE',  ( -0.000000000000000000, 1.000000000000000000, 0.000000000000000000 ) ) ;
#5324 = ORIENTED_EDGE ( 'NONE', *, *, #2366, .F. ) ;
#5325 = CARTESIAN_POINT ( 'NONE',  ( 0.2000000000000001221, 3.299999999999999822, -5.299999999999999822 ) ) ;
#5326 = CARTESIAN_POINT ( 'NONE',  ( 5.299999999999999822, 2.500000000000000000, -4.975000000000000533 ) ) ;
#5327 = DIRECTION ( 'NONE',  ( 1.000000000000000000, 0.000000000000000000, 0.000000000000000000 ) ) ;
#5328 = FACE_OUTER_BOUND ( 'NONE', #2217, .T. ) ;
#5329 = EDGE_CURVE ( 'NONE', #5879, #3829, #3991, .T. ) ;
#5330 = ORIENTED_EDGE ( 'NONE', *, *, #3397, .F. ) ;
#5331 = VECTOR ( 'NONE', #1649, 1000.000000000000000 ) ;
#5332 = VERTEX_POINT ( 'NONE', #6215 ) ;
#5333 = VERTEX_POINT ( 'NONE', #1665 ) ;
#5334 = ORIENTED_EDGE ( 'NONE', *, *, #6912, .F. ) ;
#5335 = FACE_OUTER_BOUND ( 'NONE', #2347, .T. ) ;
#5336 = CARTESIAN_POINT ( 'NONE',  ( 0.8000000000000000444, -2.000000000000000000, 5.500000000000000000 ) ) ;
#5337 = FACE_OUTER_BOUND ( 'NONE', #428, .T. ) ;
#5338 = VECTOR ( 'NONE', #592, 1000.000000000000000 ) ;
#5339 = CARTESIAN_POINT ( 'NONE',  ( -4.349999999999999645, -1.699999999999999956, -4.000000000000000000 ) ) ;
#5340 = EDGE_CURVE ( 'NONE', #4170, #2023, #5288, .T. ) ;
#5341 = ADVANCED_FACE ( 'NONE', ( #2897 ), #1812, .T. ) ;
#5342 = ORIENTED_EDGE ( 'NONE', *, *, #2587, .T. ) ;
#5343 = VERTEX_POINT ( 'NONE', #5716 ) ;
#5344 = EDGE_CURVE ( 'NONE', #1450, #6219, #6418, .T. ) ;
#5345 = CARTESIAN_POINT ( 'NONE',  ( 0.2443593274800999748, -2.299999999999999822, -4.717896939814000490 ) ) ;
#5346 = DIRECTION ( 'NONE',  ( 1.000000000000000000, 0.000000000000000000, 0.000000000000000000 ) ) ;
#5347 = CARTESIAN_POINT ( 'NONE',  ( -2.475000000000000089, -2.200000000000000178, -1.449999999999999956 ) ) ;
#5348 = EDGE_CURVE ( 'NONE', #5264, #6343, #4275, .T. ) ;
#5349 = DIRECTION ( 'NONE',  ( 0.000000000000000000, 1.000000000000000000, 7.522507371712999343E-14 ) ) ;
#5350 = ADVANCED_FACE ( 'NONE', ( #3080 ), #3114, .T. ) ;
#5351 = CIRCLE ( 'NONE', #1298, 0.2999999999999999334 ) ;
#5352 =( BOUNDED_CURVE ( )  B_SPLINE_CURVE ( 3, ( #7151, #4328, #1589, #1515 ),
 .UNSPECIFIED., .F., .T. ) 
 B_SPLINE_CURVE_WITH_KNOTS ( ( 4, 4 ),
 ( 3.141592653589823758, 3.864326901403208669 ),
 .UNSPECIFIED. ) 
 CURVE ( )  GEOMETRIC_REPRESENTATION_ITEM ( )  RATIONAL_B_SPLINE_CURVE ( ( 1.000000000000000000, 0.9569428977956604410, 0.9569428977956604410, 1.000000000000000000 ) ) 
 REPRESENTATION_ITEM ( '' )  );
#5353 = ORIENTED_EDGE ( 'NONE', *, *, #1715, .T. ) ;
#5354 = AXIS2_PLACEMENT_3D ( 'NONE', #252, #5840, #1438 ) ;
#5355 = AXIS2_PLACEMENT_3D ( 'NONE', #2341, #6316, #5225 ) ;
#5356 = FACE_OUTER_BOUND ( 'NONE', #6127, .T. ) ;
#5357 = EDGE_CURVE ( 'NONE', #32, #2706, #4372, .T. ) ;
#5358 = DIRECTION ( 'NONE',  ( 0.000000000000000000, -1.000000000000000000, 0.000000000000000000 ) ) ;
#5359 = CIRCLE ( 'NONE', #4201, 0.6750000000000002665 ) ;
#5360 = CARTESIAN_POINT ( 'NONE',  ( 4.575000000000000178, -4.899999999999999467, 2.250000000000000000 ) ) ;
#5361 = ORIENTED_EDGE ( 'NONE', *, *, #4931, .F. ) ;
#5362 = DIRECTION ( 'NONE',  ( 0.000000000000000000, 1.000000000000000000, 0.000000000000000000 ) ) ;
#5363 = CARTESIAN_POINT ( 'NONE',  ( -5.100000000000000533, -1.800000000000000044, -3.250000000000000000 ) ) ;
#5364 = ORIENTED_EDGE ( 'NONE', *, *, #2174, .T. ) ;
#5365 = ORIENTED_EDGE ( 'NONE', *, *, #5494, .T. ) ;
#5366 = EDGE_LOOP ( 'NONE', ( #5888, #3382, #1890, #5945, #4606 ) ) ;
#5367 = EDGE_LOOP ( 'NONE', ( #5828, #2029, #7126, #7004 ) ) ;
#5368 = DIRECTION ( 'NONE',  ( -2.453269466693398621E-16, 0.7071067811865474617, 0.7071067811865474617 ) ) ;
#5369 = SURFACE_SIDE_STYLE ('',( #4256 ) ) ;
#5370 = DIRECTION ( 'NONE',  ( 1.000000000000000000, 0.000000000000000000, 0.000000000000000000 ) ) ;
#5371 = LINE ( 'NONE', #1017, #4720 ) ;
#5372 = FACE_OUTER_BOUND ( 'NONE', #2164, .T. ) ;
#5373 = AXIS2_PLACEMENT_3D ( 'NONE', #6548, #1564, #5902 ) ;
#5374 = ORIENTED_EDGE ( 'NONE', *, *, #4427, .T. ) ;
#5375 = ORIENTED_EDGE ( 'NONE', *, *, #2663, .F. ) ;
#5376 = EDGE_CURVE ( 'NONE', #1472, #128, #304, .T. ) ;
#5377 = CARTESIAN_POINT ( 'NONE',  ( -2.649999999999999911, 2.299999999999999822, 5.474999999999999645 ) ) ;
#5378 = LINE ( 'NONE', #3816, #5012 ) ;
#5379 = FACE_OUTER_BOUND ( 'NONE', #6662, .T. ) ;
#5380 = VECTOR ( 'NONE', #4450, 1000.000000000000000 ) ;
#5381 = DIRECTION ( 'NONE',  ( 0.000000000000000000, 0.6317418381935782090, 0.7751788502505720935 ) ) ;
#5382 = EDGE_CURVE ( 'NONE', #3710, #6259, #4307, .T. ) ;
#5383 = VECTOR ( 'NONE', #1291, 1000.000000000000000 ) ;
#5384 = ORIENTED_EDGE ( 'NONE', *, *, #901, .F. ) ;
#5385 = EDGE_CURVE ( 'NONE', #5539, #156, #3328, .T. ) ;
#5386 = CARTESIAN_POINT ( 'NONE',  ( -2.149999999999999911, 1.649999999999999911, 5.950000000000000178 ) ) ;
#5387 = CARTESIAN_POINT ( 'NONE',  ( 3.600000000000000089, 3.078237858560999740, 5.549999999999999822 ) ) ;
#5388 = DIRECTION ( 'NONE',  ( 0.000000000000000000, -0.1583540631465048809, 0.9873823933436288725 ) ) ;
#5389 = CARTESIAN_POINT ( 'NONE',  ( 0.2000000000000000111, 0.5000000000000000000, 6.959999999999999964 ) ) ;
#5390 = LINE ( 'NONE', #3292, #4195 ) ;
#5391 = VECTOR ( 'NONE', #6123, 1000.000000000000000 ) ;
#5392 = EDGE_CURVE ( 'NONE', #1950, #3256, #5163, .T. ) ;
#5393 = EDGE_CURVE ( 'NONE', #6999, #223, #1974, .T. ) ;
#5394 = ORIENTED_EDGE ( 'NONE', *, *, #5187, .T. ) ;
#5395 = EDGE_LOOP ( 'NONE', ( #1510, #3776, #6614, #6159, #702, #1569 ) ) ;
#5396 = EDGE_LOOP ( 'NONE', ( #3635, #4587, #4625, #2964 ) ) ;
#5397 = CIRCLE ( 'NONE', #5867, 0.5000000000000000000 ) ;
#5398 = DIRECTION ( 'NONE',  ( 0.000000000000000000, 1.000000000000000000, 0.000000000000000000 ) ) ;
#5399 = LINE ( 'NONE', #2120, #3373 ) ;
#5400 = CARTESIAN_POINT ( 'NONE',  ( 0.2000000000000000111, 3.077185478309000022, -3.600000000000000089 ) ) ;
#5401 = DIRECTION ( 'NONE',  ( 0.000000000000000000, 0.000000000000000000, -1.000000000000000000 ) ) ;
#5402 = AXIS2_PLACEMENT_3D ( 'NONE', #5809, #4423, #2184 ) ;
#5403 = AXIS2_PLACEMENT_3D ( 'NONE', #5507, #4964, #3902 ) ;
#5404 = ORIENTED_EDGE ( 'NONE', *, *, #4009, .F. ) ;
#5405 = VERTEX_POINT ( 'NONE', #5877 ) ;
#5406 = ORIENTED_EDGE ( 'NONE', *, *, #4007, .F. ) ;
#5407 = VERTEX_POINT ( 'NONE', #896 ) ;
#5408 = DIRECTION ( 'NONE',  ( 0.000000000000000000, 0.000000000000000000, -1.000000000000000000 ) ) ;
#5409 = DIRECTION ( 'NONE',  ( 0.000000000000000000, -1.000000000000000000, 0.000000000000000000 ) ) ;
#5410 = AXIS2_PLACEMENT_3D ( 'NONE', #820, #6375, #6411 ) ;
#5411 = CARTESIAN_POINT ( 'NONE',  ( -2.475000000000000089, -2.500000000000000000, -0.8499999999999999778 ) ) ;
#5412 = CARTESIAN_POINT ( 'NONE',  ( 4.500000000000000000, 2.500000000000000000, 5.549999999999999822 ) ) ;
#5413 = CARTESIAN_POINT ( 'NONE',  ( -3.400000000000000355, 3.078237858560999740, 5.549999999999999822 ) ) ;
#5414 = CARTESIAN_POINT ( 'NONE',  ( 5.200000000000000178, 2.500000000000000000, 0.000000000000000000 ) ) ;
#5415 = CONICAL_SURFACE ( 'NONE', #1818, 0.5999999999489998848, 0.7853981633972990650 ) ;
#5416 = VERTEX_POINT ( 'NONE', #2548 ) ;
#5417 = EDGE_LOOP ( 'NONE', ( #2468, #4516 ) ) ;
#5418 = EDGE_LOOP ( 'NONE', ( #5001, #3067 ) ) ;
#5419 = DIRECTION ( 'NONE',  ( 0.000000000000000000, -1.000000000000000000, 0.000000000000000000 ) ) ;
#5420 = FACE_OUTER_BOUND ( 'NONE', #1767, .T. ) ;
#5421 = CYLINDRICAL_SURFACE ( 'NONE', #3623, 0.1499999999999999667 ) ;
#5422 = ADVANCED_FACE ( 'NONE', ( #1065 ), #6083, .F. ) ;
#5423 = VECTOR ( 'NONE', #2966, 1000.000000000000000 ) ;
#5424 = EDGE_CURVE ( 'NONE', #4883, #4309, #3936, .T. ) ;
#5425 = EDGE_LOOP ( 'NONE', ( #6670, #4362, #4899, #6458, #5197, #1863, #143 ) ) ;
#5426 = EDGE_CURVE ( 'NONE', #1987, #1330, #4250, .T. ) ;
#5427 = ORIENTED_EDGE ( 'NONE', *, *, #4476, .F. ) ;
#5428 = CYLINDRICAL_SURFACE ( 'NONE', #2586, 0.8500000000000000888 ) ;
#5429 = CARTESIAN_POINT ( 'NONE',  ( -3.225000000000000089, -2.100000000000000089, 5.474999999999999645 ) ) ;
#5430 = FACE_OUTER_BOUND ( 'NONE', #2670, .T. ) ;
#5431 = CARTESIAN_POINT ( 'NONE',  ( -4.950000000000000178, -1.899999999999999911, -3.799999999999999822 ) ) ;
#5432 = CARTESIAN_POINT ( 'NONE',  ( -2.575000000000000178, -1.800000000000000044, -1.449999999999999956 ) ) ;
#5433 = EDGE_CURVE ( 'NONE', #1592, #43, #1643, .T. ) ;
#5434 = ORIENTED_EDGE ( 'NONE', *, *, #730, .F. ) ;
#5435 = VERTEX_POINT ( 'NONE', #27 ) ;
#5436 = ORIENTED_EDGE ( 'NONE', *, *, #953, .T. ) ;
#5437 = DIRECTION ( 'NONE',  ( 0.000000000000000000, 1.000000000000000000, 0.000000000000000000 ) ) ;
#5438 = DIRECTION ( 'NONE',  ( 1.000000000000000000, -4.329869796038000067E-14, -5.847174596358999587E-14 ) ) ;
#5439 = EDGE_CURVE ( 'NONE', #6846, #4038, #2974, .T. ) ;
#5440 = CARTESIAN_POINT ( 'NONE',  ( 4.500000000000000000, 3.100000000000000089, 5.549999999999999822 ) ) ;
#5441 = VERTEX_POINT ( 'NONE', #3791 ) ;
#5442 = ORIENTED_EDGE ( 'NONE', *, *, #245, .T. ) ;
#5443 = ORIENTED_EDGE ( 'NONE', *, *, #3214, .F. ) ;
#5444 = VERTEX_POINT ( 'NONE', #2801 ) ;
#5445 = DIRECTION ( 'NONE',  ( 0.5773502691896257311, 0.5773502691896257311, -0.5773502691896257311 ) ) ;
#5446 = LINE ( 'NONE', #7043, #1417 ) ;
#5447 = CARTESIAN_POINT ( 'NONE',  ( 0.2000000000000000111, 0.5000000000000000000, 5.799999999999999822 ) ) ;
#5448 = CARTESIAN_POINT ( 'NONE',  ( 3.449999999187000288, 2.225000000000000089, 4.675000000000000711 ) ) ;
#5449 = VECTOR ( 'NONE', #674, 1000.000000000000000 ) ;
#5450 = EDGE_LOOP ( 'NONE', ( #2936, #3066, #437, #5079, #7175, #1479, #3384, #2101 ) ) ;
#5451 = ORIENTED_EDGE ( 'NONE', *, *, #1875, .T. ) ;
#5452 = CARTESIAN_POINT ( 'NONE',  ( -5.349999999999999645, 3.299999999999999822, 4.675000000000000711 ) ) ;
#5453 = CARTESIAN_POINT ( 'NONE',  ( 4.549999999999999822, -1.899999999999999911, 1.000000000000000000 ) ) ;
#5454 = DIRECTION ( 'NONE',  ( 0.000000000000000000, -4.329869796038000067E-14, 1.000000000000000000 ) ) ;
#5455 = DIRECTION ( 'NONE',  ( 0.000000000000000000, 1.000000000000000000, 0.000000000000000000 ) ) ;
#5456 = CARTESIAN_POINT ( 'NONE',  ( 2.200000000005000178, 0.5000000000000000000, 10.34999999999999964 ) ) ;
#5457 = ORIENTED_EDGE ( 'NONE', *, *, #3532, .F. ) ;
#5458 = VECTOR ( 'NONE', #258, 1000.000000000000000 ) ;
#5459 = CARTESIAN_POINT ( 'NONE',  ( -1.449999999999999956, 0.4000000000000000222, -5.087500000000000355 ) ) ;
#5460 = ORIENTED_EDGE ( 'NONE', *, *, #993, .F. ) ;
#5461 = DIRECTION ( 'NONE',  ( 1.000000000000000000, 0.000000000000000000, 0.000000000000000000 ) ) ;
#5462 = DIRECTION ( 'NONE',  ( 0.000000000000000000, 0.000000000000000000, -1.000000000000000000 ) ) ;
#5463 = DIRECTION ( 'NONE',  ( 0.000000000000000000, 0.7751788502505326806, -0.6317418381936267258 ) ) ;
#5464 = AXIS2_PLACEMENT_3D ( 'NONE', #1710, #2787, #6144 ) ;
#5465 = DIRECTION ( 'NONE',  ( -5.477100254817000116E-14, -1.000000000000000000, 0.000000000000000000 ) ) ;
#5466 = CARTESIAN_POINT ( 'NONE',  ( -4.299999999999999822, 2.649999999999999911, 5.549999999999999822 ) ) ;
#5467 = LINE ( 'NONE', #2804, #1155 ) ;
#5468 = VECTOR ( 'NONE', #1342, 1000.000000000000000 ) ;
#5469 = VECTOR ( 'NONE', #3462, 1000.000000000000000 ) ;
#5470 = ORIENTED_EDGE ( 'NONE', *, *, #77, .T. ) ;
#5471 = VERTEX_POINT ( 'NONE', #7132 ) ;
#5472 = CARTESIAN_POINT ( 'NONE',  ( -2.600000000000000089, -1.775000000000000355, -1.443649167309966286 ) ) ;
#5473 = EDGE_CURVE ( 'NONE', #5539, #1985, #1031, .T. ) ;
#5474 = CARTESIAN_POINT ( 'NONE',  ( -4.299999999999999822, 2.477185478309000377, 5.549999999999999822 ) ) ;
#5475 = EDGE_CURVE ( 'NONE', #1330, #262, #650, .T. ) ;
#5476 = DIRECTION ( 'NONE',  ( 0.000000000000000000, 0.000000000000000000, -1.000000000000000000 ) ) ;
#5477 = VECTOR ( 'NONE', #2186, 1000.000000000000227 ) ;
#5478 = AXIS2_PLACEMENT_3D ( 'NONE', #6065, #3844, #404 ) ;
#5479 = ORIENTED_EDGE ( 'NONE', *, *, #2178, .T. ) ;
#5480 = ORIENTED_EDGE ( 'NONE', *, *, #4791, .F. ) ;
#5481 = EDGE_CURVE ( 'NONE', #6464, #2381, #529, .T. ) ;
#5482 = AXIS2_PLACEMENT_3D ( 'NONE', #1675, #3323, #2177 ) ;
#5483 = VERTEX_POINT ( 'NONE', #4350 ) ;
#5484 = CARTESIAN_POINT ( 'NONE',  ( 0.8000000000000000444, -2.504982500878000007, 5.355238724270999562 ) ) ;
#5485 = EDGE_CURVE ( 'NONE', #873, #1187, #2694, .T. ) ;
#5486 = ORIENTED_EDGE ( 'NONE', *, *, #2359, .T. ) ;
#5487 = FACE_OUTER_BOUND ( 'NONE', #4252, .T. ) ;
#5488 = CYLINDRICAL_SURFACE ( 'NONE', #5478, 0.8999999999999998002 ) ;
#5489 = CARTESIAN_POINT ( 'NONE',  ( 2.100000000000000089, -2.000000000000000000, 5.500000000000000000 ) ) ;
#5490 = FACE_OUTER_BOUND ( 'NONE', #6218, .T. ) ;
#5491 = DIRECTION ( 'NONE',  ( 0.000000000000000000, 0.000000000000000000, 1.000000000000000000 ) ) ;
#5492 = EDGE_CURVE ( 'NONE', #5405, #1051, #3974, .T. ) ;
#5493 = ORIENTED_EDGE ( 'NONE', *, *, #7057, .T. ) ;
#5494 = EDGE_CURVE ( 'NONE', #5078, #6999, #6310, .T. ) ;
#5495 = ORIENTED_EDGE ( 'NONE', *, *, #66, .F. ) ;
#5496 = SURFACE_STYLE_USAGE ( .BOTH. , #7012 ) ;
#5497 = PLANE ( 'NONE',  #4442 ) ;
#5498 = CARTESIAN_POINT ( 'NONE',  ( -1.824999999999999734, 0.5000000000000002220, 4.924999999999999822 ) ) ;
#5499 = DIRECTION ( 'NONE',  ( 1.000000000000000000, 0.000000000000000000, 0.000000000000000000 ) ) ;
#5500 = VECTOR ( 'NONE', #6291, 1000.000000000000000 ) ;
#5501 = ORIENTED_EDGE ( 'NONE', *, *, #470, .T. ) ;
#5502 = ORIENTED_EDGE ( 'NONE', *, *, #3172, .F. ) ;
#5503 = DIRECTION ( 'NONE',  ( 0.000000000000000000, 0.000000000000000000, 1.000000000000000000 ) ) ;
#5504 = AXIS2_PLACEMENT_3D ( 'NONE', #2037, #5865, #1429 ) ;
#5505 = FACE_OUTER_BOUND ( 'NONE', #58, .T. ) ;
#5506 = DIRECTION ( 'NONE',  ( 0.000000000000000000, 1.000000000000000000, 0.000000000000000000 ) ) ;
#5507 = CARTESIAN_POINT ( 'NONE',  ( -4.924999999999999822, -4.899999999999999467, -3.149999999999999911 ) ) ;
#5508 = CARTESIAN_POINT ( 'NONE',  ( 0.2000000000000000111, 2.400105252028999825, 5.950000000000000178 ) ) ;
#5509 = VECTOR ( 'NONE', #14, 1000.000000000000000 ) ;
#5510 = DIRECTION ( 'NONE',  ( 1.000000000000000000, 0.000000000000000000, 0.000000000000000000 ) ) ;
#5511 = ORIENTED_EDGE ( 'NONE', *, *, #5722, .F. ) ;
#5512 = CARTESIAN_POINT ( 'NONE',  ( -1.925000000000000044, -1.699999999999999956, -2.250000000000000000 ) ) ;
#5513 = CARTESIAN_POINT ( 'NONE',  ( 0.2000000000000000111, 0.5249986853333999948, 5.500000000000000000 ) ) ;
#5514 = LINE ( 'NONE', #4584, #604 ) ;
#5515 = VECTOR ( 'NONE', #3219, 1000.000000000000000 ) ;
#5516 = DIRECTION ( 'NONE',  ( -1.000000000000000000, 0.000000000000000000, 0.000000000000000000 ) ) ;
#5517 = ORIENTED_EDGE ( 'NONE', *, *, #1788, .F. ) ;
#5518 = EDGE_CURVE ( 'NONE', #4550, #6724, #634, .T. ) ;
#5519 = EDGE_CURVE ( 'NONE', #296, #6500, #2266, .T. ) ;
#5520 = ORIENTED_EDGE ( 'NONE', *, *, #4816, .T. ) ;
#5521 = VERTEX_POINT ( 'NONE', #706 ) ;
#5522 = FACE_OUTER_BOUND ( 'NONE', #974, .T. ) ;
#5523 = CARTESIAN_POINT ( 'NONE',  ( 0.2000000000000000111, -4.850000000000000533, 5.000000000000000000 ) ) ;
#5524 = EDGE_CURVE ( 'NONE', #7047, #4798, #170, .T. ) ;
#5525 = CARTESIAN_POINT ( 'NONE',  ( 4.500000000000000000, 3.078237858560999740, 5.549999999999999822 ) ) ;
#5526 = CARTESIAN_POINT ( 'NONE',  ( -2.449999999999999734, -1.374998983692999888, -0.8499999999999999778 ) ) ;
#5527 = DIRECTION ( 'NONE',  ( -1.000000000000000000, 0.000000000000000000, 0.000000000000000000 ) ) ;
#5528 = VECTOR ( 'NONE', #4459, 1000.000000000000000 ) ;
#5529 = ADVANCED_FACE ( 'NONE', ( #3550 ), #4128, .T. ) ;
#5530 = EDGE_LOOP ( 'NONE', ( #2484, #5566, #4204, #5394 ) ) ;
#5531 = EDGE_LOOP ( 'NONE', ( #6929, #2947, #2171, #1010 ) ) ;
#5532 = ORIENTED_EDGE ( 'NONE', *, *, #6868, .T. ) ;
#5533 =( NAMED_UNIT ( * ) PLANE_ANGLE_UNIT ( ) SI_UNIT ( $, .RADIAN. ) );
#5534 = EDGE_CURVE ( 'NONE', #1543, #1538, #2920, .T. ) ;
#5535 = CARTESIAN_POINT ( 'NONE',  ( 0.1999999999999997613, 2.600000000000000089, 5.825000000000000178 ) ) ;
#5536 = CARTESIAN_POINT ( 'NONE',  ( 2.306537443294000234, 1.649999999999999911, 5.950000000000000178 ) ) ;
#5537 = DIRECTION ( 'NONE',  ( 1.000000000000000000, 0.000000000000000000, 0.000000000000000000 ) ) ;
#5538 = VECTOR ( 'NONE', #6386, 1000.000000000000000 ) ;
#5539 = VERTEX_POINT ( 'NONE', #2998 ) ;
#5540 = CARTESIAN_POINT ( 'NONE',  ( -4.299999999999999822, 2.500000000000000000, 5.549999999999999822 ) ) ;
#5541 = ORIENTED_EDGE ( 'NONE', *, *, #346, .F. ) ;
#5542 = VECTOR ( 'NONE', #5260, 1000.000000000000000 ) ;
#5543 = DIRECTION ( 'NONE',  ( 0.000000000000000000, -1.000000000000000000, 0.000000000000000000 ) ) ;
#5544 = PLANE ( 'NONE',  #3428 ) ;
#5545 = CARTESIAN_POINT ( 'NONE',  ( -2.125000000000000000, -1.699999999999999956, -0.6499999999997999600 ) ) ;
#5546 = EDGE_CURVE ( 'NONE', #840, #1806, #2723, .T. ) ;
#5547 = CARTESIAN_POINT ( 'NONE',  ( -4.675000000000000711, -1.800000000000000044, -3.899999999999999911 ) ) ;
#5548 = DIRECTION ( 'NONE',  ( 0.000000000000000000, 0.000000000000000000, 1.000000000000000000 ) ) ;
#5549 = ORIENTED_EDGE ( 'NONE', *, *, #6687, .T. ) ;
#5550 = EDGE_LOOP ( 'NONE', ( #1500, #4741 ) ) ;
#5551 = DIRECTION ( 'NONE',  ( 2.368475785867000094E-14, 0.000000000000000000, -1.000000000000000000 ) ) ;
#5552 = DIRECTION ( 'NONE',  ( 1.000000000000000000, 0.000000000000000000, 0.000000000000000000 ) ) ;
#5553 = CARTESIAN_POINT ( 'NONE',  ( 2.299999999999999822, -1.699999999999999956, 5.500000000000000000 ) ) ;
#5554 = DIRECTION ( 'NONE',  ( -1.000000000000000000, 0.000000000000000000, 0.000000000000000000 ) ) ;
#5555 = PLANE ( 'NONE',  #2718 ) ;
#5556 = ORIENTED_EDGE ( 'NONE', *, *, #5623, .T. ) ;
#5557 = EDGE_CURVE ( 'NONE', #6267, #4112, #2473, .T. ) ;
#5558 = ORIENTED_EDGE ( 'NONE', *, *, #5348, .F. ) ;
#5559 = DIRECTION ( 'NONE',  ( 0.000000000000000000, 1.154631945609999981E-14, -1.000000000000000000 ) ) ;
#5560 = CYLINDRICAL_SURFACE ( 'NONE', #357, 0.8500000000000000888 ) ;
#5561 = CARTESIAN_POINT ( 'NONE',  ( 0.2000000000000000111, -1.850000000000000089, 7.023500000000000298 ) ) ;
#5562 = DIRECTION ( 'NONE',  ( 0.000000000000000000, 1.000000000000000000, 0.000000000000000000 ) ) ;
#5563 = EDGE_CURVE ( 'NONE', #3678, #6807, #6955, .T. ) ;
#5564 = VERTEX_POINT ( 'NONE', #6920 ) ;
#5565 = ORIENTED_EDGE ( 'NONE', *, *, #7169, .T. ) ;
#5566 = ORIENTED_EDGE ( 'NONE', *, *, #2945, .F. ) ;
#5567 = CARTESIAN_POINT ( 'NONE',  ( 4.559442123160000193, -4.899999999999999467, 1.649999999999999911 ) ) ;
#5568 = DIRECTION ( 'NONE',  ( 1.000000000000000000, 0.000000000000000000, 0.000000000000000000 ) ) ;
#5569 = CARTESIAN_POINT ( 'NONE',  ( 5.200000000000000178, 2.500000000000000000, -4.975000000000000533 ) ) ;
#5570 = ADVANCED_FACE ( 'NONE', ( #1936 ), #4190, .T. ) ;
#5571 = DIRECTION ( 'NONE',  ( 0.000000000000000000, 0.000000000000000000, -1.000000000000000000 ) ) ;
#5572 = CARTESIAN_POINT ( 'NONE',  ( 2.600000000000000089, 0.5000000000000000000, 6.949999999999999289 ) ) ;
#5573 = PLANE ( 'NONE',  #4257 ) ;
#5574 = CARTESIAN_POINT ( 'NONE',  ( -3.225000000000000089, 2.299999999999999822, 5.474999999999999645 ) ) ;
#5575 = EDGE_LOOP ( 'NONE', ( #49, #402, #5486, #1718 ) ) ;
#5576 = CIRCLE ( 'NONE', #5707, 2.350000000000000089 ) ;
#5577 = EDGE_CURVE ( 'NONE', #4242, #2049, #5875, .T. ) ;
#5578 = DIRECTION ( 'NONE',  ( -1.000000000000000000, 0.000000000000000000, -1.776356839400000238E-14 ) ) ;
#5579 = DIRECTION ( 'NONE',  ( 0.000000000000000000, -1.000000000000000000, 0.000000000000000000 ) ) ;
#5580 = ADVANCED_FACE ( 'NONE', ( #2541 ), #1372, .T. ) ;
#5581 = LINE ( 'NONE', #2800, #2254 ) ;
#5582 = DIRECTION ( 'NONE',  ( 0.000000000000000000, -1.000000000000000000, 0.000000000000000000 ) ) ;
#5583 = VECTOR ( 'NONE', #3395, 1000.000000000000114 ) ;
#5584 = EDGE_CURVE ( 'NONE', #3518, #3457, #991, .T. ) ;
#5585 = CARTESIAN_POINT ( 'NONE',  ( 0.2000000000000000111, 0.5000000000000000000, 10.14999999999999858 ) ) ;
#5586 = EDGE_CURVE ( 'NONE', #3457, #3518, #2614, .T. ) ;
#5587 = VERTEX_POINT ( 'NONE', #6983 ) ;
#5588 = VECTOR ( 'NONE', #1821, 1000.000000000000000 ) ;
#5589 = ORIENTED_EDGE ( 'NONE', *, *, #3174, .T. ) ;
#5590 = FACE_OUTER_BOUND ( 'NONE', #4254, .T. ) ;
#5591 = FACE_OUTER_BOUND ( 'NONE', #3555, .T. ) ;
#5592 = CARTESIAN_POINT ( 'NONE',  ( -2.475000000000000089, 0.3020000000000000462, -1.787069746573074935 ) ) ;
#5593 = CARTESIAN_POINT ( 'NONE',  ( -2.475000000000000089, -1.699999999999999956, -0.8499999999999999778 ) ) ;
#5594 = VECTOR ( 'NONE', #6015, 1000.000000000000000 ) ;
#5595 = CIRCLE ( 'NONE', #837, 2.399999999999999023 ) ;
#5596 = ORIENTED_EDGE ( 'NONE', *, *, #1883, .F. ) ;
#5597 = DIRECTION ( 'NONE',  ( 1.000000000000000000, 0.000000000000000000, 0.000000000000000000 ) ) ;
#5598 = ORIENTED_EDGE ( 'NONE', *, *, #3438, .T. ) ;
#5599 = DIRECTION ( 'NONE',  ( 0.000000000000000000, 1.000000000000000000, 0.000000000000000000 ) ) ;
#5600 = AXIS2_PLACEMENT_3D ( 'NONE', #4714, #855, #5805 ) ;
#5601 = DIRECTION ( 'NONE',  ( 1.000000000000000000, 0.000000000000000000, 0.000000000000000000 ) ) ;
#5602 = AXIS2_PLACEMENT_3D ( 'NONE', #1285, #3504, #3965 ) ;
#5603 = VECTOR ( 'NONE', #6919, 1000.000000000000000 ) ;
#5604 = EDGE_LOOP ( 'NONE', ( #3117, #6011, #5364, #5813, #303 ) ) ;
#5605 = VERTEX_POINT ( 'NONE', #3646 ) ;
#5606 = EDGE_LOOP ( 'NONE', ( #364, #1677, #6957, #927 ) ) ;
#5607 = CARTESIAN_POINT ( 'NONE',  ( 2.550000000000000266, 1.649999999999999911, 6.949999999999999289 ) ) ;
#5608 = CYLINDRICAL_SURFACE ( 'NONE', #1787, 0.1499999999999999667 ) ;
#5609 = CARTESIAN_POINT ( 'NONE',  ( -2.200000000000000178, 0.5000000000000000000, 6.949999999999999289 ) ) ;
#5610 = PLANE ( 'NONE',  #1193 ) ;
#5611 = FACE_OUTER_BOUND ( 'NONE', #3168, .T. ) ;
#5612 = CARTESIAN_POINT ( 'NONE',  ( -5.349999999999999645, -1.699999999999999956, 4.675000000000000711 ) ) ;
#5613 = VERTEX_POINT ( 'NONE', #5903 ) ;
#5614 = CARTESIAN_POINT ( 'NONE',  ( 3.475549786411999964, -1.329668090586000107, 5.500000000000000000 ) ) ;
#5615 = EDGE_CURVE ( 'NONE', #947, #6938, #6446, .T. ) ;
#5616 = EDGE_CURVE ( 'NONE', #51, #1893, #2038, .T. ) ;
#5617 = ORIENTED_EDGE ( 'NONE', *, *, #1266, .F. ) ;
#5618 = CARTESIAN_POINT ( 'NONE',  ( -0.4000000000000000222, -2.000000000000000000, 5.799999999999999822 ) ) ;
#5619 = CARTESIAN_POINT ( 'NONE',  ( -0.8499999999999999778, -2.500000000000000000, -5.250000000000000000 ) ) ;
#5620 = CARTESIAN_POINT ( 'NONE',  ( 0.07736768238236708950, -2.299999999999999822, -4.249860751628204980 ) ) ;
#5621 = CARTESIAN_POINT ( 'NONE',  ( -5.349999999999999645, 2.500000000000000000, 2.850000000000000089 ) ) ;
#5622 = CARTESIAN_POINT ( 'NONE',  ( 3.625000000000000000, 2.299999999999999822, 5.474999999999999645 ) ) ;
#5623 = EDGE_CURVE ( 'NONE', #3351, #2206, #3072, .T. ) ;
#5624 = FACE_OUTER_BOUND ( 'NONE', #701, .T. ) ;
#5625 = ORIENTED_EDGE ( 'NONE', *, *, #595, .F. ) ;
#5626 = ORIENTED_EDGE ( 'NONE', *, *, #1554, .T. ) ;
#5627 = LINE ( 'NONE', #7101, #1374 ) ;
#5628 = PLANE ( 'NONE',  #3836 ) ;
#5629 = DIRECTION ( 'NONE',  ( 0.000000000000000000, -1.000000000000000000, 0.000000000000000000 ) ) ;
#5630 = EDGE_CURVE ( 'NONE', #4798, #419, #4384, .T. ) ;
#5631 = FACE_OUTER_BOUND ( 'NONE', #5247, .T. ) ;
#5632 = VECTOR ( 'NONE', #3468, 1000.000000000000000 ) ;
#5633 = ADVANCED_FACE ( 'NONE', ( #3243 ), #1136, .F. ) ;
#5634 = ORIENTED_EDGE ( 'NONE', *, *, #987, .F. ) ;
#5635 = ORIENTED_EDGE ( 'NONE', *, *, #3033, .T. ) ;
#5636 = AXIS2_PLACEMENT_3D ( 'NONE', #3272, #1118, #3310 ) ;
#5637 = LINE ( 'NONE', #6649, #2619 ) ;
#5638 = PLANE ( 'NONE',  #4770 ) ;
#5639 = DIRECTION ( 'NONE',  ( 0.000000000000000000, -0.7751788502517846791, 0.6317418381920902881 ) ) ;
#5640 = DIRECTION ( 'NONE',  ( 0.000000000000000000, 0.000000000000000000, 1.000000000000000000 ) ) ;
#5641 = CARTESIAN_POINT ( 'NONE',  ( -4.649999999999999467, -2.500000000000000000, -3.799999999999999822 ) ) ;
#5642 = EDGE_CURVE ( 'NONE', #4671, #2244, #4300, .T. ) ;
#5643 = VECTOR ( 'NONE', #581, 1000.000000000000000 ) ;
#5644 = ORIENTED_EDGE ( 'NONE', *, *, #6754, .F. ) ;
#5645 = ORIENTED_EDGE ( 'NONE', *, *, #221, .T. ) ;
#5646 = ORIENTED_EDGE ( 'NONE', *, *, #1751, .T. ) ;
#5647 = CYLINDRICAL_SURFACE ( 'NONE', #6509, 0.5999999999999998668 ) ;
#5648 = AXIS2_PLACEMENT_3D ( 'NONE', #5412, #5997, #1552 ) ;
#5649 = DIRECTION ( 'NONE',  ( 0.000000000000000000, -1.000000000000000000, 0.000000000000000000 ) ) ;
#5650 = DIRECTION ( 'NONE',  ( -1.000000000000000000, 0.000000000000000000, 0.000000000000000000 ) ) ;
#5651 = ORIENTED_EDGE ( 'NONE', *, *, #1847, .T. ) ;
#5652 = CIRCLE ( 'NONE', #3901, 2.100000000000000089 ) ;
#5653 = ORIENTED_EDGE ( 'NONE', *, *, #4005, .T. ) ;
#5654 = VERTEX_POINT ( 'NONE', #3356 ) ;
#5655 = ADVANCED_FACE ( 'NONE', ( #7087 ), #5573, .T. ) ;
#5656 = LINE ( 'NONE', #6308, #2365 ) ;
#5657 = AXIS2_PLACEMENT_3D ( 'NONE', #3564, #723, #3453 ) ;
#5658 = DIRECTION ( 'NONE',  ( 0.000000000000000000, 0.000000000000000000, -1.000000000000000000 ) ) ;
#5659 = ADVANCED_FACE ( 'NONE', ( #561 ), #7165, .T. ) ;
#5660 = CARTESIAN_POINT ( 'NONE',  ( 2.600000000000000089, 1.500000000000000000, 6.387500000000000178 ) ) ;
#5661 = EDGE_CURVE ( 'NONE', #2672, #3103, #2391, .T. ) ;
#5662 = DIRECTION ( 'NONE',  ( 0.000000000000000000, -1.000000000000000000, 0.000000000000000000 ) ) ;
#5663 = VECTOR ( 'NONE', #6855, 1000.000000000000000 ) ;
#5664 = ORIENTED_EDGE ( 'NONE', *, *, #7154, .F. ) ;
#5665 = ORIENTED_EDGE ( 'NONE', *, *, #1087, .F. ) ;
#5666 = ORIENTED_EDGE ( 'NONE', *, *, #2532, .F. ) ;
#5667 = LINE ( 'NONE', #679, #5890 ) ;
#5668 = PLANE ( 'NONE',  #4670 ) ;
#5669 = DIRECTION ( 'NONE',  ( 0.000000000000000000, 0.000000000000000000, 1.000000000000000000 ) ) ;
#5670 = EDGE_CURVE ( 'NONE', #1729, #4864, #6007, .T. ) ;
#5671 = DIRECTION ( 'NONE',  ( 0.000000000000000000, 0.000000000000000000, -1.000000000000000000 ) ) ;
#5672 = EDGE_CURVE ( 'NONE', #5258, #806, #522, .T. ) ;
#5673 = PLANE ( 'NONE',  #301 ) ;
#5674 = ORIENTED_EDGE ( 'NONE', *, *, #3079, .F. ) ;
#5675 = EDGE_CURVE ( 'NONE', #1473, #1729, #3445, .T. ) ;
#5676 = CARTESIAN_POINT ( 'NONE',  ( 0.8000000000000000444, -2.000000000000000000, 5.500000000000000000 ) ) ;
#5677 = VERTEX_POINT ( 'NONE', #2068 ) ;
#5678 = DIRECTION ( 'NONE',  ( 1.000000000000000000, 0.000000000000000000, 0.000000000000000000 ) ) ;
#5679 = ADVANCED_FACE ( 'NONE', ( #6516 ), #4295, .F. ) ;
#5680 = DIRECTION ( 'NONE',  ( 0.000000000000000000, 0.000000000000000000, 1.000000000000000000 ) ) ;
#5681 = CARTESIAN_POINT ( 'NONE',  ( -3.425000000000000266, 2.500000000000000000, 5.275000000000000355 ) ) ;
#5682 = DIRECTION ( 'NONE',  ( 1.000000000000000000, -5.878785113032513212E-14, 0.000000000000000000 ) ) ;
#5683 = CARTESIAN_POINT ( 'NONE',  ( -0.4500000000000000111, -2.500000000000000000, 5.825000000000000178 ) ) ;
#5684 = ORIENTED_EDGE ( 'NONE', *, *, #6768, .F. ) ;
#5685 = ORIENTED_EDGE ( 'NONE', *, *, #828, .F. ) ;
#5686 = ORIENTED_EDGE ( 'NONE', *, *, #66, .T. ) ;
#5687 = CARTESIAN_POINT ( 'NONE',  ( 0.8499999999999999778, -2.299999999999999822, 5.237499999999999822 ) ) ;
#5688 = LINE ( 'NONE', #699, #264 ) ;
#5689 = CARTESIAN_POINT ( 'NONE',  ( -0.4500000000000000111, -2.100000000000000089, 4.649999999999999467 ) ) ;
#5690 = ORIENTED_EDGE ( 'NONE', *, *, #6246, .F. ) ;
#5691 = ORIENTED_EDGE ( 'NONE', *, *, #983, .F. ) ;
#5692 = ORIENTED_EDGE ( 'NONE', *, *, #2498, .T. ) ;
#5693 = LINE ( 'NONE', #2916, #2958 ) ;
#5694 = DIRECTION ( 'NONE',  ( 1.000000000000000000, 0.000000000000000000, 0.000000000000000000 ) ) ;
#5695 = CARTESIAN_POINT ( 'NONE',  ( 0.1784818660467995255, -2.299999999999999822, -4.532520887255789610 ) ) ;
#5696 = CYLINDRICAL_SURFACE ( 'NONE', #3043, 0.2000000000000000944 ) ;
#5697 = ORIENTED_CLOSED_SHELL ( 'NONE', *, #700, .F. );
#5698 = CIRCLE ( 'NONE', #6758, 0.2000000000000000944 ) ;
#5699 = DIRECTION ( 'NONE',  ( -8.659560562353641098E-17, -0.7071067811866530439, -0.7071067811864419905 ) ) ;
#5700 = CARTESIAN_POINT ( 'NONE',  ( 3.750000000000000000, -1.899999999999999911, -5.774999999999999467 ) ) ;
#5701 = VERTEX_POINT ( 'NONE', #651 ) ;
#5702 = EDGE_LOOP ( 'NONE', ( #3701, #3143, #3956, #5565 ) ) ;
#5703 = ORIENTED_EDGE ( 'NONE', *, *, #2910, .F. ) ;
#5704 = DIRECTION ( 'NONE',  ( 1.020479996801000008E-13, 1.036208156316999994E-14, 1.000000000000000000 ) ) ;
#5705 = CARTESIAN_POINT ( 'NONE',  ( -0.4000000000000000222, -4.899999999999999467, 5.000000000000000000 ) ) ;
#5706 = DIRECTION ( 'NONE',  ( 0.000000000000000000, -1.000000000000000000, 0.000000000000000000 ) ) ;
#5707 = AXIS2_PLACEMENT_3D ( 'NONE', #5807, #247, #2411 ) ;
#5708 = LINE ( 'NONE', #3913, #6796 ) ;
#5709 = ORIENTED_EDGE ( 'NONE', *, *, #7169, .F. ) ;
#5710 = ADVANCED_FACE ( 'NONE', ( #81 ), #6508, .F. ) ;
#5711 = CARTESIAN_POINT ( 'NONE',  ( 2.550000000000000266, 1.649999999999999911, 5.950000000000000178 ) ) ;
#5712 = EDGE_LOOP ( 'NONE', ( #6886, #4037, #1494, #1011 ) ) ;
#5713 = PLANE ( 'NONE',  #6575 ) ;
#5714 = LINE ( 'NONE', #2456, #4998 ) ;
#5715 = LINE ( 'NONE', #5161, #2961 ) ;
#5716 = CARTESIAN_POINT ( 'NONE',  ( -2.149999999999999911, 1.649999999999999911, 6.949999999999999289 ) ) ;
#5717 = PLANE ( 'NONE',  #3295 ) ;
#5718 = AXIS2_PLACEMENT_3D ( 'NONE', #5823, #2948, #1419 ) ;
#5719 = CYLINDRICAL_SURFACE ( 'NONE', #880, 1.800000000000000044 ) ;
#5720 = ADVANCED_FACE ( 'NONE', ( #2646 ), #5968, .T. ) ;
#5721 = ORIENTED_EDGE ( 'NONE', *, *, #4115, .T. ) ;
#5722 = EDGE_CURVE ( 'NONE', #6378, #916, #981, .T. ) ;
#5723 = ORIENTED_EDGE ( 'NONE', *, *, #4863, .F. ) ;
#5724 = AXIS2_PLACEMENT_3D ( 'NONE', #3020, #1896, #5307 ) ;
#5725 = EDGE_LOOP ( 'NONE', ( #10, #6360, #1583, #5215, #5850, #955, #2454, #1585, #2843, #3231, #2830 ) ) ;
#5726 = LINE ( 'NONE', #4041, #756 ) ;
#5727 = FACE_OUTER_BOUND ( 'NONE', #972, .T. ) ;
#5728 = ADVANCED_FACE ( 'NONE', ( #2135, #7117 ), #5198, .T. ) ;
#5729 = CARTESIAN_POINT ( 'NONE',  ( -0.2313370455056000252, -2.200000000000000178, -4.717896939814000490 ) ) ;
#5730 = VECTOR ( 'NONE', #171, 1000.000000000000114 ) ;
#5731 = AXIS2_PLACEMENT_3D ( 'NONE', #5525, #4837, #6473 ) ;
#5732 = EDGE_CURVE ( 'NONE', #5104, #4345, #6354, .T. ) ;
#5733 = ORIENTED_EDGE ( 'NONE', *, *, #4783, .F. ) ;
#5734 = VERTEX_POINT ( 'NONE', #1880 ) ;
#5735 = VERTEX_POINT ( 'NONE', #6285 ) ;
#5736 = AXIS2_PLACEMENT_3D ( 'NONE', #2528, #3675, #6475 ) ;
#5737 = DIRECTION ( 'NONE',  ( 0.000000000000000000, 0.000000000000000000, -1.000000000000000000 ) ) ;
#5738 = DIRECTION ( 'NONE',  ( 0.7071067811865474617, 0.7071067811865474617, 0.000000000000000000 ) ) ;
#5739 = DIRECTION ( 'NONE',  ( 0.000000000000000000, 1.000000000000000000, 0.000000000000000000 ) ) ;
#5740 = LINE ( 'NONE', #3554, #3775 ) ;
#5741 = VERTEX_POINT ( 'NONE', #1238 ) ;
#5742 = ORIENTED_EDGE ( 'NONE', *, *, #3261, .T. ) ;
#5743 = DIRECTION ( 'NONE',  ( 1.000000000000000000, 0.000000000000000000, 0.000000000000000000 ) ) ;
#5744 = DIRECTION ( 'NONE',  ( 1.000000000000000000, -4.377733143282999736E-14, 0.000000000000000000 ) ) ;
#5745 = CARTESIAN_POINT ( 'NONE',  ( 0.8000000000000000444, -2.000000000000000000, 5.794322077003999816 ) ) ;
#5746 = DIRECTION ( 'NONE',  ( -0.000000000000000000, 1.000000000000000000, 0.000000000000000000 ) ) ;
#5747 = VECTOR ( 'NONE', #7033, 1000.000000000000000 ) ;
#5748 = ORIENTED_EDGE ( 'NONE', *, *, #5672, .T. ) ;
#5749 = CARTESIAN_POINT ( 'NONE',  ( 1.494219133262000065, 2.926466139506999742, 4.750000000000000000 ) ) ;
#5750 = VERTEX_POINT ( 'NONE', #5749 ) ;
#5751 = CARTESIAN_POINT ( 'NONE',  ( 3.050000000000000266, 2.500000000000000000, 5.275000000000000355 ) ) ;
#5752 = CYLINDRICAL_SURFACE ( 'NONE', #4073, 2.350000000000000089 ) ;
#5753 = VECTOR ( 'NONE', #1496, 1000.000000000000000 ) ;
#5754 = DIRECTION ( 'NONE',  ( 1.000000000000000000, 0.000000000000000000, 0.000000000000000000 ) ) ;
#5755 = EDGE_CURVE ( 'NONE', #5735, #3224, #759, .T. ) ;
#5756 = EDGE_CURVE ( 'NONE', #4754, #1126, #6323, .T. ) ;
#5757 = EDGE_CURVE ( 'NONE', #4378, #3083, #831, .T. ) ;
#5758 = AXIS2_PLACEMENT_3D ( 'NONE', #3672, #4765, #332 ) ;
#5759 = ORIENTED_EDGE ( 'NONE', *, *, #1169, .T. ) ;
#5760 = ORIENTED_EDGE ( 'NONE', *, *, #2620, .F. ) ;
#5761 = ORIENTED_EDGE ( 'NONE', *, *, #5393, .F. ) ;
#5762 = DIRECTION ( 'NONE',  ( 0.000000000000000000, 0.000000000000000000, -1.000000000000000000 ) ) ;
#5763 = DIRECTION ( 'NONE',  ( -3.469446951953615175E-16, 1.000000000000000000, 0.000000000000000000 ) ) ;
#5764 = DIRECTION ( 'NONE',  ( 0.000000000000000000, 1.000000000000000000, -1.850371707708000085E-13 ) ) ;
#5765 = CARTESIAN_POINT ( 'NONE',  ( -2.600000000000000089, -1.050000000000000044, -1.449999999999999956 ) ) ;
#5766 = CIRCLE ( 'NONE', #979, 2.140000000000000124 ) ;
#5767 = FACE_OUTER_BOUND ( 'NONE', #2823, .T. ) ;
#5768 = EDGE_CURVE ( 'NONE', #6427, #1425, #114, .T. ) ;
#5769 = ORIENTED_EDGE ( 'NONE', *, *, #6822, .F. ) ;
#5770 = EDGE_LOOP ( 'NONE', ( #2402, #6477, #7078, #2163, #5115 ) ) ;
#5771 = ORIENTED_EDGE ( 'NONE', *, *, #5494, .F. ) ;
#5772 = DIRECTION ( 'NONE',  ( 0.000000000000000000, 1.000000000000000000, 0.000000000000000000 ) ) ;
#5773 = CARTESIAN_POINT ( 'NONE',  ( -4.924999999999999822, -4.899999999999999467, -3.149999999999999911 ) ) ;
#5774 = FACE_OUTER_BOUND ( 'NONE', #5977, .T. ) ;
#5775 = CARTESIAN_POINT ( 'NONE',  ( 2.550000000000000266, 1.649999999999999911, 6.949999999999999289 ) ) ;
#5776 = CIRCLE ( 'NONE', #5186, 0.5000000000000004441 ) ;
#5777 = CYLINDRICAL_SURFACE ( 'NONE', #3673, 0.5999999999999998668 ) ;
#5778 = ORIENTED_EDGE ( 'NONE', *, *, #4851, .T. ) ;
#5779 = VECTOR ( 'NONE', #1557, 1000.000000000000000 ) ;
#5780 = DIRECTION ( 'NONE',  ( 0.000000000000000000, -1.000000000000000000, 0.000000000000000000 ) ) ;
#5781 = EDGE_CURVE ( 'NONE', #1281, #6967, #6755, .T. ) ;
#5782 = FACE_OUTER_BOUND ( 'NONE', #5189, .T. ) ;
#5783 = VECTOR ( 'NONE', #5862, 1000.000000000000000 ) ;
#5784 = VERTEX_POINT ( 'NONE', #144 ) ;
#5785 = ORIENTED_EDGE ( 'NONE', *, *, #3818, .T. ) ;
#5786 = FACE_OUTER_BOUND ( 'NONE', #4164, .T. ) ;
#5787 = DIRECTION ( 'NONE',  ( 0.000000000000000000, 0.000000000000000000, -1.000000000000000000 ) ) ;
#5788 = DIRECTION ( 'NONE',  ( -1.000000000000000000, 0.000000000000000000, 0.000000000000000000 ) ) ;
#5789 = AXIS2_PLACEMENT_3D ( 'NONE', #2119, #2227, #3797 ) ;
#5790 = CARTESIAN_POINT ( 'NONE',  ( 0.8000000000000000444, -2.000000000000000000, 5.799999999999999822 ) ) ;
#5791 = EDGE_LOOP ( 'NONE', ( #1088, #2415, #2993, #5365 ) ) ;
#5792 = VERTEX_POINT ( 'NONE', #4029 ) ;
#5793 = ORIENTED_EDGE ( 'NONE', *, *, #6413, .T. ) ;
#5794 = DIRECTION ( 'NONE',  ( 0.000000000000000000, 0.000000000000000000, -1.000000000000000000 ) ) ;
#5795 = CARTESIAN_POINT ( 'NONE',  ( 3.277762515837999935, -1.500000000000000000, 5.500000000000000000 ) ) ;
#5796 = LINE ( 'NONE', #4768, #4795 ) ;
#5797 = DIRECTION ( 'NONE',  ( 0.000000000000000000, 1.000000000000000000, 0.000000000000000000 ) ) ;
#5798 = ORIENTED_EDGE ( 'NONE', *, *, #5094, .F. ) ;
#5799 = EDGE_LOOP ( 'NONE', ( #733, #2112, #5665, #6063 ) ) ;
#5800 = EDGE_CURVE ( 'NONE', #2198, #2021, #6248, .T. ) ;
#5801 = PLANE ( 'NONE',  #4145 ) ;
#5802 = DIRECTION ( 'NONE',  ( 0.000000000000000000, 1.000000000000000000, 0.000000000000000000 ) ) ;
#5803 = CARTESIAN_POINT ( 'NONE',  ( -5.200000000000000178, 3.078237858560999740, 5.549999999999999822 ) ) ;
#5804 = DIRECTION ( 'NONE',  ( -1.000000000000000000, 0.000000000000000000, 0.000000000000000000 ) ) ;
#5805 = DIRECTION ( 'NONE',  ( -1.000000000000000000, 0.000000000000000000, 0.000000000000000000 ) ) ;
#5806 = EDGE_CURVE ( 'NONE', #5953, #2706, #5157, .T. ) ;
#5807 = CARTESIAN_POINT ( 'NONE',  ( 0.2000000000000000111, 0.5000000000000000000, 6.959999999999999964 ) ) ;
#5808 = ORIENTED_EDGE ( 'NONE', *, *, #1562, .F. ) ;
#5809 = CARTESIAN_POINT ( 'NONE',  ( -5.349999999999999645, -1.699999999999999956, 4.675000000000000711 ) ) ;
#5810 = DIRECTION ( 'NONE',  ( 0.000000000000000000, 0.000000000000000000, -1.000000000000000000 ) ) ;
#5811 = EDGE_CURVE ( 'NONE', #6018, #4570, #4626, .T. ) ;
#5812 = ORIENTED_EDGE ( 'NONE', *, *, #4280, .T. ) ;
#5813 = ORIENTED_EDGE ( 'NONE', *, *, #1124, .F. ) ;
#5814 = CIRCLE ( 'NONE', #2435, 2.399999999999999911 ) ;
#5815 = DIRECTION ( 'NONE',  ( -0.000000000000000000, 1.000000000000000000, 0.000000000000000000 ) ) ;
#5816 = DIRECTION ( 'NONE',  ( 0.000000000000000000, -1.000000000000000000, 0.000000000000000000 ) ) ;
#5817 = CARTESIAN_POINT ( 'NONE',  ( 4.500000000000000000, 3.100000000000000089, 5.549999999999999822 ) ) ;
#5818 = CARTESIAN_POINT ( 'NONE',  ( 4.500000000000000000, 3.077185478309000022, 4.700000000000000178 ) ) ;
#5819 = VECTOR ( 'NONE', #6424, 1000.000000000000000 ) ;
#5820 = EDGE_LOOP ( 'NONE', ( #1660, #3629, #3700, #3559 ) ) ;
#5821 = ORIENTED_EDGE ( 'NONE', *, *, #2326, .T. ) ;
#5822 = ORIENTED_EDGE ( 'NONE', *, *, #6490, .F. ) ;
#5823 = CARTESIAN_POINT ( 'NONE',  ( 4.825000000000000178, -1.800000000000000044, 2.399999999999999911 ) ) ;
#5824 = DIRECTION ( 'NONE',  ( 0.000000000000000000, 0.000000000000000000, -1.000000000000000000 ) ) ;
#5825 = CARTESIAN_POINT ( 'NONE',  ( -2.475000000000000089, -2.402000000000000135, -1.112930253426925864 ) ) ;
#5826 = LINE ( 'NONE', #6974, #2027 ) ;
#5827 = CIRCLE ( 'NONE', #1870, 0.5249999999999999112 ) ;
#5828 = ORIENTED_EDGE ( 'NONE', *, *, #5964, .F. ) ;
#5829 = ORIENTED_EDGE ( 'NONE', *, *, #6673, .F. ) ;
#5830 = CARTESIAN_POINT ( 'NONE',  ( 2.100000000000000089, -2.000000000000000000, 5.799999999999999822 ) ) ;
#5831 = DIRECTION ( 'NONE',  ( 1.000000000000000000, 0.000000000000000000, 0.000000000000000000 ) ) ;
#5832 = DIRECTION ( 'NONE',  ( 0.000000000000000000, -0.1583540631465048809, 0.9873823933436288725 ) ) ;
#5833 = CIRCLE ( 'NONE', #2680, 0.5999999999999998668 ) ;
#5834 = VECTOR ( 'NONE', #1485, 1000.000000000000000 ) ;
#5835 = CARTESIAN_POINT ( 'NONE',  ( -4.924999999999999822, -1.800000000000000044, -3.750000000000000000 ) ) ;
#5836 = EDGE_CURVE ( 'NONE', #6553, #6581, #6930, .T. ) ;
#5837 = AXIS2_PLACEMENT_3D ( 'NONE', #236, #4739, #1421 ) ;
#5838 = ORIENTED_EDGE ( 'NONE', *, *, #6644, .F. ) ;
#5839 = DIRECTION ( 'NONE',  ( 1.000000000000000000, 0.000000000000000000, 0.000000000000000000 ) ) ;
#5840 = DIRECTION ( 'NONE',  ( -0.000000000000000000, 0.7071067811865475727, 0.7071067811865475727 ) ) ;
#5841 = ADVANCED_FACE ( 'NONE', ( #5624 ), #5147, .F. ) ;
#5842 = ORIENTED_EDGE ( 'NONE', *, *, #3727, .T. ) ;
#5843 = ORIENTED_EDGE ( 'NONE', *, *, #6949, .T. ) ;
#5844 = EDGE_CURVE ( 'NONE', #1278, #4800, #6707, .T. ) ;
#5845 = LINE ( 'NONE', #1108, #2047 ) ;
#5846 = LINE ( 'NONE', #3598, #6623 ) ;
#5847 = LINE ( 'NONE', #5299, #169 ) ;
#5848 = VECTOR ( 'NONE', #5640, 1000.000000000000000 ) ;
#5849 = CARTESIAN_POINT ( 'NONE',  ( -4.299999999999999822, 3.077185478309000022, 5.549999999999999822 ) ) ;
#5850 = ORIENTED_EDGE ( 'NONE', *, *, #5781, .F. ) ;
#5851 = ORIENTED_EDGE ( 'NONE', *, *, #1168, .F. ) ;
#5852 = AXIS2_PLACEMENT_3D ( 'NONE', #1528, #345, #3715 ) ;
#5853 = ORIENTED_EDGE ( 'NONE', *, *, #6254, .F. ) ;
#5854 = LINE ( 'NONE', #877, #1748 ) ;
#5855 = DIRECTION ( 'NONE',  ( 1.000000000000000000, 0.000000000000000000, 0.000000000000000000 ) ) ;
#5856 = CARTESIAN_POINT ( 'NONE',  ( -2.125000000000000000, -1.899999999999999911, -1.550000000000000044 ) ) ;
#5857 = CARTESIAN_POINT ( 'NONE',  ( -3.075549786411999609, -1.329668090586000107, 5.500000000000000000 ) ) ;
#5858 = DIRECTION ( 'NONE',  ( 0.000000000000000000, 0.000000000000000000, 1.000000000000000000 ) ) ;
#5859 = DIRECTION ( 'NONE',  ( -1.000000000000000000, 0.000000000000000000, 4.077280664037000002E-14 ) ) ;
#5860 = ORIENTED_EDGE ( 'NONE', *, *, #6198, .T. ) ;
#5861 = ORIENTED_EDGE ( 'NONE', *, *, #3360, .F. ) ;
#5862 = DIRECTION ( 'NONE',  ( 0.000000000000000000, 1.000000000000000000, 0.000000000000000000 ) ) ;
#5863 = DIRECTION ( 'NONE',  ( 0.000000000000000000, -1.000000000000000000, 0.000000000000000000 ) ) ;
#5864 = DIRECTION ( 'NONE',  ( -1.000000000000000000, 0.000000000000000000, 0.000000000000000000 ) ) ;
#5865 = DIRECTION ( 'NONE',  ( 1.000000000000000000, 0.000000000000000000, 0.000000000000000000 ) ) ;
#5866 = CARTESIAN_POINT ( 'NONE',  ( -0.1700556982309684995, -2.200000000000000178, -4.532520887256310083 ) ) ;
#5867 = AXIS2_PLACEMENT_3D ( 'NONE', #914, #3128, #5244 ) ;
#5868 = EDGE_CURVE ( 'NONE', #3024, #3829, #3977, .T. ) ;
#5869 = ORIENTED_EDGE ( 'NONE', *, *, #2448, .F. ) ;
#5870 = ORIENTED_EDGE ( 'NONE', *, *, #5124, .F. ) ;
#5871 = FACE_OUTER_BOUND ( 'NONE', #1512, .T. ) ;
#5872 = DIRECTION ( 'NONE',  ( 0.000000000000000000, 1.000000000000000000, 0.000000000000000000 ) ) ;
#5873 = EDGE_CURVE ( 'NONE', #6825, #3932, #5061, .T. ) ;
#5874 = CARTESIAN_POINT ( 'NONE',  ( 0.2000000000000001221, 3.500000000000000000, -5.299999999999999822 ) ) ;
#5875 = CIRCLE ( 'NONE', #534, 0.6750000000000002665 ) ;
#5876 = EDGE_CURVE ( 'NONE', #2198, #3343, #2153, .T. ) ;
#5877 = CARTESIAN_POINT ( 'NONE',  ( 5.299999999999999822, 2.500000000000000000, -1.550000000000000044 ) ) ;
#5878 = FACE_OUTER_BOUND ( 'NONE', #5019, .T. ) ;
#5879 = VERTEX_POINT ( 'NONE', #6820 ) ;
#5880 = EDGE_LOOP ( 'NONE', ( #1306, #3773, #5086, #2884 ) ) ;
#5881 = CARTESIAN_POINT ( 'NONE',  ( -1.699999999999999956, -1.800000000000000044, 5.799999999999999822 ) ) ;
#5882 = EDGE_CURVE ( 'NONE', #6825, #3288, #4541, .T. ) ;
#5883 = CARTESIAN_POINT ( 'NONE',  ( -1.837499999999999911, -2.100000000000000089, 5.237499999999999822 ) ) ;
#5884 = DIRECTION ( 'NONE',  ( 0.000000000000000000, -1.000000000000000000, 0.000000000000000000 ) ) ;
#5885 = AXIS2_PLACEMENT_3D ( 'NONE', #6793, #3597, #1240 ) ;
#5886 = CARTESIAN_POINT ( 'NONE',  ( -4.299999999999999822, 2.649999999999999911, 5.549999999999999822 ) ) ;
#5887 = EDGE_LOOP ( 'NONE', ( #6561, #5685 ) ) ;
#5888 = ORIENTED_EDGE ( 'NONE', *, *, #6349, .F. ) ;
#5889 = ADVANCED_FACE ( 'NONE', ( #1834 ), #708, .T. ) ;
#5890 = VECTOR ( 'NONE', #2885, 1000.000000000000000 ) ;
#5891 = ORIENTED_EDGE ( 'NONE', *, *, #370, .T. ) ;
#5892 = ORIENTED_EDGE ( 'NONE', *, *, #3078, .T. ) ;
#5893 = LINE ( 'NONE', #440, #871 ) ;
#5894 = DIRECTION ( 'NONE',  ( 0.000000000000000000, 0.000000000000000000, 1.000000000000000000 ) ) ;
#5895 = CARTESIAN_POINT ( 'NONE',  ( 2.299999999999999822, -1.750000000000000000, 5.649999999999999467 ) ) ;
#5896 = VERTEX_POINT ( 'NONE', #2923 ) ;
#5897 = EDGE_LOOP ( 'NONE', ( #5501, #93 ) ) ;
#5898 = FACE_BOUND ( 'NONE', #5418, .T. ) ;
#5899 = VERTEX_POINT ( 'NONE', #4050 ) ;
#5900 = DIRECTION ( 'NONE',  ( 0.000000000000000000, 0.000000000000000000, -1.000000000000000000 ) ) ;
#5901 = DIRECTION ( 'NONE',  ( 0.000000000000000000, 0.000000000000000000, -1.000000000000000000 ) ) ;
#5902 = DIRECTION ( 'NONE',  ( 0.000000000000000000, -1.000000000000000000, 0.000000000000000000 ) ) ;
#5903 = CARTESIAN_POINT ( 'NONE',  ( -2.125000000000000000, -1.699999999999999956, -1.550000000000000044 ) ) ;
#5904 = EDGE_LOOP ( 'NONE', ( #2673, #1679, #6601, #314 ) ) ;
#5905 = DIRECTION ( 'NONE',  ( 0.000000000000000000, 0.000000000000000000, -1.000000000000000000 ) ) ;
#5906 = DIRECTION ( 'NONE',  ( 0.000000000000000000, 1.000000000000000000, 0.000000000000000000 ) ) ;
#5907 = DIRECTION ( 'NONE',  ( -1.000000000000000000, 0.000000000000000000, 0.000000000000000000 ) ) ;
#5908 = DIRECTION ( 'NONE',  ( 1.000000000000000000, 0.000000000000000000, -6.750155989721000233E-13 ) ) ;
#5909 = DIRECTION ( 'NONE',  ( 0.000000000000000000, 0.000000000000000000, -1.000000000000000000 ) ) ;
#5910 = CARTESIAN_POINT ( 'NONE',  ( 4.500000000000000000, 3.100000000000000089, 5.549999999999999822 ) ) ;
#5911 = ORIENTED_EDGE ( 'NONE', *, *, #2284, .T. ) ;
#5912 = CARTESIAN_POINT ( 'NONE',  ( 0.2000000000000000111, 0.5000000000000000000, 6.949999999999999289 ) ) ;
#5913 = CARTESIAN_POINT ( 'NONE',  ( -0.2313370455056000252, -2.299999999999999822, -4.717896939814000490 ) ) ;
#5914 = DIRECTION ( 'NONE',  ( 1.000000000000000000, 0.000000000000000000, 0.000000000000000000 ) ) ;
#5915 = DIRECTION ( 'NONE',  ( -0.7071067811865474617, 0.7071067811865474617, 0.000000000000000000 ) ) ;
#5916 = ORIENTED_EDGE ( 'NONE', *, *, #2044, .F. ) ;
#5917 = EDGE_CURVE ( 'NONE', #593, #6993, #6272, .T. ) ;
#5918 = EDGE_CURVE ( 'NONE', #4513, #3943, #3515, .T. ) ;
#5919 = CIRCLE ( 'NONE', #3044, 0.5999999999999998668 ) ;
#5920 = ORIENTED_EDGE ( 'NONE', *, *, #3129, .T. ) ;
#5921 = ORIENTED_EDGE ( 'NONE', *, *, #6992, .F. ) ;
#5922 = EDGE_LOOP ( 'NONE', ( #3996, #3546 ) ) ;
#5923 = CARTESIAN_POINT ( 'NONE',  ( 4.500000000000000000, 2.500000000000000000, 6.224999999999978328 ) ) ;
#5924 = DIRECTION ( 'NONE',  ( 0.000000000000000000, 1.000000000000000000, 0.000000000000000000 ) ) ;
#5925 = CARTESIAN_POINT ( 'NONE',  ( 0.2000000000000000111, 0.5000000000000000000, 10.55000000000000071 ) ) ;
#5926 = LINE ( 'NONE', #3200, #1696 ) ;
#5927 = VECTOR ( 'NONE', #7110, 1000.000000000000000 ) ;
#5928 = EDGE_CURVE ( 'NONE', #6753, #5605, #5740, .T. ) ;
#5929 = ADVANCED_FACE ( 'NONE', ( #3440 ), #1259, .T. ) ;
#5930 = ORIENTED_EDGE ( 'NONE', *, *, #5295, .T. ) ;
#5931 = AXIS2_PLACEMENT_3D ( 'NONE', #6657, #2906, #3927 ) ;
#5932 = VERTEX_POINT ( 'NONE', #6156 ) ;
#5933 = DIRECTION ( 'NONE',  ( 0.000000000000000000, -1.366428338000000062E-14, -1.000000000000000000 ) ) ;
#5934 = EDGE_CURVE ( 'NONE', #5750, #2040, #1868, .T. ) ;
#5935 = CARTESIAN_POINT ( 'NONE',  ( 4.134077908636161425, 2.256383478138438203, 4.675000000000001599 ) ) ;
#5936 = ADVANCED_FACE ( 'NONE', ( #2842 ), #5777, .T. ) ;
#5937 = VECTOR ( 'NONE', #2848, 1000.000000000000000 ) ;
#5938 = VERTEX_POINT ( 'NONE', #5102 ) ;
#5939 = VECTOR ( 'NONE', #4971, 1000.000000000000000 ) ;
#5940 = CARTESIAN_POINT ( 'NONE',  ( 0.000000000000000000, 2.575000000000000178, 6.949999999999999289 ) ) ;
#5941 = CARTESIAN_POINT ( 'NONE',  ( 3.625000000000000000, 0.1000000000000000056, 5.649999999999999467 ) ) ;
#5942 = DIRECTION ( 'NONE',  ( 1.000000000000000000, 0.000000000000000000, 0.000000000000000000 ) ) ;
#5943 = VECTOR ( 'NONE', #1016, 1000.000000000000000 ) ;
#5944 = LINE ( 'NONE', #277, #1161 ) ;
#5945 = ORIENTED_EDGE ( 'NONE', *, *, #1177, .T. ) ;
#5946 = ORIENTED_EDGE ( 'NONE', *, *, #2994, .F. ) ;
#5947 = LINE ( 'NONE', #3694, #3107 ) ;
#5948 = CARTESIAN_POINT ( 'NONE',  ( 0.8239999999999999547, -1.928740671584000088, 5.349999999999999645 ) ) ;
#5949 = CARTESIAN_POINT ( 'NONE',  ( -2.674999999999999822, -1.699999999999999956, -0.6499999999997999600 ) ) ;
#5950 = CARTESIAN_POINT ( 'NONE',  ( 0.8499999999999999778, -2.500000000000000000, 5.825000000000000178 ) ) ;
#5951 = CARTESIAN_POINT ( 'NONE',  ( -2.600000000000000089, -1.775000000000001021, -1.456350832690015418 ) ) ;
#5952 = ORIENTED_EDGE ( 'NONE', *, *, #3668, .F. ) ;
#5953 = VERTEX_POINT ( 'NONE', #1184 ) ;
#5954 = EDGE_CURVE ( 'NONE', #1483, #4570, #211, .T. ) ;
#5955 = ORIENTED_EDGE ( 'NONE', *, *, #5190, .F. ) ;
#5956 = ORIENTED_EDGE ( 'NONE', *, *, #4233, .T. ) ;
#5957 = LINE ( 'NONE', #4868, #5927 ) ;
#5958 =( NAMED_UNIT ( * ) SI_UNIT ( $, .STERADIAN. ) SOLID_ANGLE_UNIT ( ) );
#5959 = VECTOR ( 'NONE', #7044, 1000.000000000000000 ) ;
#5960 = LINE ( 'NONE', #1550, #5943 ) ;
#5961 = EDGE_CURVE ( 'NONE', #3239, #6149, #4092, .T. ) ;
#5962 = LINE ( 'NONE', #6474, #2724 ) ;
#5963 = DIRECTION ( 'NONE',  ( 1.000000000000000000, 0.000000000000000000, 0.000000000000000000 ) ) ;
#5964 = EDGE_CURVE ( 'NONE', #3025, #5792, #6743, .T. ) ;
#5965 = EDGE_CURVE ( 'NONE', #3257, #1987, #5652, .T. ) ;
#5966 = AXIS2_PLACEMENT_3D ( 'NONE', #4643, #6849, #819 ) ;
#5967 = EDGE_LOOP ( 'NONE', ( #6531, #2205, #3981, #6544, #5384, #1052, #641, #3057 ) ) ;
#5968 = PLANE ( 'NONE',  #6457 ) ;
#5969 = ORIENTED_EDGE ( 'NONE', *, *, #68, .F. ) ;
#5970 = CARTESIAN_POINT ( 'NONE',  ( 0.2000000000000000111, 0.5000000000000000000, 10.55000000000000071 ) ) ;
#5971 = DIRECTION ( 'NONE',  ( 1.000000000000000000, 0.000000000000000000, 0.000000000000000000 ) ) ;
#5972 = CARTESIAN_POINT ( 'NONE',  ( -0.01761839278056999761, -2.200000000000000178, -4.085167163611000518 ) ) ;
#5973 = EDGE_CURVE ( 'NONE', #1147, #1246, #1366, .T. ) ;
#5974 = AXIS2_PLACEMENT_3D ( 'NONE', #4642, #380, #3207 ) ;
#5975 = DIRECTION ( 'NONE',  ( 0.000000000000000000, 0.000000000000000000, 1.000000000000000000 ) ) ;
#5976 = CIRCLE ( 'NONE', #1346, 0.8999999999999998002 ) ;
#5977 = EDGE_LOOP ( 'NONE', ( #910, #779, #2134, #2822 ) ) ;
#5978 = PLANE ( 'NONE',  #87 ) ;
#5979 = CARTESIAN_POINT ( 'NONE',  ( 4.825000000000000178, -1.800000000000000044, 0.9000000000000000222 ) ) ;
#5980 = LINE ( 'NONE', #4237, #6517 ) ;
#5981 = AXIS2_PLACEMENT_3D ( 'NONE', #2558, #4797, #5754 ) ;
#5982 = EDGE_LOOP ( 'NONE', ( #4412, #6051, #7158, #2421 ) ) ;
#5983 = ORIENTED_EDGE ( 'NONE', *, *, #6936, .F. ) ;
#5984 = VECTOR ( 'NONE', #2380, 1000.000000000000000 ) ;
#5985 = PLANE ( 'NONE',  #1467 ) ;
#5986 = CARTESIAN_POINT ( 'NONE',  ( 3.600000000000000089, 3.100000000000000089, 5.549999999999999822 ) ) ;
#5987 = CARTESIAN_POINT ( 'NONE',  ( 0.8499999999999999778, -2.500000000000000000, 4.649999999999999467 ) ) ;
#5988 = AXIS2_PLACEMENT_3D ( 'NONE', #6716, #4333, #5597 ) ;
#5989 = ORIENTED_EDGE ( 'NONE', *, *, #5934, .T. ) ;
#5990 = ORIENTED_EDGE ( 'NONE', *, *, #2903, .T. ) ;
#5991 = ORIENTED_EDGE ( 'NONE', *, *, #646, .T. ) ;
#5992 = EDGE_LOOP ( 'NONE', ( #5479, #2618, #6384, #6069 ) ) ;
#5993 = FACE_OUTER_BOUND ( 'NONE', #5248, .T. ) ;
#5994 = LINE ( 'NONE', #6171, #4121 ) ;
#5995 = AXIS2_PLACEMENT_3D ( 'NONE', #6325, #6251, #3527 ) ;
#5996 = DIRECTION ( 'NONE',  ( 1.000000000000000000, 0.000000000000000000, 0.000000000000000000 ) ) ;
#5997 = DIRECTION ( 'NONE',  ( 0.000000000000000000, -1.000000000000000000, 0.000000000000000000 ) ) ;
#5998 = CARTESIAN_POINT ( 'NONE',  ( -4.924999999999999822, -4.850000000000000533, -2.850000000000000089 ) ) ;
#5999 = VECTOR ( 'NONE', #3415, 1000.000000000000000 ) ;
#6000 = EDGE_LOOP ( 'NONE', ( #832, #4319, #3509, #3008 ) ) ;
#6001 = ORIENTED_EDGE ( 'NONE', *, *, #2587, .F. ) ;
#6002 = DIRECTION ( 'NONE',  ( 0.000000000000000000, 0.000000000000000000, -1.000000000000000000 ) ) ;
#6003 = CARTESIAN_POINT ( 'NONE',  ( 0.2000000000000000111, 0.5000000000000000000, 6.959999999999999964 ) ) ;
#6004 = FACE_BOUND ( 'NONE', #4016, .T. ) ;
#6005 = CARTESIAN_POINT ( 'NONE',  ( 3.399999999999999911, 2.200000000000000178, 5.799999999999999822 ) ) ;
#6006 = DIRECTION ( 'NONE',  ( 1.000000000000000000, 0.000000000000000000, 0.000000000000000000 ) ) ;
#6007 = LINE ( 'NONE', #5456, #1815 ) ;
#6008 = ORIENTED_EDGE ( 'NONE', *, *, #4892, .F. ) ;
#6009 = CARTESIAN_POINT ( 'NONE',  ( -2.799999999999999822, 0.5000000000000003331, 6.959999999999999964 ) ) ;
#6010 = EDGE_CURVE ( 'NONE', #4822, #4046, #5926, .T. ) ;
#6011 = ORIENTED_EDGE ( 'NONE', *, *, #259, .T. ) ;
#6012 = DIRECTION ( 'NONE',  ( 1.000000000000000000, 0.000000000000000000, 0.000000000000000000 ) ) ;
#6013 = LINE ( 'NONE', #4850, #6213 ) ;
#6014 = DIRECTION ( 'NONE',  ( 1.000000000000000000, 0.000000000000000000, 0.000000000000000000 ) ) ;
#6015 = DIRECTION ( 'NONE',  ( -2.812564995716999917E-14, 1.000000000000000000, 0.000000000000000000 ) ) ;
#6016 = CARTESIAN_POINT ( 'NONE',  ( -1.050000000000000044, -2.000000000000000000, 5.649999999999999467 ) ) ;
#6017 = EDGE_LOOP ( 'NONE', ( #6937, #4076, #5442, #629 ) ) ;
#6018 = VERTEX_POINT ( 'NONE', #6943 ) ;
#6019 = LINE ( 'NONE', #5040, #7023 ) ;
#6020 = FACE_OUTER_BOUND ( 'NONE', #842, .T. ) ;
#6021 = CARTESIAN_POINT ( 'NONE',  ( 2.500000000000000000, -1.699999999999999956, 5.813145250178000545 ) ) ;
#6022 = DIRECTION ( 'NONE',  ( -1.000000000000000000, -1.725603786845999931E-13, 0.000000000000000000 ) ) ;
#6023 = ADVANCED_FACE ( 'NONE', ( #846 ), #3063, .F. ) ;
#6024 = ORIENTED_EDGE ( 'NONE', *, *, #337, .F. ) ;
#6025 = ORIENTED_EDGE ( 'NONE', *, *, #3251, .F. ) ;
#6026 = ORIENTED_EDGE ( 'NONE', *, *, #1519, .T. ) ;
#6027 = VERTEX_POINT ( 'NONE', #2529 ) ;
#6028 = CARTESIAN_POINT ( 'NONE',  ( 4.100000000000000533, -1.699999999999999956, -5.525000000000000355 ) ) ;
#6029 = CARTESIAN_POINT ( 'NONE',  ( -0.8499999999999999778, -2.500000000000000000, -5.250000000000000000 ) ) ;
#6030 = ORIENTED_EDGE ( 'NONE', *, *, #5296, .F. ) ;
#6031 = ORIENTED_EDGE ( 'NONE', *, *, #3383, .T. ) ;
#6032 = AXIS2_PLACEMENT_3D ( 'NONE', #5459, #4920, #7127 ) ;
#6033 = PLANE ( 'NONE',  #5128 ) ;
#6034 = LINE ( 'NONE', #3284, #6062 ) ;
#6035 = CARTESIAN_POINT ( 'NONE',  ( -0.8499999999999999778, -2.350000000000000089, -4.400000000000000355 ) ) ;
#6036 = DIRECTION ( 'NONE',  ( -1.000000000000000000, 0.000000000000000000, 0.000000000000000000 ) ) ;
#6037 = ORIENTED_EDGE ( 'NONE', *, *, #6768, .T. ) ;
#6038 = UNCERTAINTY_MEASURE_WITH_UNIT (LENGTH_MEASURE( 1.000000000000000082E-05 ), #3711, 'distance_accuracy_value', 'NONE');
#6039 = CARTESIAN_POINT ( 'NONE',  ( -3.075549786411999609, -1.329668090586000107, 5.799999999999999822 ) ) ;
#6040 = EDGE_LOOP ( 'NONE', ( #6733, #5956 ) ) ;
#6041 = EDGE_CURVE ( 'NONE', #1070, #4193, #891, .T. ) ;
#6042 = DIRECTION ( 'NONE',  ( 0.000000000000000000, 0.000000000000000000, -1.000000000000000000 ) ) ;
#6043 = AXIS2_PLACEMENT_3D ( 'NONE', #1632, #411, #6002 ) ;
#6044 = ADVANCED_FACE ( 'NONE', ( #3051 ), #1409, .F. ) ;
#6045 = CARTESIAN_POINT ( 'NONE',  ( -1.925000000000000044, -1.699999999999999956, -1.550000000000000044 ) ) ;
#6046 = EDGE_CURVE ( 'NONE', #43, #4550, #1506, .T. ) ;
#6047 = ADVANCED_FACE ( 'NONE', ( #4152 ), #1102, .T. ) ;
#6048 = LINE ( 'NONE', #1182, #5331 ) ;
#6049 = AXIS2_PLACEMENT_3D ( 'NONE', #4276, #7097, #4852 ) ;
#6050 = VECTOR ( 'NONE', #951, 1000.000000000000000 ) ;
#6051 = ORIENTED_EDGE ( 'NONE', *, *, #3092, .T. ) ;
#6052 = DIRECTION ( 'NONE',  ( 1.000000000000000000, 0.000000000000000000, 0.000000000000000000 ) ) ;
#6053 = DIRECTION ( 'NONE',  ( 1.000000000000000000, 0.000000000000000000, 0.000000000000000000 ) ) ;
#6054 = ADVANCED_FACE ( 'NONE', ( #4186 ), #3026, .F. ) ;
#6055 = CARTESIAN_POINT ( 'NONE',  ( 5.025000000000000355, 3.100000000000000089, 5.549999999999999822 ) ) ;
#6056 = CONICAL_SURFACE ( 'NONE', #6170, 0.5999999999489998848, 0.7853981633972990650 ) ;
#6057 = AXIS2_PLACEMENT_3D ( 'NONE', #3134, #6951, #5831 ) ;
#6058 = CARTESIAN_POINT ( 'NONE',  ( -3.425000000000000266, 2.500000000000000000, 6.025000000000000355 ) ) ;
#6059 = ORIENTED_EDGE ( 'NONE', *, *, #166, .T. ) ;
#6060 = ADVANCED_FACE ( 'NONE', ( #2637 ), #7003, .F. ) ;
#6061 = ORIENTED_EDGE ( 'NONE', *, *, #6953, .T. ) ;
#6062 = VECTOR ( 'NONE', #3539, 1000.000000000000000 ) ;
#6063 = ORIENTED_EDGE ( 'NONE', *, *, #1788, .T. ) ;
#6064 = DIRECTION ( 'NONE',  ( 0.000000000000000000, 0.000000000000000000, 1.000000000000000000 ) ) ;
#6065 = CARTESIAN_POINT ( 'NONE',  ( -4.299999999999999822, 3.078237858560999740, 5.549999999999999822 ) ) ;
#6066 = CARTESIAN_POINT ( 'NONE',  ( 0.1999999999999997058, 2.850000000000000089, 5.825000000000000178 ) ) ;
#6067 = CARTESIAN_POINT ( 'NONE',  ( -2.556458565330637533, -1.818541434669362467, -1.205295584578764290 ) ) ;
#6068 = EDGE_LOOP ( 'NONE', ( #4902, #7060, #5645, #6947, #765 ) ) ;
#6069 = ORIENTED_EDGE ( 'NONE', *, *, #1120, .T. ) ;
#6070 = ORIENTED_EDGE ( 'NONE', *, *, #5756, .T. ) ;
#6071 = CARTESIAN_POINT ( 'NONE',  ( 4.999999999999999112, 3.100000000000000089, 5.549999999999999822 ) ) ;
#6072 = LINE ( 'NONE', #2208, #5380 ) ;
#6073 = DIRECTION ( 'NONE',  ( 1.000000000000000000, 0.000000000000000000, 0.000000000000000000 ) ) ;
#6074 = DIRECTION ( 'NONE',  ( 0.000000000000000000, 0.000000000000000000, 1.000000000000000000 ) ) ;
#6075 = DIRECTION ( 'NONE',  ( 0.000000000000000000, -0.7071067811866530439, 0.7071067811864419905 ) ) ;
#6076 = CARTESIAN_POINT ( 'NONE',  ( -3.449999999999999734, 2.500000000000000000, 4.649999999999999467 ) ) ;
#6077 = CIRCLE ( 'NONE', #1537, 0.1499999999999999667 ) ;
#6078 = LINE ( 'NONE', #523, #7069 ) ;
#6079 = ORIENTED_EDGE ( 'NONE', *, *, #5124, .T. ) ;
#6080 = AXIS2_PLACEMENT_3D ( 'NONE', #2692, #2295, #2256 ) ;
#6081 = CARTESIAN_POINT ( 'NONE',  ( -3.075549786411999609, -1.329668090586000107, 5.799999999999999822 ) ) ;
#6082 = LINE ( 'NONE', #1642, #3081 ) ;
#6083 = PLANE ( 'NONE',  #6352 ) ;
#6084 = DIRECTION ( 'NONE',  ( 0.000000000000000000, 1.000000000000000000, 0.000000000000000000 ) ) ;
#6085 = AXIS2_PLACEMENT_3D ( 'NONE', #2397, #234, #2429 ) ;
#6086 = DIRECTION ( 'NONE',  ( -0.000000000000000000, 1.000000000000000000, 0.000000000000000000 ) ) ;
#6087 = ADVANCED_FACE ( 'NONE', ( #3586 ), #5415, .F. ) ;
#6088 = ORIENTED_EDGE ( 'NONE', *, *, #3551, .T. ) ;
#6089 = DIRECTION ( 'NONE',  ( 1.000000000000000000, 0.000000000000000000, 0.000000000000000000 ) ) ;
#6090 = DIRECTION ( 'NONE',  ( 1.000000000000000000, 0.000000000000000000, 0.000000000000000000 ) ) ;
#6091 = LINE ( 'NONE', #5592, #5939 ) ;
#6092 = AXIS2_PLACEMENT_3D ( 'NONE', #6732, #3505, #1824 ) ;
#6093 = LINE ( 'NONE', #140, #5269 ) ;
#6094 = FACE_OUTER_BOUND ( 'NONE', #2459, .T. ) ;
#6095 = AXIS2_PLACEMENT_3D ( 'NONE', #1628, #2679, #5491 ) ;
#6096 = ADVANCED_FACE ( 'NONE', ( #2995 ), #1997, .T. ) ;
#6097 = ORIENTED_EDGE ( 'NONE', *, *, #2663, .T. ) ;
#6098 = FACE_OUTER_BOUND ( 'NONE', #3467, .T. ) ;
#6099 = DIRECTION ( 'NONE',  ( 1.000000000000000000, 0.000000000000000000, 0.000000000000000000 ) ) ;
#6100 = DIRECTION ( 'NONE',  ( 0.000000000000000000, 1.000000000000000000, 0.000000000000000000 ) ) ;
#6101 = PLANE ( 'NONE',  #4613 ) ;
#6102 = AXIS2_PLACEMENT_3D ( 'NONE', #3338, #572, #2770 ) ;
#6103 = AXIS2_PLACEMENT_3D ( 'NONE', #2389, #3721, #1853 ) ;
#6104 = DIRECTION ( 'NONE',  ( 1.000000000000000000, 0.000000000000000000, 0.000000000000000000 ) ) ;
#6105 = ORIENTED_EDGE ( 'NONE', *, *, #259, .F. ) ;
#6106 = VECTOR ( 'NONE', #4505, 1000.000000000000000 ) ;
#6107 = ORIENTED_EDGE ( 'NONE', *, *, #2173, .F. ) ;
#6108 = ORIENTED_EDGE ( 'NONE', *, *, #976, .T. ) ;
#6109 = CARTESIAN_POINT ( 'NONE',  ( -2.461083660708000220, -1.699999999999999956, -0.8118033988749889795 ) ) ;
#6110 = DIRECTION ( 'NONE',  ( 1.000000000000000000, 0.000000000000000000, 0.000000000000000000 ) ) ;
#6111 = LINE ( 'NONE', #3355, #5469 ) ;
#6112 = DIRECTION ( 'NONE',  ( 0.000000000000000000, -1.000000000000000000, 0.000000000000000000 ) ) ;
#6113 = DIRECTION ( 'NONE',  ( 1.000000000000000000, 0.000000000000000000, 0.000000000000000000 ) ) ;
#6114 = EDGE_CURVE ( 'NONE', #2522, #2414, #3547, .T. ) ;
#6115 = CARTESIAN_POINT ( 'NONE',  ( 0.2000000000000000111, -4.850000000000000533, 4.986854749822000166 ) ) ;
#6116 = CIRCLE ( 'NONE', #6697, 2.399999999999999023 ) ;
#6117 = VERTEX_POINT ( 'NONE', #4187 ) ;
#6118 = CARTESIAN_POINT ( 'NONE',  ( 2.888881257919000412, -1.500000000000000000, 5.649999999999999467 ) ) ;
#6119 = EDGE_LOOP ( 'NONE', ( #6663, #658, #6671, #2786, #4599 ) ) ;
#6120 = AXIS2_PLACEMENT_3D ( 'NONE', #6521, #924, #280 ) ;
#6121 = DIRECTION ( 'NONE',  ( 0.000000000000000000, -1.000000000000000000, 0.000000000000000000 ) ) ;
#6122 = DIRECTION ( 'NONE',  ( 0.000000000000000000, 0.000000000000000000, -1.000000000000000000 ) ) ;
#6123 = DIRECTION ( 'NONE',  ( 0.000000000000000000, 0.000000000000000000, -1.000000000000000000 ) ) ;
#6124 = CARTESIAN_POINT ( 'NONE',  ( 4.850000000000000533, -2.200000000000000178, 1.649999999999999911 ) ) ;
#6125 = CARTESIAN_POINT ( 'NONE',  ( 0.2000000000000000111, 3.299999999999999822, -4.450000000000000178 ) ) ;
#6126 = FACE_OUTER_BOUND ( 'NONE', #3786, .T. ) ;
#6127 = EDGE_LOOP ( 'NONE', ( #2089, #5223, #5556, #2638, #1489 ) ) ;
#6128 = EDGE_LOOP ( 'NONE', ( #563, #6572, #992, #4467 ) ) ;
#6129 = LINE ( 'NONE', #4930, #6579 ) ;
#6130 = CARTESIAN_POINT ( 'NONE',  ( 0.2000000000000000111, 0.5000000000000000000, 5.500000000000000000 ) ) ;
#6131 = CARTESIAN_POINT ( 'NONE',  ( 5.150000000000000355, -1.699999999999999956, 2.500000000000000000 ) ) ;
#6132 = FACE_OUTER_BOUND ( 'NONE', #5211, .T. ) ;
#6133 = LINE ( 'NONE', #2231, #5057 ) ;
#6134 = ORIENTED_EDGE ( 'NONE', *, *, #2358, .T. ) ;
#6135 = ORIENTED_EDGE ( 'NONE', *, *, #5344, .F. ) ;
#6136 = DIRECTION ( 'NONE',  ( 0.000000000000000000, 0.000000000000000000, 1.000000000000000000 ) ) ;
#6137 = LINE ( 'NONE', #6028, #3762 ) ;
#6138 = CARTESIAN_POINT ( 'NONE',  ( 2.225000000000000089, 0.5000000000000000000, 4.924999999999999822 ) ) ;
#6139 = PLANE ( 'NONE',  #5178 ) ;
#6140 = EDGE_CURVE ( 'NONE', #2395, #4345, #4264, .T. ) ;
#6141 = VERTEX_POINT ( 'NONE', #3106 ) ;
#6142 = ORIENTED_EDGE ( 'NONE', *, *, #4373, .F. ) ;
#6143 = ORIENTED_EDGE ( 'NONE', *, *, #4582, .T. ) ;
#6144 = DIRECTION ( 'NONE',  ( 1.000000000000000000, 0.000000000000000000, 0.000000000000000000 ) ) ;
#6145 = CARTESIAN_POINT ( 'NONE',  ( 4.289346255670589692, 3.299999999999999822, 4.675000000000000711 ) ) ;
#6146 = LINE ( 'NONE', #1822, #2451 ) ;
#6147 = CARTESIAN_POINT ( 'NONE',  ( -4.649999999999999467, -2.500000000000000000, -2.500000000000000000 ) ) ;
#6148 = EDGE_CURVE ( 'NONE', #1078, #4974, #3027, .T. ) ;
#6149 = VERTEX_POINT ( 'NONE', #5830 ) ;
#6150 = ORIENTED_EDGE ( 'NONE', *, *, #5439, .T. ) ;
#6151 = ADVANCED_FACE ( 'NONE', ( #1460 ), #1961, .F. ) ;
#6152 = EDGE_CURVE ( 'NONE', #5150, #689, #2437, .T. ) ;
#6153 = PLANE ( 'NONE',  #293 ) ;
#6154 = FACE_OUTER_BOUND ( 'NONE', #2287, .T. ) ;
#6155 = DIRECTION ( 'NONE',  ( 0.000000000000000000, 0.000000000000000000, -1.000000000000000000 ) ) ;
#6156 = CARTESIAN_POINT ( 'NONE',  ( 4.710653744329410308, 3.299999999999999822, 4.675000000000000711 ) ) ;
#6157 = VERTEX_POINT ( 'NONE', #273 ) ;
#6158 = CIRCLE ( 'NONE', #3032, 0.2000000000000000944 ) ;
#6159 = ORIENTED_EDGE ( 'NONE', *, *, #3750, .F. ) ;
#6160 = DIRECTION ( 'NONE',  ( 1.000000000000000000, 0.000000000000000000, 0.000000000000000000 ) ) ;
#6161 = EDGE_CURVE ( 'NONE', #1246, #7147, #6440, .T. ) ;
#6162 = DIRECTION ( 'NONE',  ( 0.3672549690623789220, 0.000000000000000000, -0.9301203081854469978 ) ) ;
#6163 = PLANE ( 'NONE',  #6409 ) ;
#6164 = CARTESIAN_POINT ( 'NONE',  ( 0.005362112447554000412, -2.200000000000000178, -4.003969365357999521 ) ) ;
#6165 = CIRCLE ( 'NONE', #141, 2.399999999999999911 ) ;
#6166 = VECTOR ( 'NONE', #484, 1000.000000000000000 ) ;
#6167 = ORIENTED_EDGE ( 'NONE', *, *, #4389, .F. ) ;
#6168 = ORIENTED_EDGE ( 'NONE', *, *, #3261, .F. ) ;
#6169 = DIRECTION ( 'NONE',  ( 0.000000000000000000, 0.000000000000000000, -1.000000000000000000 ) ) ;
#6170 = AXIS2_PLACEMENT_3D ( 'NONE', #4677, #1866, #3512 ) ;
#6171 = CARTESIAN_POINT ( 'NONE',  ( 5.200000000000000178, 0.4000000000000000222, -4.975000000000000533 ) ) ;
#6172 = VECTOR ( 'NONE', #1998, 1000.000000000000000 ) ;
#6173 = CARTESIAN_POINT ( 'NONE',  ( 0.2000000000000000111, -2.100000000000000089, 4.649999999999999467 ) ) ;
#6174 = CARTESIAN_POINT ( 'NONE',  ( -4.924999999999999822, -1.699999999999999956, -3.850000000000000089 ) ) ;
#6175 = ADVANCED_FACE ( 'NONE', ( #2033 ), #3679, .T. ) ;
#6176 = VECTOR ( 'NONE', #1378, 1000.000000000000000 ) ;
#6177 = AXIS2_PLACEMENT_3D ( 'NONE', #7006, #511, #4942 ) ;
#6178 = ORIENTED_EDGE ( 'NONE', *, *, #5424, .F. ) ;
#6179 = ORIENTED_EDGE ( 'NONE', *, *, #2951, .F. ) ;
#6180 = ADVANCED_FACE ( 'NONE', ( #5898, #4811 ), #2470, .F. ) ;
#6181 = VERTEX_POINT ( 'NONE', #6405 ) ;
#6182 = LINE ( 'NONE', #6800, #5588 ) ;
#6183 = PLANE ( 'NONE',  #6085 ) ;
#6184 = ADVANCED_FACE ( 'NONE', ( #6479 ), #4709, .F. ) ;
#6185 = CARTESIAN_POINT ( 'NONE',  ( 4.500000000000000000, 2.575000000050999827, 6.149999999949000262 ) ) ;
#6186 = DIRECTION ( 'NONE',  ( 0.000000000000000000, 0.000000000000000000, -1.000000000000000000 ) ) ;
#6187 = FACE_OUTER_BOUND ( 'NONE', #2225, .T. ) ;
#6188 = VERTEX_POINT ( 'NONE', #6887 ) ;
#6189 = EDGE_LOOP ( 'NONE', ( #5206, #4742 ) ) ;
#6190 = VERTEX_POINT ( 'NONE', #3132 ) ;
#6191 = EDGE_CURVE ( 'NONE', #3496, #6592, #3582, .T. ) ;
#6192 = LINE ( 'NONE', #6348, #5164 ) ;
#6193 = ADVANCED_FACE ( 'NONE', ( #781 ), #5801, .T. ) ;
#6194 = DIRECTION ( 'NONE',  ( 1.000000000000000000, 0.000000000000000000, 0.000000000000000000 ) ) ;
#6195 = AXIS2_PLACEMENT_3D ( 'NONE', #1234, #611, #3341 ) ;
#6196 = DIRECTION ( 'NONE',  ( 1.000000000000000000, 0.000000000000000000, 0.000000000000000000 ) ) ;
#6197 = EDGE_CURVE ( 'NONE', #4968, #1126, #4774, .T. ) ;
#6198 = EDGE_CURVE ( 'NONE', #6744, #5938, #2280, .T. ) ;
#6199 = CARTESIAN_POINT ( 'NONE',  ( -3.350000000000695088, -1.699999999999999956, 4.674999999999940314 ) ) ;
#6200 = DIRECTION ( 'NONE',  ( 0.000000000000000000, 0.000000000000000000, 1.000000000000000000 ) ) ;
#6201 = VECTOR ( 'NONE', #2440, 1000.000000000000000 ) ;
#6202 = VERTEX_POINT ( 'NONE', #306 ) ;
#6203 = VERTEX_POINT ( 'NONE', #1156 ) ;
#6204 = ORIENTED_EDGE ( 'NONE', *, *, #595, .T. ) ;
#6205 = PLANE ( 'NONE',  #4390 ) ;
#6206 = CARTESIAN_POINT ( 'NONE',  ( 0.5875347804278000519, -2.299999999999999822, -4.950000000000000178 ) ) ;
#6207 = CARTESIAN_POINT ( 'NONE',  ( 2.100000000000000089, 2.399999999999999911, 5.799999999999999822 ) ) ;
#6208 = CIRCLE ( 'NONE', #4478, 0.1499999999999999667 ) ;
#6209 = EDGE_CURVE ( 'NONE', #2742, #3486, #578, .T. ) ;
#6210 = ORIENTED_EDGE ( 'NONE', *, *, #370, .F. ) ;
#6211 = CARTESIAN_POINT ( 'NONE',  ( 0.2000000000000000111, -4.899999999999999467, 5.000000000000000000 ) ) ;
#6212 = EDGE_LOOP ( 'NONE', ( #6790, #1855, #1188, #1827 ) ) ;
#6213 = VECTOR ( 'NONE', #5907, 1000.000000000000000 ) ;
#6214 = CYLINDRICAL_SURFACE ( 'NONE', #5885, 0.5249999999999999112 ) ;
#6215 = CARTESIAN_POINT ( 'NONE',  ( 3.600000000000000089, -0.5000000000000000000, 5.500000000000000000 ) ) ;
#6216 = LINE ( 'NONE', #5270, #3558 ) ;
#6217 = CIRCLE ( 'NONE', #4936, 3.101923076922998845 ) ;
#6218 = EDGE_LOOP ( 'NONE', ( #5829, #3784, #5290, #849 ) ) ;
#6219 = VERTEX_POINT ( 'NONE', #3268 ) ;
#6220 = VERTEX_POINT ( 'NONE', #2277 ) ;
#6221 = CARTESIAN_POINT ( 'NONE',  ( 4.649609279585962263, 2.500000000000015099, 4.675000000000000711 ) ) ;
#6222 = DIRECTION ( 'NONE',  ( -1.000000000000000000, -3.469446951953615175E-16, 0.000000000000000000 ) ) ;
#6223 = CIRCLE ( 'NONE', #3896, 2.200000000005000178 ) ;
#6224 = FACE_BOUND ( 'NONE', #5450, .T. ) ;
#6225 = DIRECTION ( 'NONE',  ( 0.000000000000000000, 0.000000000000000000, 1.000000000000000000 ) ) ;
#6226 = DIRECTION ( 'NONE',  ( -0.000000000000000000, 1.000000000000000000, 0.000000000000000000 ) ) ;
#6227 = VERTEX_POINT ( 'NONE', #1117 ) ;
#6228 = VECTOR ( 'NONE', #7095, 1000.000000000000000 ) ;
#6229 = VERTEX_POINT ( 'NONE', #544 ) ;
#6230 = ORIENTED_EDGE ( 'NONE', *, *, #6492, .F. ) ;
#6231 = DIRECTION ( 'NONE',  ( 1.000000000000000000, 0.000000000000000000, 0.000000000000000000 ) ) ;
#6232 = DIRECTION ( 'NONE',  ( 0.000000000000000000, 4.357625371652999785E-14, -1.000000000000000000 ) ) ;
#6233 = AXIS2_PLACEMENT_3D ( 'NONE', #1392, #3615, #851 ) ;
#6234 = LINE ( 'NONE', #6629, #486 ) ;
#6235 = EDGE_CURVE ( 'NONE', #3304, #2374, #1197, .T. ) ;
#6236 = DIRECTION ( 'NONE',  ( 0.000000000000000000, 0.000000000000000000, -1.000000000000000000 ) ) ;
#6237 = CIRCLE ( 'NONE', #791, 0.2000000000000000944 ) ;
#6238 = EDGE_LOOP ( 'NONE', ( #2751, #399, #3270, #4093 ) ) ;
#6239 = VERTEX_POINT ( 'NONE', #1490 ) ;
#6240 = EDGE_CURVE ( 'NONE', #3968, #631, #5637, .T. ) ;
#6241 = DIRECTION ( 'NONE',  ( -1.000000000000000000, 0.000000000000000000, 0.000000000000000000 ) ) ;
#6242 = LINE ( 'NONE', #3520, #6633 ) ;
#6243 = DIRECTION ( 'NONE',  ( 0.000000000000000000, 0.000000000000000000, -1.000000000000000000 ) ) ;
#6244 = DIRECTION ( 'NONE',  ( 1.000000000000000000, 0.000000000000000000, 0.000000000000000000 ) ) ;
#6245 = CARTESIAN_POINT ( 'NONE',  ( 3.625000000000000000, 2.299999999999999822, 5.825000000000000178 ) ) ;
#6246 = EDGE_CURVE ( 'NONE', #3316, #5230, #5080, .T. ) ;
#6247 = VERTEX_POINT ( 'NONE', #6718 ) ;
#6248 = LINE ( 'NONE', #1271, #4836 ) ;
#6249 = VERTEX_POINT ( 'NONE', #1080 ) ;
#6250 = EDGE_CURVE ( 'NONE', #3970, #3408, #4939, .T. ) ;
#6251 = DIRECTION ( 'NONE',  ( 0.000000000000000000, 0.7071067811865475727, -0.7071067811865475727 ) ) ;
#6252 = CARTESIAN_POINT ( 'NONE',  ( -0.4095243470554000287, 1.062440450426999972, 5.974000000000000199 ) ) ;
#6253 = DIRECTION ( 'NONE',  ( 3.469446951953615175E-16, -1.000000000000000000, 0.000000000000000000 ) ) ;
#6254 = EDGE_CURVE ( 'NONE', #1930, #6117, #5010, .T. ) ;
#6255 = DIRECTION ( 'NONE',  ( 1.000000000000000000, 0.000000000000000000, 0.000000000000000000 ) ) ;
#6256 = CARTESIAN_POINT ( 'NONE',  ( 0.2000000000000000111, 0.5000000000000000000, 4.743999999999999773 ) ) ;
#6257 = ORIENTED_EDGE ( 'NONE', *, *, #4463, .F. ) ;
#6258 = ORIENTED_EDGE ( 'NONE', *, *, #2364, .T. ) ;
#6259 = VERTEX_POINT ( 'NONE', #1661 ) ;
#6260 = DIRECTION ( 'NONE',  ( 1.000000000000000000, 0.000000000000000000, 0.000000000000000000 ) ) ;
#6261 = CARTESIAN_POINT ( 'NONE',  ( -0.3133008409292000196, -2.200000000000000178, -4.950000000000000178 ) ) ;
#6262 = DIRECTION ( 'NONE',  ( 1.000000000000000000, 0.000000000000000000, 0.000000000000000000 ) ) ;
#6263 = DIRECTION ( 'NONE',  ( 0.000000000000000000, 0.000000000000000000, 1.000000000000000000 ) ) ;
#6264 = DIRECTION ( 'NONE',  ( 0.000000000000000000, 0.7071067811865475727, -0.7071067811865475727 ) ) ;
#6265 = VERTEX_POINT ( 'NONE', #1700 ) ;
#6266 = ORIENTED_EDGE ( 'NONE', *, *, #1889, .T. ) ;
#6267 = VERTEX_POINT ( 'NONE', #5484 ) ;
#6268 = FACE_OUTER_BOUND ( 'NONE', #4663, .T. ) ;
#6269 = DIRECTION ( 'NONE',  ( 0.000000000000000000, 1.000000000000000000, 6.052771452770999512E-14 ) ) ;
#6270 = DIRECTION ( 'NONE',  ( 1.000000000000000000, 0.000000000000000000, 0.000000000000000000 ) ) ;
#6271 = EDGE_CURVE ( 'NONE', #1457, #3894, #3878, .T. ) ;
#6272 = LINE ( 'NONE', #3941, #1926 ) ;
#6273 = ORIENTED_EDGE ( 'NONE', *, *, #5586, .F. ) ;
#6274 = ORIENTED_EDGE ( 'NONE', *, *, #4859, .T. ) ;
#6275 = DIRECTION ( 'NONE',  ( 0.000000000000000000, 1.000000000000000000, 0.000000000000000000 ) ) ;
#6276 = EDGE_CURVE ( 'NONE', #5026, #1433, #6116, .T. ) ;
#6277 = LINE ( 'NONE', #5152, #2214 ) ;
#6278 = CYLINDRICAL_SURFACE ( 'NONE', #3971, 0.2999999999999999334 ) ;
#6279 = EDGE_CURVE ( 'NONE', #5150, #202, #2199, .T. ) ;
#6280 = CIRCLE ( 'NONE', #6385, 0.5000000000000000000 ) ;
#6281 = CARTESIAN_POINT ( 'NONE',  ( -5.750000000000000000, 3.500000000000000000, -6.949999999999999289 ) ) ;
#6282 = CARTESIAN_POINT ( 'NONE',  ( 0.000000000000000000, 2.500000000000000000, 0.000000000000000000 ) ) ;
#6283 = ADVANCED_FACE ( 'NONE', ( #3709, #6098 ), #2236, .F. ) ;
#6284 = ORIENTED_EDGE ( 'NONE', *, *, #3229, .T. ) ;
#6285 = CARTESIAN_POINT ( 'NONE',  ( -4.089346255670589514, 3.299999999999999822, 4.675000000000000711 ) ) ;
#6286 = ORIENTED_EDGE ( 'NONE', *, *, #3830, .F. ) ;
#6287 = LINE ( 'NONE', #6361, #2156 ) ;
#6288 = ADVANCED_FACE ( 'NONE', ( #5522 ), #4839, .F. ) ;
#6289 = CARTESIAN_POINT ( 'NONE',  ( -2.812500000000000000, 2.399999999999999911, 5.924999999999999822 ) ) ;
#6290 = CARTESIAN_POINT ( 'NONE',  ( -0.1325208861381000081, -2.299999999999999822, -3.850000000000000089 ) ) ;
#6291 = DIRECTION ( 'NONE',  ( 0.000000000000000000, 1.000000000000000000, 0.000000000000000000 ) ) ;
#6292 = AXIS2_PLACEMENT_3D ( 'NONE', #5687, #624, #1739 ) ;
#6293 = EDGE_LOOP ( 'NONE', ( #6334, #4053, #6745, #970 ) ) ;
#6294 = CIRCLE ( 'NONE', #6632, 1.299999999999999822 ) ;
#6295 = VERTEX_POINT ( 'NONE', #1044 ) ;
#6296 = VECTOR ( 'NONE', #6482, 1000.000000000000000 ) ;
#6297 = EDGE_LOOP ( 'NONE', ( #2477, #6897, #5589, #3942, #394 ) ) ;
#6298 = CARTESIAN_POINT ( 'NONE',  ( 3.212499999999999911, 2.399999999999999911, 5.924999999999999822 ) ) ;
#6299 = CARTESIAN_POINT ( 'NONE',  ( -2.125000000000000000, -2.500000000000000000, -0.8499999999999999778 ) ) ;
#6300 = PLANE ( 'NONE',  #1455 ) ;
#6301 = AXIS2_PLACEMENT_3D ( 'NONE', #4056, #5706, #1302 ) ;
#6302 = AXIS2_PLACEMENT_3D ( 'NONE', #2200, #3347, #5562 ) ;
#6303 = ORIENTED_EDGE ( 'NONE', *, *, #2616, .F. ) ;
#6304 = EDGE_LOOP ( 'NONE', ( #2352, #6210 ) ) ;
#6305 = ADVANCED_FACE ( 'NONE', ( #2743 ), #507, .F. ) ;
#6306 = VERTEX_POINT ( 'NONE', #3952 ) ;
#6307 = LINE ( 'NONE', #782, #6172 ) ;
#6308 = CARTESIAN_POINT ( 'NONE',  ( 0.1999999999999997058, 2.850000000000000089, 7.023500000000000298 ) ) ;
#6309 = DIRECTION ( 'NONE',  ( 1.000000000000000000, 0.000000000000000000, 0.000000000000000000 ) ) ;
#6310 = LINE ( 'NONE', #1221, #1567 ) ;
#6311 = CARTESIAN_POINT ( 'NONE',  ( -4.299999999999999822, 2.477185478309000377, 5.549999999999999822 ) ) ;
#6312 = CARTESIAN_POINT ( 'NONE',  ( 0.1999999999999997891, -1.300000000000000044, 4.743999999999999773 ) ) ;
#6313 = ORIENTED_EDGE ( 'NONE', *, *, #5426, .F. ) ;
#6314 = VECTOR ( 'NONE', #1123, 1000.000000000000000 ) ;
#6315 = LINE ( 'NONE', #794, #3579 ) ;
#6316 = DIRECTION ( 'NONE',  ( -1.000000000000000000, 0.000000000000000000, 0.000000000000000000 ) ) ;
#6317 = CARTESIAN_POINT ( 'NONE',  ( -0.8499999999999999778, -2.500000000000000000, -3.550000000000000266 ) ) ;
#6318 = EDGE_CURVE ( 'NONE', #1835, #362, #3345, .T. ) ;
#6319 = DIRECTION ( 'NONE',  ( 1.000000000000000000, 0.000000000000000000, 0.000000000000000000 ) ) ;
#6320 = AXIS2_PLACEMENT_3D ( 'NONE', #2149, #5503, #6121 ) ;
#6321 = ORIENTED_EDGE ( 'NONE', *, *, #3438, .F. ) ;
#6322 = EDGE_CURVE ( 'NONE', #4929, #4830, #117, .T. ) ;
#6323 = LINE ( 'NONE', #3562, #4140 ) ;
#6324 = ORIENTED_EDGE ( 'NONE', *, *, #7065, .F. ) ;
#6325 = CARTESIAN_POINT ( 'NONE',  ( 3.824999999999999734, -1.800000000000000044, -5.675000000000000711 ) ) ;
#6326 = DIRECTION ( 'NONE',  ( 0.7276068751091748776, -0.4850712500723838860, 0.4850712500726839238 ) ) ;
#6327 = LINE ( 'NONE', #960, #524 ) ;
#6328 = AXIS2_PLACEMENT_3D ( 'NONE', #5209, #2356, #6841 ) ;
#6329 = LINE ( 'NONE', #6425, #3641 ) ;
#6330 = DIRECTION ( 'NONE',  ( 0.000000000000000000, 1.000000000000000000, 0.000000000000000000 ) ) ;
#6331 = ADVANCED_FACE ( 'NONE', ( #4405 ), #2, .F. ) ;
#6332 = ADVANCED_FACE ( 'NONE', ( #257 ), #1310, .F. ) ;
#6333 = ORIENTED_EDGE ( 'NONE', *, *, #4740, .F. ) ;
#6334 = ORIENTED_EDGE ( 'NONE', *, *, #4057, .F. ) ;
#6335 = ORIENTED_EDGE ( 'NONE', *, *, #346, .T. ) ;
#6336 = CARTESIAN_POINT ( 'NONE',  ( -4.924999999999999822, -4.899999999999999467, -2.550000000000000266 ) ) ;
#6337 = LINE ( 'NONE', #3573, #3548 ) ;
#6338 = CARTESIAN_POINT ( 'NONE',  ( 0.1999999999999997613, 2.600000000000000089, 5.000000000000000000 ) ) ;
#6339 = DIRECTION ( 'NONE',  ( 0.000000000000000000, 1.000000000000000000, 0.000000000000000000 ) ) ;
#6340 = AXIS2_PLACEMENT_3D ( 'NONE', #6595, #3435, #1606 ) ;
#6341 = ADVANCED_FACE ( 'NONE', ( #5200 ), #1848, .T. ) ;
#6342 = B_SPLINE_SURFACE_WITH_KNOTS ( 'NONE', 3, 1, ( 
 ( #5866, #4779 ),
 ( #2002, #4227 ),
 ( #6984, #1430 ),
 ( #889, #3108 ) ),
 .UNSPECIFIED., .F., .F., .F.,
 ( 4, 4 ),
 ( 2, 2 ),
 ( 0.03030066908776180012, 0.9074653433583920181 ),
 ( 0.000000000000000000, 1.000000000000000000 ),
 .UNSPECIFIED. ) ;
#6343 = VERTEX_POINT ( 'NONE', #3488 ) ;
#6344 = VECTOR ( 'NONE', #2123, 1000.000000000000000 ) ;
#6345 = ORIENTED_EDGE ( 'NONE', *, *, #2617, .T. ) ;
#6346 = DIRECTION ( 'NONE',  ( 3.469446951953615175E-16, -1.000000000000000000, 0.000000000000000000 ) ) ;
#6347 = DIRECTION ( 'NONE',  ( 0.000000000000000000, -1.000000000000000000, 0.000000000000000000 ) ) ;
#6348 = CARTESIAN_POINT ( 'NONE',  ( -0.6999999999999999556, 3.078237858560999740, -4.450000000000000178 ) ) ;
#6349 = EDGE_CURVE ( 'NONE', #6229, #2049, #833, .T. ) ;
#6350 = DIRECTION ( 'NONE',  ( -1.000000000000000000, 0.000000000000000000, 5.238088402179756116E-10 ) ) ;
#6351 = CIRCLE ( 'NONE', #2494, 0.8500000000000000888 ) ;
#6352 = AXIS2_PLACEMENT_3D ( 'NONE', #6124, #3291, #2728 ) ;
#6353 = ORIENTED_EDGE ( 'NONE', *, *, #372, .F. ) ;
#6354 = CIRCLE ( 'NONE', #1003, 0.5999999999999999778 ) ;
#6355 = DIRECTION ( 'NONE',  ( 1.000000000000000000, 1.274194425185000101E-13, 0.000000000000000000 ) ) ;
#6356 = CARTESIAN_POINT ( 'NONE',  ( 5.200000000000000178, -1.699999999999999956, -6.125000000000000000 ) ) ;
#6357 = CARTESIAN_POINT ( 'NONE',  ( -4.800000000000000711, 2.477185478309000377, 5.549999999999999822 ) ) ;
#6358 = VECTOR ( 'NONE', #4158, 1000.000000000000000 ) ;
#6359 = VERTEX_POINT ( 'NONE', #1916 ) ;
#6360 = ORIENTED_EDGE ( 'NONE', *, *, #116, .F. ) ;
#6361 = CARTESIAN_POINT ( 'NONE',  ( 5.750000000000000000, 3.500000000000000000, 6.949999999999999289 ) ) ;
#6362 = CARTESIAN_POINT ( 'NONE',  ( 5.200000000000000178, 2.500000000000000000, -5.474999999999999645 ) ) ;
#6363 = CARTESIAN_POINT ( 'NONE',  ( 0.4500000000000999867, 2.200000000000000178, -6.125000000000000000 ) ) ;
#6364 = CARTESIAN_POINT ( 'NONE',  ( 4.600000000000999734, 2.500000000000000000, -4.975000000000000533 ) ) ;
#6365 = ORIENTED_EDGE ( 'NONE', *, *, #2097, .T. ) ;
#6366 = ORIENTED_EDGE ( 'NONE', *, *, #1348, .F. ) ;
#6367 = ORIENTED_EDGE ( 'NONE', *, *, #728, .T. ) ;
#6368 = FACE_OUTER_BOUND ( 'NONE', #471, .T. ) ;
#6369 = ADVANCED_FACE ( 'NONE', ( #224 ), #6214, .F. ) ;
#6370 = VERTEX_POINT ( 'NONE', #4103 ) ;
#6371 = ORIENTED_EDGE ( 'NONE', *, *, #4954, .F. ) ;
#6372 = CARTESIAN_POINT ( 'NONE',  ( 0.000000000000000000, 0.000000000000000000, -6.125000000000000000 ) ) ;
#6373 = CARTESIAN_POINT ( 'NONE',  ( 4.825000000000000178, -1.699999999999999956, 1.500000000000000000 ) ) ;
#6374 = ADVANCED_FACE ( 'NONE', ( #6865 ), #5713, .T. ) ;
#6375 = DIRECTION ( 'NONE',  ( 0.000000000000000000, 1.000000000000000000, 0.000000000000000000 ) ) ;
#6376 = FACE_OUTER_BOUND ( 'NONE', #838, .T. ) ;
#6377 = EDGE_CURVE ( 'NONE', #5654, #3366, #7150, .T. ) ;
#6378 = VERTEX_POINT ( 'NONE', #4689 ) ;
#6379 = EDGE_CURVE ( 'NONE', #3123, #3185, #432, .T. ) ;
#6380 = CARTESIAN_POINT ( 'NONE',  ( -3.000000000000000000, 2.200000000000000178, 5.813145250178000545 ) ) ;
#6381 = PLANE ( 'NONE',  #1885 ) ;
#6382 = CARTESIAN_POINT ( 'NONE',  ( -3.200000000000000178, -0.5000000000000000000, 5.500000000000000000 ) ) ;
#6383 = ORIENTED_EDGE ( 'NONE', *, *, #5473, .F. ) ;
#6384 = ORIENTED_EDGE ( 'NONE', *, *, #5074, .F. ) ;
#6385 = AXIS2_PLACEMENT_3D ( 'NONE', #5540, #1058, #3287 ) ;
#6386 = DIRECTION ( 'NONE',  ( -1.000000000000000000, 1.754152378908000012E-11, 5.115907697473000027E-12 ) ) ;
#6387 = CARTESIAN_POINT ( 'NONE',  ( 0.1999999999999997058, 2.850000000000000089, 6.959999999999999964 ) ) ;
#6388 = CARTESIAN_POINT ( 'NONE',  ( 0.1999999999999997891, -1.300000000000000044, 10.14999999999999858 ) ) ;
#6389 = CARTESIAN_POINT ( 'NONE',  ( 5.349999999999999645, 2.500000000000000000, -6.424999999999999822 ) ) ;
#6390 = ORIENTED_EDGE ( 'NONE', *, *, #2994, .T. ) ;
#6391 = ORIENTED_EDGE ( 'NONE', *, *, #77, .F. ) ;
#6392 = VERTEX_POINT ( 'NONE', #2895 ) ;
#6393 = DIRECTION ( 'NONE',  ( 0.000000000000000000, -1.000000000000000000, 0.000000000000000000 ) ) ;
#6394 = AXIS2_PLACEMENT_3D ( 'NONE', #2986, #6877, #769 ) ;
#6395 = AXIS2_PLACEMENT_3D ( 'NONE', #643, #6053, #4431 ) ;
#6396 = FACE_OUTER_BOUND ( 'NONE', #6238, .T. ) ;
#6397 = CARTESIAN_POINT ( 'NONE',  ( 4.250000000000000000, -1.699999999999999956, 0.7999999999999001243 ) ) ;
#6398 = DIRECTION ( 'NONE',  ( 0.000000000000000000, 1.000000000000000000, 0.000000000000000000 ) ) ;
#6399 = ADVANCED_FACE ( 'NONE', ( #4628 ), #5266, .F. ) ;
#6400 = VECTOR ( 'NONE', #6728, 1000.000000000000114 ) ;
#6401 = ORIENTED_EDGE ( 'NONE', *, *, #2940, .T. ) ;
#6402 = ADVANCED_FACE ( 'NONE', ( #6900, #5786 ), #146, .F. ) ;
#6403 = EDGE_CURVE ( 'NONE', #223, #6613, #1882, .T. ) ;
#6404 = EDGE_LOOP ( 'NONE', ( #6527, #585, #1907 ) ) ;
#6405 = CARTESIAN_POINT ( 'NONE',  ( 3.050000000000000266, 2.500000000000000000, 4.950000000000000178 ) ) ;
#6406 = CARTESIAN_POINT ( 'NONE',  ( -3.775000000000000355, 3.100000000000000089, 5.549999999999999822 ) ) ;
#6407 = DIRECTION ( 'NONE',  ( 0.000000000000000000, 0.000000000000000000, 1.000000000000000000 ) ) ;
#6408 = DIRECTION ( 'NONE',  ( 0.000000000000000000, 1.000000000000000000, 0.000000000000000000 ) ) ;
#6409 = AXIS2_PLACEMENT_3D ( 'NONE', #2342, #1191, #1231 ) ;
#6410 = CIRCLE ( 'NONE', #39, 0.8999999999999998002 ) ;
#6411 = DIRECTION ( 'NONE',  ( 0.000000000000000000, 0.000000000000000000, -1.000000000000000000 ) ) ;
#6412 = LINE ( 'NONE', #6921, #3966 ) ;
#6413 = EDGE_CURVE ( 'NONE', #3367, #6267, #2486, .T. ) ;
#6414 = ORIENTED_EDGE ( 'NONE', *, *, #1488, .F. ) ;
#6415 = CARTESIAN_POINT ( 'NONE',  ( -2.149999999999999911, -1.699999999999999956, -0.2000000000000000111 ) ) ;
#6416 = PLANE ( 'NONE',  #5482 ) ;
#6417 = EDGE_CURVE ( 'NONE', #3441, #4110, #6287, .T. ) ;
#6418 = LINE ( 'NONE', #961, #6916 ) ;
#6419 = CARTESIAN_POINT ( 'NONE',  ( -5.250000000000000000, 2.500000000000000000, -6.424999999999999822 ) ) ;
#6420 = EDGE_CURVE ( 'NONE', #6613, #5078, #3988, .T. ) ;
#6421 = ORIENTED_EDGE ( 'NONE', *, *, #2046, .T. ) ;
#6422 = EDGE_LOOP ( 'NONE', ( #1819, #305 ) ) ;
#6423 = CARTESIAN_POINT ( 'NONE',  ( -4.924999999999999822, -1.699999999999999956, -2.550000000000000266 ) ) ;
#6424 = DIRECTION ( 'NONE',  ( 0.000000000000000000, 0.000000000000000000, -1.000000000000000000 ) ) ;
#6425 = CARTESIAN_POINT ( 'NONE',  ( -4.649999999999999467, -1.899999999999999911, -3.799999999999999822 ) ) ;
#6426 = CIRCLE ( 'NONE', #2007, 0.8500000000000000888 ) ;
#6427 = VERTEX_POINT ( 'NONE', #5751 ) ;
#6428 = ORIENTED_EDGE ( 'NONE', *, *, #2499, .T. ) ;
#6429 = ORIENTED_EDGE ( 'NONE', *, *, #4692, .F. ) ;
#6430 = AXIS2_PLACEMENT_3D ( 'NONE', #1779, #6226, #666 ) ;
#6431 = ORIENTED_EDGE ( 'NONE', *, *, #4048, .T. ) ;
#6432 = DIRECTION ( 'NONE',  ( 0.000000000000000000, 0.000000000000000000, 1.000000000000000000 ) ) ;
#6433 = DIRECTION ( 'NONE',  ( 1.000000000000000000, 0.000000000000000000, 0.000000000000000000 ) ) ;
#6434 = CARTESIAN_POINT ( 'NONE',  ( 3.750000000000000000, -1.899999999999999911, -5.774999999999999467 ) ) ;
#6435 = CARTESIAN_POINT ( 'NONE',  ( 0.2000000000000000111, 0.5000000000000000000, 5.825000000000000178 ) ) ;
#6436 = VECTOR ( 'NONE', #3386, 1000.000000000000000 ) ;
#6437 = VERTEX_POINT ( 'NONE', #2386 ) ;
#6438 = ORIENTED_EDGE ( 'NONE', *, *, #6439, .T. ) ;
#6439 = EDGE_CURVE ( 'NONE', #4075, #6437, #801, .T. ) ;
#6440 = LINE ( 'NONE', #2504, #3676 ) ;
#6441 = DIRECTION ( 'NONE',  ( -1.000000000000000000, 2.886579864026000229E-14, 0.000000000000000000 ) ) ;
#6442 = CARTESIAN_POINT ( 'NONE',  ( -1.699999999999999956, 2.399999999999999911, 5.799999999999999822 ) ) ;
#6443 = VECTOR ( 'NONE', #7075, 1000.000000000000000 ) ;
#6444 = DIRECTION ( 'NONE',  ( -0.7071067811865474617, 0.7071067811865474617, 0.000000000000000000 ) ) ;
#6445 = LINE ( 'NONE', #5314, #3872 ) ;
#6446 = LINE ( 'NONE', #3140, #2274 ) ;
#6447 = AXIS2_PLACEMENT_3D ( 'NONE', #1518, #1050, #7113 ) ;
#6448 = ORIENTED_EDGE ( 'NONE', *, *, #22, .F. ) ;
#6449 = LINE ( 'NONE', #1468, #6922 ) ;
#6450 = DIRECTION ( 'NONE',  ( 0.000000000000000000, -1.000000000000000000, 0.000000000000000000 ) ) ;
#6451 = VECTOR ( 'NONE', #6241, 1000.000000000000000 ) ;
#6452 = VECTOR ( 'NONE', #5119, 1000.000000000000000 ) ;
#6453 = EDGE_CURVE ( 'NONE', #5932, #4075, #4955, .T. ) ;
#6454 = DIRECTION ( 'NONE',  ( 0.000000000000000000, 0.000000000000000000, -1.000000000000000000 ) ) ;
#6455 = ADVANCED_FACE ( 'NONE', ( #1444 ), #5985, .F. ) ;
#6456 = EDGE_LOOP ( 'NONE', ( #6784, #6510, #1383, #2433 ) ) ;
#6457 = AXIS2_PLACEMENT_3D ( 'NONE', #3950, #2857, #4262 ) ;
#6458 = ORIENTED_EDGE ( 'NONE', *, *, #4954, .T. ) ;
#6459 = CARTESIAN_POINT ( 'NONE',  ( 0.2000000000000000111, -4.850000000000000533, 5.000000000000000000 ) ) ;
#6460 = CARTESIAN_POINT ( 'NONE',  ( 5.049999999999999822, -0.1499999999999999944, -5.950000000000000178 ) ) ;
#6461 = EDGE_CURVE ( 'NONE', #6484, #121, #3760, .T. ) ;
#6462 = CYLINDRICAL_SURFACE ( 'NONE', #3535, 0.2999999999999999334 ) ;
#6463 = VECTOR ( 'NONE', #884, 1000.000000000000000 ) ;
#6464 = VERTEX_POINT ( 'NONE', #3149 ) ;
#6465 = EDGE_CURVE ( 'NONE', #3083, #3534, #929, .T. ) ;
#6466 = ORIENTED_EDGE ( 'NONE', *, *, #41, .F. ) ;
#6467 = AXIS2_PLACEMENT_3D ( 'NONE', #3368, #7138, #500 ) ;
#6468 = VERTEX_POINT ( 'NONE', #1539 ) ;
#6469 = EDGE_CURVE ( 'NONE', #1025, #2444, #2083, .T. ) ;
#6470 = EDGE_LOOP ( 'NONE', ( #2806, #1146, #2338, #265 ) ) ;
#6471 = LINE ( 'NONE', #1046, #705 ) ;
#6472 = CARTESIAN_POINT ( 'NONE',  ( 3.750000000000000000, -2.500000000000000000, -6.125000000000000000 ) ) ;
#6473 = DIRECTION ( 'NONE',  ( -1.000000000000000000, 0.000000000000000000, 0.000000000000000000 ) ) ;
#6474 = CARTESIAN_POINT ( 'NONE',  ( 5.049999999999999822, 2.200000000000000178, -6.125000000000000000 ) ) ;
#6475 = DIRECTION ( 'NONE',  ( 0.000000000000000000, -1.000000000000000000, 0.000000000000000000 ) ) ;
#6476 = CARTESIAN_POINT ( 'NONE',  ( -2.100000000000000089, -1.500000000000000000, 5.799999999999999822 ) ) ;
#6477 = ORIENTED_EDGE ( 'NONE', *, *, #506, .F. ) ;
#6478 = ORIENTED_EDGE ( 'NONE', *, *, #3360, .T. ) ;
#6479 = FACE_OUTER_BOUND ( 'NONE', #3458, .T. ) ;
#6480 = DIRECTION ( 'NONE',  ( 0.000000000000000000, 1.000000000000000000, 0.000000000000000000 ) ) ;
#6481 = DIRECTION ( 'NONE',  ( 0.000000000000000000, 0.000000000000000000, 1.000000000000000000 ) ) ;
#6482 = DIRECTION ( 'NONE',  ( -1.000000000000000000, 0.000000000000000000, 0.000000000000000000 ) ) ;
#6483 = LINE ( 'NONE', #2001, #3752 ) ;
#6484 = VERTEX_POINT ( 'NONE', #6528 ) ;
#6485 = DIRECTION ( 'NONE',  ( 0.1483404529307041364, -0.9889363528682285631, 0.000000000000000000 ) ) ;
#6486 = CARTESIAN_POINT ( 'NONE',  ( -2.674999999999999822, -1.699999999999999956, -2.250000000000000000 ) ) ;
#6487 = DIRECTION ( 'NONE',  ( 0.000000000000000000, 0.7071067811865475727, -0.7071067811865475727 ) ) ;
#6488 = DIRECTION ( 'NONE',  ( -1.000000000000000000, 0.000000000000000000, 3.734224056094999899E-14 ) ) ;
#6489 = ORIENTED_EDGE ( 'NONE', *, *, #6644, .T. ) ;
#6490 = EDGE_CURVE ( 'NONE', #362, #1425, #866, .T. ) ;
#6491 = ORIENTED_EDGE ( 'NONE', *, *, #6235, .T. ) ;
#6492 = EDGE_CURVE ( 'NONE', #4008, #204, #1471, .T. ) ;
#6493 = CARTESIAN_POINT ( 'NONE',  ( 3.050000000000000266, -2.100000000000000089, 5.474999999999999645 ) ) ;
#6494 = CARTESIAN_POINT ( 'NONE',  ( -0.4000000000000000222, -2.000000000000000000, 5.799999999999999822 ) ) ;
#6495 = CIRCLE ( 'NONE', #3364, 0.4499999999994993560 ) ;
#6496 = CARTESIAN_POINT ( 'NONE',  ( -4.800000000000000711, 3.100000000000000089, 5.549999999999999822 ) ) ;
#6497 = ORIENTED_EDGE ( 'NONE', *, *, #6271, .F. ) ;
#6498 = ORIENTED_EDGE ( 'NONE', *, *, #5546, .F. ) ;
#6499 = EDGE_CURVE ( 'NONE', #2742, #2320, #6237, .T. ) ;
#6500 = VERTEX_POINT ( 'NONE', #3085 ) ;
#6501 = VERTEX_POINT ( 'NONE', #1407 ) ;
#6502 = CARTESIAN_POINT ( 'NONE',  ( -2.125000000000000000, -1.899999999999999911, -2.050000000000000266 ) ) ;
#6503 =( NAMED_UNIT ( * ) PLANE_ANGLE_UNIT ( ) SI_UNIT ( $, .RADIAN. ) );
#6504 = CARTESIAN_POINT ( 'NONE',  ( 4.549999999999999822, -2.500000000000000000, 1.000000000000000000 ) ) ;
#6505 = ADVANCED_FACE ( 'NONE', ( #3726 ), #3118, .F. ) ;
#6506 = EDGE_CURVE ( 'NONE', #6181, #5301, #5947, .T. ) ;
#6507 = ORIENTED_EDGE ( 'NONE', *, *, #1309, .T. ) ;
#6508 = PLANE ( 'NONE',  #5988 ) ;
#6509 = AXIS2_PLACEMENT_3D ( 'NONE', #5567, #6260, #6693 ) ;
#6510 = ORIENTED_EDGE ( 'NONE', *, *, #5630, .F. ) ;
#6511 = VERTEX_POINT ( 'NONE', #5325 ) ;
#6512 = FILL_AREA_STYLE_COLOUR ( '', #270 ) ;
#6513 = CARTESIAN_POINT ( 'NONE',  ( 0.8349954426310000066, 1.038233069753999871, 5.950000000000000178 ) ) ;
#6514 = FACE_OUTER_BOUND ( 'NONE', #4343, .T. ) ;
#6515 = DIRECTION ( 'NONE',  ( 0.7071067811865475727, 0.7071067811865475727, 0.000000000000000000 ) ) ;
#6516 = FACE_OUTER_BOUND ( 'NONE', #4396, .T. ) ;
#6517 = VECTOR ( 'NONE', #6454, 1000.000000000000000 ) ;
#6518 = ORIENTED_EDGE ( 'NONE', *, *, #850, .F. ) ;
#6519 = CIRCLE ( 'NONE', #2450, 0.4999999999999995559 ) ;
#6520 = AXIS2_PLACEMENT_3D ( 'NONE', #1167, #737, #201 ) ;
#6521 = CARTESIAN_POINT ( 'NONE',  ( 0.2000000000000000111, 0.5000000000000000000, 4.924999999999999822 ) ) ;
#6522 = DIRECTION ( 'NONE',  ( 0.000000000000000000, -1.000000000000000000, 0.000000000000000000 ) ) ;
#6523 = LINE ( 'NONE', #7059, #4440 ) ;
#6524 = VECTOR ( 'NONE', #4766, 1000.000000000000000 ) ;
#6525 = CARTESIAN_POINT ( 'NONE',  ( -4.299999999999999822, 3.121762141438999993, 5.549999999999999822 ) ) ;
#6526 = VERTEX_POINT ( 'NONE', #395 ) ;
#6527 = ORIENTED_EDGE ( 'NONE', *, *, #1268, .F. ) ;
#6528 = CARTESIAN_POINT ( 'NONE',  ( -2.125000000000000000, -1.899999999999999911, -0.8500000000000998979 ) ) ;
#6529 = LINE ( 'NONE', #4858, #1741 ) ;
#6530 = LINE ( 'NONE', #2053, #4458 ) ;
#6531 = ORIENTED_EDGE ( 'NONE', *, *, #5123, .T. ) ;
#6532 = EDGE_LOOP ( 'NONE', ( #4862, #4232, #1749 ) ) ;
#6533 = DIRECTION ( 'NONE',  ( -0.000000000000000000, 1.000000000000000000, 0.000000000000000000 ) ) ;
#6534 = ORIENTED_EDGE ( 'NONE', *, *, #2856, .T. ) ;
#6535 = ORIENTED_EDGE ( 'NONE', *, *, #5214, .F. ) ;
#6536 = LINE ( 'NONE', #6610, #6963 ) ;
#6537 = CARTESIAN_POINT ( 'NONE',  ( -2.475000000000000089, -1.899999999999999689, -1.787069746573073825 ) ) ;
#6538 = VECTOR ( 'NONE', #647, 1000.000000000000000 ) ;
#6539 = LINE ( 'NONE', #2168, #4896 ) ;
#6540 = DIRECTION ( 'NONE',  ( 0.5773502691896257311, 0.5773502691896257311, -0.5773502691896257311 ) ) ;
#6541 = EDGE_CURVE ( 'NONE', #704, #100, #4756, .T. ) ;
#6542 = EDGE_CURVE ( 'NONE', #4633, #502, #4249, .T. ) ;
#6543 = AXIS2_PLACEMENT_3D ( 'NONE', #1371, #5252, #4160 ) ;
#6544 = ORIENTED_EDGE ( 'NONE', *, *, #6010, .F. ) ;
#6545 = ORIENTED_EDGE ( 'NONE', *, *, #5348, .T. ) ;
#6546 = FACE_BOUND ( 'NONE', #533, .T. ) ;
#6547 = LINE ( 'NONE', #6617, #1337 ) ;
#6548 = CARTESIAN_POINT ( 'NONE',  ( 0.2000000000000000111, 0.5000000000000000000, 7.023500000000000298 ) ) ;
#6549 = AXIS2_PLACEMENT_3D ( 'NONE', #2464, #5855, #3097 ) ;
#6550 = ORIENTED_EDGE ( 'NONE', *, *, #3359, .T. ) ;
#6551 = PLANE ( 'NONE',  #1041 ) ;
#6552 = CIRCLE ( 'NONE', #2369, 0.2999999999999999334 ) ;
#6553 = VERTEX_POINT ( 'NONE', #4171 ) ;
#6554 = EDGE_CURVE ( 'NONE', #1244, #3691, #1105, .T. ) ;
#6555 = CARTESIAN_POINT ( 'NONE',  ( 4.575000000000000178, -1.800000000000000044, 1.050000000000000044 ) ) ;
#6556 = CARTESIAN_POINT ( 'NONE',  ( -4.349999999999999645, -1.699999999999999956, -4.000000000000000000 ) ) ;
#6557 = ADVANCED_FACE ( 'NONE', ( #4206 ), #3188, .F. ) ;
#6558 = CARTESIAN_POINT ( 'NONE',  ( -0.8499999999999999778, -2.500000000000000000, -3.550000000000000266 ) ) ;
#6559 = LINE ( 'NONE', #2838, #2783 ) ;
#6560 = VECTOR ( 'NONE', #3993, 1000.000000000000000 ) ;
#6561 = ORIENTED_EDGE ( 'NONE', *, *, #4433, .F. ) ;
#6562 = ORIENTED_EDGE ( 'NONE', *, *, #1009, .F. ) ;
#6563 = AXIS2_PLACEMENT_3D ( 'NONE', #3455, #4483, #692 ) ;
#6564 = DIRECTION ( 'NONE',  ( -1.000000000000000000, 0.000000000000000000, 0.000000000000000000 ) ) ;
#6565 = LINE ( 'NONE', #1580, #476 ) ;
#6566 = LINE ( 'NONE', #1581, #5747 ) ;
#6567 = CARTESIAN_POINT ( 'NONE',  ( -1.699999999999999956, -2.000000000000000000, 5.799999999999999822 ) ) ;
#6568 =( GEOMETRIC_REPRESENTATION_CONTEXT ( 3 ) GLOBAL_UNCERTAINTY_ASSIGNED_CONTEXT ( ( #954 ) ) GLOBAL_UNIT_ASSIGNED_CONTEXT ( ( #1332, #1219, #101 ) ) REPRESENTATION_CONTEXT ( 'NONE', 'WORKASPACE' ) );
#6569 = VECTOR ( 'NONE', #3782, 1000.000000000000000 ) ;
#6570 = ORIENTED_EDGE ( 'NONE', *, *, #3885, .F. ) ;
#6571 = EDGE_LOOP ( 'NONE', ( #5265, #503, #1327, #5709, #553, #3154, #5212, #5140, #1375, #2705, #5952, #5930, #1390, #5644, #4366, #387, #577, #5167, #1797, #5009, #5095, #1994, #3431, #1599 ) ) ;
#6572 = ORIENTED_EDGE ( 'NONE', *, *, #2370, .T. ) ;
#6573 = ORIENTED_EDGE ( 'NONE', *, *, #551, .F. ) ;
#6574 = CARTESIAN_POINT ( 'NONE',  ( -2.475000000000000089, -2.500000000000000000, -2.050000000000000266 ) ) ;
#6575 = AXIS2_PLACEMENT_3D ( 'NONE', #690, #761, #4065 ) ;
#6576 = FACE_OUTER_BOUND ( 'NONE', #1522, .T. ) ;
#6577 = DIRECTION ( 'NONE',  ( 0.7071067811865475727, -0.7071067811865475727, 0.000000000000000000 ) ) ;
#6578 = FACE_OUTER_BOUND ( 'NONE', #4334, .T. ) ;
#6579 = VECTOR ( 'NONE', #6564, 1000.000000000000000 ) ;
#6580 = EDGE_LOOP ( 'NONE', ( #2815, #1250, #4155, #2362, #1319 ) ) ;
#6581 = VERTEX_POINT ( 'NONE', #6423 ) ;
#6582 = EDGE_CURVE ( 'NONE', #3894, #100, #4793, .T. ) ;
#6583 = CARTESIAN_POINT ( 'NONE',  ( 0.8000000000000000444, -1.928740671584000088, 5.349999999999999645 ) ) ;
#6584 = CARTESIAN_POINT ( 'NONE',  ( 2.500000000000000000, -1.500000000000000000, 5.799999999999999822 ) ) ;
#6585 = EDGE_CURVE ( 'NONE', #5264, #297, #4269, .T. ) ;
#6586 = EDGE_CURVE ( 'NONE', #3980, #2784, #5845, .T. ) ;
#6587 = LINE ( 'NONE', #2611, #6752 ) ;
#6588 = CARTESIAN_POINT ( 'NONE',  ( -0.1700556982308999987, -2.299999999999999822, -4.532520887255999220 ) ) ;
#6589 = LINE ( 'NONE', #1135, #4591 ) ;
#6590 = ORIENTED_EDGE ( 'NONE', *, *, #3923, .T. ) ;
#6591 = CARTESIAN_POINT ( 'NONE',  ( -2.649999999999999911, -2.100000000000000089, 4.649999999999999467 ) ) ;
#6592 = VERTEX_POINT ( 'NONE', #2662 ) ;
#6593 = ADVANCED_FACE ( 'NONE', ( #6637 ), #4357, .F. ) ;
#6594 = CARTESIAN_POINT ( 'NONE',  ( 0.5875347804278000519, -2.299999999999999822, -4.950000000000000178 ) ) ;
#6595 = CARTESIAN_POINT ( 'NONE',  ( 0.000000000000000000, -2.350000000000000089, -3.550000000000000266 ) ) ;
#6596 = LINE ( 'NONE', #456, #3842 ) ;
#6597 = ADVANCED_FACE ( 'NONE', ( #1038 ), #6710, .F. ) ;
#6598 = DIRECTION ( 'NONE',  ( 1.000000000000000000, 0.000000000000000000, 0.000000000000000000 ) ) ;
#6599 = AXIS2_PLACEMENT_3D ( 'NONE', #2748, #4371, #5963 ) ;
#6600 = ORIENTED_EDGE ( 'NONE', *, *, #4610, .T. ) ;
#6601 = ORIENTED_EDGE ( 'NONE', *, *, #6377, .T. ) ;
#6602 = CARTESIAN_POINT ( 'NONE',  ( 4.000000000000000000, 2.477185478309000377, 5.549999999999999822 ) ) ;
#6603 = DIRECTION ( 'NONE',  ( 1.000000000000000000, 0.000000000000000000, 0.000000000000000000 ) ) ;
#6604 = CARTESIAN_POINT ( 'NONE',  ( -0.4000000000000000222, -2.504982500878000007, 5.355238724270999562 ) ) ;
#6605 = CARTESIAN_POINT ( 'NONE',  ( 0.2000000000000000111, 0.5000000000000000000, 5.825000000000000178 ) ) ;
#6606 = ORIENTED_EDGE ( 'NONE', *, *, #5171, .F. ) ;
#6607 = EDGE_LOOP ( 'NONE', ( #1586, #3795 ) ) ;
#6608 = VERTEX_POINT ( 'NONE', #1725 ) ;
#6609 = CARTESIAN_POINT ( 'NONE',  ( 0.8499999999999999778, -2.100000000000000089, 4.649999999999999467 ) ) ;
#6610 = CARTESIAN_POINT ( 'NONE',  ( -4.675000000000000711, -1.699999999999999956, -3.850000000000000089 ) ) ;
#6611 = DIRECTION ( 'NONE',  ( 0.000000000000000000, 0.000000000000000000, 1.000000000000000000 ) ) ;
#6612 = CARTESIAN_POINT ( 'NONE',  ( -2.200000000000000178, 0.5000000000000000000, 5.825000000000000178 ) ) ;
#6613 = VERTEX_POINT ( 'NONE', #5472 ) ;
#6614 = ORIENTED_EDGE ( 'NONE', *, *, #6318, .T. ) ;
#6615 = ORIENTED_EDGE ( 'NONE', *, *, #6687, .F. ) ;
#6616 = LINE ( 'NONE', #5377, #6863 ) ;
#6617 = CARTESIAN_POINT ( 'NONE',  ( -5.349999999999999645, -1.699999999999999956, -6.125000000000000000 ) ) ;
#6618 = VECTOR ( 'NONE', #2475, 1000.000000000000000 ) ;
#6619 = LINE ( 'NONE', #558, #6166 ) ;
#6620 = DIRECTION ( 'NONE',  ( 0.000000000000000000, 0.000000000000000000, 1.000000000000000000 ) ) ;
#6621 = EDGE_CURVE ( 'NONE', #2021, #6229, #1706, .T. ) ;
#6622 = ORIENTED_EDGE ( 'NONE', *, *, #2051, .T. ) ;
#6623 = VECTOR ( 'NONE', #2387, 1000.000000000000000 ) ;
#6624 = CARTESIAN_POINT ( 'NONE',  ( 0.8499999999999999778, -2.200000000000000178, -5.250000000000000000 ) ) ;
#6625 = EDGE_LOOP ( 'NONE', ( #760, #3215, #4083, #4619, #4760, #248 ) ) ;
#6626 = DIRECTION ( 'NONE',  ( 0.000000000000000000, 1.000000000000000000, 0.000000000000000000 ) ) ;
#6627 = AXIS2_PLACEMENT_3D ( 'NONE', #6298, #4764, #2428 ) ;
#6628 = CARTESIAN_POINT ( 'NONE',  ( 4.840557876839999274, -1.699999999999999956, 1.011803398874989934 ) ) ;
#6629 = CARTESIAN_POINT ( 'NONE',  ( 3.750000000000000000, -2.500000000000000000, -5.774999999999999467 ) ) ;
#6630 = ADVANCED_FACE ( 'NONE', ( #5590 ), #4398, .F. ) ;
#6631 = CARTESIAN_POINT ( 'NONE',  ( 4.575000000000000178, -4.899999999999999467, 1.050000000000000044 ) ) ;
#6632 = AXIS2_PLACEMENT_3D ( 'NONE', #897, #320, #6895 ) ;
#6633 = VECTOR ( 'NONE', #5744, 1000.000000000000000 ) ;
#6634 = ORIENTED_EDGE ( 'NONE', *, *, #6240, .F. ) ;
#6635 = ORIENTED_EDGE ( 'NONE', *, *, #1355, .F. ) ;
#6636 = EDGE_CURVE ( 'NONE', #419, #1089, #6129, .T. ) ;
#6637 = FACE_OUTER_BOUND ( 'NONE', #1708, .T. ) ;
#6638 = DIRECTION ( 'NONE',  ( 1.000000000000000000, 0.000000000000000000, 0.000000000000000000 ) ) ;
#6639 = DIRECTION ( 'NONE',  ( 0.7071067811865474617, 0.7071067811865474617, 0.000000000000000000 ) ) ;
#6640 = CARTESIAN_POINT ( 'NONE',  ( -1.699999999999999956, -2.000000000000000000, 5.500000000000000000 ) ) ;
#6641 = VECTOR ( 'NONE', #2736, 1000.000000000000000 ) ;
#6642 = AXIS2_PLACEMENT_3D ( 'NONE', #369, #1954, #1991 ) ;
#6643 = DIRECTION ( 'NONE',  ( 0.000000000000000000, 0.000000000000000000, 1.000000000000000000 ) ) ;
#6644 = EDGE_CURVE ( 'NONE', #4655, #4534, #608, .T. ) ;
#6645 = ORIENTED_EDGE ( 'NONE', *, *, #4958, .T. ) ;
#6646 = VERTEX_POINT ( 'NONE', #1579 ) ;
#6647 = VECTOR ( 'NONE', #3651, 1000.000000000000000 ) ;
#6648 = ORIENTED_EDGE ( 'NONE', *, *, #1307, .T. ) ;
#6649 = CARTESIAN_POINT ( 'NONE',  ( 4.549999999999999822, -1.899999999999999911, 1.000000000000000000 ) ) ;
#6650 = DIRECTION ( 'NONE',  ( 0.000000000000000000, -1.000000000000000000, 0.000000000000000000 ) ) ;
#6651 = CARTESIAN_POINT ( 'NONE',  ( -2.149999999999999911, -1.274998983693000021, -0.8499999999999999778 ) ) ;
#6652 = CARTESIAN_POINT ( 'NONE',  ( -2.475000000000000089, -1.899999999999999911, -2.050000000000000266 ) ) ;
#6653 = ORIENTED_EDGE ( 'NONE', *, *, #5392, .T. ) ;
#6654 = ORIENTED_EDGE ( 'NONE', *, *, #1554, .F. ) ;
#6655 = CIRCLE ( 'NONE', #4807, 0.2000000000000000944 ) ;
#6656 = ORIENTED_EDGE ( 'NONE', *, *, #6453, .F. ) ;
#6657 = CARTESIAN_POINT ( 'NONE',  ( 0.000000000000000000, 2.500000000000000000, 0.000000000000000000 ) ) ;
#6658 = PLANE ( 'NONE',  #4675 ) ;
#6659 = CARTESIAN_POINT ( 'NONE',  ( -2.200000000000000178, 2.500000000000000000, 6.025000000000000355 ) ) ;
#6660 = DIRECTION ( 'NONE',  ( 1.000000000000000000, -5.878785113032513212E-14, 0.000000000000000000 ) ) ;
#6661 = CIRCLE ( 'NONE', #2946, 0.8999999999999998002 ) ;
#6662 = EDGE_LOOP ( 'NONE', ( #5324, #3307, #5480, #5434, #3636, #2683 ) ) ;
#6663 = ORIENTED_EDGE ( 'NONE', *, *, #2627, .F. ) ;
#6664 = CYLINDRICAL_SURFACE ( 'NONE', #5273, 0.2999999999999999334 ) ;
#6665 = DIRECTION ( 'NONE',  ( 0.000000000000000000, 0.000000000000000000, 1.000000000000000000 ) ) ;
#6666 = CARTESIAN_POINT ( 'NONE',  ( -4.675000000000000711, -4.850000000000000533, -3.449999999999999734 ) ) ;
#6667 = DIRECTION ( 'NONE',  ( 0.000000000000000000, 0.000000000000000000, -1.000000000000000000 ) ) ;
#6668 = AXIS2_PLACEMENT_3D ( 'NONE', #4415, #5568, #4336 ) ;
#6669 = CARTESIAN_POINT ( 'NONE',  ( 3.050000000000000266, 2.500000000000000000, 5.275000000000000355 ) ) ;
#6670 = ORIENTED_EDGE ( 'NONE', *, *, #1324, .T. ) ;
#6671 = ORIENTED_EDGE ( 'NONE', *, *, #1475, .T. ) ;
#6672 = DIRECTION ( 'NONE',  ( -1.000000000000000000, -4.468935917101000410E-14, 0.000000000000000000 ) ) ;
#6673 = EDGE_CURVE ( 'NONE', #73, #2732, #5627, .T. ) ;
#6674 = DIRECTION ( 'NONE',  ( 0.7276068751091748776, 0.4850712500722839104, -0.4850712500727838994 ) ) ;
#6675 = CARTESIAN_POINT ( 'NONE',  ( 2.550000000000000266, 1.649999999999999911, 6.949999999999999289 ) ) ;
#6676 = VECTOR ( 'NONE', #3529, 1000.000000000000114 ) ;
#6677 = ORIENTED_EDGE ( 'NONE', *, *, #4395, .T. ) ;
#6678 = AXIS2_PLACEMENT_3D ( 'NONE', #4374, #2644, #2711 ) ;
#6679 = ORIENTED_EDGE ( 'NONE', *, *, #6417, .T. ) ;
#6680 = DIRECTION ( 'NONE',  ( 0.000000000000000000, 0.000000000000000000, -1.000000000000000000 ) ) ;
#6681 = EDGE_CURVE ( 'NONE', #6977, #971, #1148, .T. ) ;
#6682 = CARTESIAN_POINT ( 'NONE',  ( 3.399999999999999911, 2.200000000000000178, 5.813145250178000545 ) ) ;
#6683 = LINE ( 'NONE', #6174, #5848 ) ;
#6684 = VECTOR ( 'NONE', #2071, 1000.000000000000000 ) ;
#6685 = CIRCLE ( 'NONE', #3090, 2.140000000000000124 ) ;
#6686 = EDGE_CURVE ( 'NONE', #1760, #6267, #7156, .T. ) ;
#6687 = EDGE_CURVE ( 'NONE', #1912, #3734, #6019, .T. ) ;
#6688 = ORIENTED_EDGE ( 'NONE', *, *, #256, .T. ) ;
#6689 = ADVANCED_FACE ( 'NONE', ( #3944 ), #2267, .F. ) ;
#6690 = AXIS2_PLACEMENT_3D ( 'NONE', #6115, #5975, #4917 ) ;
#6691 = ORIENTED_EDGE ( 'NONE', *, *, #3033, .F. ) ;
#6692 = EDGE_LOOP ( 'NONE', ( #6838, #1772, #2634, #119, #338, #4865 ) ) ;
#6693 = DIRECTION ( 'NONE',  ( 0.000000000000000000, 0.000000000000000000, 1.000000000000000000 ) ) ;
#6694 = DIRECTION ( 'NONE',  ( 0.000000000000000000, -2.423715064466999725E-13, -1.000000000000000000 ) ) ;
#6695 = CARTESIAN_POINT ( 'NONE',  ( -4.675000000000000711, -4.850000000000000533, -3.149999999999999911 ) ) ;
#6696 = CARTESIAN_POINT ( 'NONE',  ( 5.200000000000000178, 2.500000000000000000, -6.125000000000000000 ) ) ;
#6697 = AXIS2_PLACEMENT_3D ( 'NONE', #44, #3840, #1622 ) ;
#6698 = ORIENTED_EDGE ( 'NONE', *, *, #1168, .T. ) ;
#6699 = CARTESIAN_POINT ( 'NONE',  ( -2.877762515837999580, -1.300000000000000044, 5.500000000000000000 ) ) ;
#6700 = ORIENTED_EDGE ( 'NONE', *, *, #5563, .F. ) ;
#6701 = VECTOR ( 'NONE', #2734, 1000.000000000000114 ) ;
#6702 = DIRECTION ( 'NONE',  ( 1.000000000000000000, 0.000000000000000000, 0.000000000000000000 ) ) ;
#6703 = LINE ( 'NONE', #6594, #768 ) ;
#6704 = DIRECTION ( 'NONE',  ( 0.000000000000000000, 1.000000000000000000, 0.000000000000000000 ) ) ;
#6705 = FACE_OUTER_BOUND ( 'NONE', #3812, .T. ) ;
#6706 = DIRECTION ( 'NONE',  ( -1.000000000000000000, 0.000000000000000000, 0.000000000000000000 ) ) ;
#6707 = LINE ( 'NONE', #790, #3098 ) ;
#6708 = ORIENTED_EDGE ( 'NONE', *, *, #6254, .T. ) ;
#6709 = ORIENTED_EDGE ( 'NONE', *, *, #2097, .F. ) ;
#6710 = PLANE ( 'NONE',  #7038 ) ;
#6711 = FACE_BOUND ( 'NONE', #7068, .T. ) ;
#6712 = CARTESIAN_POINT ( 'NONE',  ( 4.100000000000000533, 0.2999999999999999889, -5.525000000000000355 ) ) ;
#6713 = VERTEX_POINT ( 'NONE', #74 ) ;
#6714 = EDGE_CURVE ( 'NONE', #5677, #2902, #3832, .T. ) ;
#6715 = EDGE_CURVE ( 'NONE', #1113, #115, #4733, .T. ) ;
#6716 = CARTESIAN_POINT ( 'NONE',  ( 1.449999999999999956, -2.000000000000000000, 5.649999999999999467 ) ) ;
#6717 = VERTEX_POINT ( 'NONE', #3908 ) ;
#6718 = CARTESIAN_POINT ( 'NONE',  ( -4.950000000000000178, -2.500000000000000000, -2.500000000000000000 ) ) ;
#6719 = PLANE ( 'NONE',  #637 ) ;
#6720 = CYLINDRICAL_SURFACE ( 'NONE', #3863, 0.1499999999999999667 ) ;
#6721 = EDGE_CURVE ( 'NONE', #883, #4898, #1189, .T. ) ;
#6722 = EDGE_LOOP ( 'NONE', ( #6691, #4640, #6773, #4127 ) ) ;
#6723 = ORIENTED_EDGE ( 'NONE', *, *, #2400, .T. ) ;
#6724 = VERTEX_POINT ( 'NONE', #5512 ) ;
#6725 = CARTESIAN_POINT ( 'NONE',  ( 3.625000000000000000, -2.100000000000000089, 5.474999999999999645 ) ) ;
#6726 = PLANE ( 'NONE',  #1095 ) ;
#6727 = EDGE_CURVE ( 'NONE', #6999, #1060, #552, .T. ) ;
#6728 = DIRECTION ( 'NONE',  ( -0.5773502691896257311, 0.5773502691896257311, -0.5773502691896257311 ) ) ;
#6729 = CARTESIAN_POINT ( 'NONE',  ( -4.649999999999999467, -2.500000000000000000, -2.500000000000000000 ) ) ;
#6730 = DIRECTION ( 'NONE',  ( 0.000000000000000000, 0.000000000000000000, 1.000000000000000000 ) ) ;
#6731 = VECTOR ( 'NONE', #900, 1000.000000000000000 ) ;
#6732 = CARTESIAN_POINT ( 'NONE',  ( 0.2000000000000000111, 0.5000000000000000000, 10.34999999999999964 ) ) ;
#6733 = ORIENTED_EDGE ( 'NONE', *, *, #5755, .F. ) ;
#6734 = ORIENTED_EDGE ( 'NONE', *, *, #4900, .T. ) ;
#6735 = ORIENTED_EDGE ( 'NONE', *, *, #1686, .T. ) ;
#6736 = AXIS2_PLACEMENT_3D ( 'NONE', #2216, #1098, #3897 ) ;
#6737 = PRODUCT_CONTEXT ( 'NONE', #1969, 'mechanical' ) ;
#6738 = PLANE ( 'NONE',  #6340 ) ;
#6739 = CARTESIAN_POINT ( 'NONE',  ( 4.825000000000000178, -4.850000000000000533, 1.649999999999999911 ) ) ;
#6740 = DIRECTION ( 'NONE',  ( 0.000000000000000000, 0.000000000000000000, 1.000000000000000000 ) ) ;
#6741 = VECTOR ( 'NONE', #6866, 1000.000000000000000 ) ;
#6742 = DIRECTION ( 'NONE',  ( 0.000000000000000000, 0.000000000000000000, -1.000000000000000000 ) ) ;
#6743 = LINE ( 'NONE', #6780, #4020 ) ;
#6744 = VERTEX_POINT ( 'NONE', #4430 ) ;
#6745 = ORIENTED_EDGE ( 'NONE', *, *, #1368, .F. ) ;
#6746 = VECTOR ( 'NONE', #5075, 1000.000000000000000 ) ;
#6747 = DIRECTION ( 'NONE',  ( -1.000000000000000000, 0.000000000000000000, 0.000000000000000000 ) ) ;
#6748 = DIRECTION ( 'NONE',  ( -2.371676262501989112E-08, 0.7071067811923967827, 0.7071067811806978076 ) ) ;
#6749 = CARTESIAN_POINT ( 'NONE',  ( -0.4000000000000000222, -2.277571154197000070, 5.634283827185999627 ) ) ;
#6750 = PLANE ( 'NONE',  #1542 ) ;
#6751 = AXIS2_PLACEMENT_3D ( 'NONE', #6125, #1144, #1222 ) ;
#6752 = VECTOR ( 'NONE', #1561, 1000.000000000000000 ) ;
#6753 = VERTEX_POINT ( 'NONE', #3866 ) ;
#6754 = EDGE_CURVE ( 'NONE', #7047, #7145, #2382, .T. ) ;
#6755 = LINE ( 'NONE', #5676, #1112 ) ;
#6756 = ORIENTED_EDGE ( 'NONE', *, *, #6191, .F. ) ;
#6757 = DIRECTION ( 'NONE',  ( 0.000000000000000000, -1.000000000000000000, 0.000000000000000000 ) ) ;
#6758 = AXIS2_PLACEMENT_3D ( 'NONE', #4188, #4775, #5346 ) ;
#6759 = DIRECTION ( 'NONE',  ( -0.000000000000000000, 1.000000000000000000, 0.000000000000000000 ) ) ;
#6760 = DIRECTION ( 'NONE',  ( -0.2926480495278039329, 0.9562202252136127179, 0.000000000000000000 ) ) ;
#6761 = VECTOR ( 'NONE', #1387, 1000.000000000000000 ) ;
#6762 = ORIENTED_EDGE ( 'NONE', *, *, #4228, .T. ) ;
#6763 = ORIENTED_EDGE ( 'NONE', *, *, #6861, .F. ) ;
#6764 = ORIENTED_EDGE ( 'NONE', *, *, #327, .F. ) ;
#6765 = LINE ( 'NONE', #3997, #4306 ) ;
#6766 = CYLINDRICAL_SURFACE ( 'NONE', #6328, 2.100000000000000089 ) ;
#6767 = FACE_OUTER_BOUND ( 'NONE', #3926, .T. ) ;
#6768 = EDGE_CURVE ( 'NONE', #4633, #5284, #2302, .T. ) ;
#6769 = PLANE ( 'NONE',  #2932 ) ;
#6770 = PLANE ( 'NONE',  #6430 ) ;
#6771 = ORIENTED_EDGE ( 'NONE', *, *, #6191, .T. ) ;
#6772 = ORIENTED_EDGE ( 'NONE', *, *, #1000, .F. ) ;
#6773 = ORIENTED_EDGE ( 'NONE', *, *, #4945, .T. ) ;
#6774 = DIRECTION ( 'NONE',  ( 1.000000000000000000, 0.000000000000000000, 0.000000000000000000 ) ) ;
#6775 = AXIS2_PLACEMENT_3D ( 'NONE', #3053, #1981, #6869 ) ;
#6776 = DIRECTION ( 'NONE',  ( 0.000000000000000000, 0.000000000000000000, -1.000000000000000000 ) ) ;
#6777 = PLANE ( 'NONE',  #599 ) ;
#6778 = EDGE_CURVE ( 'NONE', #4404, #6392, #2928, .T. ) ;
#6779 = DIRECTION ( 'NONE',  ( 1.000000000000000000, 0.000000000000000000, 0.000000000000000000 ) ) ;
#6780 = CARTESIAN_POINT ( 'NONE',  ( 0.8499999999999999778, -2.200000000000000178, -3.550000000000000266 ) ) ;
#6781 = AXIS2_PLACEMENT_3D ( 'NONE', #2789, #97, #4529 ) ;
#6782 = ORIENTED_EDGE ( 'NONE', *, *, #152, .T. ) ;
#6783 = ADVANCED_FACE ( 'NONE', ( #1908 ), #249, .F. ) ;
#6784 = ORIENTED_EDGE ( 'NONE', *, *, #6636, .F. ) ;
#6785 = ORIENTED_EDGE ( 'NONE', *, *, #2358, .F. ) ;
#6786 = CARTESIAN_POINT ( 'NONE',  ( 0.3703690748662000209, -2.250000000000000000, -4.400000000000000355 ) ) ;
#6787 = CYLINDRICAL_SURFACE ( 'NONE', #1983, 0.8500000000000000888 ) ;
#6788 = DIRECTION ( 'NONE',  ( 0.000000000000000000, -1.000000000000000000, 0.000000000000000000 ) ) ;
#6789 = VECTOR ( 'NONE', #2138, 1000.000000000000000 ) ;
#6790 = ORIENTED_EDGE ( 'NONE', *, *, #584, .F. ) ;
#6791 = ORIENTED_EDGE ( 'NONE', *, *, #3104, .F. ) ;
#6792 = VECTOR ( 'NONE', #3989, 1000.000000000000000 ) ;
#6793 = CARTESIAN_POINT ( 'NONE',  ( -4.299999999999999822, 3.121762141438999993, 5.549999999999999822 ) ) ;
#6794 = CYLINDRICAL_SURFACE ( 'NONE', #3502, 0.5250000000000002442 ) ;
#6795 = LINE ( 'NONE', #3953, #1448 ) ;
#6796 = VECTOR ( 'NONE', #717, 1000.000000000000000 ) ;
#6797 = ORIENTED_EDGE ( 'NONE', *, *, #736, .T. ) ;
#6798 = VERTEX_POINT ( 'NONE', #1838 ) ;
#6799 = ORIENTED_EDGE ( 'NONE', *, *, #343, .T. ) ;
#6800 = CARTESIAN_POINT ( 'NONE',  ( -0.5499999999068000411, -2.299999999999999822, -4.950000000000000178 ) ) ;
#6801 = DIRECTION ( 'NONE',  ( 0.000000000000000000, 0.7071067812026969879, 0.7071067811703980466 ) ) ;
#6802 = AXIS2_PLACEMENT_3D ( 'NONE', #6682, #4034, #3492 ) ;
#6803 = LINE ( 'NONE', #5058, #6400 ) ;
#6804 = DIRECTION ( 'NONE',  ( 0.000000000000000000, 0.000000000000000000, 1.000000000000000000 ) ) ;
#6805 = DIRECTION ( 'NONE',  ( 1.000000000000000000, 0.000000000000000000, 0.000000000000000000 ) ) ;
#6806 = EDGE_CURVE ( 'NONE', #2697, #3304, #2376, .T. ) ;
#6807 = VERTEX_POINT ( 'NONE', #1376 ) ;
#6808 = AXIS2_PLACEMENT_3D ( 'NONE', #2917, #4536, #6309 ) ;
#6809 = VECTOR ( 'NONE', #1096, 1000.000000000000000 ) ;
#6810 = VERTEX_POINT ( 'NONE', #6826 ) ;
#6811 = EDGE_CURVE ( 'NONE', #1723, #732, #4095, .T. ) ;
#6812 = EDGE_CURVE ( 'NONE', #478, #5332, #1229, .T. ) ;
#6813 = ORIENTED_EDGE ( 'NONE', *, *, #1352, .F. ) ;
#6814 = AXIS2_PLACEMENT_3D ( 'NONE', #6950, #2573, #1369 ) ;
#6815 = ADVANCED_FACE ( 'NONE', ( #1871 ), #6205, .F. ) ;
#6816 = CARTESIAN_POINT ( 'NONE',  ( -2.674999999999999822, -1.699999999999999956, -2.250000000000000000 ) ) ;
#6817 = DIRECTION ( 'NONE',  ( 0.000000000000000000, 1.000000000000000000, 0.000000000000000000 ) ) ;
#6818 = LINE ( 'NONE', #4615, #6618 ) ;
#6819 = EDGE_CURVE ( 'NONE', #6239, #5564, #6315, .T. ) ;
#6820 = CARTESIAN_POINT ( 'NONE',  ( 3.750000000000000000, -2.500000000000000000, -6.125000000000000000 ) ) ;
#6821 = AXIS2_PLACEMENT_3D ( 'NONE', #461, #4824, #5362 ) ;
#6822 = EDGE_CURVE ( 'NONE', #3932, #1473, #1300, .T. ) ;
#6823 = ORIENTED_EDGE ( 'NONE', *, *, #3400, .T. ) ;
#6824 = EDGE_LOOP ( 'NONE', ( #4429, #12 ) ) ;
#6825 = VERTEX_POINT ( 'NONE', #4649 ) ;
#6826 = CARTESIAN_POINT ( 'NONE',  ( -2.149999999999999911, -1.699999999999999956, -0.8118033988749889795 ) ) ;
#6827 = DIRECTION ( 'NONE',  ( -0.9701425001453670705, 0.000000000000000000, -0.2425356250361919985 ) ) ;
#6828 = EDGE_CURVE ( 'NONE', #1203, #3677, #2506, .T. ) ;
#6829 = DIRECTION ( 'NONE',  ( -0.7071067811865474617, 0.7071067811865474617, 0.000000000000000000 ) ) ;
#6830 = ORIENTED_EDGE ( 'NONE', *, *, #1257, .F. ) ;
#6831 = DIRECTION ( 'NONE',  ( -1.000000000000000000, 0.000000000000000000, 0.000000000000000000 ) ) ;
#6832 = EDGE_LOOP ( 'NONE', ( #1611, #6108, #3036, #564 ) ) ;
#6833 = CARTESIAN_POINT ( 'NONE',  ( 4.289346255670589692, 3.078237858560999740, 4.675000000000000711 ) ) ;
#6834 = CARTESIAN_POINT ( 'NONE',  ( 4.549999999999999822, -1.899999999999999911, 2.299999999999999822 ) ) ;
#6835 = CARTESIAN_POINT ( 'NONE',  ( 0.2000000000000000111, -1.850000000000000089, 5.825000000000000178 ) ) ;
#6836 = LINE ( 'NONE', #5641, #1232 ) ;
#6837 = ORIENTED_EDGE ( 'NONE', *, *, #3827, .T. ) ;
#6838 = ORIENTED_EDGE ( 'NONE', *, *, #3293, .T. ) ;
#6839 = EDGE_LOOP ( 'NONE', ( #5520, #4364, #6097, #1204 ) ) ;
#6840 = CARTESIAN_POINT ( 'NONE',  ( -2.024999999999999911, -1.800000000000000044, -1.899999999999999911 ) ) ;
#6841 = DIRECTION ( 'NONE',  ( 0.000000000000000000, -1.000000000000000000, 0.000000000000000000 ) ) ;
#6842 = PLANE ( 'NONE',  #2919 ) ;
#6843 = LINE ( 'NONE', #2870, #2344 ) ;
#6844 = CYLINDRICAL_SURFACE ( 'NONE', #4363, 0.5000000000000000000 ) ;
#6845 = ORIENTED_EDGE ( 'NONE', *, *, #3915, .F. ) ;
#6846 = VERTEX_POINT ( 'NONE', #137 ) ;
#6847 = DIRECTION ( 'NONE',  ( 1.000000000000000000, 0.000000000000000000, 0.000000000000000000 ) ) ;
#6848 = LINE ( 'NONE', #743, #2017 ) ;
#6849 = DIRECTION ( 'NONE',  ( 0.000000000000000000, 0.000000000000000000, 1.000000000000000000 ) ) ;
#6850 = EDGE_CURVE ( 'NONE', #2972, #6798, #3477, .T. ) ;
#6851 = CARTESIAN_POINT ( 'NONE',  ( -1.899999999999999911, -1.699999999999999956, 5.799999999999999822 ) ) ;
#6852 = VECTOR ( 'NONE', #3365, 1000.000000000000000 ) ;
#6853 = DIRECTION ( 'NONE',  ( 0.000000000000000000, 1.000000000000000000, 0.000000000000000000 ) ) ;
#6854 = EDGE_LOOP ( 'NONE', ( #2255, #1856 ) ) ;
#6855 = DIRECTION ( 'NONE',  ( 0.000000000000000000, 0.000000000000000000, 1.000000000000000000 ) ) ;
#6856 = DIRECTION ( 'NONE',  ( 0.000000000000000000, 0.000000000000000000, 1.000000000000000000 ) ) ;
#6857 = DIRECTION ( 'NONE',  ( -1.000000000000000000, 0.000000000000000000, 0.000000000000000000 ) ) ;
#6858 = AXIS2_PLACEMENT_3D ( 'NONE', #6289, #2978, #1849 ) ;
#6859 = EDGE_CURVE ( 'NONE', #5613, #1592, #178, .T. ) ;
#6860 = DIRECTION ( 'NONE',  ( 0.000000000000000000, 1.000000000000000000, 0.000000000000000000 ) ) ;
#6861 = EDGE_CURVE ( 'NONE', #5052, #4841, #108, .T. ) ;
#6862 = ORIENTED_EDGE ( 'NONE', *, *, #6379, .F. ) ;
#6863 = VECTOR ( 'NONE', #1559, 1000.000000000000114 ) ;
#6864 = ORIENTED_EDGE ( 'NONE', *, *, #3922, .T. ) ;
#6865 = FACE_OUTER_BOUND ( 'NONE', #3212, .T. ) ;
#6866 = DIRECTION ( 'NONE',  ( 1.000000000000000000, 0.000000000000000000, 0.000000000000000000 ) ) ;
#6867 = CARTESIAN_POINT ( 'NONE',  ( -4.675000000000000711, -4.899999999999999467, -3.750000000000000000 ) ) ;
#6868 = EDGE_CURVE ( 'NONE', #3932, #6825, #4959, .T. ) ;
#6869 = DIRECTION ( 'NONE',  ( 1.000000000000000000, 0.000000000000000000, 0.000000000000000000 ) ) ;
#6870 = AXIS2_PLACEMENT_3D ( 'NONE', #1303, #3041, #1910 ) ;
#6871 = CARTESIAN_POINT ( 'NONE',  ( -4.675000000000000711, -4.850000000000000533, -3.149999999999999911 ) ) ;
#6872 = VERTEX_POINT ( 'NONE', #3446 ) ;
#6873 = VECTOR ( 'NONE', #3552, 1000.000000000000000 ) ;
#6874 = VERTEX_POINT ( 'NONE', #3003 ) ;
#6875 = VECTOR ( 'NONE', #6444, 1000.000000000000114 ) ;
#6876 = EDGE_LOOP ( 'NONE', ( #5532, #6884, #3433, #4873, #5769 ) ) ;
#6877 = DIRECTION ( 'NONE',  ( 1.000000000000000000, 0.000000000000000000, 0.000000000000000000 ) ) ;
#6878 = CARTESIAN_POINT ( 'NONE',  ( 4.700000000000000178, -1.800000000000000044, 0.8999999999997999600 ) ) ;
#6879 = CARTESIAN_POINT ( 'NONE',  ( -0.07660168297601999132, -2.299999999999999822, -4.261350971460999837 ) ) ;
#6880 = DIRECTION ( 'NONE',  ( 1.000000000000000000, 0.000000000000000000, 0.000000000000000000 ) ) ;
#6881 = DIRECTION ( 'NONE',  ( 0.000000000000000000, 0.000000000000000000, 1.000000000000000000 ) ) ;
#6882 = CONICAL_SURFACE ( 'NONE', #5837, 0.5999999999489998848, 0.7853981633972990650 ) ;
#6883 = MECHANICAL_DESIGN_GEOMETRIC_PRESENTATION_REPRESENTATION (  '', ( #5016 ), #3401 ) ;
#6884 = ORIENTED_EDGE ( 'NONE', *, *, #5882, .T. ) ;
#6885 = ORIENTED_EDGE ( 'NONE', *, *, #898, .F. ) ;
#6886 = ORIENTED_EDGE ( 'NONE', *, *, #1751, .F. ) ;
#6887 = CARTESIAN_POINT ( 'NONE',  ( 3.399999999999999911, 2.399999999999999911, 5.500000000000000000 ) ) ;
#6888 = DIRECTION ( 'NONE',  ( 1.000000000000000000, 0.000000000000000000, 0.000000000000000000 ) ) ;
#6889 = LINE ( 'NONE', #3471, #2561 ) ;
#6890 = DIRECTION ( 'NONE',  ( 1.000000000000000000, 0.000000000000000000, 0.000000000000000000 ) ) ;
#6891 = ORIENTED_EDGE ( 'NONE', *, *, #2491, .F. ) ;
#6892 = CIRCLE ( 'NONE', #1663, 2.000000000000000888 ) ;
#6893 = CARTESIAN_POINT ( 'NONE',  ( -3.000000000000000000, 2.399999999999999911, 5.500000000000000000 ) ) ;
#6894 = LINE ( 'NONE', #4130, #6176 ) ;
#6895 = DIRECTION ( 'NONE',  ( -9.499238001433084776E-09, 0.000000000000000000, 0.9999999999999997780 ) ) ;
#6896 = VECTOR ( 'NONE', #5671, 1000.000000000000000 ) ;
#6897 = ORIENTED_EDGE ( 'NONE', *, *, #4476, .T. ) ;
#6898 = EDGE_CURVE ( 'NONE', #1944, #1042, #5667, .T. ) ;
#6899 = ORIENTED_EDGE ( 'NONE', *, *, #220, .F. ) ;
#6900 = FACE_BOUND ( 'NONE', #6404, .T. ) ;
#6901 = CARTESIAN_POINT ( 'NONE',  ( 0.8000000000000000444, -2.045017499121999816, 5.444761275728999372 ) ) ;
#6902 = VECTOR ( 'NONE', #4047, 1000.000000000000000 ) ;
#6903 = DIRECTION ( 'NONE',  ( 0.000000000000000000, 1.000000000000000000, 0.000000000000000000 ) ) ;
#6904 = VECTOR ( 'NONE', #2495, 1000.000000000000000 ) ;
#6905 = ORIENTED_EDGE ( 'NONE', *, *, #4690, .F. ) ;
#6906 = ADVANCED_FACE ( 'NONE', ( #2340 ), #4581, .T. ) ;
#6907 = ORIENTED_EDGE ( 'NONE', *, *, #2617, .F. ) ;
#6908 = ORIENTED_EDGE ( 'NONE', *, *, #3727, .F. ) ;
#6909 = CARTESIAN_POINT ( 'NONE',  ( 0.2000000000000000111, 0.5000000000000000000, 6.959999999999999964 ) ) ;
#6910 = DIRECTION ( 'NONE',  ( 0.000000000000000000, 0.000000000000000000, 1.000000000000000000 ) ) ;
#6911 = LINE ( 'NONE', #6397, #1765 ) ;
#6912 = EDGE_CURVE ( 'NONE', #3731, #6810, #3624, .T. ) ;
#6913 = CARTESIAN_POINT ( 'NONE',  ( 2.600000000000000089, 2.500000000000000000, 6.949999999999999289 ) ) ;
#6914 = ADVANCED_FACE ( 'NONE', ( #824 ), #5203, .T. ) ;
#6915 = ORIENTED_EDGE ( 'NONE', *, *, #5965, .F. ) ;
#6916 = VECTOR ( 'NONE', #5908, 1000.000000000000000 ) ;
#6917 = ORIENTED_EDGE ( 'NONE', *, *, #5439, .F. ) ;
#6918 = DIRECTION ( 'NONE',  ( 0.000000000000000000, -1.000000000000000000, 0.000000000000000000 ) ) ;
#6919 = DIRECTION ( 'NONE',  ( 1.000000000000000000, 3.211106594300000224E-14, 0.000000000000000000 ) ) ;
#6920 = CARTESIAN_POINT ( 'NONE',  ( -0.9948204461109999563, 2.974880900854000032, 5.950000000000000178 ) ) ;
#6921 = CARTESIAN_POINT ( 'NONE',  ( -3.425000000000000266, 2.500000000000000000, 5.275000000000000355 ) ) ;
#6922 = VECTOR ( 'NONE', #5906, 1000.000000000000000 ) ;
#6923 = VECTOR ( 'NONE', #2335, 1000.000000000000000 ) ;
#6924 = ORIENTED_EDGE ( 'NONE', *, *, #337, .T. ) ;
#6925 = VECTOR ( 'NONE', #288, 1000.000000000000000 ) ;
#6926 = CARTESIAN_POINT ( 'NONE',  ( -3.200000000000000178, -0.5000000000000000000, 5.500000000000000000 ) ) ;
#6927 = CARTESIAN_POINT ( 'NONE',  ( 1.494219133260999977, 2.926466139506999742, 5.950000000000000178 ) ) ;
#6928 = VECTOR ( 'NONE', #6355, 1000.000000000000000 ) ;
#6929 = ORIENTED_EDGE ( 'NONE', *, *, #4433, .T. ) ;
#6930 = LINE ( 'NONE', #4723, #1929 ) ;
#6931 = ORIENTED_EDGE ( 'NONE', *, *, #2271, .T. ) ;
#6932 = DIRECTION ( 'NONE',  ( 0.000000000000000000, 0.000000000000000000, 1.000000000000000000 ) ) ;
#6933 = CARTESIAN_POINT ( 'NONE',  ( 4.500000000000000000, 3.121762141438999993, 5.549999999999999822 ) ) ;
#6934 = DIRECTION ( 'NONE',  ( 1.000000000000000000, 0.000000000000000000, 0.000000000000000000 ) ) ;
#6935 = ADVANCED_FACE ( 'NONE', ( #3039 ), #895, .F. ) ;
#6936 = EDGE_CURVE ( 'NONE', #1989, #2965, #1972, .T. ) ;
#6937 = ORIENTED_EDGE ( 'NONE', *, *, #4931, .T. ) ;
#6938 = VERTEX_POINT ( 'NONE', #1400 ) ;
#6939 = ORIENTED_EDGE ( 'NONE', *, *, #945, .F. ) ;
#6940 = CARTESIAN_POINT ( 'NONE',  ( 0.2000000000000000111, -1.599999999999999867, 5.841499999999999915 ) ) ;
#6941 = DIRECTION ( 'NONE',  ( 0.3296118453156096639, 0.9441165348767273091, 0.000000000000000000 ) ) ;
#6942 = DIRECTION ( 'NONE',  ( 0.000000000000000000, 0.000000000000000000, 1.000000000000000000 ) ) ;
#6943 = CARTESIAN_POINT ( 'NONE',  ( -0.8499999999999999778, -2.200000000000000178, -3.550000000000000266 ) ) ;
#6944 = DIRECTION ( 'NONE',  ( 0.000000000000000000, 1.000000000000000000, 0.000000000000000000 ) ) ;
#6945 = EDGE_CURVE ( 'NONE', #3722, #6188, #7021, .T. ) ;
#6946 = EDGE_CURVE ( 'NONE', #3677, #5784, #3180, .T. ) ;
#6947 = ORIENTED_EDGE ( 'NONE', *, *, #2585, .T. ) ;
#6948 = EDGE_LOOP ( 'NONE', ( #3637, #2005, #2265, #1914 ) ) ;
#6949 = EDGE_CURVE ( 'NONE', #778, #6202, #2511, .T. ) ;
#6950 = CARTESIAN_POINT ( 'NONE',  ( 5.200000000000000178, 2.399999999999999911, -3.262500000000000178 ) ) ;
#6951 = DIRECTION ( 'NONE',  ( -0.000000000000000000, 0.7071067811865475727, 0.7071067811865475727 ) ) ;
#6952 = CARTESIAN_POINT ( 'NONE',  ( 4.549999999999999822, -1.899999999999999911, 1.000000000000000000 ) ) ;
#6953 = EDGE_CURVE ( 'NONE', #4688, #2672, #4819, .T. ) ;
#6954 = PLANE ( 'NONE',  #4226 ) ;
#6955 = LINE ( 'NONE', #310, #998 ) ;
#6956 = FACE_OUTER_BOUND ( 'NONE', #4263, .T. ) ;
#6957 = ORIENTED_EDGE ( 'NONE', *, *, #1475, .F. ) ;
#6958 = FACE_OUTER_BOUND ( 'NONE', #6722, .T. ) ;
#6959 = FACE_OUTER_BOUND ( 'NONE', #6854, .T. ) ;
#6960 = CARTESIAN_POINT ( 'NONE',  ( -0.1700556982308999987, -2.200000000000000178, -4.532520887255999220 ) ) ;
#6961 = ORIENTED_EDGE ( 'NONE', *, *, #2232, .F. ) ;
#6962 = VERTEX_POINT ( 'NONE', #5319 ) ;
#6963 = VECTOR ( 'NONE', #3806, 1000.000000000000000 ) ;
#6964 = DIRECTION ( 'NONE',  ( 0.000000000000000000, 0.000000000000000000, 1.000000000000000000 ) ) ;
#6965 = DIRECTION ( 'NONE',  ( -0.000000000000000000, 1.000000000000000000, 0.000000000000000000 ) ) ;
#6966 = ADVANCED_FACE ( 'NONE', ( #6989 ), #3719, .F. ) ;
#6967 = VERTEX_POINT ( 'NONE', #958 ) ;
#6968 = EDGE_LOOP ( 'NONE', ( #541, #2606, #3131, #6550 ) ) ;
#6969 = ORIENTED_EDGE ( 'NONE', *, *, #5615, .T. ) ;
#6970 = CARTESIAN_POINT ( 'NONE',  ( -0.09999999999999996392, -4.850000000000000533, 5.299999999999999822 ) ) ;
#6971 = CIRCLE ( 'NONE', #4555, 2.200000000005000178 ) ;
#6972 = LINE ( 'NONE', #5242, #7089 ) ;
#6973 = LINE ( 'NONE', #1956, #6761 ) ;
#6974 = CARTESIAN_POINT ( 'NONE',  ( -0.1325208861381000081, -2.200000000000000178, -3.850000000000000089 ) ) ;
#6975 = AXIS2_PLACEMENT_3D ( 'NONE', #3363, #4502, #673 ) ;
#6976 = AXIS2_PLACEMENT_3D ( 'NONE', #3061, #3126, #6941 ) ;
#6977 = VERTEX_POINT ( 'NONE', #1436 ) ;
#6978 = VERTEX_POINT ( 'NONE', #3077 ) ;
#6979 = EDGE_CURVE ( 'NONE', #3024, #3316, #421, .T. ) ;
#6980 = CARTESIAN_POINT ( 'NONE',  ( -5.349999999999999645, 3.299999999999999822, 4.675000000000000711 ) ) ;
#6981 = DIRECTION ( 'NONE',  ( 1.000000000000000000, 0.000000000000000000, 0.000000000000000000 ) ) ;
#6982 = CARTESIAN_POINT ( 'NONE',  ( -0.8499999999999999778, -2.200000000000000178, -5.250000000000000000 ) ) ;
#6983 = CARTESIAN_POINT ( 'NONE',  ( -1.449999999999999956, 2.200000000000000178, -6.125000000000000000 ) ) ;
#6984 = CARTESIAN_POINT ( 'NONE',  ( -0.01761839278059124797, -2.200000000000000178, -4.085167163610375241 ) ) ;
#6985 = VECTOR ( 'NONE', #5650, 1000.000000000000000 ) ;
#6986 = ORIENTED_EDGE ( 'NONE', *, *, #5557, .T. ) ;
#6987 = EDGE_CURVE ( 'NONE', #1835, #73, #6449, .T. ) ;
#6988 = PLANE ( 'NONE',  #397 ) ;
#6989 = FACE_OUTER_BOUND ( 'NONE', #1658, .T. ) ;
#6990 = LINE ( 'NONE', #999, #5245 ) ;
#6991 = ADVANCED_FACE ( 'NONE', ( #6958 ), #4165, .T. ) ;
#6992 = EDGE_CURVE ( 'NONE', #4051, #5284, #4273, .T. ) ;
#6993 = VERTEX_POINT ( 'NONE', #5286 ) ;
#6994 = EDGE_LOOP ( 'NONE', ( #4487, #2682, #6313, #6915, #615 ) ) ;
#6995 = DIRECTION ( 'NONE',  ( 1.000000000000000000, 0.000000000000000000, 0.000000000000000000 ) ) ;
#6996 = DIRECTION ( 'NONE',  ( 0.000000000000000000, 0.000000000000000000, -1.000000000000000000 ) ) ;
#6997 = DIRECTION ( 'NONE',  ( -1.000000000000000000, 0.000000000000000000, 0.000000000000000000 ) ) ;
#6998 = AXIS2_PLACEMENT_3D ( 'NONE', #3845, #2095, #4979 ) ;
#6999 = VERTEX_POINT ( 'NONE', #858 ) ;
#7000 = EDGE_LOOP ( 'NONE', ( #848, #2503 ) ) ;
#7001 = ORIENTED_EDGE ( 'NONE', *, *, #6161, .T. ) ;
#7002 = VECTOR ( 'NONE', #5578, 1000.000000000000000 ) ;
#7003 = PLANE ( 'NONE',  #2501 ) ;
#7004 = ORIENTED_EDGE ( 'NONE', *, *, #774, .F. ) ;
#7005 = CARTESIAN_POINT ( 'NONE',  ( -2.100000000000000089, -1.699999999999999956, 5.500000000000000000 ) ) ;
#7006 = CARTESIAN_POINT ( 'NONE',  ( 0.2000000000000000111, 0.5000000000000000000, 6.959999999999999964 ) ) ;
#7007 = CARTESIAN_POINT ( 'NONE',  ( 0.1784818660467999973, -2.299999999999999822, -4.532520887255999220 ) ) ;
#7008 = AXIS2_PLACEMENT_3D ( 'NONE', #6878, #5169, #3501 ) ;
#7009 = ORIENTED_EDGE ( 'NONE', *, *, #6715, .T. ) ;
#7010 = ORIENTED_EDGE ( 'NONE', *, *, #4282, .F. ) ;
#7011 = DIRECTION ( 'NONE',  ( -0.000000000000000000, 1.000000000000000000, 0.000000000000000000 ) ) ;
#7012 = SURFACE_SIDE_STYLE ('',( #7048 ) ) ;
#7013 = DIRECTION ( 'NONE',  ( 0.000000000000000000, 0.000000000000000000, 1.000000000000000000 ) ) ;
#7014 = VECTOR ( 'NONE', #5409, 1000.000000000000000 ) ;
#7015 = CARTESIAN_POINT ( 'NONE',  ( -0.5499999999069000722, -2.200000000000000178, -4.950000000000000178 ) ) ;
#7016 = DIRECTION ( 'NONE',  ( 0.000000000000000000, 1.000000000000000000, 0.000000000000000000 ) ) ;
#7017 = ADVANCED_FACE ( 'NONE', ( #5356 ), #1359, .F. ) ;
#7018 = CIRCLE ( 'NONE', #3891, 0.2999999999999999889 ) ;
#7019 = EDGE_CURVE ( 'NONE', #2058, #2865, #4849, .T. ) ;
#7020 = ORIENTED_EDGE ( 'NONE', *, *, #29, .T. ) ;
#7021 = LINE ( 'NONE', #2008, #3203 ) ;
#7022 = CARTESIAN_POINT ( 'NONE',  ( -3.350000000000710187, 0.4000000000000000222, 4.675000000000000711 ) ) ;
#7023 = VECTOR ( 'NONE', #6672, 1000.000000000000000 ) ;
#7024 = AXIS2_PLACEMENT_3D ( 'NONE', #6282, #5746, #2971 ) ;
#7025 = CYLINDRICAL_SURFACE ( 'NONE', #2331, 0.5250000000000002442 ) ;
#7026 = ADVANCED_FACE ( 'NONE', ( #2546, #4304 ), #1534, .F. ) ;
#7027 = ORIENTED_EDGE ( 'NONE', *, *, #7057, .F. ) ;
#7028 = VECTOR ( 'NONE', #854, 1000.000000000000000 ) ;
#7029 = EDGE_LOOP ( 'NONE', ( #2645, #4039, #4542, #5558 ) ) ;
#7030 = EDGE_CURVE ( 'NONE', #5416, #2768, #3443, .T. ) ;
#7031 = DIRECTION ( 'NONE',  ( 5.477100254817000116E-14, -1.000000000000000000, 0.000000000000000000 ) ) ;
#7032 = CARTESIAN_POINT ( 'NONE',  ( -4.675000000000000711, -4.899999999999999467, -3.149999999999999911 ) ) ;
#7033 = DIRECTION ( 'NONE',  ( 0.000000000000000000, 1.000000000000000000, 0.000000000000000000 ) ) ;
#7034 = AXIS2_PLACEMENT_3D ( 'NONE', #4439, #4589, #4656 ) ;
#7035 = CARTESIAN_POINT ( 'NONE',  ( -2.149999999999999911, 2.500000000000000000, 6.949999999999999289 ) ) ;
#7036 = EDGE_LOOP ( 'NONE', ( #1127, #72, #1584, #3122, #1481 ) ) ;
#7037 = ORIENTED_EDGE ( 'NONE', *, *, #2151, .T. ) ;
#7038 = AXIS2_PLACEMENT_3D ( 'NONE', #3259, #6089, #2158 ) ;
#7039 = ORIENTED_EDGE ( 'NONE', *, *, #1955, .T. ) ;
#7040 = ORIENTED_EDGE ( 'NONE', *, *, #4566, .T. ) ;
#7041 = FACE_OUTER_BOUND ( 'NONE', #5165, .T. ) ;
#7042 =( LENGTH_UNIT ( ) NAMED_UNIT ( * ) SI_UNIT ( .MILLI., .METRE. ) );
#7043 = CARTESIAN_POINT ( 'NONE',  ( 3.600000000000000089, -0.5000000000000000000, 5.799999999999999822 ) ) ;
#7044 = DIRECTION ( 'NONE',  ( 1.000000000000000000, 0.000000000000000000, 0.000000000000000000 ) ) ;
#7045 = CARTESIAN_POINT ( 'NONE',  ( 0.3270891200751999683, -2.299999999999999822, -4.950000000000000178 ) ) ;
#7046 = ORIENTED_EDGE ( 'NONE', *, *, #557, .F. ) ;
#7047 = VERTEX_POINT ( 'NONE', #3218 ) ;
#7048 = SURFACE_STYLE_FILL_AREA ( #1053 ) ;
#7049 = CARTESIAN_POINT ( 'NONE',  ( 2.299999999999999822, -1.800000000000000044, 5.799999999999999822 ) ) ;
#7050 = CARTESIAN_POINT ( 'NONE',  ( -4.299999999999999822, 3.100000000000000089, 5.549999999999999822 ) ) ;
#7051 = CARTESIAN_POINT ( 'NONE',  ( -0.4000000000000000222, -4.899999999999999467, 5.299999999999999822 ) ) ;
#7052 = CARTESIAN_POINT ( 'NONE',  ( 4.500000000000000000, 2.500000000000000000, 5.549999999999999822 ) ) ;
#7053 = PRODUCT_RELATED_PRODUCT_CATEGORY ( 'part', '', ( #3609 ) ) ;
#7054 = ORIENTED_EDGE ( 'NONE', *, *, #2308, .F. ) ;
#7055 = LINE ( 'NONE', #6555, #5753 ) ;
#7056 = DIRECTION ( 'NONE',  ( -1.000000000000000000, 0.000000000000000000, 0.000000000000000000 ) ) ;
#7057 = EDGE_CURVE ( 'NONE', #4830, #916, #3860, .T. ) ;
#7058 = CARTESIAN_POINT ( 'NONE',  ( 3.550000000000000266, -1.699999999999999956, -5.575000000000000178 ) ) ;
#7059 = CARTESIAN_POINT ( 'NONE',  ( 0.2443593274800999748, -2.299999999999999822, -4.717896939814000490 ) ) ;
#7060 = ORIENTED_EDGE ( 'NONE', *, *, #3577, .T. ) ;
#7061 = B_SPLINE_CURVE_WITH_KNOTS ( 'NONE', 3,
 ( #7174, #5036, #3862, #3254 ),
 .UNSPECIFIED., .F., .F.,
 ( 4, 4 ),
 ( 0.000000000000000000, 1.000000000000000000 ),
 .UNSPECIFIED. ) ;
#7062 = ORIENTED_EDGE ( 'NONE', *, *, #5025, .T. ) ;
#7063 = ORIENTED_EDGE ( 'NONE', *, *, #3472, .T. ) ;
#7064 = DIRECTION ( 'NONE',  ( 1.000000000000000000, 0.000000000000000000, 0.000000000000000000 ) ) ;
#7065 = EDGE_CURVE ( 'NONE', #3970, #5741, #4348, .T. ) ;
#7066 = LINE ( 'NONE', #5326, #1973 ) ;
#7067 = AXIS2_PLACEMENT_3D ( 'NONE', #3828, #6742, #2188 ) ;
#7068 = EDGE_LOOP ( 'NONE', ( #5305, #2069 ) ) ;
#7069 = VECTOR ( 'NONE', #7167, 1000.000000000000000 ) ;
#7070 = ORIENTED_EDGE ( 'NONE', *, *, #2449, .F. ) ;
#7071 = ORIENTED_EDGE ( 'NONE', *, *, #4373, .T. ) ;
#7072 = ADVANCED_FACE ( 'NONE', ( #5505 ), #527, .T. ) ;
#7073 = ORIENTED_EDGE ( 'NONE', *, *, #6198, .F. ) ;
#7074 = DIRECTION ( 'NONE',  ( -2.028361564358297984E-14, 1.000000000000000000, 0.000000000000000000 ) ) ;
#7075 = DIRECTION ( 'NONE',  ( 0.000000000000000000, 0.000000000000000000, -1.000000000000000000 ) ) ;
#7076 = DIRECTION ( 'NONE',  ( 0.000000000000000000, -1.000000000000000000, 0.000000000000000000 ) ) ;
#7077 = CARTESIAN_POINT ( 'NONE',  ( 0.8499999999999999778, -2.500000000000000000, -5.250000000000000000 ) ) ;
#7078 = ORIENTED_EDGE ( 'NONE', *, *, #5534, .T. ) ;
#7079 = ADVANCED_FACE ( 'NONE', ( #2726 ), #1571, .T. ) ;
#7080 = CARTESIAN_POINT ( 'NONE',  ( -2.149999999999999911, 2.075000000000000178, 6.450000000000000178 ) ) ;
#7081 = CIRCLE ( 'NONE', #6394, 0.4499999999995002997 ) ;
#7082 = VERTEX_POINT ( 'NONE', #5429 ) ;
#7083 = PRESENTATION_STYLE_ASSIGNMENT (( #5496 ) ) ;
#7084 = DIRECTION ( 'NONE',  ( 0.000000000000000000, 0.000000000000000000, 1.000000000000000000 ) ) ;
#7085 = DIRECTION ( 'NONE',  ( 5.625129991434000464E-14, -1.000000000000000000, 0.000000000000000000 ) ) ;
#7086 = FACE_OUTER_BOUND ( 'NONE', #5129, .T. ) ;
#7087 = FACE_OUTER_BOUND ( 'NONE', #3610, .T. ) ;
#7088 = CIRCLE ( 'NONE', #6975, 4.000000000000001776 ) ;
#7089 = VECTOR ( 'NONE', #4150, 1000.000000000000000 ) ;
#7090 = ORIENTED_EDGE ( 'NONE', *, *, #5518, .F. ) ;
#7091 = ORIENTED_EDGE ( 'NONE', *, *, #1233, .F. ) ;
#7092 = AXIS2_PLACEMENT_3D ( 'NONE', #244, #4123, #6350 ) ;
#7093 = DIRECTION ( 'NONE',  ( 1.000000000000000000, 0.000000000000000000, 0.000000000000000000 ) ) ;
#7094 = AXIS2_PLACEMENT_3D ( 'NONE', #2678, #4369, #5924 ) ;
#7095 = DIRECTION ( 'NONE',  ( 0.000000000000000000, 0.000000000000000000, 1.000000000000000000 ) ) ;
#7096 = CARTESIAN_POINT ( 'NONE',  ( 4.000000000000000000, 3.100000000000000089, 5.549999999999999822 ) ) ;
#7097 = DIRECTION ( 'NONE',  ( 0.000000000000000000, 0.000000000000000000, 1.000000000000000000 ) ) ;
#7098 = VECTOR ( 'NONE', #6186, 1000.000000000000000 ) ;
#7099 = ORIENTED_EDGE ( 'NONE', *, *, #2837, .T. ) ;
#7100 = EDGE_LOOP ( 'NONE', ( #4454, #4108, #5166, #112 ) ) ;
#7101 = CARTESIAN_POINT ( 'NONE',  ( 3.625000000000000000, 2.299999999999999822, 5.474999999999999645 ) ) ;
#7102 = DIRECTION ( 'NONE',  ( -1.000000000000000000, 0.000000000000000000, 0.000000000000000000 ) ) ;
#7103 = DIRECTION ( 'NONE',  ( 0.000000000000000000, -1.000000000000000000, 0.000000000000000000 ) ) ;
#7104 = EDGE_LOOP ( 'NONE', ( #2858, #1949, #4832, #2714 ) ) ;
#7105 = EDGE_CURVE ( 'NONE', #3367, #6646, #7142, .T. ) ;
#7106 = EDGE_LOOP ( 'NONE', ( #6178, #398, #2778, #4386 ) ) ;
#7107 = DIRECTION ( 'NONE',  ( 1.000000000000000000, 0.000000000000000000, 0.000000000000000000 ) ) ;
#7108 = EDGE_LOOP ( 'NONE', ( #1724, #5470, #136, #1513, #2339 ) ) ;
#7109 = VERTEX_POINT ( 'NONE', #1101 ) ;
#7110 = DIRECTION ( 'NONE',  ( 0.8320502943380743144, -0.5547001962248832019, 0.000000000000000000 ) ) ;
#7111 = AXIS2_PLACEMENT_3D ( 'NONE', #1553, #443, #3771 ) ;
#7112 = DIRECTION ( 'NONE',  ( 0.000000000000000000, 0.000000000000000000, -1.000000000000000000 ) ) ;
#7113 = DIRECTION ( 'NONE',  ( 1.000000000000000000, 0.000000000000000000, 0.000000000000000000 ) ) ;
#7114 = ADVANCED_FACE ( 'NONE', ( #4884 ), #2150, .F. ) ;
#7115 = VECTOR ( 'NONE', #316, 1000.000000000000000 ) ;
#7116 = ORIENTED_EDGE ( 'NONE', *, *, #6161, .F. ) ;
#7117 = FACE_OUTER_BOUND ( 'NONE', #4634, .T. ) ;
#7118 = ORIENTED_EDGE ( 'NONE', *, *, #4240, .F. ) ;
#7119 = FACE_OUTER_BOUND ( 'NONE', #3994, .T. ) ;
#7120 = CARTESIAN_POINT ( 'NONE',  ( 5.750000000000000000, 3.500000000000000000, -6.949999999999999289 ) ) ;
#7121 = EDGE_CURVE ( 'NONE', #3524, #6608, #1141, .T. ) ;
#7122 = CARTESIAN_POINT ( 'NONE',  ( -2.475000000000000089, -1.699999999999999956, -1.787069746573074935 ) ) ;
#7123 = CARTESIAN_POINT ( 'NONE',  ( 0.1999999999999997613, 2.600000000000000089, 5.841499999999999915 ) ) ;
#7124 = AXIS2_PLACEMENT_3D ( 'NONE', #808, #663, #199 ) ;
#7125 = DIRECTION ( 'NONE',  ( 0.7071067811813830373, 0.000000000000000000, 0.7071067811917121082 ) ) ;
#7126 = ORIENTED_EDGE ( 'NONE', *, *, #373, .T. ) ;
#7127 = DIRECTION ( 'NONE',  ( 0.000000000000000000, 1.000000000000000000, 0.000000000000000000 ) ) ;
#7128 = AXIS2_PLACEMENT_3D ( 'NONE', #7171, #6264, #1325 ) ;
#7129 = ORIENTED_EDGE ( 'NONE', *, *, #1047, .T. ) ;
#7130 = CARTESIAN_POINT ( 'NONE',  ( -2.125000000000000000, -2.500000000000000000, -2.050000000000000266 ) ) ;
#7131 = DIRECTION ( 'NONE',  ( -0.000000000000000000, 1.000000000000000000, 0.000000000000000000 ) ) ;
#7132 = CARTESIAN_POINT ( 'NONE',  ( 4.710653744329410308, 3.100000000000000089, 4.675000000000000711 ) ) ;
#7133 = VECTOR ( 'NONE', #3023, 1000.000000000000000 ) ;
#7134 = CARTESIAN_POINT ( 'NONE',  ( -3.200000000000000178, 0.8499999999999999778, 5.649999999999999467 ) ) ;
#7135 = VERTEX_POINT ( 'NONE', #3361 ) ;
#7136 = VERTEX_POINT ( 'NONE', #453 ) ;
#7137 = VECTOR ( 'NONE', #3652, 1000.000000000000000 ) ;
#7138 = DIRECTION ( 'NONE',  ( 0.000000000000000000, -1.000000000000000000, 0.000000000000000000 ) ) ;
#7139 = DIRECTION ( 'NONE',  ( 1.000000000000000000, 0.000000000000000000, 0.000000000000000000 ) ) ;
#7140 = CARTESIAN_POINT ( 'NONE',  ( -4.299999999999999822, 3.500000000000000000, 6.400000000000000355 ) ) ;
#7141 = B_SPLINE_CURVE_WITH_KNOTS ( 'NONE', 3,
 ( #5275, #912, #6879, #1322 ),
 .UNSPECIFIED., .F., .F.,
 ( 4, 4 ),
 ( 0.000000000000000000, 1.000000000000000000 ),
 .UNSPECIFIED. ) ;
#7142 = CIRCLE ( 'NONE', #1814, 0.1499999999999999944 ) ;
#7143 = VECTOR ( 'NONE', #3406, 1000.000000000000000 ) ;
#7144 = ORIENTED_EDGE ( 'NONE', *, *, #2840, .T. ) ;
#7145 = VERTEX_POINT ( 'NONE', #6081 ) ;
#7146 = EDGE_CURVE ( 'NONE', #883, #1944, #6703, .T. ) ;
#7147 = VERTEX_POINT ( 'NONE', #3789 ) ;
#7148 = CARTESIAN_POINT ( 'NONE',  ( -4.349999999999999645, -1.699999999999999956, -2.500000000000000000 ) ) ;
#7149 = DIRECTION ( 'NONE',  ( 1.000000000000000000, 0.000000000000000000, 0.000000000000000000 ) ) ;
#7150 = CIRCLE ( 'NONE', #209, 0.8500000000000000888 ) ;
#7151 = CARTESIAN_POINT ( 'NONE',  ( -2.600000000000000089, -1.775000000000001021, -1.456350832690015418 ) ) ;
#7152 = EDGE_CURVE ( 'NONE', #2882, #6938, #6351, .T. ) ;
#7153 = DIRECTION ( 'NONE',  ( -1.000000000000000000, 0.000000000000000000, 0.000000000000000000 ) ) ;
#7154 = EDGE_CURVE ( 'NONE', #806, #6872, #3900, .T. ) ;
#7155 = LINE ( 'NONE', #3276, #645 ) ;
#7156 = CIRCLE ( 'NONE', #5789, 0.1499999999999999667 ) ;
#7157 = ORIENTED_EDGE ( 'NONE', *, *, #1257, .T. ) ;
#7158 = ORIENTED_EDGE ( 'NONE', *, *, #1773, .T. ) ;
#7159 = CARTESIAN_POINT ( 'NONE',  ( -0.4000000000000000222, -2.045017499121999816, 5.444761275728999372 ) ) ;
#7160 = DIRECTION ( 'NONE',  ( 0.000000000000000000, 1.000000000000000000, 0.000000000000000000 ) ) ;
#7161 = ADVANCED_FACE ( 'NONE', ( #25 ), #3824, .F. ) ;
#7162 = DIRECTION ( 'NONE',  ( -0.7071067811864419905, 8.659560562353641098E-17, 0.7071067811866530439 ) ) ;
#7163 = CARTESIAN_POINT ( 'NONE',  ( -3.000000000000000000, 2.200000000000000178, 5.799999999999999822 ) ) ;
#7164 = ADVANCED_FACE ( 'NONE', ( #3248, #4961 ), #5978, .T. ) ;
#7165 = PLANE ( 'NONE',  #4620 ) ;
#7166 = ORIENTED_EDGE ( 'NONE', *, *, #5519, .F. ) ;
#7167 = DIRECTION ( 'NONE',  ( 0.000000000000000000, 1.000000000000000000, 0.000000000000000000 ) ) ;
#7168 = ORIENTED_EDGE ( 'NONE', *, *, #4572, .T. ) ;
#7169 = EDGE_CURVE ( 'NONE', #163, #3980, #4947, .T. ) ;
#7170 = LINE ( 'NONE', #1639, #3071 ) ;
#7171 = CARTESIAN_POINT ( 'NONE',  ( 4.700000000000000178, -1.800000000000000044, 2.399999999999999911 ) ) ;
#7172 = CARTESIAN_POINT ( 'NONE',  ( 0.2000000000000000111, 0.5000000000000000000, 5.000000000000000000 ) ) ;
#7173 = CARTESIAN_POINT ( 'NONE',  ( 5.150000000000000355, -1.699999999999999956, 2.500000000000000000 ) ) ;
#7174 = CARTESIAN_POINT ( 'NONE',  ( 0.1784818660467999973, -2.299999999999999822, -4.532520887255999220 ) ) ;
#7175 = ORIENTED_EDGE ( 'NONE', *, *, #5214, .T. ) ;
#7176 = ORIENTED_EDGE ( 'NONE', *, *, #1591, .F. ) ;
#7177 = DIRECTION ( 'NONE',  ( 0.000000000000000000, -1.000000000000000000, 0.000000000000000000 ) ) ;
#7178 = DIRECTION ( 'NONE',  ( 0.000000000000000000, 0.000000000000000000, -1.000000000000000000 ) ) ;
#7179 = DIRECTION ( 'NONE',  ( 0.000000000000000000, 0.000000000000000000, 1.000000000000000000 ) ) ;
#7180 = DIRECTION ( 'NONE',  ( 0.000000000000000000, 0.000000000000000000, -1.000000000000000000 ) ) ;
#7181 = ORIENTED_EDGE ( 'NONE', *, *, #4566, .F. ) ;
#7182 = ORIENTED_EDGE ( 'NONE', *, *, #4851, .F. ) ;
ENDSEC;
END-ISO-10303-21;
