ISO-10303-21;
HEADER;
FILE_DESCRIPTION (( 'STEP AP214' ),
    '1' );
FILE_NAME ('JS202011AQN.STEP',
    '2021-06-18T11:48:57',
    ( '' ),
    ( '' ),
    'SwSTEP 2.0',
    'SolidWorks 2018',
    '' );
FILE_SCHEMA (( 'AUTOMOTIVE_DESIGN' ));
ENDSEC;

DATA;
#1 = CIRCLE ( 'NONE', #9726, 0.07999999999999998779 ) ;
#2 = ADVANCED_FACE ( 'NONE', ( #2851 ), #3009, .T. ) ;
#3 = LINE ( 'NONE', #3993, #3732 ) ;
#4 = MECHANICAL_DESIGN_GEOMETRIC_PRESENTATION_REPRESENTATION (  '', ( #8758 ), #513 ) ;
#5 = VERTEX_POINT ( 'NONE', #6813 ) ;
#6 = CARTESIAN_POINT ( 'NONE',  ( 4.150000000000000355, -0.3500000000000006439, 1.500000000000000000 ) ) ;
#7 = EDGE_LOOP ( 'NONE', ( #3180, #1998, #7784, #1637 ) ) ;
#8 = VERTEX_POINT ( 'NONE', #105 ) ;
#9 = CARTESIAN_POINT ( 'NONE',  ( 2.799999999999999822, -0.8499999999999992006, 1.800000000000000044 ) ) ;
#10 = EDGE_LOOP ( 'NONE', ( #8952, #1302, #5976, #7750 ) ) ;
#12 = PRESENTATION_LAYER_ASSIGNMENT (  '', '', ( #8760 ) ) ;
#11 = CARTESIAN_POINT ( 'NONE',  ( -3.399999999999996358, -1.750000000000000000, 4.212899870229386855E-15 ) ) ;
#13 = ORIENTED_EDGE ( 'NONE', *, *, #2468, .F. ) ;
#14 = EDGE_CURVE ( 'NONE', #2945, #2298, #5900, .T. ) ;
#15 = EDGE_LOOP ( 'NONE', ( #8236, #3838, #2565, #7776, #4458, #383, #8927, #7661, #4946, #6490, #7542, #4340, #4686, #9430, #1575, #4244 ) ) ;
#16 = EDGE_CURVE ( 'NONE', #3258, #8031, #6759, .T. ) ;
#17 = UNCERTAINTY_MEASURE_WITH_UNIT (LENGTH_MEASURE( 1.000000000000000082E-05 ), #8652, 'distance_accuracy_value', 'NONE');
#18 = FACE_OUTER_BOUND ( 'NONE', #484, .T. ) ;
#19 = VERTEX_POINT ( 'NONE', #3078 ) ;
#20 = CARTESIAN_POINT ( 'NONE',  ( 4.915049848600916621E-15, 1.750000000000000000, -1.699999999999988187 ) ) ;
#21 = VERTEX_POINT ( 'NONE', #6657 ) ;
#22 = ORIENTED_EDGE ( 'NONE', *, *, #6788, .F. ) ;
#23 = CARTESIAN_POINT ( 'NONE',  ( -2.800000000000000266, -1.149999999999999911, 1.500000000000000000 ) ) ;
#24 = EDGE_LOOP ( 'NONE', ( #6698, #5308, #7451, #7399 ) ) ;
#25 = COLOUR_RGB ( '',0.2509803921568627416, 0.2509803921568627416, 0.2509803921568627416 ) ;
#26 = VECTOR ( 'NONE', #2787, 1000.000000000000000 ) ;
#27 = ORIENTED_EDGE ( 'NONE', *, *, #8667, .T. ) ;
#28 = LINE ( 'NONE', #1120, #8115 ) ;
#29 = AXIS2_PLACEMENT_3D ( 'NONE', #8376, #5967, #717 ) ;
#30 = LINE ( 'NONE', #1390, #8018 ) ;
#31 = DIRECTION ( 'NONE',  ( -0.0000000000000000000, 4.818676322157808222E-16, 1.000000000000000000 ) ) ;
#32 = CARTESIAN_POINT ( 'NONE',  ( 2.799999999999999822, -1.149999999999999911, 1.499999999999999334 ) ) ;
#33 = DIRECTION ( 'NONE',  ( -0.0000000000000000000, 0.7660444431189743497, 0.6427876096865436928 ) ) ;
#34 = CARTESIAN_POINT ( 'NONE',  ( -5.221110255092797026, -1.149999999999999911, 1.500000000000000000 ) ) ;
#35 = VERTEX_POINT ( 'NONE', #6074 ) ;
#36 = VERTEX_POINT ( 'NONE', #1558 ) ;
#37 = ORIENTED_EDGE ( 'NONE', *, *, #2521, .F. ) ;
#38 = ORIENTED_EDGE ( 'NONE', *, *, #9566, .T. ) ;
#39 = CARTESIAN_POINT ( 'NONE',  ( 4.399999999999998579, 1.649999999999999911, 1.699999999999999956 ) ) ;
#40 = VECTOR ( 'NONE', #3117, 1000.000000000000000 ) ;
#41 = EDGE_LOOP ( 'NONE', ( #2294, #98, #1824, #1258 ) ) ;
#42 = DIRECTION ( 'NONE',  ( 1.000000000000000000, 0.0000000000000000000, -0.0000000000000000000 ) ) ;
#43 = EDGE_LOOP ( 'NONE', ( #6950, #4614, #2979, #8341 ) ) ;
#44 = AXIS2_PLACEMENT_3D ( 'NONE', #5086, #1984, #4101 ) ;
#45 = PLANE ( 'NONE',  #9498 ) ;
#46 = ORIENTED_EDGE ( 'NONE', *, *, #2027, .F. ) ;
#47 = ORIENTED_EDGE ( 'NONE', *, *, #8173, .T. ) ;
#48 = VERTEX_POINT ( 'NONE', #2575 ) ;
#49 = ORIENTED_EDGE ( 'NONE', *, *, #1471, .T. ) ;
#50 = EDGE_CURVE ( 'NONE', #3390, #1941, #9448, .T. ) ;
#51 = ADVANCED_FACE ( 'NONE', ( #1636 ), #1821, .F. ) ;
#52 = PRESENTATION_LAYER_ASSIGNMENT (  '', '', ( #1021 ) ) ;
#53 = SURFACE_STYLE_FILL_AREA ( #4228 ) ;
#54 = UNCERTAINTY_MEASURE_WITH_UNIT (LENGTH_MEASURE( 1.000000000000000082E-05 ), #1223, 'distance_accuracy_value', 'NONE');
#55 = CARTESIAN_POINT ( 'NONE',  ( -0.2999999999999994893, -4.000000000000000000, -1.800000000000000488 ) ) ;
#56 = MECHANICAL_DESIGN_GEOMETRIC_PRESENTATION_REPRESENTATION (  '', ( #8799 ), #553 ) ;
#57 = ORIENTED_EDGE ( 'NONE', *, *, #14, .F. ) ;
#58 = LINE ( 'NONE', #1623, #4020 ) ;
#59 = SURFACE_SIDE_STYLE ('',( #6873 ) ) ;
#60 = SURFACE_STYLE_USAGE ( .BOTH. , #3064 ) ;
#61 = CARTESIAN_POINT ( 'NONE',  ( -4.150000000000000355, 0.6296890111571915583, -1.500000000000000000 ) ) ;
#62 = DIRECTION ( 'NONE',  ( 0.0000000000000000000, 0.0000000000000000000, -1.000000000000000000 ) ) ;
#64 = CARTESIAN_POINT ( 'NONE',  ( -0.2999999999999999334, -0.8499999999999990896, 1.499999999999999334 ) ) ;
#63 =( GEOMETRIC_REPRESENTATION_CONTEXT ( 3 ) GLOBAL_UNCERTAINTY_ASSIGNED_CONTEXT ( ( #7318 ) ) GLOBAL_UNIT_ASSIGNED_CONTEXT ( ( #2376, #7683, #3154 ) ) REPRESENTATION_CONTEXT ( 'NONE', 'WORKASPACE' ) );
#65 = VECTOR ( 'NONE', #3120, 1000.000000000000000 ) ;
#66 = EDGE_CURVE ( 'NONE', #5512, #4958, #7549, .T. ) ;
#67 = AXIS2_PLACEMENT_3D ( 'NONE', #5252, #33, #6770 ) ;
#68 = LINE ( 'NONE', #9343, #6474 ) ;
#69 = COLOUR_RGB ( '',0.2509803921568627416, 0.2509803921568627416, 0.2509803921568627416 ) ;
#70 = DIRECTION ( 'NONE',  ( -0.0000000000000000000, -1.000000000000000000, -0.0000000000000000000 ) ) ;
#71 = UNCERTAINTY_MEASURE_WITH_UNIT (LENGTH_MEASURE( 1.000000000000000082E-05 ), #218, 'distance_accuracy_value', 'NONE');
#72 = DIRECTION ( 'NONE',  ( 0.0000000000000000000, -1.000000000000000000, 0.0000000000000000000 ) ) ;
#73 = EDGE_CURVE ( 'NONE', #2288, #7349, #5533, .T. ) ;
#74 = CARTESIAN_POINT ( 'NONE',  ( 2.674999999999999378, -4.749999999999999112, 3.800000000000001155 ) ) ;
#75 = LINE ( 'NONE', #4390, #4030 ) ;
#76 = PRESENTATION_STYLE_ASSIGNMENT (( #7872 ) ) ;
#77 = DIRECTION ( 'NONE',  ( 1.000000000000000000, 0.0000000000000000000, 0.0000000000000000000 ) ) ;
#78 = CARTESIAN_POINT ( 'NONE',  ( -2.799999999999999822, -1.149999999999999911, 1.499999999999999334 ) ) ;
#79 = PRESENTATION_STYLE_ASSIGNMENT (( #3216 ) ) ;
#80 = EDGE_CURVE ( 'NONE', #3542, #4833, #9564, .T. ) ;
#81 = ORIENTED_EDGE ( 'NONE', *, *, #2267, .F. ) ;
#82 = EDGE_CURVE ( 'NONE', #6213, #2994, #1414, .T. ) ;
#83 = VECTOR ( 'NONE', #2290, 1000.000000000000000 ) ;
#84 = PLANE ( 'NONE',  #2049 ) ;
#85 = CARTESIAN_POINT ( 'NONE',  ( 2.200000000000000178, -0.8499999999999992006, 1.800000000000000044 ) ) ;
#86 = LINE ( 'NONE', #4151, #5835 ) ;
#87 = FACE_OUTER_BOUND ( 'NONE', #2423, .T. ) ;
#88 = VECTOR ( 'NONE', #1202, 1000.000000000000000 ) ;
#89 = PLANE ( 'NONE',  #1620 ) ;
#90 =( LENGTH_UNIT ( ) NAMED_UNIT ( * ) SI_UNIT ( .MILLI., .METRE. ) );
#91 = SURFACE_STYLE_FILL_AREA ( #2256 ) ;
#92 = VECTOR ( 'NONE', #7580, 1000.000000000000000 ) ;
#93 = DIRECTION ( 'NONE',  ( -1.224646799147352961E-16, 0.0000000000000000000, 1.000000000000000000 ) ) ;
#94 = AXIS2_PLACEMENT_3D ( 'NONE', #1386, #6403, #2482 ) ;
#95 = VECTOR ( 'NONE', #9169, 1000.000000000000000 ) ;
#96 = ORIENTED_EDGE ( 'NONE', *, *, #6982, .T. ) ;
#97 = ADVANCED_FACE ( 'NONE', ( #5424 ), #8437, .F. ) ;
#98 = ORIENTED_EDGE ( 'NONE', *, *, #3874, .T. ) ;
#99 = DIRECTION ( 'NONE',  ( 1.000000000000000000, 0.0000000000000000000, -1.301042606982613367E-14 ) ) ;
#100 = COLOUR_RGB ( '',0.2509803921568627416, 0.2509803921568627416, 0.2509803921568627416 ) ;
#101 = DIRECTION ( 'NONE',  ( 1.239088197126290669E-15, 0.0000000000000000000, -1.000000000000000000 ) ) ;
#102 =( LENGTH_UNIT ( ) NAMED_UNIT ( * ) SI_UNIT ( .MILLI., .METRE. ) );
#103 = LINE ( 'NONE', #6468, #3109 ) ;
#104 = LINE ( 'NONE', #9551, #3356 ) ;
#105 = CARTESIAN_POINT ( 'NONE',  ( -4.399999999999997691, 1.750000000000000000, 1.699999999999999956 ) ) ;
#106 = MECHANICAL_DESIGN_GEOMETRIC_PRESENTATION_REPRESENTATION (  '', ( #8856 ), #606 ) ;
#107 = ORIENTED_EDGE ( 'NONE', *, *, #3941, .T. ) ;
#108 = ORIENTED_EDGE ( 'NONE', *, *, #4339, .T. ) ;
#109 = DIRECTION ( 'NONE',  ( 1.000000000000000000, -0.0000000000000000000, -0.0000000000000000000 ) ) ;
#110 = DIRECTION ( 'NONE',  ( 0.0000000000000000000, 0.0000000000000000000, 1.000000000000000000 ) ) ;
#111 = LINE ( 'NONE', #3302, #2054 ) ;
#112 = VERTEX_POINT ( 'NONE', #7292 ) ;
#113 =( NAMED_UNIT ( * ) PLANE_ANGLE_UNIT ( ) SI_UNIT ( $, .RADIAN. ) );
#114 = VECTOR ( 'NONE', #3955, 1000.000000000000000 ) ;
#115 = ORIENTED_EDGE ( 'NONE', *, *, #3796, .F. ) ;
#116 = PRESENTATION_LAYER_ASSIGNMENT (  '', '', ( #8862 ) ) ;
#117 = ORIENTED_EDGE ( 'NONE', *, *, #925, .T. ) ;
#118 = DIRECTION ( 'NONE',  ( 0.0000000000000000000, 1.000000000000000000, -0.0000000000000000000 ) ) ;
#119 = EDGE_CURVE ( 'NONE', #1048, #2071, #731, .T. ) ;
#120 = STYLED_ITEM ( 'NONE', ( #3593 ), #7937 ) ;
#121 = AXIS2_PLACEMENT_3D ( 'NONE', #5530, #142, #2238 ) ;
#122 = CARTESIAN_POINT ( 'NONE',  ( 3.749999999999997780, -1.549999999999999378, 0.8000000000000001554 ) ) ;
#123 = ORIENTED_EDGE ( 'NONE', *, *, #5334, .F. ) ;
#124 = DIRECTION ( 'NONE',  ( 5.421010862427508365E-16, -1.000000000000000000, 0.0000000000000000000 ) ) ;
#125 = LINE ( 'NONE', #7881, #7873 ) ;
#126 =( LENGTH_UNIT ( ) NAMED_UNIT ( * ) SI_UNIT ( .MILLI., .METRE. ) );
#127 = CARTESIAN_POINT ( 'NONE',  ( 4.150000000000000355, 0.0000000000000000000, -0.5081345747705631188 ) ) ;
#128 = ORIENTED_EDGE ( 'NONE', *, *, #6384, .T. ) ;
#129 = VERTEX_POINT ( 'NONE', #7645 ) ;
#130 = EDGE_CURVE ( 'NONE', #5597, #2075, #4944, .T. ) ;
#131 = VECTOR ( 'NONE', #6505, 1000.000000000000000 ) ;
#132 = SURFACE_SIDE_STYLE ('',( #2606 ) ) ;
#133 = ORIENTED_EDGE ( 'NONE', *, *, #5846, .F. ) ;
#134 = ORIENTED_EDGE ( 'NONE', *, *, #6679, .T. ) ;
#135 = CARTESIAN_POINT ( 'NONE',  ( -0.2999999999999999334, -4.000000000000000000, -1.499999999999999334 ) ) ;
#136 = LINE ( 'NONE', #4801, #3629 ) ;
#137 = VERTEX_POINT ( 'NONE', #7887 ) ;
#138 = DIRECTION ( 'NONE',  ( -1.000000000000000000, 0.0000000000000000000, 0.0000000000000000000 ) ) ;
#139 = ORIENTED_EDGE ( 'NONE', *, *, #50, .T. ) ;
#140 = DIRECTION ( 'NONE',  ( 1.000000000000000000, -0.0000000000000000000, -0.0000000000000000000 ) ) ;
#141 = EDGE_CURVE ( 'NONE', #19, #5624, #2914, .T. ) ;
#142 = DIRECTION ( 'NONE',  ( 0.3713906763541074962, -0.9284766908852578604, 0.0000000000000000000 ) ) ;
#143 = ORIENTED_EDGE ( 'NONE', *, *, #464, .F. ) ;
#144 = EDGE_CURVE ( 'NONE', #1987, #4937, #6247, .T. ) ;
#145 = EDGE_LOOP ( 'NONE', ( #4328, #597, #7169, #8620 ) ) ;
#146 = DIRECTION ( 'NONE',  ( -1.000000000000000000, 0.0000000000000000000, -1.224646799147352961E-16 ) ) ;
#147 = ORIENTED_EDGE ( 'NONE', *, *, #7613, .F. ) ;
#148 = CARTESIAN_POINT ( 'NONE',  ( 4.336396625881109301, 2.182442555609683588, -0.9500000000000011768 ) ) ;
#149 = DIRECTION ( 'NONE',  ( 1.224646799147352961E-16, -1.204669080539449344E-16, -1.000000000000000000 ) ) ;
#150 = CARTESIAN_POINT ( 'NONE',  ( -4.399999999999998579, 0.4999999999999997780, 0.9500000000000025091 ) ) ;
#151 = FACE_OUTER_BOUND ( 'NONE', #7671, .T. ) ;
#152 = ORIENTED_EDGE ( 'NONE', *, *, #9127, .F. ) ;
#153 = CARTESIAN_POINT ( 'NONE',  ( 1.235990476633412419E-14, 0.6499999999999989120, 0.9499999999999458877 ) ) ;
#154 = ADVANCED_FACE ( 'NONE', ( #4819 ), #175, .F. ) ;
#155 = DIRECTION ( 'NONE',  ( 1.000000000000000000, -5.421010862427508365E-16, 0.0000000000000000000 ) ) ;
#156 = ORIENTED_EDGE ( 'NONE', *, *, #6259, .T. ) ;
#157 = EDGE_CURVE ( 'NONE', #7082, #1955, #6376, .T. ) ;
#158 =( NAMED_UNIT ( * ) PLANE_ANGLE_UNIT ( ) SI_UNIT ( $, .RADIAN. ) );
#159 = PLANE ( 'NONE',  #2241 ) ;
#160 = FILL_AREA_STYLE ('',( #9275 ) ) ;
#161 = FILL_AREA_STYLE ('',( #9691 ) ) ;
#162 = CYLINDRICAL_SURFACE ( 'NONE', #6324, 0.02999999999999964501 ) ;
#163 = ORIENTED_EDGE ( 'NONE', *, *, #2601, .T. ) ;
#164 = ORIENTED_EDGE ( 'NONE', *, *, #1245, .F. ) ;
#165 = DIRECTION ( 'NONE',  ( 0.0000000000000000000, 1.000000000000000000, 0.0000000000000000000 ) ) ;
#166 = PLANE ( 'NONE',  #736 ) ;
#167 = CARTESIAN_POINT ( 'NONE',  ( -4.499999999999999112, 1.750000000000000000, -1.800000000000000933 ) ) ;
#168 = COLOUR_RGB ( '',0.7921568627450980005, 0.8196078431372548767, 0.9333333333333333481 ) ;
#169 =( GEOMETRIC_REPRESENTATION_CONTEXT ( 3 ) GLOBAL_UNCERTAINTY_ASSIGNED_CONTEXT ( ( #1689 ) ) GLOBAL_UNIT_ASSIGNED_CONTEXT ( ( #4641, #3037, #9155 ) ) REPRESENTATION_CONTEXT ( 'NONE', 'WORKASPACE' ) );
#170 = DIRECTION ( 'NONE',  ( -0.0000000000000000000, -0.0000000000000000000, 1.000000000000000000 ) ) ;
#171 = DIRECTION ( 'NONE',  ( -0.0000000000000000000, -0.0000000000000000000, 1.000000000000000000 ) ) ;
#172 = VERTEX_POINT ( 'NONE', #6390 ) ;
#173 =( GEOMETRIC_REPRESENTATION_CONTEXT ( 3 ) GLOBAL_UNCERTAINTY_ASSIGNED_CONTEXT ( ( #1184 ) ) GLOBAL_UNIT_ASSIGNED_CONTEXT ( ( #1512, #7659, #872 ) ) REPRESENTATION_CONTEXT ( 'NONE', 'WORKASPACE' ) );
#174 = DIRECTION ( 'NONE',  ( 1.000000000000000000, -0.0000000000000000000, 1.224646799147352961E-16 ) ) ;
#175 = PLANE ( 'NONE',  #8770 ) ;
#176 = FACE_OUTER_BOUND ( 'NONE', #1362, .T. ) ;
#177 = CARTESIAN_POINT ( 'NONE',  ( -3.499999999999997780, 6.925848040166833641, 0.0000000000000000000 ) ) ;
#178 = CARTESIAN_POINT ( 'NONE',  ( -0.1749999999999998224, -4.749999999999999112, 1.499999999999999556 ) ) ;
#179 = EDGE_CURVE ( 'NONE', #2996, #8107, #6083, .T. ) ;
#180 = CARTESIAN_POINT ( 'NONE',  ( -4.369999999999999218, 0.7703109888428067986, 0.9500000000000026201 ) ) ;
#181 = AXIS2_PLACEMENT_3D ( 'NONE', #3840, #1583, #6872 ) ;
#182 = CARTESIAN_POINT ( 'NONE',  ( -2.675000000000000266, -4.649999999999998579, 3.800000000000001155 ) ) ;
#183 = SURFACE_STYLE_USAGE ( .BOTH. , #4298 ) ;
#184 = VECTOR ( 'NONE', #2763, 1000.000000000000000 ) ;
#185 = CARTESIAN_POINT ( 'NONE',  ( 4.499999999999999112, 0.8499999999999993117, -0.9500000000000027311 ) ) ;
#186 =( NAMED_UNIT ( * ) SI_UNIT ( $, .STERADIAN. ) SOLID_ANGLE_UNIT ( ) );
#187 = ORIENTED_EDGE ( 'NONE', *, *, #3764, .F. ) ;
#188 = LINE ( 'NONE', #4674, #7943 ) ;
#189 = PRESENTATION_LAYER_ASSIGNMENT (  '', '', ( #8929 ) ) ;
#190 = UNCERTAINTY_MEASURE_WITH_UNIT (LENGTH_MEASURE( 1.000000000000000082E-05 ), #9111, 'distance_accuracy_value', 'NONE');
#191 = COLOUR_RGB ( '',0.2509803921568627416, 0.2509803921568627416, 0.2509803921568627416 ) ;
#192 = VECTOR ( 'NONE', #3879, 1000.000000000000000 ) ;
#193 = AXIS2_PLACEMENT_3D ( 'NONE', #5687, #3493, #8576 ) ;
#194 = CARTESIAN_POINT ( 'NONE',  ( -2.800000000000000266, -3.999999999999999112, 1.800000000000000711 ) ) ;
#195 = ADVANCED_FACE ( 'NONE', ( #7175 ), #6630, .F. ) ;
#196 = DIRECTION ( 'NONE',  ( -0.1218693434051553726, -0.9925461516413209839, 0.0000000000000000000 ) ) ;
#197 = EDGE_CURVE ( 'NONE', #5912, #5512, #5665, .T. ) ;
#198 = DIRECTION ( 'NONE',  ( 0.0000000000000000000, 3.827625419938115413E-16, -1.000000000000000000 ) ) ;
#200 = ORIENTED_EDGE ( 'NONE', *, *, #8998, .F. ) ;
#199 = CARTESIAN_POINT ( 'NONE',  ( -4.399999999999999467, 1.649999999999999911, 5.088522196198655706E-15 ) ) ;
#201 = VECTOR ( 'NONE', #8051, 1000.000000000000000 ) ;
#202 = LINE ( 'NONE', #6568, #9729 ) ;
#203 = SURFACE_STYLE_FILL_AREA ( #2460 ) ;
#204 =( NAMED_UNIT ( * ) SI_UNIT ( $, .STERADIAN. ) SOLID_ANGLE_UNIT ( ) );
#205 = LINE ( 'NONE', #7900, #7003 ) ;
#206 = DIRECTION ( 'NONE',  ( 0.0000000000000000000, 0.0000000000000000000, -1.000000000000000000 ) ) ;
#207 =( GEOMETRIC_REPRESENTATION_CONTEXT ( 3 ) GLOBAL_UNCERTAINTY_ASSIGNED_CONTEXT ( ( #8195 ) ) GLOBAL_UNIT_ASSIGNED_CONTEXT ( ( #7519, #7575, #3045 ) ) REPRESENTATION_CONTEXT ( 'NONE', 'WORKASPACE' ) );
#208 = DIRECTION ( 'NONE',  ( 1.445602896647335761E-15, 1.000000000000000000, 0.0000000000000000000 ) ) ;
#209 = CARTESIAN_POINT ( 'NONE',  ( -4.956352788505187920E-16, -1.549999999999999378, -0.8000000000000030420 ) ) ;
#210 = ORIENTED_EDGE ( 'NONE', *, *, #9046, .F. ) ;
#211 = VECTOR ( 'NONE', #5516, 1000.000000000000000 ) ;
#212 = CARTESIAN_POINT ( 'NONE',  ( -2.200000000000000622, -1.149999999999999911, -1.800000000000001155 ) ) ;
#213 = CIRCLE ( 'NONE', #94, 0.3000000000000007661 ) ;
#214 =( LENGTH_UNIT ( ) NAMED_UNIT ( * ) SI_UNIT ( .MILLI., .METRE. ) );
#215 = CARTESIAN_POINT ( 'NONE',  ( -4.250000000000000000, -1.149999999999999911, 1.800000000000000044 ) ) ;
#216 = SURFACE_STYLE_FILL_AREA ( #5013 ) ;
#217 = CARTESIAN_POINT ( 'NONE',  ( 3.399999999999998135, 6.925848040166833641, 0.8000000000000001554 ) ) ;
#218 =( LENGTH_UNIT ( ) NAMED_UNIT ( * ) SI_UNIT ( .MILLI., .METRE. ) );
#219 = ORIENTED_EDGE ( 'NONE', *, *, #3620, .T. ) ;
#220 = ORIENTED_EDGE ( 'NONE', *, *, #568, .T. ) ;
#221 = CARTESIAN_POINT ( 'NONE',  ( 0.1749999999999998224, -4.749999999999999112, 1.499999999999999556 ) ) ;
#222 = CARTESIAN_POINT ( 'NONE',  ( -3.199999999999997957, 1.649999999999999911, -1.800000000000000933 ) ) ;
#223 = ORIENTED_EDGE ( 'NONE', *, *, #650, .F. ) ;
#224 = PRESENTATION_LAYER_ASSIGNMENT (  '', '', ( #8969 ) ) ;
#225 = DIRECTION ( 'NONE',  ( 0.0000000000000000000, 0.0000000000000000000, -1.000000000000000000 ) ) ;
#226 = CARTESIAN_POINT ( 'NONE',  ( -3.199999999999997513, 1.750000000000000000, 1.719999999999999973 ) ) ;
#227 = EDGE_CURVE ( 'NONE', #2760, #2897, #355, .T. ) ;
#228 = CARTESIAN_POINT ( 'NONE',  ( 4.179999999999999716, 0.6499999999999989120, 0.9500000000000016209 ) ) ;
#229 = CIRCLE ( 'NONE', #7838, 0.3000000000000007661 ) ;
#230 = STYLED_ITEM ( 'NONE', ( #670 ), #6983 ) ;
#231 = ORIENTED_EDGE ( 'NONE', *, *, #1678, .T. ) ;
#232 = CLOSED_SHELL ( 'NONE', ( #7078, #1155, #9300, #6031, #9264, #6546, #2011, #7980, #9620, #6066 ) ) ;
#233 = DIRECTION ( 'NONE',  ( -1.000000000000000000, 0.0000000000000000000, -1.224646799147352961E-16 ) ) ;
#234 = AXIS2_PLACEMENT_3D ( 'NONE', #7699, #285, #4761 ) ;
#235 =( NAMED_UNIT ( * ) PLANE_ANGLE_UNIT ( ) SI_UNIT ( $, .RADIAN. ) );
#236 = ORIENTED_EDGE ( 'NONE', *, *, #4749, .F. ) ;
#237 = ADVANCED_FACE ( 'NONE', ( #1206 ), #2788, .F. ) ;
#238 = UNCERTAINTY_MEASURE_WITH_UNIT (LENGTH_MEASURE( 1.000000000000000082E-05 ), #8163, 'distance_accuracy_value', 'NONE');
#239 = VERTEX_POINT ( 'NONE', #2982 ) ;
#240 = VECTOR ( 'NONE', #8245, 1000.000000000000000 ) ;
#241 = CARTESIAN_POINT ( 'NONE',  ( 4.419999999999998153, 1.750000000000000000, -0.9500000000000020650 ) ) ;
#242 = PLANE ( 'NONE',  #5615 ) ;
#243 = VERTEX_POINT ( 'NONE', #4493 ) ;
#244 = VERTEX_POINT ( 'NONE', #6734 ) ;
#245 = SURFACE_SIDE_STYLE ('',( #992 ) ) ;
#246 = EDGE_CURVE ( 'NONE', #6951, #7330, #7654, .T. ) ;
#247 = STYLED_ITEM ( 'NONE', ( #4050 ), #2066 ) ;
#248 = PLANE ( 'NONE',  #6776 ) ;
#249 = CARTESIAN_POINT ( 'NONE',  ( -4.250000000000000000, 1.649999999999999911, -0.9500000000000020650 ) ) ;
#250 = CARTESIAN_POINT ( 'NONE',  ( 4.389493895187377426, 1.750000000000000000, -1.700000000000001288 ) ) ;
#251 = ORIENTED_EDGE ( 'NONE', *, *, #9150, .F. ) ;
#252 = VERTEX_POINT ( 'NONE', #659 ) ;
#253 = ADVANCED_FACE ( 'NONE', ( #7882 ), #9679, .F. ) ;
#254 = FACE_OUTER_BOUND ( 'NONE', #8802, .T. ) ;
#255 = EDGE_CURVE ( 'NONE', #3430, #8328, #2116, .T. ) ;
#256 = LINE ( 'NONE', #20, #1727 ) ;
#257 = SURFACE_SIDE_STYLE ('',( #5249 ) ) ;
#258 = ORIENTED_EDGE ( 'NONE', *, *, #639, .F. ) ;
#259 = CARTESIAN_POINT ( 'NONE',  ( -0.2999999999999999334, -0.8499999999999992006, 0.8291796067500618594 ) ) ;
#260 = ORIENTED_EDGE ( 'NONE', *, *, #1471, .F. ) ;
#261 = DIRECTION ( 'NONE',  ( -0.9925461516413210949, 0.1218693434051553864, 2.391379319781437649E-16 ) ) ;
#262 = EDGE_CURVE ( 'NONE', #5374, #6683, #4140, .T. ) ;
#263 = CARTESIAN_POINT ( 'NONE',  ( 3.299999999999997602, -1.700000000000000178, 4.156516970968325672E-15 ) ) ;
#264 = ORIENTED_EDGE ( 'NONE', *, *, #1904, .T. ) ;
#265 = FILL_AREA_STYLE ('',( #6670 ) ) ;
#266 = MECHANICAL_DESIGN_GEOMETRIC_PRESENTATION_REPRESENTATION (  '', ( #8504 ), #756 ) ;
#267 = VECTOR ( 'NONE', #9243, 1000.000000000000000 ) ;
#268 = EDGE_CURVE ( 'NONE', #1052, #2286, #1178, .T. ) ;
#269 = CARTESIAN_POINT ( 'NONE',  ( -4.150000000000000355, -0.3500000000000005884, -1.500000000000000000 ) ) ;
#270 = CARTESIAN_POINT ( 'NONE',  ( 0.1749999999999993783, -4.749999999999999112, 3.800000000000001155 ) ) ;
#271 = VERTEX_POINT ( 'NONE', #4416 ) ;
#272 = DIRECTION ( 'NONE',  ( -1.000000000000000000, 0.0000000000000000000, 0.0000000000000000000 ) ) ;
#273 = PRESENTATION_STYLE_ASSIGNMENT (( #9240 ) ) ;
#274 = CARTESIAN_POINT ( 'NONE',  ( 4.250000000000000000, -0.3500000000000006439, -1.500000000000000000 ) ) ;
#275 = DIRECTION ( 'NONE',  ( -1.000000000000000000, -0.0000000000000000000, -0.0000000000000000000 ) ) ;
#276 = MECHANICAL_DESIGN_GEOMETRIC_PRESENTATION_REPRESENTATION (  '', ( #8516 ), #767 ) ;
#277 = CARTESIAN_POINT ( 'NONE',  ( 0.2999999999999999334, -0.8499999999999992006, -1.499999999999999778 ) ) ;
#278 = LINE ( 'NONE', #8296, #6094 ) ;
#279 = ORIENTED_EDGE ( 'NONE', *, *, #3125, .F. ) ;
#280 = CARTESIAN_POINT ( 'NONE',  ( -4.336808689942020818E-17, 1.649999999999999911, -1.800000000000000933 ) ) ;
#281 = DIRECTION ( 'NONE',  ( -0.0000000000000000000, 1.000000000000000000, -0.0000000000000000000 ) ) ;
#282 = VECTOR ( 'NONE', #7954, 1000.000000000000000 ) ;
#283 = LINE ( 'NONE', #1641, #2224 ) ;
#284 = ADVANCED_FACE ( 'NONE', ( #741 ), #5183, .F. ) ;
#285 = DIRECTION ( 'NONE',  ( -0.0000000000000000000, 3.771137991253929066E-16, -1.000000000000000000 ) ) ;
#286 = VECTOR ( 'NONE', #8383, 1000.000000000000000 ) ;
#287 = DIRECTION ( 'NONE',  ( 0.9284766908852578604, 0.3713906763541075517, 1.610650312575933773E-15 ) ) ;
#288 = DIRECTION ( 'NONE',  ( 1.000000000000000000, 0.0000000000000000000, 0.0000000000000000000 ) ) ;
#289 = AXIS2_PLACEMENT_3D ( 'NONE', #9175, #4723, #1078 ) ;
#290 = LINE ( 'NONE', #4153, #8651 ) ;
#291 = VECTOR ( 'NONE', #206, 1000.000000000000000 ) ;
#292 = PLANE ( 'NONE',  #6471 ) ;
#293 = ADVANCED_FACE ( 'NONE', ( #6120 ), #7423, .F. ) ;
#294 = AXIS2_PLACEMENT_3D ( 'NONE', #6360, #1822, #7110 ) ;
#295 = PRESENTATION_STYLE_ASSIGNMENT (( #9461 ) ) ;
#296 = CARTESIAN_POINT ( 'NONE',  ( -0.8841654778887313437, -0.9623395149786015956, 1.499999999999999334 ) ) ;
#297 =( NAMED_UNIT ( * ) PLANE_ANGLE_UNIT ( ) SI_UNIT ( $, .RADIAN. ) );
#298 = EDGE_CURVE ( 'NONE', #5125, #875, #9420, .T. ) ;
#299 = DIRECTION ( 'NONE',  ( 0.0000000000000000000, 1.000000000000000000, 0.0000000000000000000 ) ) ;
#300 = AXIS2_PLACEMENT_3D ( 'NONE', #6535, #7299, #2752 ) ;
#301 = CARTESIAN_POINT ( 'NONE',  ( 4.280000000000000249, 0.6296890111571917803, 0.9500000000000025091 ) ) ;
#302 = FACE_OUTER_BOUND ( 'NONE', #4762, .T. ) ;
#303 = DIRECTION ( 'NONE',  ( 0.0000000000000000000, -1.000000000000000000, 0.0000000000000000000 ) ) ;
#304 =( LENGTH_UNIT ( ) NAMED_UNIT ( * ) SI_UNIT ( .MILLI., .METRE. ) );
#305 = DIRECTION ( 'NONE',  ( 0.0000000000000000000, 0.0000000000000000000, 1.000000000000000000 ) ) ;
#306 = UNCERTAINTY_MEASURE_WITH_UNIT (LENGTH_MEASURE( 1.000000000000000082E-05 ), #3949, 'distance_accuracy_value', 'NONE');
#307 = EDGE_CURVE ( 'NONE', #4926, #2069, #2705, .T. ) ;
#308 = CARTESIAN_POINT ( 'NONE',  ( -4.150000000000000355, 1.257933187892947613, 0.002564914187279518018 ) ) ;
#309 = SURFACE_SIDE_STYLE ('',( #8147 ) ) ;
#310 = ORIENTED_EDGE ( 'NONE', *, *, #4141, .T. ) ;
#311 = PRESENTATION_STYLE_ASSIGNMENT (( #8616 ) ) ;
#312 = LINE ( 'NONE', #4574, #3807 ) ;
#313 = DIRECTION ( 'NONE',  ( 0.9925461516413210949, 0.1218693434051549007, 0.0000000000000000000 ) ) ;
#314 = LINE ( 'NONE', #4703, #2248 ) ;
#315 = EDGE_CURVE ( 'NONE', #4242, #8893, #5186, .T. ) ;
#316 = CARTESIAN_POINT ( 'NONE',  ( 0.0000000000000000000, 1.750000000000000000, 0.0000000000000000000 ) ) ;
#317 = VECTOR ( 'NONE', #5441, 1000.000000000000000 ) ;
#318 = LINE ( 'NONE', #8650, #6047 ) ;
#319 = EDGE_LOOP ( 'NONE', ( #9100, #1705, #2585, #258, #4682, #6336, #3495, #6180, #5864, #5509, #3858, #8359, #2652, #8520, #4451, #2981 ) ) ;
#320 = DIRECTION ( 'NONE',  ( -1.000000000000000000, 0.0000000000000000000, 0.0000000000000000000 ) ) ;
#321 = EDGE_CURVE ( 'NONE', #2922, #7982, #290, .T. ) ;
#322 = LINE ( 'NONE', #7161, #92 ) ;
#323 = EDGE_CURVE ( 'NONE', #3374, #2197, #4722, .T. ) ;
#324 = CARTESIAN_POINT ( 'NONE',  ( 0.0000000000000000000, 6.925848040166833641, 0.8000000000000001554 ) ) ;
#325 = SURFACE_STYLE_FILL_AREA ( #8861 ) ;
#326 = CARTESIAN_POINT ( 'NONE',  ( 4.150000000000000355, -0.3500000000000005884, 1.500000000000000000 ) ) ;
#327 = VECTOR ( 'NONE', #1183, 1000.000000000000000 ) ;
#328 = VECTOR ( 'NONE', #2393, 1000.000000000000000 ) ;
#329 =( NAMED_UNIT ( * ) PLANE_ANGLE_UNIT ( ) SI_UNIT ( $, .RADIAN. ) );
#330 =( GEOMETRIC_REPRESENTATION_CONTEXT ( 3 ) GLOBAL_UNCERTAINTY_ASSIGNED_CONTEXT ( ( #4376 ) ) GLOBAL_UNIT_ASSIGNED_CONTEXT ( ( #8871, #8116, #1889 ) ) REPRESENTATION_CONTEXT ( 'NONE', 'WORKASPACE' ) );
#331 = DIRECTION ( 'NONE',  ( 1.156482317317876458E-15, 0.0000000000000000000, 1.000000000000000000 ) ) ;
#332 = LINE ( 'NONE', #1975, #8698 ) ;
#333 = CARTESIAN_POINT ( 'NONE',  ( -2.325000000000000178, -4.649999999999998579, 1.800000000000000711 ) ) ;
#334 = CARTESIAN_POINT ( 'NONE',  ( -0.1749999999999998224, -0.8499999999999992006, 1.499999999999999334 ) ) ;
#335 = ADVANCED_FACE ( 'NONE', ( #2230 ), #2825, .F. ) ;
#336 = VECTOR ( 'NONE', #5684, 1000.000000000000000 ) ;
#337 = VECTOR ( 'NONE', #2603, 1000.000000000000000 ) ;
#338 = CARTESIAN_POINT ( 'NONE',  ( -5.596732734143892607, 0.0000000000000000000, -0.5081345747705631188 ) ) ;
#339 = FILL_AREA_STYLE ('',( #7390 ) ) ;
#340 = CARTESIAN_POINT ( 'NONE',  ( -3.749999999999996891, -1.750000000000000000, -4.646580739223586262E-15 ) ) ;
#341 = DIRECTION ( 'NONE',  ( -0.0000000000000000000, -0.0000000000000000000, 1.000000000000000000 ) ) ;
#342 = CARTESIAN_POINT ( 'NONE',  ( 4.150000000000000355, 0.0000000000000000000, 0.5081345747705630078 ) ) ;
#343 = VECTOR ( 'NONE', #7823, 1000.000000000000000 ) ;
#344 = CARTESIAN_POINT ( 'NONE',  ( 4.179999999999999716, 0.6199999999999988853, -0.9500000000000025091 ) ) ;
#345 = ORIENTED_EDGE ( 'NONE', *, *, #6829, .F. ) ;
#346 = ADVANCED_FACE ( 'NONE', ( #4282 ), #4916, .T. ) ;
#347 = ORIENTED_EDGE ( 'NONE', *, *, #8603, .T. ) ;
#348 = MECHANICAL_DESIGN_GEOMETRIC_PRESENTATION_REPRESENTATION (  '', ( #8594 ), #836 ) ;
#349 = VERTEX_POINT ( 'NONE', #4956 ) ;
#350 = ORIENTED_EDGE ( 'NONE', *, *, #1520, .T. ) ;
#351 = PLANE ( 'NONE',  #5303 ) ;
#352 = CARTESIAN_POINT ( 'NONE',  ( 4.499999999999999112, 3.295974604355942847E-16, -0.9500000000000027311 ) ) ;
#353 = EDGE_CURVE ( 'NONE', #5771, #4265, #6528, .T. ) ;
#354 = SURFACE_SIDE_STYLE ('',( #5532 ) ) ;
#355 = CIRCLE ( 'NONE', #29, 0.08000000000000020983 ) ;
#356 = UNCERTAINTY_MEASURE_WITH_UNIT (LENGTH_MEASURE( 1.000000000000000082E-05 ), #9664, 'distance_accuracy_value', 'NONE');
#357 = ORIENTED_EDGE ( 'NONE', *, *, #5809, .F. ) ;
#358 = LINE ( 'NONE', #1912, #599 ) ;
#359 = ORIENTED_EDGE ( 'NONE', *, *, #5707, .T. ) ;
#360 = DIRECTION ( 'NONE',  ( 0.0000000000000000000, 0.0000000000000000000, 1.000000000000000000 ) ) ;
#361 = CARTESIAN_POINT ( 'NONE',  ( -1.749999999999999778, 0.1499999999999997446, 3.800000000000000266 ) ) ;
#362 =( NAMED_UNIT ( * ) PLANE_ANGLE_UNIT ( ) SI_UNIT ( $, .RADIAN. ) );
#363 = ORIENTED_EDGE ( 'NONE', *, *, #8796, .T. ) ;
#364 = MECHANICAL_DESIGN_GEOMETRIC_PRESENTATION_REPRESENTATION (  '', ( #8611 ), #848 ) ;
#365 = CARTESIAN_POINT ( 'NONE',  ( -2.674999999999999378, -4.649999999999999467, -1.800000000000000266 ) ) ;
#366 = CARTESIAN_POINT ( 'NONE',  ( -2.799999999999999822, -0.8499999999999992006, -1.499999999999999778 ) ) ;
#367 = CARTESIAN_POINT ( 'NONE',  ( -5.221110255092797026, -1.149999999999999467, -1.500000000000000444 ) ) ;
#368 = FILL_AREA_STYLE_COLOUR ( '', #3704 ) ;
#369 = DIRECTION ( 'NONE',  ( 0.0000000000000000000, -0.3761646923075278592, 0.9265528178475217480 ) ) ;
#370 = PLANE ( 'NONE',  #3171 ) ;
#371 = CARTESIAN_POINT ( 'NONE',  ( 0.1750000000000002387, -0.8499999999999992006, -1.499999999999999778 ) ) ;
#372 = VERTEX_POINT ( 'NONE', #3780 ) ;
#373 = ORIENTED_EDGE ( 'NONE', *, *, #4057, .F. ) ;
#374 = VERTEX_POINT ( 'NONE', #7480 ) ;
#375 = VECTOR ( 'NONE', #4129, 1000.000000000000114 ) ;
#376 = PRESENTATION_LAYER_ASSIGNMENT (  '', '', ( #9108 ) ) ;
#377 = DIRECTION ( 'NONE',  ( 0.0000000000000000000, 0.0000000000000000000, -1.000000000000000000 ) ) ;
#378 = CARTESIAN_POINT ( 'NONE',  ( 4.250000000000025757, 1.649999999999999911, 5.626438642477435088E-14 ) ) ;
#379 =( LENGTH_UNIT ( ) NAMED_UNIT ( * ) SI_UNIT ( .MILLI., .METRE. ) );
#380 = VERTEX_POINT ( 'NONE', #1195 ) ;
#381 = EDGE_CURVE ( 'NONE', #3365, #372, #6826, .T. ) ;
#382 = CARTESIAN_POINT ( 'NONE',  ( 2.799999999999999378, -1.149999999999999911, 1.499999999999999556 ) ) ;
#383 = ORIENTED_EDGE ( 'NONE', *, *, #7473, .T. ) ;
#384 = ADVANCED_FACE ( 'NONE', ( #863 ), #5294, .F. ) ;
#385 = SURFACE_STYLE_FILL_AREA ( #5286 ) ;
#386 = DIRECTION ( 'NONE',  ( 1.224646799147352961E-16, 0.0000000000000000000, -1.000000000000000000 ) ) ;
#387 = DIRECTION ( 'NONE',  ( -1.445602896647335761E-15, -1.000000000000000000, 0.0000000000000000000 ) ) ;
#388 = PRESENTATION_STYLE_ASSIGNMENT (( #481 ) ) ;
#389 =( NAMED_UNIT ( * ) SI_UNIT ( $, .STERADIAN. ) SOLID_ANGLE_UNIT ( ) );
#390 = VECTOR ( 'NONE', #6014, 1000.000000000000000 ) ;
#391 = EDGE_CURVE ( 'NONE', #5391, #6683, #9227, .T. ) ;
#392 = ORIENTED_EDGE ( 'NONE', *, *, #2811, .T. ) ;
#393 = FILL_AREA_STYLE ('',( #1923 ) ) ;
#394 = CARTESIAN_POINT ( 'NONE',  ( 4.250000000000000000, -1.149999999999999911, -1.800000000000001155 ) ) ;
#395 =( LENGTH_UNIT ( ) NAMED_UNIT ( * ) SI_UNIT ( .MILLI., .METRE. ) );
#396 =( GEOMETRIC_REPRESENTATION_CONTEXT ( 3 ) GLOBAL_UNCERTAINTY_ASSIGNED_CONTEXT ( ( #3706 ) ) GLOBAL_UNIT_ASSIGNED_CONTEXT ( ( #6288, #1795, #9301 ) ) REPRESENTATION_CONTEXT ( 'NONE', 'WORKASPACE' ) );
#397 = EDGE_CURVE ( 'NONE', #1930, #9390, #5408, .T. ) ;
#398 = ADVANCED_FACE ( 'NONE', ( #6727 ), #4289, .F. ) ;
#399 = CARTESIAN_POINT ( 'NONE',  ( -0.2499999999999997780, 0.6499999999999998002, 1.800000000000000044 ) ) ;
#400 = FILL_AREA_STYLE ('',( #798 ) ) ;
#401 = DIRECTION ( 'NONE',  ( 1.224646799147352961E-16, -1.204669080539449344E-16, -1.000000000000000000 ) ) ;
#402 = EDGE_LOOP ( 'NONE', ( #2662, #9136, #4892, #8582 ) ) ;
#403 = ORIENTED_EDGE ( 'NONE', *, *, #3748, .T. ) ;
#404 = DIRECTION ( 'NONE',  ( 1.224646799147352961E-16, -1.204669080539449344E-16, -1.000000000000000000 ) ) ;
#405 =( LENGTH_UNIT ( ) NAMED_UNIT ( * ) SI_UNIT ( .MILLI., .METRE. ) );
#406 = DIRECTION ( 'NONE',  ( 1.239088197126290669E-15, 0.0000000000000000000, 1.000000000000000000 ) ) ;
#407 = CARTESIAN_POINT ( 'NONE',  ( 3.399999999999997247, -1.549999999999999378, 4.212899870229387644E-15 ) ) ;
#408 = PLANE ( 'NONE',  #1395 ) ;
#409 = CARTESIAN_POINT ( 'NONE',  ( -4.157921419152776465, 0.6499999999999989120, 1.500000000000000000 ) ) ;
#410 = VECTOR ( 'NONE', #7748, 1000.000000000000000 ) ;
#411 = CARTESIAN_POINT ( 'NONE',  ( -0.3000000000000003775, -1.149999999999999911, 0.8291796067500618594 ) ) ;
#412 = ORIENTED_EDGE ( 'NONE', *, *, #4871, .T. ) ;
#413 = VECTOR ( 'NONE', #275, 1000.000000000000000 ) ;
#414 = CARTESIAN_POINT ( 'NONE',  ( -4.389493895187376538, 1.750000000000000000, 1.800000000000000044 ) ) ;
#415 =( NAMED_UNIT ( * ) PLANE_ANGLE_UNIT ( ) SI_UNIT ( $, .RADIAN. ) );
#416 = VECTOR ( 'NONE', #9553, 1000.000000000000000 ) ;
#417 = PLANE ( 'NONE',  #8111 ) ;
#418 = CARTESIAN_POINT ( 'NONE',  ( 4.179999999999999716, 0.6499999999999989120, -1.500000000000000000 ) ) ;
#419 = VECTOR ( 'NONE', #4187, 1000.000000000000000 ) ;
#420 = EDGE_CURVE ( 'NONE', #3832, #6707, #9059, .T. ) ;
#421 = MECHANICAL_DESIGN_GEOMETRIC_PRESENTATION_REPRESENTATION (  '', ( #8669 ), #895 ) ;
#422 = LINE ( 'NONE', #5565, #2355 ) ;
#423 = AXIS2_PLACEMENT_3D ( 'NONE', #6616, #5190, #9120 ) ;
#424 = CARTESIAN_POINT ( 'NONE',  ( -3.749999999999997780, 6.925848040166833641, -1.150000000000000577 ) ) ;
#425 = PRESENTATION_LAYER_ASSIGNMENT (  '', '', ( #9692 ) ) ;
#426 = DIRECTION ( 'NONE',  ( 0.1218693434051548868, -0.9925461516413210949, 1.585572082551021025E-15 ) ) ;
#427 = DIRECTION ( 'NONE',  ( -0.0000000000000000000, 0.0000000000000000000, -1.000000000000000000 ) ) ;
#428 = LINE ( 'NONE', #5782, #4172 ) ;
#429 = EDGE_CURVE ( 'NONE', #3269, #1607, #278, .T. ) ;
#430 = VECTOR ( 'NONE', #9036, 1000.000000000000000 ) ;
#431 = MECHANICAL_DESIGN_GEOMETRIC_PRESENTATION_REPRESENTATION (  '', ( #9172 ), #907 ) ;
#432 = CARTESIAN_POINT ( 'NONE',  ( 2.200000000000000622, -1.149999999999999911, -1.800000000000000711 ) ) ;
#433 = COLOUR_RGB ( '',0.7921568627450980005, 0.8196078431372548767, 0.9333333333333333481 ) ;
#434 = CARTESIAN_POINT ( 'NONE',  ( -0.1749999999999998224, -4.750000000000000000, -1.499999999999999556 ) ) ;
#435 = CARTESIAN_POINT ( 'NONE',  ( 4.381141720290622210, 0.7424566881162490972, 1.500000000000000000 ) ) ;
#436 = CARTESIAN_POINT ( 'NONE',  ( 2.674999999999999822, -0.8499999999999992006, 1.499999999999999334 ) ) ;
#437 = CARTESIAN_POINT ( 'NONE',  ( 4.389493895187377426, 1.750000000000000000, -1.800000000000001155 ) ) ;
#438 = CARTESIAN_POINT ( 'NONE',  ( -6.098637220230931626E-17, -1.549999999999999378, 0.2249999999999989231 ) ) ;
#439 = PRESENTATION_STYLE_ASSIGNMENT (( #7156 ) ) ;
#440 = EDGE_CURVE ( 'NONE', #7936, #2069, #5080, .T. ) ;
#441 = PRESENTATION_STYLE_ASSIGNMENT (( #6100 ) ) ;
#442 = PRESENTATION_STYLE_ASSIGNMENT (( #3503 ) ) ;
#443 = ORIENTED_EDGE ( 'NONE', *, *, #3908, .T. ) ;
#444 = ADVANCED_FACE ( 'NONE', ( #4506 ), #8171, .T. ) ;
#445 = VECTOR ( 'NONE', #9749, 1000.000000000000227 ) ;
#446 = FILL_AREA_STYLE_COLOUR ( '', #5014 ) ;
#447 = LINE ( 'NONE', #660, #4420 ) ;
#448 = EDGE_CURVE ( 'NONE', #7551, #5175, #720, .T. ) ;
#449 = CARTESIAN_POINT ( 'NONE',  ( -4.399999999999998579, 1.649999999999999911, -0.9500000000000020650 ) ) ;
#450 = FILL_AREA_STYLE_COLOUR ( '', #7584 ) ;
#451 = CARTESIAN_POINT ( 'NONE',  ( 3.199999999999998401, 1.649999999999999911, 1.800000000000000044 ) ) ;
#452 = MECHANICAL_DESIGN_GEOMETRIC_PRESENTATION_REPRESENTATION (  '', ( #9196 ), #927 ) ;
#453 = ORIENTED_EDGE ( 'NONE', *, *, #8895, .F. ) ;
#454 = EDGE_CURVE ( 'NONE', #5956, #4585, #1506, .T. ) ;
#455 = VERTEX_POINT ( 'NONE', #5352 ) ;
#456 = CIRCLE ( 'NONE', #3775, 0.3000000000000007661 ) ;
#457 = ORIENTED_EDGE ( 'NONE', *, *, #1815, .F. ) ;
#458 = DIRECTION ( 'NONE',  ( 0.0000000000000000000, -1.000000000000000000, 1.204669080539449344E-16 ) ) ;
#459 = ORIENTED_EDGE ( 'NONE', *, *, #7711, .F. ) ;
#460 = AXIS2_PLACEMENT_3D ( 'NONE', #2847, #5319, #2592 ) ;
#461 =( NAMED_UNIT ( * ) PLANE_ANGLE_UNIT ( ) SI_UNIT ( $, .RADIAN. ) );
#462 = CARTESIAN_POINT ( 'NONE',  ( 4.399999999999998579, 1.649999999999999911, -0.9500000000000020650 ) ) ;
#463 = FILL_AREA_STYLE_COLOUR ( '', #5810 ) ;
#464 = EDGE_CURVE ( 'NONE', #455, #5311, #8482, .T. ) ;
#465 = CARTESIAN_POINT ( 'NONE',  ( -3.199999999999997957, 1.750000000000000000, -1.720000000000001084 ) ) ;
#466 = CARTESIAN_POINT ( 'NONE',  ( -3.749999999999996891, 6.925848040166833641, -0.8000000000000008216 ) ) ;
#467 = VERTEX_POINT ( 'NONE', #3333 ) ;
#468 = LINE ( 'NONE', #1724, #6188 ) ;
#469 = DIRECTION ( 'NONE',  ( 1.000000000000000000, 0.0000000000000000000, -1.156482317317876458E-15 ) ) ;
#470 = EDGE_LOOP ( 'NONE', ( #3716, #5767, #5545, #1609 ) ) ;
#471 = CARTESIAN_POINT ( 'NONE',  ( 4.399999999999998579, 1.649999999999999911, -0.9500000000000020650 ) ) ;
#472 = ORIENTED_EDGE ( 'NONE', *, *, #804, .T. ) ;
#473 = EDGE_LOOP ( 'NONE', ( #5278, #231, #850, #3089 ) ) ;
#474 = VERTEX_POINT ( 'NONE', #8235 ) ;
#475 = CARTESIAN_POINT ( 'NONE',  ( -0.2999999999999999334, -0.8499999999999992006, 1.499999999999999334 ) ) ;
#476 = DIRECTION ( 'NONE',  ( 0.0000000000000000000, 0.0000000000000000000, -1.000000000000000000 ) ) ;
#477 = ORIENTED_EDGE ( 'NONE', *, *, #9655, .F. ) ;
#478 = EDGE_LOOP ( 'NONE', ( #4214, #6483, #7389, #2715 ) ) ;
#479 = SURFACE_STYLE_FILL_AREA ( #5569 ) ;
#480 = MECHANICAL_DESIGN_GEOMETRIC_PRESENTATION_REPRESENTATION (  '', ( #8733 ), #956 ) ;
#481 = SURFACE_STYLE_USAGE ( .BOTH. , #4243 ) ;
#482 = EDGE_LOOP ( 'NONE', ( #5344, #1241, #6930, #3865 ) ) ;
#483 = EDGE_LOOP ( 'NONE', ( #7160, #3168, #2533, #9180, #8229, #443 ) ) ;
#484 = EDGE_LOOP ( 'NONE', ( #490, #6434, #2686, #1958 ) ) ;
#485 =( NAMED_UNIT ( * ) PLANE_ANGLE_UNIT ( ) SI_UNIT ( $, .RADIAN. ) );
#486 = AXIS2_PLACEMENT_3D ( 'NONE', #32, #873, #5616 ) ;
#487 = SURFACE_SIDE_STYLE ('',( #4311 ) ) ;
#488 = EDGE_LOOP ( 'NONE', ( #2215, #3508, #6306, #5983, #2426, #7512, #2954 ) ) ;
#489 = MANIFOLD_SOLID_BREP ( 'LPattern1[2]', #3047 ) ;
#490 = ORIENTED_EDGE ( 'NONE', *, *, #4339, .F. ) ;
#491 = VERTEX_POINT ( 'NONE', #5868 ) ;
#492 = VECTOR ( 'NONE', #6839, 1000.000000000000000 ) ;
#493 = AXIS2_PLACEMENT_3D ( 'NONE', #1682, #6987, #2448 ) ;
#494 = DIRECTION ( 'NONE',  ( 1.000000000000000000, 5.421010862427508365E-16, 0.0000000000000000000 ) ) ;
#495 = CARTESIAN_POINT ( 'NONE',  ( 1.615834522111268656, -0.9623395149786015956, 1.499999999999999334 ) ) ;
#496 = EDGE_CURVE ( 'NONE', #2660, #1887, #4487, .T. ) ;
#497 = SURFACE_SIDE_STYLE ('',( #7365 ) ) ;
#498 = PRESENTATION_LAYER_ASSIGNMENT (  '', '', ( #9758 ) ) ;
#499 = ADVANCED_FACE ( 'NONE', ( #6482 ), #2078, .T. ) ;
#500 = DIRECTION ( 'NONE',  ( -0.0000000000000000000, -1.000000000000000000, -0.0000000000000000000 ) ) ;
#501 = FACE_OUTER_BOUND ( 'NONE', #7665, .T. ) ;
#502 = ORIENTED_EDGE ( 'NONE', *, *, #2984, .T. ) ;
#503 = CARTESIAN_POINT ( 'NONE',  ( -4.250000000000000000, -0.3500000000000006439, 1.500000000000000000 ) ) ;
#504 = FILL_AREA_STYLE ('',( #6463 ) ) ;
#505 = ORIENTED_EDGE ( 'NONE', *, *, #8493, .T. ) ;
#506 = ORIENTED_EDGE ( 'NONE', *, *, #2893, .T. ) ;
#507 =( LENGTH_UNIT ( ) NAMED_UNIT ( * ) SI_UNIT ( .MILLI., .METRE. ) );
#508 = COLOUR_RGB ( '',0.2509803921568627416, 0.2509803921568627416, 0.2509803921568627416 ) ;
#509 = DIRECTION ( 'NONE',  ( 0.0000000000000000000, -0.0000000000000000000, 1.000000000000000000 ) ) ;
#510 = PLANE ( 'NONE',  #4038 ) ;
#511 = DIRECTION ( 'NONE',  ( -0.1888473936501247619, 0.9820064469806472074, 0.0000000000000000000 ) ) ;
#512 =( LENGTH_UNIT ( ) NAMED_UNIT ( * ) SI_UNIT ( .MILLI., .METRE. ) );
#513 =( GEOMETRIC_REPRESENTATION_CONTEXT ( 3 ) GLOBAL_UNCERTAINTY_ASSIGNED_CONTEXT ( ( #4430 ) ) GLOBAL_UNIT_ASSIGNED_CONTEXT ( ( #1045, #6297, #1770 ) ) REPRESENTATION_CONTEXT ( 'NONE', 'WORKASPACE' ) );
#514 = DIRECTION ( 'NONE',  ( 0.0000000000000000000, 1.000000000000000000, 0.0000000000000000000 ) ) ;
#515 = FILL_AREA_STYLE ('',( #2000 ) ) ;
#516 = ORIENTED_EDGE ( 'NONE', *, *, #4521, .T. ) ;
#517 = DIRECTION ( 'NONE',  ( 1.000000000000000000, -0.0000000000000000000, 1.224646799147352961E-16 ) ) ;
#518 = ORIENTED_EDGE ( 'NONE', *, *, #5596, .F. ) ;
#519 = SURFACE_STYLE_FILL_AREA ( #6222 ) ;
#520 = EDGE_CURVE ( 'NONE', #8117, #9467, #3751, .T. ) ;
#521 = SURFACE_STYLE_FILL_AREA ( #5412 ) ;
#522 = EDGE_CURVE ( 'NONE', #8789, #4213, #283, .T. ) ;
#523 = DIRECTION ( 'NONE',  ( 0.1888473936501247619, -0.9820064469806472074, 1.323264713300626193E-16 ) ) ;
#524 = EDGE_LOOP ( 'NONE', ( #1481, #22, #5153, #139 ) ) ;
#525 = VERTEX_POINT ( 'NONE', #4931 ) ;
#526 = DIRECTION ( 'NONE',  ( -0.0000000000000000000, -0.0000000000000000000, -1.000000000000000000 ) ) ;
#527 = ORIENTED_EDGE ( 'NONE', *, *, #298, .F. ) ;
#528 = EDGE_LOOP ( 'NONE', ( #6239, #6204, #9641, #7615 ) ) ;
#529 = LINE ( 'NONE', #3386, #4270 ) ;
#530 = AXIS2_PLACEMENT_3D ( 'NONE', #4405, #894, #6135 ) ;
#531 = DIRECTION ( 'NONE',  ( 0.0000000000000000000, -0.0000000000000000000, 1.000000000000000000 ) ) ;
#532 = COLOUR_RGB ( '',0.2509803921568627416, 0.2509803921568627416, 0.2509803921568627416 ) ;
#533 = CARTESIAN_POINT ( 'NONE',  ( 4.336396625881109301, 2.182442555609682255, 1.699999999999999956 ) ) ;
#534 = CARTESIAN_POINT ( 'NONE',  ( -3.993478001988251262E-15, 1.649999999999999911, -1.699999999999990852 ) ) ;
#535 = DIRECTION ( 'NONE',  ( 0.0000000000000000000, 0.0000000000000000000, 1.000000000000000000 ) ) ;
#536 = VECTOR ( 'NONE', #5255, 1000.000000000000000 ) ;
#537 = DIRECTION ( 'NONE',  ( -0.0000000000000000000, 1.000000000000000000, -0.0000000000000000000 ) ) ;
#538 = SURFACE_SIDE_STYLE ('',( #6567 ) ) ;
#539 = SURFACE_STYLE_FILL_AREA ( #8719 ) ;
#540 = PRESENTATION_STYLE_ASSIGNMENT (( #7736 ) ) ;
#541 = ORIENTED_EDGE ( 'NONE', *, *, #4624, .T. ) ;
#542 = STYLED_ITEM ( 'NONE', ( #7123 ), #4005 ) ;
#543 = ORIENTED_EDGE ( 'NONE', *, *, #2468, .T. ) ;
#544 = ADVANCED_FACE ( 'NONE', ( #3883 ), #7204, .F. ) ;
#545 = CARTESIAN_POINT ( 'NONE',  ( 7.124757133476152414E-16, 6.925848040166833641, 1.149999999999997025 ) ) ;
#546 = LINE ( 'NONE', #6756, #7355 ) ;
#547 = FILL_AREA_STYLE_COLOUR ( '', #9501 ) ;
#548 = EDGE_CURVE ( 'NONE', #2901, #9021, #6262, .T. ) ;
#549 = LINE ( 'NONE', #5756, #8536 ) ;
#550 = AXIS2_PLACEMENT_3D ( 'NONE', #432, #1894, #7196 ) ;
#551 = VECTOR ( 'NONE', #1275, 1000.000000000000000 ) ;
#552 = ORIENTED_EDGE ( 'NONE', *, *, #781, .T. ) ;
#553 =( GEOMETRIC_REPRESENTATION_CONTEXT ( 3 ) GLOBAL_UNCERTAINTY_ASSIGNED_CONTEXT ( ( #6432 ) ) GLOBAL_UNIT_ASSIGNED_CONTEXT ( ( #8495, #9079, #6039 ) ) REPRESENTATION_CONTEXT ( 'NONE', 'WORKASPACE' ) );
#554 = ORIENTED_EDGE ( 'NONE', *, *, #7194, .T. ) ;
#555 = VECTOR ( 'NONE', #3469, 1000.000000000000227 ) ;
#556 = DIRECTION ( 'NONE',  ( -0.0000000000000000000, -0.0000000000000000000, -1.000000000000000000 ) ) ;
#557 = CARTESIAN_POINT ( 'NONE',  ( -4.250000000000000000, -0.3500000000000006439, 1.500000000000000000 ) ) ;
#558 = FILL_AREA_STYLE ('',( #7293 ) ) ;
#559 = EDGE_CURVE ( 'NONE', #7398, #1365, #7403, .T. ) ;
#560 =( NAMED_UNIT ( * ) PLANE_ANGLE_UNIT ( ) SI_UNIT ( $, .RADIAN. ) );
#561 = LINE ( 'NONE', #7469, #2258 ) ;
#562 = DIRECTION ( 'NONE',  ( -1.445602896647335761E-15, -1.000000000000000000, 0.0000000000000000000 ) ) ;
#563 = DIRECTION ( 'NONE',  ( -1.000000000000000000, 0.0000000000000000000, -0.0000000000000000000 ) ) ;
#564 = VECTOR ( 'NONE', #387, 1000.000000000000000 ) ;
#565 = CARTESIAN_POINT ( 'NONE',  ( -3.199999999999997957, 1.750000000000000000, -1.800000000000000933 ) ) ;
#566 = LINE ( 'NONE', #382, #328 ) ;
#567 = EDGE_LOOP ( 'NONE', ( #8455, #2039, #5736, #2332 ) ) ;
#568 = EDGE_CURVE ( 'NONE', #8974, #8973, #7912, .T. ) ;
#569 = PLANE ( 'NONE',  #9475 ) ;
#570 = SURFACE_SIDE_STYLE ('',( #5475 ) ) ;
#571 = VECTOR ( 'NONE', #5648, 1000.000000000000000 ) ;
#572 = LINE ( 'NONE', #424, #337 ) ;
#573 = VERTEX_POINT ( 'NONE', #5379 ) ;
#574 = DIRECTION ( 'NONE',  ( 0.0000000000000000000, 0.0000000000000000000, -1.000000000000000000 ) ) ;
#575 = EDGE_CURVE ( 'NONE', #2822, #3022, #9305, .T. ) ;
#576 = CARTESIAN_POINT ( 'NONE',  ( -4.399999999999998579, 1.649999999999999911, -1.700000000000001066 ) ) ;
#577 = EDGE_LOOP ( 'NONE', ( #2651, #8956, #6372, #6970 ) ) ;
#578 = LINE ( 'NONE', #2695, #343 ) ;
#579 = STYLED_ITEM ( 'NONE', ( #8192 ), #3211 ) ;
#580 = EDGE_CURVE ( 'NONE', #6062, #4585, #7311, .T. ) ;
#581 = ORIENTED_EDGE ( 'NONE', *, *, #9384, .F. ) ;
#582 = ORIENTED_EDGE ( 'NONE', *, *, #1627, .F. ) ;
#583 = DIRECTION ( 'NONE',  ( 0.0000000000000000000, -1.000000000000000000, -3.469446951953614189E-16 ) ) ;
#584 = ORIENTED_EDGE ( 'NONE', *, *, #8563, .F. ) ;
#585 = ORIENTED_EDGE ( 'NONE', *, *, #2267, .T. ) ;
#586 = ADVANCED_FACE ( 'NONE', ( #6109 ), #1315, .F. ) ;
#587 = ORIENTED_EDGE ( 'NONE', *, *, #8827, .F. ) ;
#588 = AXIS2_PLACEMENT_3D ( 'NONE', #4562, #8508, #7679 ) ;
#589 = CARTESIAN_POINT ( 'NONE',  ( -0.8285306704707566805, -1.251640513552068734, 1.800000000000000266 ) ) ;
#590 = EDGE_LOOP ( 'NONE', ( #164, #2998, #4498, #8941 ) ) ;
#591 = ORIENTED_EDGE ( 'NONE', *, *, #4335, .T. ) ;
#592 = DIRECTION ( 'NONE',  ( -1.000000000000000000, 0.0000000000000000000, -6.195440985631453345E-16 ) ) ;
#593 = CARTESIAN_POINT ( 'NONE',  ( 4.150000000000000355, 0.6499999999999989120, 1.500000000000000000 ) ) ;
#594 = ORIENTED_EDGE ( 'NONE', *, *, #8010, .T. ) ;
#595 = CARTESIAN_POINT ( 'NONE',  ( -3.749999999999997780, -1.750000000000000000, -1.150000000000000577 ) ) ;
#596 = LINE ( 'NONE', #435, #6587 ) ;
#597 = ORIENTED_EDGE ( 'NONE', *, *, #4959, .F. ) ;
#598 = ORIENTED_EDGE ( 'NONE', *, *, #3322, .T. ) ;
#599 = VECTOR ( 'NONE', #1072, 1000.000000000000000 ) ;
#600 = DIRECTION ( 'NONE',  ( 1.224646799147352961E-16, -1.204669080539449344E-16, -1.000000000000000000 ) ) ;
#601 = ORIENTED_EDGE ( 'NONE', *, *, #4832, .F. ) ;
#602 = VECTOR ( 'NONE', #5966, 1000.000000000000000 ) ;
#603 = SURFACE_STYLE_FILL_AREA ( #4165 ) ;
#604 = ORIENTED_EDGE ( 'NONE', *, *, #2107, .F. ) ;
#605 = PLANE ( 'NONE',  #2218 ) ;
#606 =( GEOMETRIC_REPRESENTATION_CONTEXT ( 3 ) GLOBAL_UNCERTAINTY_ASSIGNED_CONTEXT ( ( #9338 ) ) GLOBAL_UNIT_ASSIGNED_CONTEXT ( ( #7896, #3294, #3188 ) ) REPRESENTATION_CONTEXT ( 'NONE', 'WORKASPACE' ) );
#607 = ORIENTED_EDGE ( 'NONE', *, *, #5389, .T. ) ;
#608 = EDGE_LOOP ( 'NONE', ( #9630, #1990, #6016, #4570 ) ) ;
#609 = ORIENTED_EDGE ( 'NONE', *, *, #4159, .T. ) ;
#610 = LINE ( 'NONE', #6261, #6353 ) ;
#612 = DIRECTION ( 'NONE',  ( 0.0000000000000000000, 0.9265528178475214149, -0.3761646923075287474 ) ) ;
#611 = MECHANICAL_DESIGN_GEOMETRIC_PRESENTATION_REPRESENTATION (  '', ( #8862 ), #1091 ) ;
#613 = FACE_OUTER_BOUND ( 'NONE', #5571, .T. ) ;
#614 = VERTEX_POINT ( 'NONE', #1240 ) ;
#615 = ORIENTED_EDGE ( 'NONE', *, *, #2858, .F. ) ;
#616 = EDGE_CURVE ( 'NONE', #6692, #8723, #8263, .T. ) ;
#617 = VECTOR ( 'NONE', #6578, 1000.000000000000000 ) ;
#618 = AXIS2_PLACEMENT_3D ( 'NONE', #5211, #714, #5963 ) ;
#619 = AXIS2_PLACEMENT_3D ( 'NONE', #4150, #4669, #3008 ) ;
#620 = DIRECTION ( 'NONE',  ( 1.445602896647335761E-15, 1.000000000000000000, 0.0000000000000000000 ) ) ;
#621 = DIRECTION ( 'NONE',  ( 1.000000000000000000, -0.0000000000000000000, 1.224646799147352961E-16 ) ) ;
#622 = VERTEX_POINT ( 'NONE', #4374 ) ;
#623 = EDGE_CURVE ( 'NONE', #9493, #5884, #4354, .T. ) ;
#624 = CARTESIAN_POINT ( 'NONE',  ( 4.149999999999998579, -1.149999999999998801, -1.800000000000001155 ) ) ;
#625 = CARTESIAN_POINT ( 'NONE',  ( 2.674999999999999822, -4.749999999999999112, 1.499999999999999556 ) ) ;
#626 = CARTESIAN_POINT ( 'NONE',  ( -4.150000000000000355, -2.168404344971008868E-16, 1.500000000000000000 ) ) ;
#627 = EDGE_LOOP ( 'NONE', ( #3260, #5387, #1001, #505 ) ) ;
#628 =( LENGTH_UNIT ( ) NAMED_UNIT ( * ) SI_UNIT ( .MILLI., .METRE. ) );
#629 = CARTESIAN_POINT ( 'NONE',  ( 4.399999999999998579, 1.649999999999999911, 0.9500000000000020650 ) ) ;
#630 = CARTESIAN_POINT ( 'NONE',  ( -4.389493895187376538, 1.750000000000000000, -1.800000000000000933 ) ) ;
#631 = CARTESIAN_POINT ( 'NONE',  ( 4.499999999999999112, 0.8499999999999993117, -0.9500000000000027311 ) ) ;
#632 = ORIENTED_EDGE ( 'NONE', *, *, #6845, .T. ) ;
#633 = EDGE_LOOP ( 'NONE', ( #9666, #8153, #918, #8369 ) ) ;
#634 = EDGE_CURVE ( 'NONE', #5762, #9417, #8152, .T. ) ;
#635 = CARTESIAN_POINT ( 'NONE',  ( 3.199999999999998401, 1.750000000000000000, 1.699999999999998845 ) ) ;
#636 = ORIENTED_EDGE ( 'NONE', *, *, #7298, .F. ) ;
#637 = ADVANCED_FACE ( 'NONE', ( #3898 ), #9761, .F. ) ;
#638 = MECHANICAL_DESIGN_GEOMETRIC_PRESENTATION_REPRESENTATION (  '', ( #8760 ), #1117 ) ;
#639 = EDGE_CURVE ( 'NONE', #8031, #3635, #3516, .T. ) ;
#640 = CARTESIAN_POINT ( 'NONE',  ( -0.3000000000000003775, -1.149999999999999911, 1.800000000000000266 ) ) ;
#641 = ORIENTED_EDGE ( 'NONE', *, *, #6977, .F. ) ;
#642 = VECTOR ( 'NONE', #7678, 1000.000000000000000 ) ;
#643 = FILL_AREA_STYLE_COLOUR ( '', #3585 ) ;
#644 = CARTESIAN_POINT ( 'NONE',  ( 4.150000000000000355, -0.3500000000000005884, 1.500000000000000000 ) ) ;
#645 = LINE ( 'NONE', #5031, #8398 ) ;
#646 = AXIS2_PLACEMENT_3D ( 'NONE', #8836, #1006, #1669 ) ;
#647 = COLOUR_RGB ( '',0.2509803921568627416, 0.2509803921568627416, 0.2509803921568627416 ) ;
#648 = LINE ( 'NONE', #3500, #416 ) ;
#649 = CARTESIAN_POINT ( 'NONE',  ( -1.749999999999999778, 0.6499999999999998002, 1.800000000000000044 ) ) ;
#650 = EDGE_CURVE ( 'NONE', #455, #7070, #68, .T. ) ;
#651 = DIRECTION ( 'NONE',  ( -0.0000000000000000000, 0.0000000000000000000, 1.000000000000000000 ) ) ;
#652 = DIRECTION ( 'NONE',  ( 1.000000000000000000, -0.0000000000000000000, 1.224646799147352961E-16 ) ) ;
#653 = DIRECTION ( 'NONE',  ( 0.0000000000000000000, 0.0000000000000000000, -1.000000000000000000 ) ) ;
#654 = SURFACE_STYLE_USAGE ( .BOTH. , #5149 ) ;
#655 = LINE ( 'NONE', #4022, #5583 ) ;
#656 = SURFACE_STYLE_USAGE ( .BOTH. , #9302 ) ;
#657 = UNCERTAINTY_MEASURE_WITH_UNIT (LENGTH_MEASURE( 1.000000000000000082E-05 ), #304, 'distance_accuracy_value', 'NONE');
#658 = FACE_OUTER_BOUND ( 'NONE', #2819, .T. ) ;
#659 = CARTESIAN_POINT ( 'NONE',  ( 4.419999999999998153, 1.750000000000000000, -0.9500000000000020650 ) ) ;
#660 = CARTESIAN_POINT ( 'NONE',  ( 3.307132667617690203, -1.362910128388017617, -1.800000000000000488 ) ) ;
#661 = CARTESIAN_POINT ( 'NONE',  ( -7.124757133476158331E-16, 6.925848040166833641, 1.149999999999997913 ) ) ;
#662 = VERTEX_POINT ( 'NONE', #5550 ) ;
#663 = LINE ( 'NONE', #9568, #8413 ) ;
#664 = CARTESIAN_POINT ( 'NONE',  ( -4.399999999999998579, 1.649999999999999911, -0.9500000000000020650 ) ) ;
#665 = SURFACE_STYLE_FILL_AREA ( #3992 ) ;
#666 = ORIENTED_EDGE ( 'NONE', *, *, #580, .F. ) ;
#667 = COLOUR_RGB ( '',0.2509803921568627416, 0.2509803921568627416, 0.2509803921568627416 ) ;
#668 = EDGE_CURVE ( 'NONE', #9657, #9280, #6737, .T. ) ;
#669 = VECTOR ( 'NONE', #3264, 1000.000000000000000 ) ;
#670 = PRESENTATION_STYLE_ASSIGNMENT (( #7046 ) ) ;
#671 = ORIENTED_EDGE ( 'NONE', *, *, #1111, .T. ) ;
#672 = PRESENTATION_LAYER_ASSIGNMENT (  '', '', ( #9424 ) ) ;
#673 = ORIENTED_EDGE ( 'NONE', *, *, #2272, .T. ) ;
#674 = CARTESIAN_POINT ( 'NONE',  ( -4.250000000000000000, -0.6461763032650930105, 0.7704711686614583721 ) ) ;
#675 = CYLINDRICAL_SURFACE ( 'NONE', #8012, 0.3000000000000007661 ) ;
#676 =( LENGTH_UNIT ( ) NAMED_UNIT ( * ) SI_UNIT ( .MILLI., .METRE. ) );
#677 = LINE ( 'NONE', #4720, #6425 ) ;
#678 = PRESENTATION_STYLE_ASSIGNMENT (( #2055 ) ) ;
#679 = ADVANCED_FACE ( 'NONE', ( #8279 ), #8923, .F. ) ;
#680 = MECHANICAL_DESIGN_GEOMETRIC_PRESENTATION_REPRESENTATION (  '', ( #8929 ), #1171 ) ;
#681 = VERTEX_POINT ( 'NONE', #1574 ) ;
#682 = FILL_AREA_STYLE ('',( #8179 ) ) ;
#683 = DIRECTION ( 'NONE',  ( 1.000000000000000000, -0.0000000000000000000, 1.224646799147352961E-16 ) ) ;
#684 = DIRECTION ( 'NONE',  ( -2.409338161078897701E-16, 9.637352644315704944E-17, -1.000000000000000000 ) ) ;
#686 = PRESENTATION_LAYER_ASSIGNMENT (  '', '', ( #9444 ) ) ;
#685 = CARTESIAN_POINT ( 'NONE',  ( -2.325000000000000622, -4.749999999999999112, 3.800000000000001155 ) ) ;
#687 = VECTOR ( 'NONE', #9547, 1000.000000000000000 ) ;
#688 = CARTESIAN_POINT ( 'NONE',  ( -4.956352788505187920E-16, -1.750000000000000000, -0.8000000000000030420 ) ) ;
#689 = FILL_AREA_STYLE_COLOUR ( '', #3097 ) ;
#690 = VERTEX_POINT ( 'NONE', #6093 ) ;
#691 = EDGE_CURVE ( 'NONE', #1585, #4928, #9273, .T. ) ;
#692 = DIRECTION ( 'NONE',  ( -1.224646799147352961E-16, 1.204669080539449344E-16, 1.000000000000000000 ) ) ;
#693 = UNCERTAINTY_MEASURE_WITH_UNIT (LENGTH_MEASURE( 1.000000000000000082E-05 ), #405, 'distance_accuracy_value', 'NONE');
#694 = CARTESIAN_POINT ( 'NONE',  ( 4.150000000000000355, 0.6499999999999986899, 1.500000000000000000 ) ) ;
#695 = VERTEX_POINT ( 'NONE', #6439 ) ;
#696 = CARTESIAN_POINT ( 'NONE',  ( 4.399999999999998579, 1.750000000000000000, 1.699999999999999956 ) ) ;
#697 = VECTOR ( 'NONE', #961, 1000.000000000000000 ) ;
#698 = ORIENTED_EDGE ( 'NONE', *, *, #7690, .T. ) ;
#699 = ORIENTED_EDGE ( 'NONE', *, *, #9255, .T. ) ;
#700 = DIRECTION ( 'NONE',  ( 1.323867915877035689E-14, 0.0000000000000000000, -1.000000000000000000 ) ) ;
#701 = ORIENTED_EDGE ( 'NONE', *, *, #397, .F. ) ;
#702 = AXIS2_PLACEMENT_3D ( 'NONE', #6299, #4893, #7375 ) ;
#703 = ORIENTED_EDGE ( 'NONE', *, *, #7369, .F. ) ;
#704 = DIRECTION ( 'NONE',  ( 0.0000000000000000000, 0.0000000000000000000, 1.000000000000000000 ) ) ;
#705 = CARTESIAN_POINT ( 'NONE',  ( 0.3000000000000003775, -1.149999999999999911, -1.800000000000000711 ) ) ;
#706 = VECTOR ( 'NONE', #7518, 1000.000000000000000 ) ;
#707 = SURFACE_STYLE_FILL_AREA ( #6550 ) ;
#708 = EDGE_LOOP ( 'NONE', ( #9377, #4713, #6326, #7876 ) ) ;
#709 = VERTEX_POINT ( 'NONE', #9625 ) ;
#710 = SURFACE_STYLE_FILL_AREA ( #160 ) ;
#711 = CARTESIAN_POINT ( 'NONE',  ( -4.499999999999998224, 0.6499999999999989120, 0.9500000000000016209 ) ) ;
#712 = ORIENTED_EDGE ( 'NONE', *, *, #8817, .T. ) ;
#713 =( NAMED_UNIT ( * ) PLANE_ANGLE_UNIT ( ) SI_UNIT ( $, .RADIAN. ) );
#714 = DIRECTION ( 'NONE',  ( 0.0000000000000000000, 1.000000000000000000, -0.0000000000000000000 ) ) ;
#715 =( NAMED_UNIT ( * ) PLANE_ANGLE_UNIT ( ) SI_UNIT ( $, .RADIAN. ) );
#716 = MECHANICAL_DESIGN_GEOMETRIC_PRESENTATION_REPRESENTATION (  '', ( #8969 ), #1209 ) ;
#717 = DIRECTION ( 'NONE',  ( -1.000000000000000000, 0.0000000000000000000, 0.0000000000000000000 ) ) ;
#718 =( LENGTH_UNIT ( ) NAMED_UNIT ( * ) SI_UNIT ( .MILLI., .METRE. ) );
#719 = LINE ( 'NONE', #2334, #4954 ) ;
#720 = LINE ( 'NONE', #7596, #4841 ) ;
#721 = ORIENTED_EDGE ( 'NONE', *, *, #1757, .F. ) ;
#722 = CARTESIAN_POINT ( 'NONE',  ( 4.150000000000000355, -0.3500000000000004774, -0.6502286246418800264 ) ) ;
#723 = ORIENTED_EDGE ( 'NONE', *, *, #7874, .T. ) ;
#724 = VECTOR ( 'NONE', #2624, 1000.000000000000000 ) ;
#725 = DIRECTION ( 'NONE',  ( -1.362892000953376380E-31, -1.000000000000000000, -5.656706986880892613E-16 ) ) ;
#726 = EDGE_CURVE ( 'NONE', #4441, #4265, #1254, .T. ) ;
#727 = DIRECTION ( 'NONE',  ( -0.0000000000000000000, -0.0000000000000000000, 1.000000000000000000 ) ) ;
#728 = ADVANCED_FACE ( 'NONE', ( #1474 ), #7397, .F. ) ;
#729 = PRESENTATION_LAYER_ASSIGNMENT (  '', '', ( #230 ) ) ;
#730 = FACE_BOUND ( 'NONE', #7138, .T. ) ;
#731 = LINE ( 'NONE', #1622, #4274 ) ;
#732 = ORIENTED_EDGE ( 'NONE', *, *, #8138, .F. ) ;
#733 = VERTEX_POINT ( 'NONE', #9279 ) ;
#734 = VERTEX_POINT ( 'NONE', #8701 ) ;
#735 =( NAMED_UNIT ( * ) SI_UNIT ( $, .STERADIAN. ) SOLID_ANGLE_UNIT ( ) );
#736 = AXIS2_PLACEMENT_3D ( 'NONE', #5670, #9220, #386 ) ;
#737 = CARTESIAN_POINT ( 'NONE',  ( -4.399999999999997691, 1.649999999999999911, 1.699999999999999956 ) ) ;
#738 = LINE ( 'NONE', #4610, #6496 ) ;
#740 = SURFACE_STYLE_USAGE ( .BOTH. , #4399 ) ;
#739 = AXIS2_PLACEMENT_3D ( 'NONE', #9508, #517, #1237 ) ;
#741 = FACE_OUTER_BOUND ( 'NONE', #2178, .T. ) ;
#742 = EDGE_CURVE ( 'NONE', #7285, #35, #6558, .T. ) ;
#743 = ORIENTED_EDGE ( 'NONE', *, *, #5918, .T. ) ;
#744 = AXIS2_PLACEMENT_3D ( 'NONE', #3828, #2353, #8170 ) ;
#745 = ORIENTED_EDGE ( 'NONE', *, *, #7945, .T. ) ;
#746 = CARTESIAN_POINT ( 'NONE',  ( 4.250000000000000000, -0.3500000000000006439, 1.500000000000000000 ) ) ;
#747 = FILL_AREA_STYLE ('',( #3715 ) ) ;
#748 = VECTOR ( 'NONE', #1126, 1000.000000000000000 ) ;
#749 = EDGE_CURVE ( 'NONE', #2771, #7521, #8566, .T. ) ;
#750 = CARTESIAN_POINT ( 'NONE',  ( -3.399999999999997247, -1.549999999999999378, -0.8000000000000010436 ) ) ;
#751 = ORIENTED_EDGE ( 'NONE', *, *, #1291, .T. ) ;
#752 = VECTOR ( 'NONE', #7324, 1000.000000000000000 ) ;
#753 = FILL_AREA_STYLE_COLOUR ( '', #7902 ) ;
#754 = EDGE_CURVE ( 'NONE', #3635, #3762, #4201, .T. ) ;
#755 = CARTESIAN_POINT ( 'NONE',  ( -4.419999999999998153, 1.670000000000000151, -0.9500000000000020650 ) ) ;
#756 =( GEOMETRIC_REPRESENTATION_CONTEXT ( 3 ) GLOBAL_UNCERTAINTY_ASSIGNED_CONTEXT ( ( #4431 ) ) GLOBAL_UNIT_ASSIGNED_CONTEXT ( ( #7270, #8763, #1108 ) ) REPRESENTATION_CONTEXT ( 'NONE', 'WORKASPACE' ) );
#757 = EDGE_CURVE ( 'NONE', #6230, #2100, #3362, .T. ) ;
#758 = LINE ( 'NONE', #3177, #8771 ) ;
#759 = SURFACE_STYLE_FILL_AREA ( #1527 ) ;
#760 =( NAMED_UNIT ( * ) PLANE_ANGLE_UNIT ( ) SI_UNIT ( $, .RADIAN. ) );
#761 = PRESENTATION_STYLE_ASSIGNMENT (( #6895 ) ) ;
#762 = CARTESIAN_POINT ( 'NONE',  ( -5.596732734143892607, -1.084202172485504434E-16, 0.5081345747705628968 ) ) ;
#763 = ORIENTED_EDGE ( 'NONE', *, *, #6272, .T. ) ;
#764 = DIRECTION ( 'NONE',  ( -0.0000000000000000000, -1.000000000000000000, -0.0000000000000000000 ) ) ;
#765 = SURFACE_SIDE_STYLE ('',( #5004 ) ) ;
#766 = SURFACE_SIDE_STYLE ('',( #7849 ) ) ;
#767 =( GEOMETRIC_REPRESENTATION_CONTEXT ( 3 ) GLOBAL_UNCERTAINTY_ASSIGNED_CONTEXT ( ( #6301 ) ) GLOBAL_UNIT_ASSIGNED_CONTEXT ( ( #676, #877, #9135 ) ) REPRESENTATION_CONTEXT ( 'NONE', 'WORKASPACE' ) );
#768 = VECTOR ( 'NONE', #6697, 1000.000000000000000 ) ;
#769 = ADVANCED_FACE ( 'NONE', ( #6436 ), #7965, .T. ) ;
#770 = FACE_OUTER_BOUND ( 'NONE', #10, .T. ) ;
#771 = UNCERTAINTY_MEASURE_WITH_UNIT (LENGTH_MEASURE( 1.000000000000000082E-05 ), #788, 'distance_accuracy_value', 'NONE');
#772 = VECTOR ( 'NONE', #1905, 1000.000000000000000 ) ;
#773 = LINE ( 'NONE', #7932, #7709 ) ;
#774 = DIRECTION ( 'NONE',  ( 1.000000000000000000, 0.0000000000000000000, -0.0000000000000000000 ) ) ;
#775 = VERTEX_POINT ( 'NONE', #2430 ) ;
#776 = LINE ( 'NONE', #973, #8299 ) ;
#777 = LINE ( 'NONE', #9705, #4768 ) ;
#778 = DIRECTION ( 'NONE',  ( -0.0000000000000000000, 1.000000000000000000, -1.112002228190260705E-16 ) ) ;
#779 = LINE ( 'NONE', #9520, #6296 ) ;
#780 = PRESENTATION_LAYER_ASSIGNMENT (  '', '', ( #9563 ) ) ;
#781 = EDGE_CURVE ( 'NONE', #2833, #9582, #7737, .T. ) ;
#782 = STYLED_ITEM ( 'NONE', ( #678 ), #7832 ) ;
#783 = CARTESIAN_POINT ( 'NONE',  ( 4.250000000000000000, -0.3500000000000004774, -0.6502286246418800264 ) ) ;
#784 = STYLED_ITEM ( 'NONE', ( #439 ), #1523 ) ;
#785 = CARTESIAN_POINT ( 'NONE',  ( 4.389493895187377426, 1.750000000000000000, 0.9500000000000033973 ) ) ;
#786 = VECTOR ( 'NONE', #7892, 1000.000000000000000 ) ;
#787 =( NAMED_UNIT ( * ) SI_UNIT ( $, .STERADIAN. ) SOLID_ANGLE_UNIT ( ) );
#788 =( LENGTH_UNIT ( ) NAMED_UNIT ( * ) SI_UNIT ( .MILLI., .METRE. ) );
#789 = ORIENTED_EDGE ( 'NONE', *, *, #8387, .F. ) ;
#790 = ORIENTED_EDGE ( 'NONE', *, *, #8710, .F. ) ;
#791 = EDGE_CURVE ( 'NONE', #6440, #5272, #1, .T. ) ;
#792 = SURFACE_STYLE_FILL_AREA ( #6480 ) ;
#793 = ORIENTED_EDGE ( 'NONE', *, *, #9525, .F. ) ;
#794 = VECTOR ( 'NONE', #2381, 1000.000000000000000 ) ;
#795 = DIRECTION ( 'NONE',  ( 0.0000000000000000000, 1.000000000000000000, 0.0000000000000000000 ) ) ;
#796 = ORIENTED_EDGE ( 'NONE', *, *, #7553, .F. ) ;
#797 = CARTESIAN_POINT ( 'NONE',  ( 2.674999999999999822, -4.649999999999998579, 1.800000000000000711 ) ) ;
#798 = FILL_AREA_STYLE_COLOUR ( '', #8852 ) ;
#799 = FILL_AREA_STYLE_COLOUR ( '', #4518 ) ;
#800 = ORIENTED_EDGE ( 'NONE', *, *, #3947, .T. ) ;
#801 = ORIENTED_EDGE ( 'NONE', *, *, #8633, .T. ) ;
#802 = CARTESIAN_POINT ( 'NONE',  ( 4.499999999999999112, 0.8499999999999993117, 0.9500000000000033973 ) ) ;
#803 = EDGE_CURVE ( 'NONE', #9521, #48, #7975, .T. ) ;
#804 = EDGE_CURVE ( 'NONE', #525, #9576, #9753, .T. ) ;
#805 = ORIENTED_EDGE ( 'NONE', *, *, #227, .T. ) ;
#806 = VERTEX_POINT ( 'NONE', #5731 ) ;
#807 = EDGE_CURVE ( 'NONE', #9642, #4955, #7277, .T. ) ;
#808 = ORIENTED_EDGE ( 'NONE', *, *, #4271, .F. ) ;
#809 = CARTESIAN_POINT ( 'NONE',  ( -3.199999999999997513, 1.649999999999999911, 0.0000000000000000000 ) ) ;
#810 = SURFACE_SIDE_STYLE ('',( #4997 ) ) ;
#811 = DIRECTION ( 'NONE',  ( 0.0000000000000000000, 0.0000000000000000000, -1.000000000000000000 ) ) ;
#812 = CARTESIAN_POINT ( 'NONE',  ( 4.250000000000000000, 0.3994330636317652283, -0.3459715414450060811 ) ) ;
#813 = ADVANCED_FACE ( 'NONE', ( #6304 ), #4726, .F. ) ;
#814 = ORIENTED_EDGE ( 'NONE', *, *, #2309, .T. ) ;
#815 = PRESENTATION_STYLE_ASSIGNMENT (( #9400 ) ) ;
#816 = VECTOR ( 'NONE', #2206, 1000.000000000000000 ) ;
#817 = SURFACE_STYLE_USAGE ( .BOTH. , #3325 ) ;
#818 = VECTOR ( 'NONE', #3080, 1000.000000000000000 ) ;
#819 = CARTESIAN_POINT ( 'NONE',  ( -4.250000000000000000, 0.6499999999999989120, -1.800000000000000933 ) ) ;
#820 = DIRECTION ( 'NONE',  ( 0.0000000000000000000, -1.000000000000000000, -3.827625419938115413E-16 ) ) ;
#821 = ORIENTED_EDGE ( 'NONE', *, *, #2597, .T. ) ;
#822 = CARTESIAN_POINT ( 'NONE',  ( -5.221110255092797026, -1.149999999999999911, 1.800000000000000044 ) ) ;
#823 = ORIENTED_EDGE ( 'NONE', *, *, #4248, .T. ) ;
#824 = DIRECTION ( 'NONE',  ( 1.000000000000000000, 0.0000000000000000000, -2.409338161078883896E-16 ) ) ;
#825 = VECTOR ( 'NONE', #9667, 1000.000000000000000 ) ;
#826 = VERTEX_POINT ( 'NONE', #414 ) ;
#827 = LINE ( 'NONE', #6374, #8599 ) ;
#828 = ORIENTED_EDGE ( 'NONE', *, *, #1127, .F. ) ;
#829 = SURFACE_SIDE_STYLE ('',( #6989 ) ) ;
#830 = CARTESIAN_POINT ( 'NONE',  ( -4.250000000000000000, -0.3500000000000003109, 0.6502286246418802484 ) ) ;
#831 = CARTESIAN_POINT ( 'NONE',  ( 4.249999999999996447, 0.6499999999999982458, -0.9500000000000025091 ) ) ;
#832 = FACE_OUTER_BOUND ( 'NONE', #8479, .T. ) ;
#833 = VERTEX_POINT ( 'NONE', #250 ) ;
#834 = VERTEX_POINT ( 'NONE', #4369 ) ;
#835 =( NAMED_UNIT ( * ) SI_UNIT ( $, .STERADIAN. ) SOLID_ANGLE_UNIT ( ) );
#836 =( GEOMETRIC_REPRESENTATION_CONTEXT ( 3 ) GLOBAL_UNCERTAINTY_ASSIGNED_CONTEXT ( ( #4268 ) ) GLOBAL_UNIT_ASSIGNED_CONTEXT ( ( #1766, #5005, #8036 ) ) REPRESENTATION_CONTEXT ( 'NONE', 'WORKASPACE' ) );
#837 = CARTESIAN_POINT ( 'NONE',  ( 2.324999999999999734, -4.649999999999998579, 3.800000000000001155 ) ) ;
#838 = FILL_AREA_STYLE ('',( #6050 ) ) ;
#839 = COLOUR_RGB ( '',0.7921568627450980005, 0.8196078431372548767, 0.9333333333333333481 ) ;
#840 = DIRECTION ( 'NONE',  ( 1.000000000000000000, -5.421010862427508365E-16, 0.0000000000000000000 ) ) ;
#841 = ORIENTED_EDGE ( 'NONE', *, *, #307, .F. ) ;
#842 = VERTEX_POINT ( 'NONE', #6155 ) ;
#843 = EDGE_CURVE ( 'NONE', #1018, #4308, #2263, .T. ) ;
#844 = AXIS2_PLACEMENT_3D ( 'NONE', #2094, #7388, #2856 ) ;
#845 = PRESENTATION_STYLE_ASSIGNMENT (( #9580 ) ) ;
#846 = PLANE ( 'NONE',  #588 ) ;
#847 = CARTESIAN_POINT ( 'NONE',  ( -3.199999999999997513, 1.649999999999999911, 1.699999999999999734 ) ) ;
#848 =( GEOMETRIC_REPRESENTATION_CONTEXT ( 3 ) GLOBAL_UNCERTAINTY_ASSIGNED_CONTEXT ( ( #4671 ) ) GLOBAL_UNIT_ASSIGNED_CONTEXT ( ( #3714, #2370, #3116 ) ) REPRESENTATION_CONTEXT ( 'NONE', 'WORKASPACE' ) );
#849 = ORIENTED_EDGE ( 'NONE', *, *, #7795, .F. ) ;
#850 = ORIENTED_EDGE ( 'NONE', *, *, #4281, .F. ) ;
#851 = FILL_AREA_STYLE_COLOUR ( '', #1341 ) ;
#852 = DIRECTION ( 'NONE',  ( -0.3713906763541089395, 0.9284766908852573053, 0.0000000000000000000 ) ) ;
#853 = DIRECTION ( 'NONE',  ( -1.807003620809169455E-16, 0.0000000000000000000, 1.000000000000000000 ) ) ;
#854 = MECHANICAL_DESIGN_GEOMETRIC_PRESENTATION_REPRESENTATION (  '', ( #9108 ), #1350 ) ;
#855 = ORIENTED_EDGE ( 'NONE', *, *, #8066, .F. ) ;
#856 = VECTOR ( 'NONE', #1786, 1000.000000000000000 ) ;
#857 = ADVANCED_FACE ( 'NONE', ( #7498 ), #3895, .F. ) ;
#858 = PLANE ( 'NONE',  #9494 ) ;
#859 = FACE_OUTER_BOUND ( 'NONE', #7744, .T. ) ;
#860 = EDGE_CURVE ( 'NONE', #3832, #614, #5482, .T. ) ;
#861 = SURFACE_SIDE_STYLE ('',( #2375 ) ) ;
#862 = CARTESIAN_POINT ( 'NONE',  ( 4.499999999999998224, 0.6500000000000001332, -1.800000000000001155 ) ) ;
#863 = FACE_OUTER_BOUND ( 'NONE', #5612, .T. ) ;
#864 = DIRECTION ( 'NONE',  ( 0.0000000000000000000, 1.000000000000000000, 0.0000000000000000000 ) ) ;
#865 = CARTESIAN_POINT ( 'NONE',  ( -0.2499999999999997780, 1.649999999999999689, 3.799999999999999822 ) ) ;
#866 = EDGE_CURVE ( 'NONE', #3762, #8309, #332, .T. ) ;
#867 = CARTESIAN_POINT ( 'NONE',  ( 4.250000000000000000, -0.3500000000000004774, -0.6502286246418800264 ) ) ;
#868 = DIRECTION ( 'NONE',  ( 0.0000000000000000000, 1.000000000000000000, 0.0000000000000000000 ) ) ;
#869 = FACE_OUTER_BOUND ( 'NONE', #9044, .T. ) ;
#870 = CARTESIAN_POINT ( 'NONE',  ( -1.535953077687793938E-15, 1.649999999999999911, 1.699999999999995959 ) ) ;
#871 = FACE_OUTER_BOUND ( 'NONE', #9170, .T. ) ;
#872 =( NAMED_UNIT ( * ) SI_UNIT ( $, .STERADIAN. ) SOLID_ANGLE_UNIT ( ) );
#873 = DIRECTION ( 'NONE',  ( -1.000000000000000000, 0.0000000000000000000, -1.224646799147352961E-16 ) ) ;
#874 = VECTOR ( 'NONE', #3999, 1000.000000000000000 ) ;
#875 = VERTEX_POINT ( 'NONE', #2860 ) ;
#876 = VECTOR ( 'NONE', #7047, 1000.000000000000227 ) ;
#877 =( NAMED_UNIT ( * ) PLANE_ANGLE_UNIT ( ) SI_UNIT ( $, .RADIAN. ) );
#878 = UNCERTAINTY_MEASURE_WITH_UNIT (LENGTH_MEASURE( 1.000000000000000082E-05 ), #7983, 'distance_accuracy_value', 'NONE');
#879 = FACE_OUTER_BOUND ( 'NONE', #3946, .T. ) ;
#880 = VECTOR ( 'NONE', #6020, 1000.000000000000000 ) ;
#881 = VECTOR ( 'NONE', #5654, 1000.000000000000000 ) ;
#882 = ORIENTED_EDGE ( 'NONE', *, *, #8165, .T. ) ;
#883 = CARTESIAN_POINT ( 'NONE',  ( -0.1749999999999993783, -1.149999999999999911, -1.800000000000000711 ) ) ;
#884 = AXIS2_PLACEMENT_3D ( 'NONE', #9489, #5634, #9455 ) ;
#885 = DIRECTION ( 'NONE',  ( -2.409338161078898194E-16, 0.0000000000000000000, -1.000000000000000000 ) ) ;
#886 = ORIENTED_EDGE ( 'NONE', *, *, #6266, .F. ) ;
#887 = VECTOR ( 'NONE', #4973, 1000.000000000000000 ) ;
#888 = VECTOR ( 'NONE', #9209, 1000.000000000000000 ) ;
#889 = CARTESIAN_POINT ( 'NONE',  ( -2.800000000000000266, -1.149999999999999911, 0.8291796067500618594 ) ) ;
#890 = ORIENTED_EDGE ( 'NONE', *, *, #1467, .F. ) ;
#891 = LINE ( 'NONE', #5821, #2635 ) ;
#892 = EDGE_CURVE ( 'NONE', #9706, #930, #896, .T. ) ;
#893 = SURFACE_STYLE_FILL_AREA ( #8218 ) ;
#894 = DIRECTION ( 'NONE',  ( 1.224646799147352961E-16, -1.204669080539449837E-16, -1.000000000000000000 ) ) ;
#895 =( GEOMETRIC_REPRESENTATION_CONTEXT ( 3 ) GLOBAL_UNCERTAINTY_ASSIGNED_CONTEXT ( ( #6563 ) ) GLOBAL_UNIT_ASSIGNED_CONTEXT ( ( #4818, #1865, #9440 ) ) REPRESENTATION_CONTEXT ( 'NONE', 'WORKASPACE' ) );
#896 = LINE ( 'NONE', #5952, #1016 ) ;
#897 = ORIENTED_EDGE ( 'NONE', *, *, #4072, .F. ) ;
#898 = ORIENTED_EDGE ( 'NONE', *, *, #7813, .F. ) ;
#899 = DIRECTION ( 'NONE',  ( 0.0000000000000000000, 1.000000000000000000, 0.0000000000000000000 ) ) ;
#900 = ADVANCED_FACE ( 'NONE', ( #1938 ), #8854, .F. ) ;
#901 = LINE ( 'NONE', #5794, #2883 ) ;
#902 =( LENGTH_UNIT ( ) NAMED_UNIT ( * ) SI_UNIT ( .MILLI., .METRE. ) );
#903 = MECHANICAL_DESIGN_GEOMETRIC_PRESENTATION_REPRESENTATION (  '', ( #9692 ), #1397 ) ;
#904 = ORIENTED_EDGE ( 'NONE', *, *, #9695, .T. ) ;
#905 = ORIENTED_EDGE ( 'NONE', *, *, #7278, .T. ) ;
#906 = EDGE_CURVE ( 'NONE', #7245, #989, #111, .T. ) ;
#907 =( GEOMETRIC_REPRESENTATION_CONTEXT ( 3 ) GLOBAL_UNCERTAINTY_ASSIGNED_CONTEXT ( ( #3519 ) ) GLOBAL_UNIT_ASSIGNED_CONTEXT ( ( #8497, #3975, #9259 ) ) REPRESENTATION_CONTEXT ( 'NONE', 'WORKASPACE' ) );
#908 = FILL_AREA_STYLE_COLOUR ( '', #1192 ) ;
#909 = CARTESIAN_POINT ( 'NONE',  ( -4.150000000000000355, 1.257933187892947391, 0.002564914187279518018 ) ) ;
#910 = PLANE ( 'NONE',  #744 ) ;
#911 = SURFACE_SIDE_STYLE ('',( #521 ) ) ;
#912 = FACE_OUTER_BOUND ( 'NONE', #7648, .T. ) ;
#913 = EDGE_LOOP ( 'NONE', ( #4322, #6596, #3397, #3132, #6602, #1968 ) ) ;
#914 = ORIENTED_EDGE ( 'NONE', *, *, #3307, .T. ) ;
#915 = EDGE_CURVE ( 'NONE', #1059, #112, #7378, .T. ) ;
#916 = CARTESIAN_POINT ( 'NONE',  ( -1.692867332382310019, -1.362910128388017617, -1.800000000000000488 ) ) ;
#917 = UNCERTAINTY_MEASURE_WITH_UNIT (LENGTH_MEASURE( 1.000000000000000082E-05 ), #7356, 'distance_accuracy_value', 'NONE');
#918 = ORIENTED_EDGE ( 'NONE', *, *, #9121, .F. ) ;
#919 = ORIENTED_EDGE ( 'NONE', *, *, #2005, .T. ) ;
#920 = ORIENTED_EDGE ( 'NONE', *, *, #5045, .T. ) ;
#921 = VECTOR ( 'NONE', #6485, 1000.000000000000000 ) ;
#922 = VERTEX_POINT ( 'NONE', #7694 ) ;
#923 = VERTEX_POINT ( 'NONE', #4001 ) ;
#924 = DIRECTION ( 'NONE',  ( -1.156482317317876458E-15, 0.0000000000000000000, -1.000000000000000000 ) ) ;
#925 = EDGE_CURVE ( 'NONE', #8586, #4661, #9137, .T. ) ;
#926 = CARTESIAN_POINT ( 'NONE',  ( 4.250000000000000000, 0.6500000000000000222, -1.800000000000001155 ) ) ;
#927 =( GEOMETRIC_REPRESENTATION_CONTEXT ( 3 ) GLOBAL_UNCERTAINTY_ASSIGNED_CONTEXT ( ( #7950 ) ) GLOBAL_UNIT_ASSIGNED_CONTEXT ( ( #5010, #1212, #7207 ) ) REPRESENTATION_CONTEXT ( 'NONE', 'WORKASPACE' ) );
#928 = ORIENTED_EDGE ( 'NONE', *, *, #3125, .T. ) ;
#929 = EDGE_CURVE ( 'NONE', #271, #5729, #9378, .T. ) ;
#930 = VERTEX_POINT ( 'NONE', #705 ) ;
#931 = ORIENTED_EDGE ( 'NONE', *, *, #5132, .T. ) ;
#932 = ORIENTED_EDGE ( 'NONE', *, *, #568, .F. ) ;
#933 = CARTESIAN_POINT ( 'NONE',  ( 0.2999999999999999334, -0.8499999999999992006, -1.499999999999999778 ) ) ;
#934 = DIRECTION ( 'NONE',  ( 1.000000000000000000, 0.0000000000000000000, 1.224646799147352961E-16 ) ) ;
#935 = SURFACE_SIDE_STYLE ('',( #1227 ) ) ;
#936 = VECTOR ( 'NONE', #7120, 1000.000000000000000 ) ;
#937 = UNCERTAINTY_MEASURE_WITH_UNIT (LENGTH_MEASURE( 1.000000000000000082E-05 ), #1279, 'distance_accuracy_value', 'NONE');
#938 = CARTESIAN_POINT ( 'NONE',  ( -3.499999999999997780, -1.699999999999999956, 0.2249999999999994504 ) ) ;
#939 = PRESENTATION_STYLE_ASSIGNMENT (( #3760 ) ) ;
#940 = ORIENTED_EDGE ( 'NONE', *, *, #5871, .F. ) ;
#941 = STYLED_ITEM ( 'NONE', ( #2770 ), #813 ) ;
#942 = ORIENTED_EDGE ( 'NONE', *, *, #8469, .T. ) ;
#943 = DIRECTION ( 'NONE',  ( 0.0000000000000000000, 0.9265528178475215260, -0.3761646923075286364 ) ) ;
#944 = VECTOR ( 'NONE', #6034, 1000.000000000000000 ) ;
#945 = EDGE_CURVE ( 'NONE', #2850, #8371, #2879, .T. ) ;
#946 = PLANE ( 'NONE',  #289 ) ;
#947 = SURFACE_SIDE_STYLE ('',( #710 ) ) ;
#948 = CARTESIAN_POINT ( 'NONE',  ( -0.1750000000000002387, -4.649999999999998579, 3.800000000000001155 ) ) ;
#949 = VECTOR ( 'NONE', #1546, 1000.000000000000000 ) ;
#950 = VECTOR ( 'NONE', #7952, 1000.000000000000000 ) ;
#951 = CARTESIAN_POINT ( 'NONE',  ( 0.2999999999999994893, -1.149999999999999911, 1.499999999999999334 ) ) ;
#952 = ORIENTED_EDGE ( 'NONE', *, *, #3243, .T. ) ;
#953 = ADVANCED_FACE ( 'NONE', ( #4906 ), #3096, .F. ) ;
#954 = DIRECTION ( 'NONE',  ( -1.000000000000000000, 5.421010862427508365E-16, 0.0000000000000000000 ) ) ;
#955 = VECTOR ( 'NONE', #2123, 1000.000000000000000 ) ;
#956 =( GEOMETRIC_REPRESENTATION_CONTEXT ( 3 ) GLOBAL_UNCERTAINTY_ASSIGNED_CONTEXT ( ( #3030 ) ) GLOBAL_UNIT_ASSIGNED_CONTEXT ( ( #6284, #297, #1826 ) ) REPRESENTATION_CONTEXT ( 'NONE', 'WORKASPACE' ) );
#957 = CARTESIAN_POINT ( 'NONE',  ( -2.674999999999999822, -4.750000000000000000, -1.499999999999999556 ) ) ;
#958 = ORIENTED_EDGE ( 'NONE', *, *, #7672, .T. ) ;
#959 = ORIENTED_EDGE ( 'NONE', *, *, #179, .F. ) ;
#960 = VERTEX_POINT ( 'NONE', #3066 ) ;
#961 = DIRECTION ( 'NONE',  ( 1.445602896647335761E-15, 1.000000000000000000, 0.0000000000000000000 ) ) ;
#962 = AXIS2_PLACEMENT_3D ( 'NONE', #3700, #4471, #3060 ) ;
#963 = CARTESIAN_POINT ( 'NONE',  ( -1.749999999999999778, 0.6499999999999998002, 1.699999999999999956 ) ) ;
#964 = UNCERTAINTY_MEASURE_WITH_UNIT (LENGTH_MEASURE( 1.000000000000000082E-05 ), #2853, 'distance_accuracy_value', 'NONE');
#965 = ADVANCED_FACE ( 'NONE', ( #8325 ), #4093, .F. ) ;
#966 = AXIS2_PLACEMENT_3D ( 'NONE', #8477, #3950, #9233 ) ;
#967 = FILL_AREA_STYLE_COLOUR ( '', #8072 ) ;
#968 = ORIENTED_EDGE ( 'NONE', *, *, #9483, .T. ) ;
#969 = LINE ( 'NONE', #9605, #4728 ) ;
#970 = EDGE_LOOP ( 'NONE', ( #3809, #6962, #8226, #8135 ) ) ;
#971 = EDGE_CURVE ( 'NONE', #9185, #3313, #7614, .T. ) ;
#972 = MECHANICAL_DESIGN_GEOMETRIC_PRESENTATION_REPRESENTATION (  '', ( #9758 ), #1451 ) ;
#973 = CARTESIAN_POINT ( 'NONE',  ( 4.399999999999998579, 3.295974604355942847E-16, -0.9500000000000027311 ) ) ;
#974 = EDGE_LOOP ( 'NONE', ( #7319, #1133, #7511, #4489 ) ) ;
#975 = PRESENTATION_STYLE_ASSIGNMENT (( #5429 ) ) ;
#976 =( LENGTH_UNIT ( ) NAMED_UNIT ( * ) SI_UNIT ( .MILLI., .METRE. ) );
#977 = DIRECTION ( 'NONE',  ( 0.0000000000000000000, 0.0000000000000000000, -1.000000000000000000 ) ) ;
#978 = FACE_OUTER_BOUND ( 'NONE', #9652, .T. ) ;
#979 = EDGE_CURVE ( 'NONE', #7880, #7890, #9386, .T. ) ;
#980 = PRESENTATION_STYLE_ASSIGNMENT (( #5700 ) ) ;
#981 = EDGE_CURVE ( 'NONE', #7733, #3846, #2394, .T. ) ;
#982 = DIRECTION ( 'NONE',  ( 0.0000000000000000000, -0.0000000000000000000, 1.000000000000000000 ) ) ;
#983 = LINE ( 'NONE', #8441, #2970 ) ;
#984 = LINE ( 'NONE', #1380, #8532 ) ;
#985 = CARTESIAN_POINT ( 'NONE',  ( 4.250000000000000000, -0.3499999999999997558, -0.9500000000000025091 ) ) ;
#986 = FILL_AREA_STYLE_COLOUR ( '', #2924 ) ;
#987 = FACE_OUTER_BOUND ( 'NONE', #7320, .T. ) ;
#988 = DIRECTION ( 'NONE',  ( -0.0000000000000000000, -1.000000000000000000, -0.0000000000000000000 ) ) ;
#989 = VERTEX_POINT ( 'NONE', #8659 ) ;
#990 = VECTOR ( 'NONE', #8463, 1000.000000000000000 ) ;
#991 = PLANE ( 'NONE',  #5576 ) ;
#992 = SURFACE_STYLE_FILL_AREA ( #6992 ) ;
#993 = PRESENTATION_STYLE_ASSIGNMENT (( #4879 ) ) ;
#994 = ADVANCED_FACE ( 'NONE', ( #1136 ), #8418, .T. ) ;
#995 = ORIENTED_EDGE ( 'NONE', *, *, #1601, .F. ) ;
#996 = SURFACE_STYLE_FILL_AREA ( #4368 ) ;
#997 = DIRECTION ( 'NONE',  ( -2.409338161078898194E-16, 0.0000000000000000000, -1.000000000000000000 ) ) ;
#998 = UNCERTAINTY_MEASURE_WITH_UNIT (LENGTH_MEASURE( 1.000000000000000082E-05 ), #5492, 'distance_accuracy_value', 'NONE');
#999 = CARTESIAN_POINT ( 'NONE',  ( 3.749999999999997780, 6.925848040166833641, -0.7999999999999999334 ) ) ;
#1000 = VECTOR ( 'NONE', #6174, 1000.000000000000000 ) ;
#1001 = ORIENTED_EDGE ( 'NONE', *, *, #1578, .F. ) ;
#1002 = CARTESIAN_POINT ( 'NONE',  ( -4.149999999999998579, -1.149999999999999911, -1.800000000000001155 ) ) ;
#1003 = CARTESIAN_POINT ( 'NONE',  ( 3.299999999999997602, -1.549999999999999378, 0.0000000000000000000 ) ) ;
#1004 = FACE_OUTER_BOUND ( 'NONE', #5544, .T. ) ;
#1005 = FILL_AREA_STYLE_COLOUR ( '', #839 ) ;
#1006 = DIRECTION ( 'NONE',  ( -0.0000000000000000000, 1.000000000000000000, 1.066845503452556708E-16 ) ) ;
#1007 = VERTEX_POINT ( 'NONE', #9179 ) ;
#1008 = ADVANCED_FACE ( 'NONE', ( #5051 ), #3863, .F. ) ;
#1009 = COLOUR_RGB ( '',0.2509803921568627416, 0.2509803921568627416, 0.2509803921568627416 ) ;
#1010 =( LENGTH_UNIT ( ) NAMED_UNIT ( * ) SI_UNIT ( .MILLI., .METRE. ) );
#1011 = AXIS2_PLACEMENT_3D ( 'NONE', #8074, #1849, #3515 ) ;
#1012 = ORIENTED_EDGE ( 'NONE', *, *, #7032, .F. ) ;
#1013 = ORIENTED_EDGE ( 'NONE', *, *, #6848, .T. ) ;
#1014 = EDGE_LOOP ( 'NONE', ( #9492, #5925, #1013, #7754, #1196, #2868, #2750, #9612 ) ) ;
#1015 = CARTESIAN_POINT ( 'NONE',  ( -4.250000000000000000, -1.084202172485504434E-16, 0.5081345747705631188 ) ) ;
#1016 = VECTOR ( 'NONE', #2807, 1000.000000000000000 ) ;
#1017 = FILL_AREA_STYLE_COLOUR ( '', #7165 ) ;
#1018 = VERTEX_POINT ( 'NONE', #9042 ) ;
#1019 = EDGE_CURVE ( 'NONE', #695, #4012, #456, .T. ) ;
#1020 = LINE ( 'NONE', #2518, #794 ) ;
#1021 = STYLED_ITEM ( 'NONE', ( #5590 ), #7114 ) ;
#1022 = ORIENTED_EDGE ( 'NONE', *, *, #7013, .T. ) ;
#1023 = SURFACE_SIDE_STYLE ('',( #2955 ) ) ;
#1024 = UNCERTAINTY_MEASURE_WITH_UNIT (LENGTH_MEASURE( 1.000000000000000082E-05 ), #507, 'distance_accuracy_value', 'NONE');
#1025 = PLANE ( 'NONE',  #7009 ) ;
#1026 = ORIENTED_EDGE ( 'NONE', *, *, #4467, .F. ) ;
#1027 = CYLINDRICAL_SURFACE ( 'NONE', #3034, 0.08000000000000020983 ) ;
#1028 =( LENGTH_UNIT ( ) NAMED_UNIT ( * ) SI_UNIT ( .MILLI., .METRE. ) );
#1029 = DIRECTION ( 'NONE',  ( -1.000000000000000000, 0.0000000000000000000, 0.0000000000000000000 ) ) ;
#1030 = EDGE_LOOP ( 'NONE', ( #8221, #8635, #357, #8744 ) ) ;
#1031 = VECTOR ( 'NONE', #3906, 1000.000000000000000 ) ;
#1032 = CARTESIAN_POINT ( 'NONE',  ( -4.150000000000000355, -0.3500000000000005884, 1.500000000000000000 ) ) ;
#1033 = DIRECTION ( 'NONE',  ( 0.0000000000000000000, -0.0000000000000000000, 1.000000000000000000 ) ) ;
#1034 = STYLED_ITEM ( 'NONE', ( #4853 ), #9251 ) ;
#1035 = ORIENTED_EDGE ( 'NONE', *, *, #9624, .T. ) ;
#1036 = DIRECTION ( 'NONE',  ( -1.000000000000000000, 0.0000000000000000000, -1.224646799147352961E-16 ) ) ;
#1037 = VECTOR ( 'NONE', #1951, 1000.000000000000000 ) ;
#1038 = DIRECTION ( 'NONE',  ( 1.000000000000000000, 0.0000000000000000000, -6.195440985631453345E-16 ) ) ;
#1039 = ORIENTED_EDGE ( 'NONE', *, *, #2118, .F. ) ;
#1040 = ORIENTED_EDGE ( 'NONE', *, *, #623, .T. ) ;
#1041 = EDGE_CURVE ( 'NONE', #3734, #9077, #4550, .T. ) ;
#1042 = AXIS2_PLACEMENT_3D ( 'NONE', #5228, #8233, #3707 ) ;
#1043 = LINE ( 'NONE', #9725, #4128 ) ;
#1044 = DIRECTION ( 'NONE',  ( -1.000000000000000000, 0.0000000000000000000, -1.224646799147352961E-16 ) ) ;
#1045 =( LENGTH_UNIT ( ) NAMED_UNIT ( * ) SI_UNIT ( .MILLI., .METRE. ) );
#1046 = DIRECTION ( 'NONE',  ( 1.224646799147352961E-16, -1.204669080539449344E-16, -1.000000000000000000 ) ) ;
#1047 = FILL_AREA_STYLE_COLOUR ( '', #6312 ) ;
#1048 = VERTEX_POINT ( 'NONE', #635 ) ;
#1049 = ORIENTED_EDGE ( 'NONE', *, *, #8469, .F. ) ;
#1050 = ORIENTED_EDGE ( 'NONE', *, *, #1416, .T. ) ;
#1051 = LINE ( 'NONE', #1320, #2800 ) ;
#1052 = VERTEX_POINT ( 'NONE', #5834 ) ;
#1053 = EDGE_CURVE ( 'NONE', #5797, #6500, #7268, .T. ) ;
#1054 = VECTOR ( 'NONE', #9090, 1000.000000000000000 ) ;
#1055 = VERTEX_POINT ( 'NONE', #8851 ) ;
#1056 = ADVANCED_FACE ( 'NONE', ( #1566 ), #6089, .F. ) ;
#1057 = CARTESIAN_POINT ( 'NONE',  ( -0.2499999999999997780, 1.649999999999999689, 3.799999999999999822 ) ) ;
#1058 = ORIENTED_EDGE ( 'NONE', *, *, #4702, .F. ) ;
#1059 = VERTEX_POINT ( 'NONE', #277 ) ;
#1060 = DIRECTION ( 'NONE',  ( 1.000000000000000000, 0.0000000000000000000, -0.0000000000000000000 ) ) ;
#1061 = EDGE_CURVE ( 'NONE', #9029, #7210, #3119, .T. ) ;
#1062 = FACE_OUTER_BOUND ( 'NONE', #24, .T. ) ;
#1063 = DIRECTION ( 'NONE',  ( 1.224646799147352961E-16, -1.204669080539449590E-16, -1.000000000000000000 ) ) ;
#1064 = AXIS2_PLACEMENT_3D ( 'NONE', #182, #9399, #511 ) ;
#1065 = EDGE_CURVE ( 'NONE', #9031, #3849, #3475, .T. ) ;
#1066 = UNCERTAINTY_MEASURE_WITH_UNIT (LENGTH_MEASURE( 1.000000000000000082E-05 ), #3995, 'distance_accuracy_value', 'NONE');
#1067 = ADVANCED_FACE ( 'NONE', ( #1463 ), #2154, .F. ) ;
#1068 = CARTESIAN_POINT ( 'NONE',  ( -4.268858279709376369, 0.6575433118837495927, -0.9500000000000025091 ) ) ;
#1069 = VECTOR ( 'NONE', #2443, 1000.000000000000000 ) ;
#1070 = LINE ( 'NONE', #7332, #3006 ) ;
#1071 = ORIENTED_EDGE ( 'NONE', *, *, #6449, .F. ) ;
#1072 = DIRECTION ( 'NONE',  ( -2.409338161078898194E-16, 0.0000000000000000000, -1.000000000000000000 ) ) ;
#1073 = CARTESIAN_POINT ( 'NONE',  ( 0.0000000000000000000, -1.549999999999999378, -0.2250000000000010048 ) ) ;
#1074 = CARTESIAN_POINT ( 'NONE',  ( -1.692867332382310686, -1.362910128388017617, 1.800000000000000488 ) ) ;
#1075 = CARTESIAN_POINT ( 'NONE',  ( 2.799999999999999822, -1.149999999999999911, 1.499999999999999334 ) ) ;
#1076 = ORIENTED_EDGE ( 'NONE', *, *, #2017, .F. ) ;
#1077 = ORIENTED_EDGE ( 'NONE', *, *, #4132, .T. ) ;
#1078 = DIRECTION ( 'NONE',  ( 0.0000000000000000000, -0.0000000000000000000, 1.000000000000000000 ) ) ;
#1079 = CARTESIAN_POINT ( 'NONE',  ( 3.749999999999998224, 6.925848040166833641, 1.150000000000000133 ) ) ;
#1080 = LINE ( 'NONE', #3488, #8860 ) ;
#1081 = ORIENTED_EDGE ( 'NONE', *, *, #6946, .F. ) ;
#1082 =( NAMED_UNIT ( * ) PLANE_ANGLE_UNIT ( ) SI_UNIT ( $, .RADIAN. ) );
#1083 = VECTOR ( 'NONE', #5435, 1000.000000000000000 ) ;
#1084 = CARTESIAN_POINT ( 'NONE',  ( 4.250000000000000000, 0.6499999999999989120, 1.500000000000000000 ) ) ;
#1085 = AXIS2_PLACEMENT_3D ( 'NONE', #2891, #5398, #4640 ) ;
#1086 = ORIENTED_EDGE ( 'NONE', *, *, #2940, .T. ) ;
#1087 = CARTESIAN_POINT ( 'NONE',  ( 0.2999999999999994893, -1.149999999999999911, 1.800000000000000044 ) ) ;
#1088 = FACE_OUTER_BOUND ( 'NONE', #43, .T. ) ;
#1089 = DIRECTION ( 'NONE',  ( 0.0000000000000000000, 1.084202172485504434E-16, -1.000000000000000000 ) ) ;
#1090 = VECTOR ( 'NONE', #5851, 1000.000000000000000 ) ;
#1091 =( GEOMETRIC_REPRESENTATION_CONTEXT ( 3 ) GLOBAL_UNCERTAINTY_ASSIGNED_CONTEXT ( ( #5480 ) ) GLOBAL_UNIT_ASSIGNED_CONTEXT ( ( #6564, #2014, #7326 ) ) REPRESENTATION_CONTEXT ( 'NONE', 'WORKASPACE' ) );
#1092 = CARTESIAN_POINT ( 'NONE',  ( 1.750000000000001998, 1.649999999999999911, 1.699999999999999956 ) ) ;
#1093 = EDGE_CURVE ( 'NONE', #1372, #6185, #8096, .T. ) ;
#1094 = SURFACE_SIDE_STYLE ('',( #9216 ) ) ;
#1095 = ADVANCED_FACE ( 'NONE', ( #1367 ), #2476, .T. ) ;
#1096 = DIRECTION ( 'NONE',  ( 1.000000000000000000, 0.0000000000000000000, -0.0000000000000000000 ) ) ;
#1097 = PRESENTATION_LAYER_ASSIGNMENT (  '', '', ( #120 ) ) ;
#1099 = AXIS2_PLACEMENT_3D ( 'NONE', #6275, #6912, #9292 ) ;
#1098 = FILL_AREA_STYLE ('',( #5608 ) ) ;
#1100 = VECTOR ( 'NONE', #8739, 1000.000000000000000 ) ;
#1101 = DIRECTION ( 'NONE',  ( 0.0000000000000000000, -0.9265528178475217480, -0.3761646923075278592 ) ) ;
#1102 = CARTESIAN_POINT ( 'NONE',  ( 4.150000000000000355, -0.3500000000000006439, -1.500000000000000000 ) ) ;
#1103 = CARTESIAN_POINT ( 'NONE',  ( -2.800000000000000266, -4.749999999999999112, 1.800000000000000711 ) ) ;
#1104 = FACE_OUTER_BOUND ( 'NONE', #3777, .T. ) ;
#1105 = EDGE_CURVE ( 'NONE', #6349, #3720, #9747, .T. ) ;
#1106 = VECTOR ( 'NONE', #3784, 1000.000000000000000 ) ;
#1107 = CARTESIAN_POINT ( 'NONE',  ( 0.0000000000000000000, 0.6499999999999989120, 1.500000000000000000 ) ) ;
#1108 =( NAMED_UNIT ( * ) SI_UNIT ( $, .STERADIAN. ) SOLID_ANGLE_UNIT ( ) );
#1109 = ADVANCED_FACE ( 'NONE', ( #3938 ), #846, .F. ) ;
#1110 = ORIENTED_EDGE ( 'NONE', *, *, #1893, .F. ) ;
#1111 = EDGE_CURVE ( 'NONE', #7803, #5452, #1922, .T. ) ;
#1112 = VECTOR ( 'NONE', #4473, 1000.000000000000000 ) ;
#1113 = CARTESIAN_POINT ( 'NONE',  ( 4.150000000000000355, 0.6199999999999988853, -1.500000000000000000 ) ) ;
#1114 = DIRECTION ( 'NONE',  ( 0.0000000000000000000, 0.0000000000000000000, -1.000000000000000000 ) ) ;
#1115 = ORIENTED_EDGE ( 'NONE', *, *, #5942, .T. ) ;
#1116 = LINE ( 'NONE', #5548, #4881 ) ;
#1117 =( GEOMETRIC_REPRESENTATION_CONTEXT ( 3 ) GLOBAL_UNCERTAINTY_ASSIGNED_CONTEXT ( ( #3395 ) ) GLOBAL_UNIT_ASSIGNED_CONTEXT ( ( #8662, #3335, #4097 ) ) REPRESENTATION_CONTEXT ( 'NONE', 'WORKASPACE' ) );
#1118 = EDGE_CURVE ( 'NONE', #8837, #2726, #213, .T. ) ;
#1119 = DIRECTION ( 'NONE',  ( -0.0000000000000000000, -1.000000000000000000, -0.0000000000000000000 ) ) ;
#1120 = CARTESIAN_POINT ( 'NONE',  ( 0.0000000000000000000, -1.549999999999999378, 0.2249999999999989786 ) ) ;
#1121 = ORIENTED_EDGE ( 'NONE', *, *, #9127, .T. ) ;
#1122 = VECTOR ( 'NONE', #2356, 1000.000000000000000 ) ;
#1123 = FILL_AREA_STYLE ('',( #4637 ) ) ;
#1124 = LINE ( 'NONE', #1205, #1446 ) ;
#1125 = DIRECTION ( 'NONE',  ( 0.0000000000000000000, -1.000000000000000000, 1.112002228190260952E-16 ) ) ;
#1126 = DIRECTION ( 'NONE',  ( 1.000000000000000000, -0.0000000000000000000, 1.224646799147352961E-16 ) ) ;
#1127 = EDGE_CURVE ( 'NONE', #5732, #9559, #7969, .T. ) ;
#1128 =( NAMED_UNIT ( * ) SI_UNIT ( $, .STERADIAN. ) SOLID_ANGLE_UNIT ( ) );
#1129 = VECTOR ( 'NONE', #5033, 1000.000000000000000 ) ;
#1130 = LINE ( 'NONE', #3535, #6894 ) ;
#1131 = CARTESIAN_POINT ( 'NONE',  ( 2.799999999999999822, -0.8499999999999992006, -1.800000000000001155 ) ) ;
#1132 = SURFACE_STYLE_USAGE ( .BOTH. , #7822 ) ;
#1133 = ORIENTED_EDGE ( 'NONE', *, *, #4262, .T. ) ;
#1134 = DIRECTION ( 'NONE',  ( -1.000000000000000000, 0.0000000000000000000, -1.224646799147352961E-16 ) ) ;
#1135 = CARTESIAN_POINT ( 'NONE',  ( 1.235990476633412577E-14, 1.649999999999999911, 0.9499999999999458877 ) ) ;
#1136 = FACE_OUTER_BOUND ( 'NONE', #6816, .T. ) ;
#1137 = VERTEX_POINT ( 'NONE', #1928 ) ;
#1138 = SURFACE_SIDE_STYLE ('',( #7698 ) ) ;
#1139 = ORIENTED_EDGE ( 'NONE', *, *, #8194, .T. ) ;
#1140 = PRESENTATION_LAYER_ASSIGNMENT (  '', '', ( #2128 ) ) ;
#1141 = ORIENTED_EDGE ( 'NONE', *, *, #9121, .T. ) ;
#1142 = CARTESIAN_POINT ( 'NONE',  ( 3.199999999999997957, 1.750000000000000000, 0.0000000000000000000 ) ) ;
#1143 = DIRECTION ( 'NONE',  ( 0.0000000000000000000, 0.0000000000000000000, 1.000000000000000000 ) ) ;
#1144 = STYLED_ITEM ( 'NONE', ( #8968 ), #4168 ) ;
#1145 = SURFACE_STYLE_USAGE ( .BOTH. , #487 ) ;
#1146 = ORIENTED_EDGE ( 'NONE', *, *, #7159, .T. ) ;
#1147 = ORIENTED_EDGE ( 'NONE', *, *, #2521, .T. ) ;
#1148 = ORIENTED_EDGE ( 'NONE', *, *, #8766, .F. ) ;
#1149 = ORIENTED_EDGE ( 'NONE', *, *, #2730, .T. ) ;
#1150 = ORIENTED_EDGE ( 'NONE', *, *, #5442, .T. ) ;
#1151 = EDGE_CURVE ( 'NONE', #8966, #5732, #3708, .T. ) ;
#1152 = CARTESIAN_POINT ( 'NONE',  ( -4.250000000000024869, 1.649999999999999911, 5.529431079676138247E-14 ) ) ;
#1153 = MECHANICAL_DESIGN_GEOMETRIC_PRESENTATION_REPRESENTATION (  '', ( #9424 ), #1630 ) ;
#1154 = VERTEX_POINT ( 'NONE', #4237 ) ;
#1155 = ADVANCED_FACE ( 'NONE', ( #2383 ), #84, .F. ) ;
#1156 = VECTOR ( 'NONE', #3312, 1000.000000000000000 ) ;
#1157 = DIRECTION ( 'NONE',  ( 0.0000000000000000000, 1.000000000000000000, 0.0000000000000000000 ) ) ;
#1158 = CARTESIAN_POINT ( 'NONE',  ( -2.200000000000000622, -1.149999999999999911, -0.8291796067500623035 ) ) ;
#1159 = DIRECTION ( 'NONE',  ( -1.000000000000000000, 0.0000000000000000000, -6.195440985631453345E-16 ) ) ;
#1160 = LINE ( 'NONE', #4522, #8947 ) ;
#1161 = EDGE_LOOP ( 'NONE', ( #117, #6812, #8252, #4772 ) ) ;
#1162 = VERTEX_POINT ( 'NONE', #3693 ) ;
#1163 = AXIS2_PLACEMENT_3D ( 'NONE', #2305, #2445, #2047 ) ;
#1164 = ORIENTED_EDGE ( 'NONE', *, *, #2579, .F. ) ;
#1165 = PLANE ( 'NONE',  #7338 ) ;
#1166 = DIRECTION ( 'NONE',  ( 1.224646799147352961E-16, 0.0000000000000000000, -1.000000000000000000 ) ) ;
#1167 = DIRECTION ( 'NONE',  ( -1.000000000000000000, 0.0000000000000000000, 0.0000000000000000000 ) ) ;
#1168 = CARTESIAN_POINT ( 'NONE',  ( 4.499999999999998224, 0.6500000000000000222, 1.800000000000000044 ) ) ;
#1169 = CARTESIAN_POINT ( 'NONE',  ( -4.250000000000000000, 0.6296890111571917803, -0.9500000000000025091 ) ) ;
#1170 = DIRECTION ( 'NONE',  ( -0.0000000000000000000, -0.0000000000000000000, 1.000000000000000000 ) ) ;
#1171 =( GEOMETRIC_REPRESENTATION_CONTEXT ( 3 ) GLOBAL_UNCERTAINTY_ASSIGNED_CONTEXT ( ( #6593 ) ) GLOBAL_UNIT_ASSIGNED_CONTEXT ( ( #2831, #8120, #3591 ) ) REPRESENTATION_CONTEXT ( 'NONE', 'WORKASPACE' ) );
#1172 = ORIENTED_EDGE ( 'NONE', *, *, #8205, .F. ) ;
#1173 = ORIENTED_EDGE ( 'NONE', *, *, #8066, .T. ) ;
#1174 = ORIENTED_EDGE ( 'NONE', *, *, #9396, .F. ) ;
#1175 = MECHANICAL_DESIGN_GEOMETRIC_PRESENTATION_REPRESENTATION (  '', ( #9444 ), #1644 ) ;
#1176 = CARTESIAN_POINT ( 'NONE',  ( -0.2999999999999994893, -4.750000000000000000, -1.800000000000000266 ) ) ;
#1177 = VECTOR ( 'NONE', #341, 1000.000000000000000 ) ;
#1178 = LINE ( 'NONE', #9677, #6633 ) ;
#1179 = EDGE_CURVE ( 'NONE', #9021, #681, #677, .T. ) ;
#1180 = VERTEX_POINT ( 'NONE', #5472 ) ;
#1181 = CARTESIAN_POINT ( 'NONE',  ( -4.250000000000000000, -0.3500000000000006439, -0.6502286246418800264 ) ) ;
#1182 = FACE_OUTER_BOUND ( 'NONE', #6613, .T. ) ;
#1183 = DIRECTION ( 'NONE',  ( -1.224646799147352961E-16, 1.204669080539449590E-16, 1.000000000000000000 ) ) ;
#1184 = UNCERTAINTY_MEASURE_WITH_UNIT (LENGTH_MEASURE( 1.000000000000000082E-05 ), #1512, 'distance_accuracy_value', 'NONE');
#1185 = LINE ( 'NONE', #4330, #3304 ) ;
#1186 = FACE_BOUND ( 'NONE', #8127, .T. ) ;
#1187 = ORIENTED_EDGE ( 'NONE', *, *, #945, .T. ) ;
#1188 = STYLED_ITEM ( 'NONE', ( #6600 ), #51 ) ;
#1189 = ORIENTED_EDGE ( 'NONE', *, *, #4508, .T. ) ;
#1190 = CARTESIAN_POINT ( 'NONE',  ( 3.199999999999997957, 1.649999999999999911, -1.699999999999998401 ) ) ;
#1191 = DIRECTION ( 'NONE',  ( -1.000000000000000000, 0.0000000000000000000, 2.349104707051925222E-15 ) ) ;
#1192 = COLOUR_RGB ( '',0.2509803921568627416, 0.2509803921568627416, 0.2509803921568627416 ) ;
#1193 = AXIS2_PLACEMENT_3D ( 'NONE', #4136, #4302, #7594 ) ;
#1194 = VECTOR ( 'NONE', #2092, 1000.000000000000000 ) ;
#1195 = CARTESIAN_POINT ( 'NONE',  ( -4.399999999999997691, 1.649999999999999911, 1.699999999999999956 ) ) ;
#1196 = ORIENTED_EDGE ( 'NONE', *, *, #1406, .T. ) ;
#1197 = ORIENTED_EDGE ( 'NONE', *, *, #3731, .F. ) ;
#1198 = PLANE ( 'NONE',  #1270 ) ;
#1199 = DIRECTION ( 'NONE',  ( -0.0000000000000000000, -0.0000000000000000000, 1.000000000000000000 ) ) ;
#1200 = PLANE ( 'NONE',  #8052 ) ;
#1201 = ORIENTED_EDGE ( 'NONE', *, *, #4145, .F. ) ;
#1202 = DIRECTION ( 'NONE',  ( 0.0000000000000000000, -1.000000000000000000, 0.0000000000000000000 ) ) ;
#1203 = DIRECTION ( 'NONE',  ( -0.0000000000000000000, -0.0000000000000000000, -1.000000000000000000 ) ) ;
#1204 = DIRECTION ( 'NONE',  ( 0.0000000000000000000, 0.9265528178475217480, 0.3761646923075279147 ) ) ;
#1205 = CARTESIAN_POINT ( 'NONE',  ( -3.199999999999997957, 1.649999999999999911, 0.0000000000000000000 ) ) ;
#1206 = FACE_OUTER_BOUND ( 'NONE', #7358, .T. ) ;
#1207 = VECTOR ( 'NONE', #2232, 1000.000000000000000 ) ;
#1208 = FILL_AREA_STYLE ('',( #6725 ) ) ;
#1209 =( GEOMETRIC_REPRESENTATION_CONTEXT ( 3 ) GLOBAL_UNCERTAINTY_ASSIGNED_CONTEXT ( ( #1751 ) ) GLOBAL_UNIT_ASSIGNED_CONTEXT ( ( #3569, #4364, #2926 ) ) REPRESENTATION_CONTEXT ( 'NONE', 'WORKASPACE' ) );
#1210 = ADVANCED_FACE ( 'NONE', ( #6165 ), #8204, .T. ) ;
#1211 = COLOUR_RGB ( '',0.2509803921568627416, 0.2509803921568627416, 0.2509803921568627416 ) ;
#1212 =( NAMED_UNIT ( * ) PLANE_ANGLE_UNIT ( ) SI_UNIT ( $, .RADIAN. ) );
#1213 = CIRCLE ( 'NONE', #3742, 0.02999999999999964501 ) ;
#1214 = FILL_AREA_STYLE ('',( #4245 ) ) ;
#1215 = PLANE ( 'NONE',  #6758 ) ;
#1216 = COLOUR_RGB ( '',0.2509803921568627416, 0.2509803921568627416, 0.2509803921568627416 ) ;
#1217 = EDGE_CURVE ( 'NONE', #8164, #6190, #447, .T. ) ;
#1218 = MECHANICAL_DESIGN_GEOMETRIC_PRESENTATION_REPRESENTATION (  '', ( #230 ), #1680 ) ;
#1219 = VECTOR ( 'NONE', #401, 1000.000000000000000 ) ;
#1220 = DIRECTION ( 'NONE',  ( -0.9820064469806473184, 0.1888473936501247896, -1.430109668107681881E-16 ) ) ;
#1221 = STYLED_ITEM ( 'NONE', ( #3334 ), #5207 ) ;
#1222 = CARTESIAN_POINT ( 'NONE',  ( 2.325000000000000622, -1.149999999999999911, -1.800000000000000711 ) ) ;
#1223 =( LENGTH_UNIT ( ) NAMED_UNIT ( * ) SI_UNIT ( .MILLI., .METRE. ) );
#1224 = FACE_OUTER_BOUND ( 'NONE', #4434, .T. ) ;
#1225 = AXIS2_PLACEMENT_3D ( 'NONE', #8065, #8950, #4425 ) ;
#1226 = SURFACE_STYLE_USAGE ( .BOTH. , #5749 ) ;
#1227 = SURFACE_STYLE_FILL_AREA ( #3913 ) ;
#1228 = EDGE_CURVE ( 'NONE', #4304, #3626, #8432, .T. ) ;
#1229 =( NAMED_UNIT ( * ) SI_UNIT ( $, .STERADIAN. ) SOLID_ANGLE_UNIT ( ) );
#1231 = PRESENTATION_LAYER_ASSIGNMENT (  '', '', ( #247 ) ) ;
#1230 = FILL_AREA_STYLE_COLOUR ( '', #7367 ) ;
#1232 = DIRECTION ( 'NONE',  ( 0.0000000000000000000, 0.0000000000000000000, -1.000000000000000000 ) ) ;
#1233 = CARTESIAN_POINT ( 'NONE',  ( 1.235990476633409422E-14, 1.649999999999999911, -0.9499999999999437783 ) ) ;
#1234 = LINE ( 'NONE', #3534, #5725 ) ;
#1235 = EDGE_CURVE ( 'NONE', #1688, #2109, #4190, .T. ) ;
#1236 = CARTESIAN_POINT ( 'NONE',  ( 4.956352788505182989E-16, -1.549999999999999378, -0.8000000000000021538 ) ) ;
#1237 = DIRECTION ( 'NONE',  ( 1.807003620809169455E-16, 0.0000000000000000000, -1.000000000000000000 ) ) ;
#1238 = VECTOR ( 'NONE', #225, 1000.000000000000000 ) ;
#1239 = ORIENTED_EDGE ( 'NONE', *, *, #6104, .F. ) ;
#1240 = CARTESIAN_POINT ( 'NONE',  ( -2.200000000000000178, -0.8499999999999992006, -1.499999999999999778 ) ) ;
#1241 = ORIENTED_EDGE ( 'NONE', *, *, #1093, .F. ) ;
#1242 = UNCERTAINTY_MEASURE_WITH_UNIT (LENGTH_MEASURE( 1.000000000000000082E-05 ), #1949, 'distance_accuracy_value', 'NONE');
#1243 = LINE ( 'NONE', #85, #9007 ) ;
#1244 = CARTESIAN_POINT ( 'NONE',  ( 4.419999999999998153, 1.670000000000000151, -0.9500000000000021760 ) ) ;
#1245 = EDGE_CURVE ( 'NONE', #5729, #8729, #6672, .T. ) ;
#1246 =( NAMED_UNIT ( * ) PLANE_ANGLE_UNIT ( ) SI_UNIT ( $, .RADIAN. ) );
#1247 = VECTOR ( 'NONE', #1046, 1000.000000000000000 ) ;
#1248 = VERTEX_POINT ( 'NONE', #6435 ) ;
#1249 = CARTESIAN_POINT ( 'NONE',  ( 2.200000000000000178, -0.8499999999999992006, -1.800000000000001155 ) ) ;
#1250 = VERTEX_POINT ( 'NONE', #7993 ) ;
#1251 = EDGE_CURVE ( 'NONE', #9467, #5876, #776, .T. ) ;
#1252 = ORIENTED_EDGE ( 'NONE', *, *, #2199, .F. ) ;
#1253 = VECTOR ( 'NONE', #523, 1000.000000000000227 ) ;
#1254 = LINE ( 'NONE', #7866, #9018 ) ;
#1255 = DIRECTION ( 'NONE',  ( 1.000000000000000000, 0.0000000000000000000, 0.0000000000000000000 ) ) ;
#1256 = CARTESIAN_POINT ( 'NONE',  ( 4.499999999999999112, 1.670000000000000151, 0.9500000000000028422 ) ) ;
#1257 = LINE ( 'NONE', #2493, #2993 ) ;
#1258 = ORIENTED_EDGE ( 'NONE', *, *, #3608, .F. ) ;
#1259 = ADVANCED_FACE ( 'NONE', ( #8685 ), #242, .T. ) ;
#1260 = EDGE_LOOP ( 'NONE', ( #6628, #4195, #3368, #1295 ) ) ;
#1261 = DIRECTION ( 'NONE',  ( -1.000000000000000000, -0.0000000000000000000, -0.0000000000000000000 ) ) ;
#1262 = FILL_AREA_STYLE_COLOUR ( '', #2837 ) ;
#1263 = PLANE ( 'NONE',  #300 ) ;
#1264 = VERTEX_POINT ( 'NONE', #8814 ) ;
#1265 = ORIENTED_EDGE ( 'NONE', *, *, #7644, .T. ) ;
#1266 = DIRECTION ( 'NONE',  ( 1.000000000000000000, -0.0000000000000000000, -0.0000000000000000000 ) ) ;
#1267 = PRESENTATION_STYLE_ASSIGNMENT (( #7421 ) ) ;
#1268 = EDGE_LOOP ( 'NONE', ( #4341, #6838, #8213, #5394 ) ) ;
#1269 = LINE ( 'NONE', #1861, #9041 ) ;
#1270 = AXIS2_PLACEMENT_3D ( 'NONE', #2405, #3342, #2472 ) ;
#1271 = ORIENTED_EDGE ( 'NONE', *, *, #9384, .T. ) ;
#1272 = CARTESIAN_POINT ( 'NONE',  ( 2.200000000000000178, -4.000000000000000000, 1.499999999999999778 ) ) ;
#1273 = ORIENTED_EDGE ( 'NONE', *, *, #1019, .T. ) ;
#1274 = EDGE_LOOP ( 'NONE', ( #2198, #9742, #8035, #8338 ) ) ;
#1275 = DIRECTION ( 'NONE',  ( 0.0000000000000000000, 0.0000000000000000000, 1.000000000000000000 ) ) ;
#1276 = EDGE_LOOP ( 'NONE', ( #107, #2308, #932, #6555 ) ) ;
#1277 = LINE ( 'NONE', #1454, #5652 ) ;
#1278 = AXIS2_PLACEMENT_3D ( 'NONE', #9372, #4602, #3127 ) ;
#1279 =( LENGTH_UNIT ( ) NAMED_UNIT ( * ) SI_UNIT ( .MILLI., .METRE. ) );
#1280 = EDGE_LOOP ( 'NONE', ( #2754, #2636, #3393, #7417 ) ) ;
#1281 = MECHANICAL_DESIGN_GEOMETRIC_PRESENTATION_REPRESENTATION (  '', ( #9563 ), #1752 ) ;
#1282 = ORIENTED_EDGE ( 'NONE', *, *, #3311, .F. ) ;
#1283 = EDGE_CURVE ( 'NONE', #7158, #5901, #2369, .T. ) ;
#1284 = CARTESIAN_POINT ( 'NONE',  ( -3.199999999999997957, 1.649999999999999911, -1.699999999999997513 ) ) ;
#1285 = CARTESIAN_POINT ( 'NONE',  ( -4.250000000000000000, -0.3500000000000006439, -1.500000000000000000 ) ) ;
#1286 = AXIS2_PLACEMENT_3D ( 'NONE', #3560, #4327, #9610 ) ;
#1287 = AXIS2_PLACEMENT_3D ( 'NONE', #270, #233, #6330 ) ;
#1288 = ORIENTED_EDGE ( 'NONE', *, *, #5646, .F. ) ;
#1289 = SURFACE_STYLE_USAGE ( .BOTH. , #5817 ) ;
#1290 = ORIENTED_EDGE ( 'NONE', *, *, #5673, .T. ) ;
#1291 = EDGE_CURVE ( 'NONE', #9078, #1059, #9010, .T. ) ;
#1292 = DIRECTION ( 'NONE',  ( -0.0000000000000000000, -1.000000000000000000, -0.0000000000000000000 ) ) ;
#1293 = LINE ( 'NONE', #3164, #5085 ) ;
#1294 = DIRECTION ( 'NONE',  ( -0.0000000000000000000, -1.000000000000000000, -0.0000000000000000000 ) ) ;
#1295 = ORIENTED_EDGE ( 'NONE', *, *, #1283, .F. ) ;
#1296 = FILL_AREA_STYLE_COLOUR ( '', #2817 ) ;
#1297 = SURFACE_SIDE_STYLE ('',( #2642 ) ) ;
#1298 = DIRECTION ( 'NONE',  ( -1.224646799147352961E-16, 1.112002228190260952E-16, 1.000000000000000000 ) ) ;
#1299 = VECTOR ( 'NONE', #5367, 1000.000000000000000 ) ;
#1300 = ORIENTED_EDGE ( 'NONE', *, *, #5176, .T. ) ;
#1301 = DIRECTION ( 'NONE',  ( 0.0000000000000000000, -3.771137991253929066E-16, 1.000000000000000000 ) ) ;
#1302 = ORIENTED_EDGE ( 'NONE', *, *, #5579, .F. ) ;
#1303 = EDGE_CURVE ( 'NONE', #4955, #6500, #7963, .T. ) ;
#1304 = PRESENTATION_STYLE_ASSIGNMENT (( #7466 ) ) ;
#1305 = SURFACE_SIDE_STYLE ('',( #3958 ) ) ;
#1306 = EDGE_CURVE ( 'NONE', #7510, #8008, #2985, .T. ) ;
#1307 = ADVANCED_FACE ( 'NONE', ( #6549 ), #1624, .F. ) ;
#1308 = VECTOR ( 'NONE', #3230, 1000.000000000000000 ) ;
#1309 = EDGE_CURVE ( 'NONE', #9317, #2628, #7250, .T. ) ;
#1310 = PLANE ( 'NONE',  #8708 ) ;
#1311 = ORIENTED_EDGE ( 'NONE', *, *, #2909, .F. ) ;
#1312 = ORIENTED_EDGE ( 'NONE', *, *, #3932, .T. ) ;
#1313 = SURFACE_SIDE_STYLE ('',( #7752 ) ) ;
#1314 = ORIENTED_EDGE ( 'NONE', *, *, #2090, .T. ) ;
#1315 = PLANE ( 'NONE',  #1597 ) ;
#1316 = ORIENTED_EDGE ( 'NONE', *, *, #1541, .T. ) ;
#1317 = CARTESIAN_POINT ( 'NONE',  ( -3.399999999999998135, 6.925848040166833641, 1.149999999999999023 ) ) ;
#1318 = CARTESIAN_POINT ( 'NONE',  ( 3.499999999999997780, -1.549999999999999378, 0.0000000000000000000 ) ) ;
#1319 = VECTOR ( 'NONE', #2341, 1000.000000000000000 ) ;
#1320 = CARTESIAN_POINT ( 'NONE',  ( -7.124757133476158331E-16, -1.750000000000000000, 1.149999999999997913 ) ) ;
#1321 = CARTESIAN_POINT ( 'NONE',  ( 2.325000000000000622, -4.649999999999999467, -1.499999999999999112 ) ) ;
#1322 = FILL_AREA_STYLE ('',( #8847 ) ) ;
#1323 = ORIENTED_EDGE ( 'NONE', *, *, #3884, .F. ) ;
#1324 = CIRCLE ( 'NONE', #8926, 0.07999999999999998779 ) ;
#1325 = VERTEX_POINT ( 'NONE', #6181 ) ;
#1326 = LINE ( 'NONE', #5152, #6386 ) ;
#1327 = PLANE ( 'NONE',  #6193 ) ;
#1328 = CARTESIAN_POINT ( 'NONE',  ( -4.150000000000000355, 0.6499999999999989120, 1.500000000000000000 ) ) ;
#1329 = SURFACE_SIDE_STYLE ('',( #9673 ) ) ;
#1330 = VECTOR ( 'NONE', #1876, 1000.000000000000000 ) ;
#1331 =( NAMED_UNIT ( * ) SI_UNIT ( $, .STERADIAN. ) SOLID_ANGLE_UNIT ( ) );
#1332 = SURFACE_STYLE_FILL_AREA ( #5356 ) ;
#1333 = LINE ( 'NONE', #6245, #5119 ) ;
#1334 = FACE_OUTER_BOUND ( 'NONE', #9156, .T. ) ;
#1335 = EDGE_CURVE ( 'NONE', #1688, #1887, #6774, .T. ) ;
#1336 = FACE_OUTER_BOUND ( 'NONE', #7739, .T. ) ;
#1337 = STYLED_ITEM ( 'NONE', ( #2240 ), #7287 ) ;
#1338 = CARTESIAN_POINT ( 'NONE',  ( -2.675000000000000266, -4.749999999999999112, 3.800000000000001155 ) ) ;
#1339 = ORIENTED_EDGE ( 'NONE', *, *, #843, .F. ) ;
#1340 = PRESENTATION_STYLE_ASSIGNMENT (( #5744 ) ) ;
#1341 = COLOUR_RGB ( '',0.2509803921568627416, 0.2509803921568627416, 0.2509803921568627416 ) ;
#1342 = CARTESIAN_POINT ( 'NONE',  ( 2.325000000000000622, -0.8499999999999992006, -1.499999999999999778 ) ) ;
#1343 = VECTOR ( 'NONE', #2388, 1000.000000000000000 ) ;
#1344 = ADVANCED_FACE ( 'NONE', ( #8794 ), #4599, .F. ) ;
#1345 = AXIS2_PLACEMENT_3D ( 'NONE', #3353, #8648, #4121 ) ;
#1346 = DIRECTION ( 'NONE',  ( -1.445602896647335761E-15, -1.000000000000000000, 1.112002228190259226E-16 ) ) ;
#1347 = VECTOR ( 'NONE', #4166, 1000.000000000000000 ) ;
#1348 = CARTESIAN_POINT ( 'NONE',  ( 2.199999999999999734, -1.149999999999999911, -1.800000000000001155 ) ) ;
#1350 =( GEOMETRIC_REPRESENTATION_CONTEXT ( 3 ) GLOBAL_UNCERTAINTY_ASSIGNED_CONTEXT ( ( #5897 ) ) GLOBAL_UNIT_ASSIGNED_CONTEXT ( ( #4197, #1964, #9640 ) ) REPRESENTATION_CONTEXT ( 'NONE', 'WORKASPACE' ) );
#1349 =( NAMED_UNIT ( * ) SI_UNIT ( $, .STERADIAN. ) SOLID_ANGLE_UNIT ( ) );
#1351 = SURFACE_STYLE_FILL_AREA ( #6479 ) ;
#1352 = ORIENTED_EDGE ( 'NONE', *, *, #197, .F. ) ;
#1353 = FILL_AREA_STYLE ('',( #2884 ) ) ;
#1354 = VERTEX_POINT ( 'NONE', #1599 ) ;
#1355 = UNCERTAINTY_MEASURE_WITH_UNIT (LENGTH_MEASURE( 1.000000000000000082E-05 ), #7539, 'distance_accuracy_value', 'NONE');
#1356 = LINE ( 'NONE', #3897, #5136 ) ;
#1357 = EDGE_CURVE ( 'NONE', #3846, #4625, #5233, .T. ) ;
#1358 = CARTESIAN_POINT ( 'NONE',  ( 1.250000000000000222, 0.6499999999999989120, -1.800000000000000933 ) ) ;
#1359 = FACE_OUTER_BOUND ( 'NONE', #8465, .T. ) ;
#1360 = CARTESIAN_POINT ( 'NONE',  ( 2.799999999999999822, -0.8499999999999992006, -0.8291796067500623035 ) ) ;
#1361 = DIRECTION ( 'NONE',  ( -1.000000000000000000, -0.0000000000000000000, -0.0000000000000000000 ) ) ;
#1362 = EDGE_LOOP ( 'NONE', ( #2074, #1720, #7857, #5822 ) ) ;
#1363 = VECTOR ( 'NONE', #7395, 1000.000000000000114 ) ;
#1364 = ORIENTED_EDGE ( 'NONE', *, *, #4145, .T. ) ;
#1365 = VERTEX_POINT ( 'NONE', #5968 ) ;
#1366 = EDGE_CURVE ( 'NONE', #1264, #2100, #773, .T. ) ;
#1367 = FACE_OUTER_BOUND ( 'NONE', #5620, .T. ) ;
#1368 = CARTESIAN_POINT ( 'NONE',  ( 4.399999999999998579, 1.750000000000000000, -1.700000000000001288 ) ) ;
#1369 = ORIENTED_EDGE ( 'NONE', *, *, #307, .T. ) ;
#1370 = STYLED_ITEM ( 'NONE', ( #9110 ), #3315 ) ;
#1371 = DIRECTION ( 'NONE',  ( -1.000000000000000000, -0.0000000000000000000, -0.0000000000000000000 ) ) ;
#1372 = VERTEX_POINT ( 'NONE', #5511 ) ;
#1373 = ORIENTED_EDGE ( 'NONE', *, *, #5476, .F. ) ;
#1374 = COLOUR_RGB ( '',0.2509803921568627416, 0.2509803921568627416, 0.2509803921568627416 ) ;
#1375 = CARTESIAN_POINT ( 'NONE',  ( 4.150000000000000355, 0.6499999999999986899, 1.500000000000000000 ) ) ;
#1376 = ORIENTED_EDGE ( 'NONE', *, *, #7366, .F. ) ;
#1377 = ORIENTED_EDGE ( 'NONE', *, *, #6523, .F. ) ;
#1378 = DIRECTION ( 'NONE',  ( -0.0000000000000000000, 1.000000000000000000, -1.204669080539449837E-16 ) ) ;
#1379 =( NAMED_UNIT ( * ) PLANE_ANGLE_UNIT ( ) SI_UNIT ( $, .RADIAN. ) );
#1380 = CARTESIAN_POINT ( 'NONE',  ( 4.150000000000000355, 0.6499999999999976907, 0.9500000000000016209 ) ) ;
#1381 = ORIENTED_EDGE ( 'NONE', *, *, #866, .F. ) ;
#1382 = AXIS2_PLACEMENT_3D ( 'NONE', #3376, #2573, #1813 ) ;
#1383 = EDGE_LOOP ( 'NONE', ( #1916, #7044, #4592, #6056 ) ) ;
#1384 = ORIENTED_EDGE ( 'NONE', *, *, #754, .T. ) ;
#1385 = FACE_OUTER_BOUND ( 'NONE', #5168, .T. ) ;
#1386 = CARTESIAN_POINT ( 'NONE',  ( 0.2999999999999999334, -1.149999999999999911, 1.499999999999999334 ) ) ;
#1387 = ORIENTED_EDGE ( 'NONE', *, *, #8069, .T. ) ;
#1388 = DIRECTION ( 'NONE',  ( 1.000000000000000000, 0.0000000000000000000, 1.224646799147352961E-16 ) ) ;
#1389 = LINE ( 'NONE', #8102, #8721 ) ;
#1390 = CARTESIAN_POINT ( 'NONE',  ( -2.799999999999999822, -0.8499999999999992006, -1.499999999999999778 ) ) ;
#1391 = ORIENTED_EDGE ( 'NONE', *, *, #8431, .T. ) ;
#1392 = EDGE_CURVE ( 'NONE', #4012, #2726, #3213, .T. ) ;
#1393 = ADVANCED_FACE ( 'NONE', ( #987 ), #2556, .F. ) ;
#1394 = ORIENTED_EDGE ( 'NONE', *, *, #5970, .T. ) ;
#1395 = AXIS2_PLACEMENT_3D ( 'NONE', #3427, #2273, #7155 ) ;
#1396 = CARTESIAN_POINT ( 'NONE',  ( -0.1749999999999993783, -0.8499999999999992006, -1.499999999999999778 ) ) ;
#1397 =( GEOMETRIC_REPRESENTATION_CONTEXT ( 3 ) GLOBAL_UNCERTAINTY_ASSIGNED_CONTEXT ( ( #2696 ) ) GLOBAL_UNIT_ASSIGNED_CONTEXT ( ( #6752, #2204, #7509 ) ) REPRESENTATION_CONTEXT ( 'NONE', 'WORKASPACE' ) );
#1398 = LINE ( 'NONE', #6685, #1069 ) ;
#1399 = ORIENTED_EDGE ( 'NONE', *, *, #2365, .F. ) ;
#1400 = VERTEX_POINT ( 'NONE', #6211 ) ;
#1401 = EDGE_CURVE ( 'NONE', #8324, #7158, #6042, .T. ) ;
#1402 = FACE_OUTER_BOUND ( 'NONE', #2869, .T. ) ;
#1403 = AXIS2_PLACEMENT_3D ( 'NONE', #1427, #7574, #4014 ) ;
#1404 = SURFACE_STYLE_USAGE ( .BOTH. , #5931 ) ;
#1405 = COLOUR_RGB ( '',0.2509803921568627416, 0.2509803921568627416, 0.2509803921568627416 ) ;
#1406 = EDGE_CURVE ( 'NONE', #8008, #6085, #8538, .T. ) ;
#1407 = DIRECTION ( 'NONE',  ( -0.0000000000000000000, 0.0000000000000000000, 1.000000000000000000 ) ) ;
#1408 = FILL_AREA_STYLE_COLOUR ( '', #2211 ) ;
#1409 = ORIENTED_EDGE ( 'NONE', *, *, #7795, .T. ) ;
#1410 = CARTESIAN_POINT ( 'NONE',  ( 4.399999999999998579, 1.664434642797410602, -0.9500000000000020650 ) ) ;
#1411 = VECTOR ( 'NONE', #31, 1000.000000000000000 ) ;
#1412 = DIRECTION ( 'NONE',  ( 1.000000000000000000, -0.0000000000000000000, 0.0000000000000000000 ) ) ;
#1413 = SURFACE_STYLE_USAGE ( .BOTH. , #6027 ) ;
#1414 = LINE ( 'NONE', #5144, #2697 ) ;
#1415 = VERTEX_POINT ( 'NONE', #9587 ) ;
#1416 = EDGE_CURVE ( 'NONE', #1440, #7935, #1234, .T. ) ;
#1417 = CARTESIAN_POINT ( 'NONE',  ( -4.149999999999998579, -1.550000000000000044, 1.499999999999999112 ) ) ;
#1418 = DIRECTION ( 'NONE',  ( -0.0000000000000000000, -1.000000000000000000, -0.0000000000000000000 ) ) ;
#1419 = EDGE_CURVE ( 'NONE', #3849, #9025, #1911, .T. ) ;
#1420 = PRESENTATION_STYLE_ASSIGNMENT (( #6363 ) ) ;
#1421 = VERTEX_POINT ( 'NONE', #2280 ) ;
#1422 = VECTOR ( 'NONE', #6282, 1000.000000000000000 ) ;
#1423 = DIRECTION ( 'NONE',  ( -0.1218693434051553726, -0.9925461516413209839, -3.523493516780037463E-16 ) ) ;
#1424 = SURFACE_STYLE_FILL_AREA ( #5875 ) ;
#1425 = PRESENTATION_LAYER_ASSIGNMENT (  '', '', ( #941 ) ) ;
#1426 = LINE ( 'NONE', #3016, #9224 ) ;
#1427 = CARTESIAN_POINT ( 'NONE',  ( 0.0000000000000000000, 1.750000000000000000, 0.0000000000000000000 ) ) ;
#1428 = EDGE_CURVE ( 'NONE', #36, #9540, #4407, .T. ) ;
#1429 = ADVANCED_FACE ( 'NONE', ( #2246 ), #9470, .F. ) ;
#1430 = CARTESIAN_POINT ( 'NONE',  ( 0.2999999999999999334, -3.999999999999999112, 1.800000000000000488 ) ) ;
#1431 = VECTOR ( 'NONE', #4118, 1000.000000000000000 ) ;
#1432 = CARTESIAN_POINT ( 'NONE',  ( -4.481141720290621855, 0.7424566881162485421, 1.500000000000000000 ) ) ;
#1433 = EDGE_LOOP ( 'NONE', ( #3564, #4413, #4649, #828, #359, #7746, #518, #1595 ) ) ;
#1434 = VECTOR ( 'NONE', #3271, 1000.000000000000000 ) ;
#1435 = FILL_AREA_STYLE_COLOUR ( '', #1405 ) ;
#1436 = DIRECTION ( 'NONE',  ( 1.224646799147352961E-16, -1.112002228190260705E-16, -1.000000000000000000 ) ) ;
#1437 = DIRECTION ( 'NONE',  ( -1.224646799147352961E-16, 1.112002228190260952E-16, 1.000000000000000000 ) ) ;
#1438 = FACE_OUTER_BOUND ( 'NONE', #3647, .T. ) ;
#1439 = CARTESIAN_POINT ( 'NONE',  ( -3.749999999999996891, -1.750000000000000000, -0.8000000000000008216 ) ) ;
#1440 = VERTEX_POINT ( 'NONE', #4642 ) ;
#1441 = VECTOR ( 'NONE', #3082, 1000.000000000000000 ) ;
#1442 = LINE ( 'NONE', #3643, #7706 ) ;
#1443 = STYLED_ITEM ( 'NONE', ( #2318 ), #4321 ) ;
#1444 = CARTESIAN_POINT ( 'NONE',  ( 1.250000000000000222, 0.6499999999999989120, 0.9500000000000016209 ) ) ;
#1445 = SURFACE_STYLE_FILL_AREA ( #9437 ) ;
#1446 = VECTOR ( 'NONE', #3986, 1000.000000000000000 ) ;
#1447 = STYLED_ITEM ( 'NONE', ( #79 ), #8490 ) ;
#1448 = VECTOR ( 'NONE', #170, 1000.000000000000000 ) ;
#1449 = EDGE_CURVE ( 'NONE', #7253, #8161, #3590, .T. ) ;
#1450 = VERTEX_POINT ( 'NONE', #9711 ) ;
#1451 =( GEOMETRIC_REPRESENTATION_CONTEXT ( 3 ) GLOBAL_UNCERTAINTY_ASSIGNED_CONTEXT ( ( #1613 ) ) GLOBAL_UNIT_ASSIGNED_CONTEXT ( ( #9385, #4867, #389 ) ) REPRESENTATION_CONTEXT ( 'NONE', 'WORKASPACE' ) );
#1452 = SURFACE_SIDE_STYLE ('',( #8190 ) ) ;
#1453 = ORIENTED_EDGE ( 'NONE', *, *, #915, .F. ) ;
#1454 = CARTESIAN_POINT ( 'NONE',  ( -4.389493895187376538, 1.750000000000001554, -0.9500000000000008438 ) ) ;
#1455 = DIRECTION ( 'NONE',  ( 0.0000000000000000000, 1.000000000000000000, -4.270406254964893746E-14 ) ) ;
#1456 = LINE ( 'NONE', #5832, #9260 ) ;
#1457 = FACE_OUTER_BOUND ( 'NONE', #5064, .T. ) ;
#1458 = DIRECTION ( 'NONE',  ( -1.000000000000000000, 0.0000000000000000000, -9.035018104045868969E-16 ) ) ;
#1459 = MANIFOLD_SOLID_BREP ( 'Cut-Extrude20', #6221 ) ;
#1460 = SURFACE_STYLE_USAGE ( .BOTH. , #5992 ) ;
#1461 = ORIENTED_EDGE ( 'NONE', *, *, #7553, .T. ) ;
#1462 = LINE ( 'NONE', #7339, #7497 ) ;
#1463 = FACE_OUTER_BOUND ( 'NONE', #4847, .T. ) ;
#1464 = FILL_AREA_STYLE ('',( #5234 ) ) ;
#1465 = FACE_OUTER_BOUND ( 'NONE', #7941, .T. ) ;
#1466 = EDGE_LOOP ( 'NONE', ( #9159, #7749, #3677, #6709 ) ) ;
#1467 = EDGE_CURVE ( 'NONE', #826, #3899, #4306, .T. ) ;
#1468 = LINE ( 'NONE', #7976, #9371 ) ;
#1469 =( NAMED_UNIT ( * ) PLANE_ANGLE_UNIT ( ) SI_UNIT ( $, .RADIAN. ) );
#1470 = ORIENTED_EDGE ( 'NONE', *, *, #9695, .F. ) ;
#1471 = EDGE_CURVE ( 'NONE', #1647, #1688, #2863, .T. ) ;
#1472 = ORIENTED_EDGE ( 'NONE', *, *, #2017, .T. ) ;
#1473 =( NAMED_UNIT ( * ) SI_UNIT ( $, .STERADIAN. ) SOLID_ANGLE_UNIT ( ) );
#1474 = FACE_OUTER_BOUND ( 'NONE', #6076, .T. ) ;
#1475 = PLANE ( 'NONE',  #8313 ) ;
#1476 = ORIENTED_EDGE ( 'NONE', *, *, #5241, .F. ) ;
#1477 = DIRECTION ( 'NONE',  ( 0.0000000000000000000, -1.000000000000000000, 0.0000000000000000000 ) ) ;
#1478 = ADVANCED_FACE ( 'NONE', ( #879 ), #4417, .F. ) ;
#1479 = ORIENTED_EDGE ( 'NONE', *, *, #9197, .F. ) ;
#1480 = ORIENTED_EDGE ( 'NONE', *, *, #4822, .F. ) ;
#1481 = ORIENTED_EDGE ( 'NONE', *, *, #7690, .F. ) ;
#1483 = CARTESIAN_POINT ( 'NONE',  ( -0.2499999999999997780, 0.6499999999999998002, 1.800000000000000044 ) ) ;
#1482 = DIRECTION ( 'NONE',  ( -2.891205793294677439E-15, 0.0000000000000000000, 1.000000000000000000 ) ) ;
#1484 = VERTEX_POINT ( 'NONE', #7586 ) ;
#1485 = SURFACE_STYLE_USAGE ( .BOTH. , #4276 ) ;
#1486 = ORIENTED_EDGE ( 'NONE', *, *, #5733, .T. ) ;
#1487 = DIRECTION ( 'NONE',  ( 2.409338161078898194E-16, 0.0000000000000000000, 1.000000000000000000 ) ) ;
#1488 = FACE_OUTER_BOUND ( 'NONE', #4090, .T. ) ;
#1489 =( NAMED_UNIT ( * ) PLANE_ANGLE_UNIT ( ) SI_UNIT ( $, .RADIAN. ) );
#1490 = VERTEX_POINT ( 'NONE', #3566 ) ;
#1491 = EDGE_LOOP ( 'NONE', ( #5990, #2997, #5433, #2674, #2938, #7364, #4894, #1282, #9513, #1701, #3778, #6176 ) ) ;
#1492 = VECTOR ( 'NONE', #612, 1000.000000000000114 ) ;
#1493 = ORIENTED_EDGE ( 'NONE', *, *, #2671, .F. ) ;
#1494 = DIRECTION ( 'NONE',  ( 0.0000000000000000000, 0.0000000000000000000, 1.000000000000000000 ) ) ;
#1495 = CARTESIAN_POINT ( 'NONE',  ( 3.071906155375593596E-16, 1.649999999999999911, 1.699999999999999067 ) ) ;
#1496 = ORIENTED_EDGE ( 'NONE', *, *, #4773, .T. ) ;
#1497 = PRESENTATION_LAYER_ASSIGNMENT (  '', '', ( #542 ) ) ;
#1498 = VECTOR ( 'NONE', #5158, 1000.000000000000000 ) ;
#1499 = VECTOR ( 'NONE', #5793, 1000.000000000000000 ) ;
#1500 = EDGE_LOOP ( 'NONE', ( #2541, #3741, #1312, #7164 ) ) ;
#1501 = SURFACE_STYLE_USAGE ( .BOTH. , #4886 ) ;
#1502 = VECTOR ( 'NONE', #9312, 1000.000000000000000 ) ;
#1503 = ORIENTED_EDGE ( 'NONE', *, *, #3959, .T. ) ;
#1504 = EDGE_CURVE ( 'NONE', #2544, #4914, #8089, .T. ) ;
#1505 = AXIS2_PLACEMENT_3D ( 'NONE', #7957, #4194, #9466 ) ;
#1506 = LINE ( 'NONE', #8818, #5555 ) ;
#1507 = ORIENTED_EDGE ( 'NONE', *, *, #4639, .T. ) ;
#1509 = DIRECTION ( 'NONE',  ( -1.734723475976807094E-15, 1.000000000000000000, 0.0000000000000000000 ) ) ;
#1508 = CARTESIAN_POINT ( 'NONE',  ( -4.499999999999998224, 0.8499999999999993117, 0.9500000000000043965 ) ) ;
#1510 = STYLED_ITEM ( 'NONE', ( #76 ), #5383 ) ;
#1511 = LINE ( 'NONE', #2520, #9319 ) ;
#1512 =( LENGTH_UNIT ( ) NAMED_UNIT ( * ) SI_UNIT ( .MILLI., .METRE. ) );
#1513 = LINE ( 'NONE', #6187, #7323 ) ;
#1514 = CARTESIAN_POINT ( 'NONE',  ( 4.150000000000000355, 0.6296890111571917803, -0.9500000000000025091 ) ) ;
#1515 = AXIS2_PLACEMENT_3D ( 'NONE', #3916, #9204, #4677 ) ;
#1516 = LINE ( 'NONE', #8922, #1857 ) ;
#1517 = FACE_BOUND ( 'NONE', #5007, .T. ) ;
#1518 = ORIENTED_EDGE ( 'NONE', *, *, #5426, .T. ) ;
#1519 = ORIENTED_EDGE ( 'NONE', *, *, #1979, .F. ) ;
#1520 = EDGE_CURVE ( 'NONE', #9533, #3181, #1798, .T. ) ;
#1521 = ORIENTED_EDGE ( 'NONE', *, *, #8766, .T. ) ;
#1522 = PRESENTATION_LAYER_ASSIGNMENT (  '', '', ( #2522 ) ) ;
#1523 = ADVANCED_FACE ( 'NONE', ( #5134 ), #1733, .F. ) ;
#1524 = CARTESIAN_POINT ( 'NONE',  ( -2.799999999999999822, -0.8499999999999992006, -1.800000000000001155 ) ) ;
#1525 = DIRECTION ( 'NONE',  ( -0.0000000000000000000, -1.000000000000000000, -0.0000000000000000000 ) ) ;
#1526 = DIRECTION ( 'NONE',  ( -2.409338161078899427E-17, -0.0000000000000000000, -1.000000000000000000 ) ) ;
#1527 = FILL_AREA_STYLE ('',( #799 ) ) ;
#1528 = EDGE_CURVE ( 'NONE', #2892, #2534, #4756, .T. ) ;
#1529 = DIRECTION ( 'NONE',  ( -1.224646799147352961E-16, 0.0000000000000000000, 1.000000000000000000 ) ) ;
#1530 = ORIENTED_EDGE ( 'NONE', *, *, #7144, .F. ) ;
#1531 = SURFACE_STYLE_FILL_AREA ( #4838 ) ;
#1532 = CARTESIAN_POINT ( 'NONE',  ( -3.399999999999996358, 6.925848040166833641, 4.212899870229386855E-15 ) ) ;
#1533 = CARTESIAN_POINT ( 'NONE',  ( -4.150000000000000355, -0.3500000000000004774, -0.6502286246418800264 ) ) ;
#1534 = CARTESIAN_POINT ( 'NONE',  ( -4.157921419152776465, 0.6499999999999989120, -0.9500000000000025091 ) ) ;
#1535 = EDGE_CURVE ( 'NONE', #9068, #6276, #205, .T. ) ;
#1536 = CARTESIAN_POINT ( 'NONE',  ( 4.250000000000000000, -0.3500000000000003109, 0.6502286246418802484 ) ) ;
#1537 = ORIENTED_EDGE ( 'NONE', *, *, #5264, .F. ) ;
#1538 = DIRECTION ( 'NONE',  ( 0.0000000000000000000, 0.0000000000000000000, -1.000000000000000000 ) ) ;
#1539 = SURFACE_STYLE_FILL_AREA ( #1353 ) ;
#1540 = PRESENTATION_LAYER_ASSIGNMENT (  '', '', ( #579 ) ) ;
#1541 = EDGE_CURVE ( 'NONE', #5890, #5644, #5473, .T. ) ;
#1542 = COLOUR_RGB ( '',0.2509803921568627416, 0.2509803921568627416, 0.2509803921568627416 ) ;
#1543 = COLOUR_RGB ( '',0.2509803921568627416, 0.2509803921568627416, 0.2509803921568627416 ) ;
#1544 = COLOUR_RGB ( '',0.2509803921568627416, 0.2509803921568627416, 0.2509803921568627416 ) ;
#1545 = CARTESIAN_POINT ( 'NONE',  ( 0.2999999999999999334, -3.999999999999999112, 1.499999999999999778 ) ) ;
#1546 = DIRECTION ( 'NONE',  ( -0.0000000000000000000, 1.000000000000000000, -0.0000000000000000000 ) ) ;
#1547 =( NAMED_UNIT ( * ) SI_UNIT ( $, .STERADIAN. ) SOLID_ANGLE_UNIT ( ) );
#1548 = PRESENTATION_LAYER_ASSIGNMENT (  '', '', ( #2555 ) ) ;
#1549 = VECTOR ( 'NONE', #8246, 1000.000000000000000 ) ;
#1550 = LINE ( 'NONE', #274, #5341 ) ;
#1551 = CARTESIAN_POINT ( 'NONE',  ( -4.399999999999998579, 1.750000000000000000, -1.700000000000001066 ) ) ;
#1552 = CIRCLE ( 'NONE', #234, 0.02999999999999997113 ) ;
#1553 = CARTESIAN_POINT ( 'NONE',  ( 2.200000000000000178, -0.8499999999999990896, 1.499999999999999334 ) ) ;
#1554 = CARTESIAN_POINT ( 'NONE',  ( 3.399999999999997247, 6.925848040166833641, 4.212899870229387644E-15 ) ) ;
#1555 = LINE ( 'NONE', #7979, #5345 ) ;
#1556 = SURFACE_STYLE_FILL_AREA ( #1963 ) ;
#1557 = LINE ( 'NONE', #8768, #555 ) ;
#1558 = CARTESIAN_POINT ( 'NONE',  ( -4.250000000000000000, -0.3500000000000006439, 1.500000000000000000 ) ) ;
#1559 = CARTESIAN_POINT ( 'NONE',  ( 3.399999999999998135, -1.549999999999999378, 0.0000000000000000000 ) ) ;
#1560 = CARTESIAN_POINT ( 'NONE',  ( -3.199999999999997513, 1.649999999999999911, 1.699999999999999734 ) ) ;
#1561 = CARTESIAN_POINT ( 'NONE',  ( 4.499999999999999112, -1.700000000000000178, -0.2249999999999995615 ) ) ;
#1562 = FACE_OUTER_BOUND ( 'NONE', #8380, .T. ) ;
#1563 = ADVANCED_FACE ( 'NONE', ( #1359 ), #4622, .F. ) ;
#1564 = EDGE_LOOP ( 'NONE', ( #6803, #8041, #46, #8678 ) ) ;
#1565 = CARTESIAN_POINT ( 'NONE',  ( 2.325000000000000622, -4.649999999999999467, -1.800000000000000266 ) ) ;
#1566 = FACE_OUTER_BOUND ( 'NONE', #4872, .T. ) ;
#1567 = DIRECTION ( 'NONE',  ( 0.0000000000000000000, 0.6427876096865438038, -0.7660444431189743497 ) ) ;
#1568 = EDGE_CURVE ( 'NONE', #9065, #5409, #1124, .T. ) ;
#1569 = MECHANICAL_DESIGN_GEOMETRIC_PRESENTATION_REPRESENTATION (  '', ( #120 ), #2082 ) ;
#1570 = STYLED_ITEM ( 'NONE', ( #939 ), #1721 ) ;
#1571 = CARTESIAN_POINT ( 'NONE',  ( 0.2999999999999999334, -1.149999999999999911, -1.499999999999999778 ) ) ;
#1572 = FACE_OUTER_BOUND ( 'NONE', #4221, .T. ) ;
#1573 =( NAMED_UNIT ( * ) PLANE_ANGLE_UNIT ( ) SI_UNIT ( $, .RADIAN. ) );
#1574 = CARTESIAN_POINT ( 'NONE',  ( 2.199999999999999734, -1.149999999999999911, 1.800000000000000044 ) ) ;
#1575 = ORIENTED_EDGE ( 'NONE', *, *, #4385, .F. ) ;
#1576 = UNCERTAINTY_MEASURE_WITH_UNIT (LENGTH_MEASURE( 1.000000000000000082E-05 ), #3763, 'distance_accuracy_value', 'NONE');
#1577 = ORIENTED_EDGE ( 'NONE', *, *, #1303, .T. ) ;
#1578 = EDGE_CURVE ( 'NONE', #6238, #491, #4899, .T. ) ;
#1579 = EDGE_LOOP ( 'NONE', ( #6942, #2406, #1867, #3257 ) ) ;
#1580 = PRESENTATION_STYLE_ASSIGNMENT (( #4850 ) ) ;
#1581 =( LENGTH_UNIT ( ) NAMED_UNIT ( * ) SI_UNIT ( .MILLI., .METRE. ) );
#1582 =( LENGTH_UNIT ( ) NAMED_UNIT ( * ) SI_UNIT ( .MILLI., .METRE. ) );
#1583 = DIRECTION ( 'NONE',  ( 0.0000000000000000000, -1.000000000000000000, 0.0000000000000000000 ) ) ;
#1584 = EDGE_CURVE ( 'NONE', #9077, #3852, #8911, .T. ) ;
#1585 = VERTEX_POINT ( 'NONE', #6960 ) ;
#1586 = EDGE_LOOP ( 'NONE', ( #2327, #9549, #8144, #8014, #8907 ) ) ;
#1587 = DIRECTION ( 'NONE',  ( -0.1888473936501247619, 0.9820064469806472074, 0.0000000000000000000 ) ) ;
#1588 = EDGE_CURVE ( 'NONE', #806, #6017, #4710, .T. ) ;
#1589 = ORIENTED_EDGE ( 'NONE', *, *, #8306, .F. ) ;
#1590 =( NAMED_UNIT ( * ) PLANE_ANGLE_UNIT ( ) SI_UNIT ( $, .RADIAN. ) );
#1591 = ORIENTED_EDGE ( 'NONE', *, *, #9396, .T. ) ;
#1592 = ORIENTED_EDGE ( 'NONE', *, *, #4581, .T. ) ;
#1593 = PRODUCT_DEFINITION_SHAPE ( 'NONE', 'NONE',  #2461 ) ;
#1594 = VERTEX_POINT ( 'NONE', #3497 ) ;
#1595 = ORIENTED_EDGE ( 'NONE', *, *, #2778, .T. ) ;
#1596 = LINE ( 'NONE', #9530, #3382 ) ;
#1597 = AXIS2_PLACEMENT_3D ( 'NONE', #8202, #5584, #4062 ) ;
#1598 = LINE ( 'NONE', #722, #9662 ) ;
#1599 = CARTESIAN_POINT ( 'NONE',  ( -0.1749999999999993783, -4.649999999999999467, -1.499999999999999112 ) ) ;
#1600 = ORIENTED_EDGE ( 'NONE', *, *, #2864, .T. ) ;
#1601 = EDGE_CURVE ( 'NONE', #8026, #5391, #7200, .T. ) ;
#1602 = ORIENTED_EDGE ( 'NONE', *, *, #2501, .T. ) ;
#1603 = CARTESIAN_POINT ( 'NONE',  ( -1.749999999999999778, 0.6499999999999998002, 1.699999999999999956 ) ) ;
#1604 = CARTESIAN_POINT ( 'NONE',  ( 4.250000000000000000, -0.3500000000000006439, 1.500000000000000000 ) ) ;
#1605 = DIRECTION ( 'NONE',  ( -0.0000000000000000000, -0.0000000000000000000, 1.000000000000000000 ) ) ;
#1606 = VECTOR ( 'NONE', #2923, 1000.000000000000000 ) ;
#1607 = VERTEX_POINT ( 'NONE', #5689 ) ;
#1608 = ORIENTED_EDGE ( 'NONE', *, *, #3509, .T. ) ;
#1609 = ORIENTED_EDGE ( 'NONE', *, *, #5525, .T. ) ;
#1610 = PRESENTATION_STYLE_ASSIGNMENT (( #8972 ) ) ;
#1611 = ADVANCED_FACE ( 'NONE', ( #6481 ), #162, .F. ) ;
#1612 = DIRECTION ( 'NONE',  ( -0.0000000000000000000, 1.000000000000000000, -0.0000000000000000000 ) ) ;
#1613 = UNCERTAINTY_MEASURE_WITH_UNIT (LENGTH_MEASURE( 1.000000000000000082E-05 ), #9385, 'distance_accuracy_value', 'NONE');
#1614 = CARTESIAN_POINT ( 'NONE',  ( -0.3000000000000003775, -1.149999999999999911, -1.499999999999999556 ) ) ;
#1615 = AXIS2_PLACEMENT_3D ( 'NONE', #2274, #8206, #6138 ) ;
#1616 = FACE_BOUND ( 'NONE', #478, .T. ) ;
#1617 = EDGE_LOOP ( 'NONE', ( #2524, #7889, #3052, #2057 ) ) ;
#1618 = VERTEX_POINT ( 'NONE', #8483 ) ;
#1619 = VECTOR ( 'NONE', #6152, 1000.000000000000000 ) ;
#1620 = AXIS2_PLACEMENT_3D ( 'NONE', #6890, #2350, #3126 ) ;
#1621 = DIRECTION ( 'NONE',  ( 1.000000000000000000, -0.0000000000000000000, 1.224646799147352961E-16 ) ) ;
#1622 = CARTESIAN_POINT ( 'NONE',  ( 3.199999999999998401, 1.750000000000000000, -0.0000000000000000000 ) ) ;
#1623 = CARTESIAN_POINT ( 'NONE',  ( -4.150000000000000355, -0.3500000000000005884, -1.500000000000000000 ) ) ;
#1624 = PLANE ( 'NONE',  #6631 ) ;
#1625 = PLANE ( 'NONE',  #7710 ) ;
#1626 = ORIENTED_EDGE ( 'NONE', *, *, #255, .T. ) ;
#1627 = EDGE_CURVE ( 'NONE', #3852, #7349, #6356, .T. ) ;
#1628 = SURFACE_SIDE_STYLE ('',( #7807 ) ) ;
#1629 = LINE ( 'NONE', #8284, #7203 ) ;
#1630 =( GEOMETRIC_REPRESENTATION_CONTEXT ( 3 ) GLOBAL_UNCERTAINTY_ASSIGNED_CONTEXT ( ( #3689 ) ) GLOBAL_UNIT_ASSIGNED_CONTEXT ( ( #8434, #3905, #9191 ) ) REPRESENTATION_CONTEXT ( 'NONE', 'WORKASPACE' ) );
#1631 = UNCERTAINTY_MEASURE_WITH_UNIT (LENGTH_MEASURE( 1.000000000000000082E-05 ), #2738, 'distance_accuracy_value', 'NONE');
#1632 = DIRECTION ( 'NONE',  ( -1.156482317317876458E-15, 0.0000000000000000000, -1.000000000000000000 ) ) ;
#1633 = CARTESIAN_POINT ( 'NONE',  ( -4.389493895187376538, 1.750000000000000000, 1.800000000000000044 ) ) ;
#1634 = DIRECTION ( 'NONE',  ( -0.0000000000000000000, -1.000000000000000000, -0.0000000000000000000 ) ) ;
#1635 = STYLED_ITEM ( 'NONE', ( #8393 ), #5664 ) ;
#1636 = FACE_OUTER_BOUND ( 'NONE', #2457, .T. ) ;
#1637 = ORIENTED_EDGE ( 'NONE', *, *, #906, .F. ) ;
#1638 = ORIENTED_EDGE ( 'NONE', *, *, #2470, .T. ) ;
#1639 = CARTESIAN_POINT ( 'NONE',  ( -4.399999999999997691, 1.649999999999999911, 1.699999999999999956 ) ) ;
#1640 =( LENGTH_UNIT ( ) NAMED_UNIT ( * ) SI_UNIT ( .MILLI., .METRE. ) );
#1641 = CARTESIAN_POINT ( 'NONE',  ( -0.8285306704707566805, -1.251640513552068734, -1.800000000000000711 ) ) ;
#1642 = LINE ( 'NONE', #1073, #9452 ) ;
#1643 = VECTOR ( 'NONE', #764, 1000.000000000000000 ) ;
#1644 =( GEOMETRIC_REPRESENTATION_CONTEXT ( 3 ) GLOBAL_UNCERTAINTY_ASSIGNED_CONTEXT ( ( #8679 ) ) GLOBAL_UNIT_ASSIGNED_CONTEXT ( ( #4849, #7262, #7303 ) ) REPRESENTATION_CONTEXT ( 'NONE', 'WORKASPACE' ) );
#1645 = VERTEX_POINT ( 'NONE', #9201 ) ;
#1646 = VECTOR ( 'NONE', #7546, 1000.000000000000000 ) ;
#1647 = VERTEX_POINT ( 'NONE', #6140 ) ;
#1648 = LINE ( 'NONE', #589, #5696 ) ;
#1649 = EDGE_CURVE ( 'NONE', #7510, #6023, #8742, .T. ) ;
#1650 = CARTESIAN_POINT ( 'NONE',  ( -3.199999999999997957, 1.649999999999999911, -1.699999999999997513 ) ) ;
#1651 = LINE ( 'NONE', #4524, #7457 ) ;
#1652 = AXIS2_PLACEMENT_3D ( 'NONE', #1532, #3814, #9088 ) ;
#1653 = DIRECTION ( 'NONE',  ( -0.0000000000000000000, -0.0000000000000000000, 1.000000000000000000 ) ) ;
#1654 =( LENGTH_UNIT ( ) NAMED_UNIT ( * ) SI_UNIT ( .MILLI., .METRE. ) );
#1655 = LINE ( 'NONE', #9148, #9471 ) ;
#1656 = VECTOR ( 'NONE', #5959, 1000.000000000000000 ) ;
#1657 = ADVANCED_FACE ( 'NONE', ( #501, #730, #5414, #9575, #1517, #1616, #1186 ), #6846, .F. ) ;
#1658 = COLOUR_RGB ( '',0.2509803921568627416, 0.2509803921568627416, 0.2509803921568627416 ) ;
#1659 = STYLED_ITEM ( 'NONE', ( #761 ), #3415 ) ;
#1660 = VECTOR ( 'NONE', #795, 1000.000000000000000 ) ;
#1661 = DIRECTION ( 'NONE',  ( 0.0000000000000000000, 0.0000000000000000000, -1.000000000000000000 ) ) ;
#1662 = SURFACE_STYLE_FILL_AREA ( #2396 ) ;
#1664 =( NAMED_UNIT ( * ) PLANE_ANGLE_UNIT ( ) SI_UNIT ( $, .RADIAN. ) );
#1663 = VECTOR ( 'NONE', #9091, 1000.000000000000000 ) ;
#1665 = SURFACE_STYLE_FILL_AREA ( #4360 ) ;
#1666 = DIRECTION ( 'NONE',  ( 0.0000000000000000000, 0.0000000000000000000, 1.000000000000000000 ) ) ;
#1667 = DIRECTION ( 'NONE',  ( 1.000000000000000000, 0.0000000000000000000, 0.0000000000000000000 ) ) ;
#1668 = LINE ( 'NONE', #4162, #2367 ) ;
#1669 = DIRECTION ( 'NONE',  ( 0.0000000000000000000, -1.066845503452556708E-16, 1.000000000000000000 ) ) ;
#1670 = ADVANCED_FACE ( 'NONE', ( #2827 ), #4836, .T. ) ;
#1671 = LINE ( 'NONE', #9147, #5468 ) ;
#1672 = DIRECTION ( 'NONE',  ( -0.1888473936501247619, -0.9820064469806472074, 0.0000000000000000000 ) ) ;
#1673 = FACE_OUTER_BOUND ( 'NONE', #974, .T. ) ;
#1674 = FACE_OUTER_BOUND ( 'NONE', #5370, .T. ) ;
#1675 = ORIENTED_EDGE ( 'NONE', *, *, #1283, .T. ) ;
#1676 = ORIENTED_EDGE ( 'NONE', *, *, #1357, .F. ) ;
#1677 = LINE ( 'NONE', #8155, #5478 ) ;
#1678 = EDGE_CURVE ( 'NONE', #7803, #922, #3770, .T. ) ;
#1679 = VECTOR ( 'NONE', #6553, 1000.000000000000000 ) ;
#1680 =( GEOMETRIC_REPRESENTATION_CONTEXT ( 3 ) GLOBAL_UNCERTAINTY_ASSIGNED_CONTEXT ( ( #2382 ) ) GLOBAL_UNIT_ASSIGNED_CONTEXT ( ( #2512, #7820, #3290 ) ) REPRESENTATION_CONTEXT ( 'NONE', 'WORKASPACE' ) );
#1681 = ORIENTED_EDGE ( 'NONE', *, *, #2597, .F. ) ;
#1682 = CARTESIAN_POINT ( 'NONE',  ( -2.200000000000000178, -1.149999999999999911, 1.499999999999999334 ) ) ;
#1683 = COLOUR_RGB ( '',0.2509803921568627416, 0.2509803921568627416, 0.2509803921568627416 ) ;
#1684 = PRESENTATION_LAYER_ASSIGNMENT (  '', '', ( #1221 ) ) ;
#1685 = CARTESIAN_POINT ( 'NONE',  ( -5.221110255092797026, -1.149999999999999911, 1.500000000000000000 ) ) ;
#1686 = FACE_OUTER_BOUND ( 'NONE', #2843, .T. ) ;
#1687 = ORIENTED_EDGE ( 'NONE', *, *, #2929, .T. ) ;
#1688 = VERTEX_POINT ( 'NONE', #1784 ) ;
#1689 = UNCERTAINTY_MEASURE_WITH_UNIT (LENGTH_MEASURE( 1.000000000000000082E-05 ), #4641, 'distance_accuracy_value', 'NONE');
#1690 = CARTESIAN_POINT ( 'NONE',  ( -2.799999999999999822, -4.750000000000000000, -1.499999999999999334 ) ) ;
#1691 = EDGE_CURVE ( 'NONE', #8586, #7019, #9187, .T. ) ;
#1692 = MECHANICAL_DESIGN_GEOMETRIC_PRESENTATION_REPRESENTATION (  '', ( #247 ), #2200 ) ;
#1693 = EDGE_LOOP ( 'NONE', ( #9442, #8023, #6583, #5631 ) ) ;
#1694 =( NAMED_UNIT ( * ) SI_UNIT ( $, .STERADIAN. ) SOLID_ANGLE_UNIT ( ) );
#1695 = CARTESIAN_POINT ( 'NONE',  ( 4.250000000000000000, 0.6499999999999976907, 0.9500000000000016209 ) ) ;
#1696 = LINE ( 'NONE', #4885, #3000 ) ;
#1697 = DIRECTION ( 'NONE',  ( -2.409338161078898194E-16, 0.0000000000000000000, -1.000000000000000000 ) ) ;
#1698 = ORIENTED_EDGE ( 'NONE', *, *, #5139, .T. ) ;
#1699 = ORIENTED_EDGE ( 'NONE', *, *, #8986, .T. ) ;
#1700 = VERTEX_POINT ( 'NONE', #3182 ) ;
#1701 = ORIENTED_EDGE ( 'NONE', *, *, #1065, .F. ) ;
#1702 = EDGE_CURVE ( 'NONE', #1052, #6190, #1398, .T. ) ;
#1703 = ORIENTED_EDGE ( 'NONE', *, *, #5836, .F. ) ;
#1704 = DIRECTION ( 'NONE',  ( -1.361809969397927063E-32, -1.000000000000000000, 1.112002228190260705E-16 ) ) ;
#1705 = ORIENTED_EDGE ( 'NONE', *, *, #3599, .F. ) ;
#1706 = ADVANCED_FACE ( 'NONE', ( #7425 ), #9151, .F. ) ;
#1707 = DIRECTION ( 'NONE',  ( -0.0000000000000000000, 0.9265528178475217480, 0.3761646923075279147 ) ) ;
#1708 = ORIENTED_EDGE ( 'NONE', *, *, #7171, .F. ) ;
#1709 = ORIENTED_EDGE ( 'NONE', *, *, #7605, .T. ) ;
#1710 = VECTOR ( 'NONE', #7172, 1000.000000000000000 ) ;
#1711 = DIRECTION ( 'NONE',  ( 1.000000000000000000, -0.0000000000000000000, -0.0000000000000000000 ) ) ;
#1712 = EDGE_LOOP ( 'NONE', ( #5887, #2208, #4566, #6627 ) ) ;
#1713 = EDGE_LOOP ( 'NONE', ( #4679, #5862, #5003, #7442 ) ) ;
#1714 = CARTESIAN_POINT ( 'NONE',  ( -4.250000000000000000, -0.3500000000000004774, -0.6502286246418800264 ) ) ;
#1715 = EDGE_CURVE ( 'NONE', #6380, #2180, #2097, .T. ) ;
#1716 = ORIENTED_EDGE ( 'NONE', *, *, #2501, .F. ) ;
#1717 = CARTESIAN_POINT ( 'NONE',  ( -4.157921419152776465, 0.6499999999999989120, -1.500000000000000000 ) ) ;
#1718 = STYLED_ITEM ( 'NONE', ( #4763 ), #3054 ) ;
#1719 = EDGE_CURVE ( 'NONE', #8925, #3185, #2313, .T. ) ;
#1720 = ORIENTED_EDGE ( 'NONE', *, *, #4982, .F. ) ;
#1721 = ADVANCED_FACE ( 'NONE', ( #7185 ), #7076, .F. ) ;
#1722 = FACE_OUTER_BOUND ( 'NONE', #7775, .T. ) ;
#1723 = ORIENTED_EDGE ( 'NONE', *, *, #454, .F. ) ;
#1724 = CARTESIAN_POINT ( 'NONE',  ( -4.250000000000000000, 0.6499999999999989120, -3.617278184538625041 ) ) ;
#1725 = CARTESIAN_POINT ( 'NONE',  ( 0.1750000000000002387, -1.149999999999999911, -1.800000000000000711 ) ) ;
#1726 = DIRECTION ( 'NONE',  ( -1.000000000000000000, -0.0000000000000000000, -0.0000000000000000000 ) ) ;
#1727 = VECTOR ( 'NONE', #9681, 1000.000000000000000 ) ;
#1728 = DIRECTION ( 'NONE',  ( -1.224646799147352961E-16, 0.0000000000000000000, 1.000000000000000000 ) ) ;
#1729 = DIRECTION ( 'NONE',  ( 0.0000000000000000000, -0.0000000000000000000, 1.000000000000000000 ) ) ;
#1730 = DIRECTION ( 'NONE',  ( -2.409338161078898194E-16, -0.0000000000000000000, -1.000000000000000000 ) ) ;
#1731 = DIRECTION ( 'NONE',  ( 0.1888473936501247619, -0.9820064469806472074, 1.323264713300626193E-16 ) ) ;
#1732 = ORIENTED_EDGE ( 'NONE', *, *, #7672, .F. ) ;
#1733 = PLANE ( 'NONE',  #4318 ) ;
#1734 = ORIENTED_EDGE ( 'NONE', *, *, #3419, .T. ) ;
#1735 = CARTESIAN_POINT ( 'NONE',  ( -2.200000000000000178, -0.8499999999999992006, -0.8291796067500623035 ) ) ;
#1736 = VECTOR ( 'NONE', #1768, 1000.000000000000000 ) ;
#1737 = CARTESIAN_POINT ( 'NONE',  ( 4.399999999999998579, 1.750000000000000000, -1.700000000000001288 ) ) ;
#1738 = DIRECTION ( 'NONE',  ( 0.0000000000000000000, -1.000000000000000000, -0.0000000000000000000 ) ) ;
#1739 = VECTOR ( 'NONE', #8286, 1000.000000000000000 ) ;
#1740 = ORIENTED_EDGE ( 'NONE', *, *, #2932, .F. ) ;
#1741 = UNCERTAINTY_MEASURE_WITH_UNIT (LENGTH_MEASURE( 1.000000000000000082E-05 ), #1582, 'distance_accuracy_value', 'NONE');
#1742 = ORIENTED_EDGE ( 'NONE', *, *, #5798, .F. ) ;
#1743 = FILL_AREA_STYLE ('',( #6971 ) ) ;
#1744 = CARTESIAN_POINT ( 'NONE',  ( 4.250000000000000000, 0.0000000000000000000, 0.5081345747705630078 ) ) ;
#1745 = STYLED_ITEM ( 'NONE', ( #9648 ), #6388 ) ;
#1746 = FILL_AREA_STYLE_COLOUR ( '', #1543 ) ;
#1747 = VERTEX_POINT ( 'NONE', #7916 ) ;
#1748 = VERTEX_POINT ( 'NONE', #8866 ) ;
#1749 = VERTEX_POINT ( 'NONE', #5462 ) ;
#1750 = CARTESIAN_POINT ( 'NONE',  ( -4.399999999999998579, 0.0000000000000000000, 0.0000000000000000000 ) ) ;
#1751 = UNCERTAINTY_MEASURE_WITH_UNIT (LENGTH_MEASURE( 1.000000000000000082E-05 ), #3569, 'distance_accuracy_value', 'NONE');
#1752 =( GEOMETRIC_REPRESENTATION_CONTEXT ( 3 ) GLOBAL_UNCERTAINTY_ASSIGNED_CONTEXT ( ( #8989 ) ) GLOBAL_UNIT_ASSIGNED_CONTEXT ( ( #2611, #7919, #3384 ) ) REPRESENTATION_CONTEXT ( 'NONE', 'WORKASPACE' ) );
#1753 = SURFACE_SIDE_STYLE ('',( #8888 ) ) ;
#1754 = LINE ( 'NONE', #8776, #9332 ) ;
#1755 = ORIENTED_EDGE ( 'NONE', *, *, #1777, .T. ) ;
#1756 = SURFACE_SIDE_STYLE ('',( #7407 ) ) ;
#1757 = EDGE_CURVE ( 'NONE', #3663, #3269, #8143, .T. ) ;
#1758 = PLANE ( 'NONE',  #7595 ) ;
#1759 = ADVANCED_FACE ( 'NONE', ( #832 ), #6419, .F. ) ;
#1760 = PRESENTATION_LAYER_ASSIGNMENT (  '', '', ( #782 ) ) ;
#1762 = PRESENTATION_LAYER_ASSIGNMENT (  '', '', ( #784 ) ) ;
#1761 = SURFACE_SIDE_STYLE ('',( #4646 ) ) ;
#1763 = DIRECTION ( 'NONE',  ( 0.0000000000000000000, 1.000000000000000000, 0.0000000000000000000 ) ) ;
#1764 = CARTESIAN_POINT ( 'NONE',  ( -4.250000000000002665, 0.6500000000000000222, 0.9500000000000016209 ) ) ;
#1765 = DIRECTION ( 'NONE',  ( -1.000000000000000000, 0.0000000000000000000, 1.301042606982613367E-14 ) ) ;
#1766 =( LENGTH_UNIT ( ) NAMED_UNIT ( * ) SI_UNIT ( .MILLI., .METRE. ) );
#1767 = EDGE_CURVE ( 'NONE', #834, #4664, #3283, .T. ) ;
#1768 = DIRECTION ( 'NONE',  ( 1.475294133514422103E-32, 1.000000000000000000, -1.204669080539449837E-16 ) ) ;
#1769 = ORIENTED_EDGE ( 'NONE', *, *, #3884, .T. ) ;
#1770 =( NAMED_UNIT ( * ) SI_UNIT ( $, .STERADIAN. ) SOLID_ANGLE_UNIT ( ) );
#1771 = COLOUR_RGB ( '',0.2509803921568627416, 0.2509803921568627416, 0.2509803921568627416 ) ;
#1772 = SURFACE_SIDE_STYLE ('',( #1918 ) ) ;
#1773 = SURFACE_STYLE_USAGE ( .BOTH. , #1305 ) ;
#1774 = ADVANCED_FACE ( 'NONE', ( #613 ), #7060, .T. ) ;
#1775 = LINE ( 'NONE', #4010, #7346 ) ;
#1776 = LINE ( 'NONE', #1553, #5826 ) ;
#1777 = EDGE_CURVE ( 'NONE', #6918, #3790, #719, .T. ) ;
#1778 = CARTESIAN_POINT ( 'NONE',  ( -2.675000000000000266, -4.749999999999999112, 3.800000000000001155 ) ) ;
#1779 = SURFACE_SIDE_STYLE ('',( #4032 ) ) ;
#1780 = EDGE_CURVE ( 'NONE', #8754, #1748, #7317, .T. ) ;
#1781 = EDGE_CURVE ( 'NONE', #372, #6352, #8962, .T. ) ;
#1782 = DIRECTION ( 'NONE',  ( 0.0000000000000000000, 0.9265528178475213039, -0.3761646923075291915 ) ) ;
#1783 = CARTESIAN_POINT ( 'NONE',  ( -2.800000000000000266, -1.149999999999999911, 1.800000000000000266 ) ) ;
#1784 = CARTESIAN_POINT ( 'NONE',  ( -4.250000000000000000, -1.149999999999999911, -1.800000000000000933 ) ) ;
#1785 = VECTOR ( 'NONE', #8528, 1000.000000000000000 ) ;
#1786 = DIRECTION ( 'NONE',  ( -0.0000000000000000000, -0.0000000000000000000, -1.000000000000000000 ) ) ;
#1787 = AXIS2_PLACEMENT_3D ( 'NONE', #2609, #8643, #5427 ) ;
#1788 = DIRECTION ( 'NONE',  ( -0.1888473936501247619, 0.9820064469806472074, -1.323264713300626440E-16 ) ) ;
#1789 = COLOUR_RGB ( '',0.2509803921568627416, 0.2509803921568627416, 0.2509803921568627416 ) ;
#1790 = DIRECTION ( 'NONE',  ( 1.000000000000000000, 0.0000000000000000000, -1.807003620809173892E-16 ) ) ;
#1791 = CYLINDRICAL_SURFACE ( 'NONE', #1505, 0.3000000000000007661 ) ;
#1792 = DIRECTION ( 'NONE',  ( -0.0000000000000000000, -1.000000000000000000, -0.0000000000000000000 ) ) ;
#1793 = PRESENTATION_STYLE_ASSIGNMENT (( #6036 ) ) ;
#1794 = VECTOR ( 'NONE', #811, 1000.000000000000000 ) ;
#1795 =( NAMED_UNIT ( * ) PLANE_ANGLE_UNIT ( ) SI_UNIT ( $, .RADIAN. ) );
#1796 =( LENGTH_UNIT ( ) NAMED_UNIT ( * ) SI_UNIT ( .MILLI., .METRE. ) );
#1797 = DIRECTION ( 'NONE',  ( -0.0000000000000000000, -0.0000000000000000000, -1.000000000000000000 ) ) ;
#1798 = LINE ( 'NONE', #2836, #5594 ) ;
#1799 = SURFACE_SIDE_STYLE ('',( #3414 ) ) ;
#1800 = ORIENTED_EDGE ( 'NONE', *, *, #1428, .T. ) ;
#1801 = COLOUR_RGB ( '',0.2509803921568627416, 0.2509803921568627416, 0.2509803921568627416 ) ;
#1802 = DIRECTION ( 'NONE',  ( -1.475294133514422103E-32, -1.000000000000000000, 1.204669080539449837E-16 ) ) ;
#1803 = ORIENTED_EDGE ( 'NONE', *, *, #4436, .T. ) ;
#1804 = DIRECTION ( 'NONE',  ( -0.0000000000000000000, -0.0000000000000000000, 1.000000000000000000 ) ) ;
#1805 = ADVANCED_FACE ( 'NONE', ( #4250 ), #9743, .T. ) ;
#1806 = CARTESIAN_POINT ( 'NONE',  ( -3.499999999999997780, -1.549999999999999378, 0.2249999999999989786 ) ) ;
#1807 = STYLED_ITEM ( 'NONE', ( #8080 ), #4063 ) ;
#1808 = FACE_OUTER_BOUND ( 'NONE', #488, .T. ) ;
#1809 = VECTOR ( 'NONE', #8800, 1000.000000000000000 ) ;
#1810 = ORIENTED_EDGE ( 'NONE', *, *, #639, .T. ) ;
#1811 = FILL_AREA_STYLE_COLOUR ( '', #647 ) ;
#1812 = VECTOR ( 'NONE', #8521, 1000.000000000000000 ) ;
#1813 = DIRECTION ( 'NONE',  ( 1.000000000000000000, 0.0000000000000000000, -0.0000000000000000000 ) ) ;
#1814 = ORIENTED_EDGE ( 'NONE', *, *, #7874, .F. ) ;
#1815 = EDGE_CURVE ( 'NONE', #9533, #8510, #6802, .T. ) ;
#1816 = VECTOR ( 'NONE', #2728, 1000.000000000000000 ) ;
#1817 = AXIS2_PLACEMENT_3D ( 'NONE', #2881, #3657, #8939 ) ;
#1818 = ADVANCED_FACE ( 'NONE', ( #6462 ), #9728, .F. ) ;
#1819 = ORIENTED_EDGE ( 'NONE', *, *, #2337, .F. ) ;
#1820 = SURFACE_STYLE_USAGE ( .BOTH. , #5116 ) ;
#1821 = PLANE ( 'NONE',  #4711 ) ;
#1822 = DIRECTION ( 'NONE',  ( 1.000000000000000000, -1.445602896647335761E-15, 0.0000000000000000000 ) ) ;
#1823 = VERTEX_POINT ( 'NONE', #6170 ) ;
#1824 = ORIENTED_EDGE ( 'NONE', *, *, #2470, .F. ) ;
#1825 = STYLED_ITEM ( 'NONE', ( #975 ), #5495 ) ;
#1826 =( NAMED_UNIT ( * ) SI_UNIT ( $, .STERADIAN. ) SOLID_ANGLE_UNIT ( ) );
#1827 =( LENGTH_UNIT ( ) NAMED_UNIT ( * ) SI_UNIT ( .MILLI., .METRE. ) );
#1828 = DIRECTION ( 'NONE',  ( 0.0000000000000000000, 1.000000000000000000, 0.0000000000000000000 ) ) ;
#1829 = SURFACE_STYLE_USAGE ( .BOTH. , #6367 ) ;
#1830 = ORIENTED_EDGE ( 'NONE', *, *, #9592, .F. ) ;
#1831 = FACE_OUTER_BOUND ( 'NONE', #2314, .T. ) ;
#1832 = SURFACE_SIDE_STYLE ('',( #665 ) ) ;
#1833 = EDGE_LOOP ( 'NONE', ( #363, #3877, #4075, #4803 ) ) ;
#1834 = DIRECTION ( 'NONE',  ( 0.0000000000000000000, 1.000000000000000000, 0.0000000000000000000 ) ) ;
#1835 = CARTESIAN_POINT ( 'NONE',  ( -0.2499999999999997780, 1.649999999999999911, 1.699999999999999956 ) ) ;
#1836 = ORIENTED_EDGE ( 'NONE', *, *, #3041, .T. ) ;
#1837 = EDGE_LOOP ( 'NONE', ( #8033, #128, #7300, #7751 ) ) ;
#1838 = VERTEX_POINT ( 'NONE', #3377 ) ;
#1839 = DIRECTION ( 'NONE',  ( -1.000000000000000000, 0.0000000000000000000, -2.710505431213760592E-16 ) ) ;
#1840 = VERTEX_POINT ( 'NONE', #8275 ) ;
#1841 = ORIENTED_EDGE ( 'NONE', *, *, #8189, .T. ) ;
#1842 = ORIENTED_EDGE ( 'NONE', *, *, #3802, .F. ) ;
#1843 = LINE ( 'NONE', #7191, #7641 ) ;
#1844 = EDGE_CURVE ( 'NONE', #8564, #1154, #9286, .T. ) ;
#1845 = PLANE ( 'NONE',  #5972 ) ;
#1846 = FACE_OUTER_BOUND ( 'NONE', #5156, .T. ) ;
#1847 = ORIENTED_EDGE ( 'NONE', *, *, #4132, .F. ) ;
#1848 = SURFACE_STYLE_USAGE ( .BOTH. , #132 ) ;
#1849 = DIRECTION ( 'NONE',  ( -1.000000000000000000, 0.0000000000000000000, -1.224646799147352961E-16 ) ) ;
#1850 = ORIENTED_EDGE ( 'NONE', *, *, #4373, .T. ) ;
#1851 = VERTEX_POINT ( 'NONE', #6876 ) ;
#1852 = ORIENTED_EDGE ( 'NONE', *, *, #8543, .F. ) ;
#1853 = EDGE_CURVE ( 'NONE', #9065, #4242, #4580, .T. ) ;
#1854 = FACE_OUTER_BOUND ( 'NONE', #5628, .T. ) ;
#1855 = SURFACE_STYLE_USAGE ( .BOTH. , #354 ) ;
#1856 = AXIS2_PLACEMENT_3D ( 'NONE', #6327, #3357, #2379 ) ;
#1857 = VECTOR ( 'NONE', #8357, 1000.000000000000000 ) ;
#1858 = LINE ( 'NONE', #9272, #8834 ) ;
#1859 = SURFACE_SIDE_STYLE ('',( #5221 ) ) ;
#1860 = EDGE_LOOP ( 'NONE', ( #6421, #9687, #5083, #2790 ) ) ;
#1861 = CARTESIAN_POINT ( 'NONE',  ( 0.0000000000000000000, 1.649999999999999911, 1.800000000000000044 ) ) ;
#1862 = DIRECTION ( 'NONE',  ( -0.0000000000000000000, 1.000000000000000000, -1.112002228190260705E-16 ) ) ;
#1863 = CARTESIAN_POINT ( 'NONE',  ( -0.3000000000000003775, -1.149999999999999911, 1.800000000000000266 ) ) ;
#1864 = CARTESIAN_POINT ( 'NONE',  ( -1.749999999999999778, 0.6499999999999998002, 1.699999999999999956 ) ) ;
#1865 =( NAMED_UNIT ( * ) PLANE_ANGLE_UNIT ( ) SI_UNIT ( $, .RADIAN. ) );
#1866 = DIRECTION ( 'NONE',  ( 1.000000000000000000, -0.0000000000000000000, 1.224646799147352961E-16 ) ) ;
#1867 = ORIENTED_EDGE ( 'NONE', *, *, #6150, .F. ) ;
#1868 = ORIENTED_EDGE ( 'NONE', *, *, #6054, .F. ) ;
#1869 = EDGE_LOOP ( 'NONE', ( #4613, #4234, #4605, #849 ) ) ;
#1870 = CARTESIAN_POINT ( 'NONE',  ( 4.150000000000000355, -0.3500000000000004774, -0.6502286246418800264 ) ) ;
#1871 = DIRECTION ( 'NONE',  ( 1.000000000000000000, -0.0000000000000000000, 1.224646799147352961E-16 ) ) ;
#1872 = STYLED_ITEM ( 'NONE', ( #3481 ), #3573 ) ;
#1873 = ADVANCED_FACE ( 'NONE', ( #5283 ), #8375, .F. ) ;
#1874 = VECTOR ( 'NONE', #4326, 1000.000000000000000 ) ;
#1875 = LINE ( 'NONE', #7438, #4719 ) ;
#1876 = DIRECTION ( 'NONE',  ( 0.0000000000000000000, 0.0000000000000000000, -1.000000000000000000 ) ) ;
#1877 = ORIENTED_EDGE ( 'NONE', *, *, #9192, .F. ) ;
#1878 = DIRECTION ( 'NONE',  ( -1.224646799147352961E-16, 0.0000000000000000000, 1.000000000000000000 ) ) ;
#1879 = DIRECTION ( 'NONE',  ( -0.0000000000000000000, -1.000000000000000000, -0.0000000000000000000 ) ) ;
#1880 = VERTEX_POINT ( 'NONE', #8021 ) ;
#1881 = EDGE_CURVE ( 'NONE', #4914, #7936, #2670, .T. ) ;
#1882 = UNCERTAINTY_MEASURE_WITH_UNIT (LENGTH_MEASURE( 1.000000000000000082E-05 ), #7732, 'distance_accuracy_value', 'NONE');
#1883 = VECTOR ( 'NONE', #5570, 1000.000000000000000 ) ;
#1884 = PLANE ( 'NONE',  #8039 ) ;
#1885 = STYLED_ITEM ( 'NONE', ( #8462 ), #5000 ) ;
#1886 = VECTOR ( 'NONE', #7059, 1000.000000000000000 ) ;
#1887 = VERTEX_POINT ( 'NONE', #5363 ) ;
#1888 = PLANE ( 'NONE',  #3422 ) ;
#1889 =( NAMED_UNIT ( * ) SI_UNIT ( $, .STERADIAN. ) SOLID_ANGLE_UNIT ( ) );
#1890 = CARTESIAN_POINT ( 'NONE',  ( -3.199999999999997513, 1.649999999999999911, 1.699999999999999734 ) ) ;
#1891 = CIRCLE ( 'NONE', #2194, 0.07999999999999998779 ) ;
#1892 =( NAMED_UNIT ( * ) PLANE_ANGLE_UNIT ( ) SI_UNIT ( $, .RADIAN. ) );
#1893 = EDGE_CURVE ( 'NONE', #5527, #7070, #9043, .T. ) ;
#1894 = DIRECTION ( 'NONE',  ( -1.224646799147352961E-16, 1.204669080539449344E-16, 1.000000000000000000 ) ) ;
#1895 = FACE_OUTER_BOUND ( 'NONE', #319, .T. ) ;
#1896 = CARTESIAN_POINT ( 'NONE',  ( -2.200000000000000622, -1.149999999999999911, 1.499999999999999334 ) ) ;
#1897 = DIRECTION ( 'NONE',  ( -1.000000000000000000, 0.0000000000000000000, 1.239088197126290669E-15 ) ) ;
#1898 = CARTESIAN_POINT ( 'NONE',  ( 3.749999999999995559, 6.925848040166833641, 9.293161478447175679E-15 ) ) ;
#1899 = CARTESIAN_POINT ( 'NONE',  ( -2.799999999999999378, -4.000000000000000000, -1.800000000000000488 ) ) ;
#1900 = EDGE_CURVE ( 'NONE', #8510, #6911, #5388, .T. ) ;
#1901 = FACE_OUTER_BOUND ( 'NONE', #7722, .T. ) ;
#1902 = CARTESIAN_POINT ( 'NONE',  ( 2.200000000000000178, -0.8499999999999992006, 1.499999999999999334 ) ) ;
#1903 = VECTOR ( 'NONE', #9122, 1000.000000000000000 ) ;
#1904 = EDGE_CURVE ( 'NONE', #5374, #8026, #28, .T. ) ;
#1905 = DIRECTION ( 'NONE',  ( -1.000000000000000000, -0.0000000000000000000, -0.0000000000000000000 ) ) ;
#1906 = LINE ( 'NONE', #3561, #9481 ) ;
#1907 = FILL_AREA_STYLE_COLOUR ( '', #2968 ) ;
#1908 = DIRECTION ( 'NONE',  ( 0.0000000000000000000, 1.000000000000000000, 0.0000000000000000000 ) ) ;
#1909 = AXIS2_PLACEMENT_3D ( 'NONE', #7968, #1804, #4066 ) ;
#1910 = EDGE_CURVE ( 'NONE', #172, #5890, #8823, .T. ) ;
#1911 = LINE ( 'NONE', #867, #6414 ) ;
#1912 = CARTESIAN_POINT ( 'NONE',  ( -4.499999999999999112, 0.8499999999999993117, -1.800000000000000933 ) ) ;
#1913 =( LENGTH_UNIT ( ) NAMED_UNIT ( * ) SI_UNIT ( .MILLI., .METRE. ) );
#1914 = CARTESIAN_POINT ( 'NONE',  ( -3.199999999999997957, 1.670000000000000151, -1.800000000000000933 ) ) ;
#1915 = PRESENTATION_STYLE_ASSIGNMENT (( #1829 ) ) ;
#1916 = ORIENTED_EDGE ( 'NONE', *, *, #4182, .T. ) ;
#1917 = ADVANCED_FACE ( 'NONE', ( #9054 ), #292, .F. ) ;
#1918 = SURFACE_STYLE_FILL_AREA ( #9342 ) ;
#1919 = CARTESIAN_POINT ( 'NONE',  ( -1.535953077687793938E-15, 1.649999999999999911, 1.699999999999995959 ) ) ;
#1920 = MECHANICAL_DESIGN_GEOMETRIC_PRESENTATION_REPRESENTATION (  '', ( #941 ), #2421 ) ;
#1921 = CARTESIAN_POINT ( 'NONE',  ( 0.0000000000000000000, 6.925848040166833641, 0.7999999999999992673 ) ) ;
#1922 = LINE ( 'NONE', #9266, #5734 ) ;
#1923 = FILL_AREA_STYLE_COLOUR ( '', #3612 ) ;
#1924 = EDGE_CURVE ( 'NONE', #734, #690, #9536, .T. ) ;
#1925 = SURFACE_SIDE_STYLE ('',( #2268 ) ) ;
#1926 = VECTOR ( 'NONE', #7266, 1000.000000000000000 ) ;
#1927 = DIRECTION ( 'NONE',  ( 0.0000000000000000000, -0.0000000000000000000, 1.000000000000000000 ) ) ;
#1928 = CARTESIAN_POINT ( 'NONE',  ( -4.399999999999998579, 1.649999999999999911, -0.9500000000000009548 ) ) ;
#1929 = SURFACE_STYLE_FILL_AREA ( #2284 ) ;
#1930 = VERTEX_POINT ( 'NONE', #3136 ) ;
#1931 = VECTOR ( 'NONE', #9368, 1000.000000000000000 ) ;
#1932 = CARTESIAN_POINT ( 'NONE',  ( 0.1749999999999993783, -4.649999999999998579, 3.800000000000001155 ) ) ;
#1933 = DIRECTION ( 'NONE',  ( 0.0000000000000000000, 0.0000000000000000000, -1.000000000000000000 ) ) ;
#1934 = EDGE_LOOP ( 'NONE', ( #2161, #4912, #3737, #6615 ) ) ;
#1935 = UNCERTAINTY_MEASURE_WITH_UNIT (LENGTH_MEASURE( 1.000000000000000082E-05 ), #902, 'distance_accuracy_value', 'NONE');
#1936 = ORIENTED_EDGE ( 'NONE', *, *, #1228, .F. ) ;
#1937 = DIRECTION ( 'NONE',  ( 1.000000000000000000, -0.0000000000000000000, -0.0000000000000000000 ) ) ;
#1938 = FACE_OUTER_BOUND ( 'NONE', #9331, .T. ) ;
#1939 = PRESENTATION_LAYER_ASSIGNMENT (  '', '', ( #1443 ) ) ;
#1940 = DIRECTION ( 'NONE',  ( 1.224646799147352961E-16, 0.0000000000000000000, -1.000000000000000000 ) ) ;
#1941 = VERTEX_POINT ( 'NONE', #4986 ) ;
#1942 = VECTOR ( 'NONE', #1834, 1000.000000000000000 ) ;
#1943 = VERTEX_POINT ( 'NONE', #5904 ) ;
#1944 = ORIENTED_EDGE ( 'NONE', *, *, #3505, .F. ) ;
#1945 = PRESENTATION_LAYER_ASSIGNMENT (  '', '', ( #1447 ) ) ;
#1946 = EDGE_LOOP ( 'NONE', ( #7304, #6191, #1755, #8542 ) ) ;
#1947 = ORIENTED_EDGE ( 'NONE', *, *, #9720, .T. ) ;
#1948 = CARTESIAN_POINT ( 'NONE',  ( 4.250000000000000000, -0.3500000000000006439, 0.9500000000000025091 ) ) ;
#1949 =( LENGTH_UNIT ( ) NAMED_UNIT ( * ) SI_UNIT ( .MILLI., .METRE. ) );
#1950 = EDGE_CURVE ( 'NONE', #8293, #6459, #4455, .T. ) ;
#1951 = DIRECTION ( 'NONE',  ( -0.0000000000000000000, -0.0000000000000000000, 1.000000000000000000 ) ) ;
#1952 =( NAMED_UNIT ( * ) SI_UNIT ( $, .STERADIAN. ) SOLID_ANGLE_UNIT ( ) );
#1953 = ORIENTED_EDGE ( 'NONE', *, *, #2249, .T. ) ;
#1954 = ORIENTED_EDGE ( 'NONE', *, *, #6907, .T. ) ;
#1955 = VERTEX_POINT ( 'NONE', #228 ) ;
#1956 =( NAMED_UNIT ( * ) PLANE_ANGLE_UNIT ( ) SI_UNIT ( $, .RADIAN. ) );
#1957 = VECTOR ( 'NONE', #526, 1000.000000000000000 ) ;
#1958 = ORIENTED_EDGE ( 'NONE', *, *, #5109, .F. ) ;
#1959 = ORIENTED_EDGE ( 'NONE', *, *, #7891, .T. ) ;
#1960 = FILL_AREA_STYLE ('',( #8992 ) ) ;
#1961 = CARTESIAN_POINT ( 'NONE',  ( 2.200000000000000178, -0.8499999999999992006, 0.8291796067500618594 ) ) ;
#1962 = PLANE ( 'NONE',  #9035 ) ;
#1963 = FILL_AREA_STYLE ('',( #1230 ) ) ;
#1964 =( NAMED_UNIT ( * ) PLANE_ANGLE_UNIT ( ) SI_UNIT ( $, .RADIAN. ) );
#1965 = AXIS2_PLACEMENT_3D ( 'NONE', #7025, #2525, #7828 ) ;
#1966 = DIRECTION ( 'NONE',  ( 1.000000000000000000, -0.0000000000000000000, 1.224646799147352961E-16 ) ) ;
#1967 = LINE ( 'NONE', #7118, #2099 ) ;
#1968 = ORIENTED_EDGE ( 'NONE', *, *, #1449, .F. ) ;
#1969 = VECTOR ( 'NONE', #6052, 1000.000000000000000 ) ;
#1970 =( NAMED_UNIT ( * ) PLANE_ANGLE_UNIT ( ) SI_UNIT ( $, .RADIAN. ) );
#1971 = CARTESIAN_POINT ( 'NONE',  ( 2.199999999999999734, -1.149999999999999911, -0.8291796067500623035 ) ) ;
#1972 = FACE_OUTER_BOUND ( 'NONE', #2165, .T. ) ;
#1973 = CARTESIAN_POINT ( 'NONE',  ( 2.799999999999999378, -1.149999999999999911, -0.8291796067500623035 ) ) ;
#1974 = SURFACE_SIDE_STYLE ('',( #2377 ) ) ;
#1975 = CARTESIAN_POINT ( 'NONE',  ( 0.2999999999999999334, -0.8499999999999992006, 0.8291796067500618594 ) ) ;
#1976 = EDGE_CURVE ( 'NONE', #3179, #7221, #3845, .T. ) ;
#1977 = ADVANCED_FACE ( 'NONE', ( #7291 ), #45, .F. ) ;
#1978 = ORIENTED_EDGE ( 'NONE', *, *, #3599, .T. ) ;
#1979 = EDGE_CURVE ( 'NONE', #4450, #2822, #3517, .T. ) ;
#1980 = DIRECTION ( 'NONE',  ( 1.224646799147352961E-16, -1.204669080539449344E-16, -1.000000000000000000 ) ) ;
#1981 = VERTEX_POINT ( 'NONE', #9567 ) ;
#1982 = ORIENTED_EDGE ( 'NONE', *, *, #8832, .T. ) ;
#1983 = SURFACE_STYLE_USAGE ( .BOTH. , #7908 ) ;
#1984 = DIRECTION ( 'NONE',  ( 0.9925461516413210949, 0.1218693434051549007, 0.0000000000000000000 ) ) ;
#1985 = VERTEX_POINT ( 'NONE', #5411 ) ;
#1986 = AXIS2_PLACEMENT_3D ( 'NONE', #3616, #1436, #3692 ) ;
#1987 = VERTEX_POINT ( 'NONE', #4398 ) ;
#1988 = DIRECTION ( 'NONE',  ( -0.0000000000000000000, 0.0000000000000000000, 1.000000000000000000 ) ) ;
#1989 = DIRECTION ( 'NONE',  ( 0.0000000000000000000, 1.544312022800115745E-16, -1.000000000000000000 ) ) ;
#1990 = ORIENTED_EDGE ( 'NONE', *, *, #8280, .F. ) ;
#1991 = CARTESIAN_POINT ( 'NONE',  ( -2.800000000000000266, -1.149999999999999911, -1.800000000000001155 ) ) ;
#1992 = EDGE_LOOP ( 'NONE', ( #4251, #9638, #5787, #123, #5501 ) ) ;
#1993 = CARTESIAN_POINT ( 'NONE',  ( 3.399999999999998135, 6.925848040166833641, 0.0000000000000000000 ) ) ;
#1994 = CARTESIAN_POINT ( 'NONE',  ( -4.250000000000000000, -0.3500000000000006439, 1.500000000000000000 ) ) ;
#1995 =( NAMED_UNIT ( * ) PLANE_ANGLE_UNIT ( ) SI_UNIT ( $, .RADIAN. ) );
#1996 = VECTOR ( 'NONE', #1199, 1000.000000000000000 ) ;
#1997 = CARTESIAN_POINT ( 'NONE',  ( 4.499999999999999112, 1.649999999999999911, 0.9500000000000033973 ) ) ;
#1998 = ORIENTED_EDGE ( 'NONE', *, *, #7809, .F. ) ;
#1999 = FACE_OUTER_BOUND ( 'NONE', #6331, .T. ) ;
#2000 = FILL_AREA_STYLE_COLOUR ( '', #1683 ) ;
#2001 = MECHANICAL_DESIGN_GEOMETRIC_PRESENTATION_REPRESENTATION (  '', ( #542 ), #2497 ) ;
#2002 = UNCERTAINTY_MEASURE_WITH_UNIT (LENGTH_MEASURE( 1.000000000000000082E-05 ), #8329, 'distance_accuracy_value', 'NONE');
#2003 = LINE ( 'NONE', #870, #65 ) ;
#2004 = PRESENTATION_STYLE_ASSIGNMENT (( #3614 ) ) ;
#2005 = EDGE_CURVE ( 'NONE', #7880, #4704, #3631, .T. ) ;
#2006 = MECHANICAL_DESIGN_GEOMETRIC_PRESENTATION_REPRESENTATION (  '', ( #1021 ), #2504 ) ;
#2007 = AXIS2_PLACEMENT_3D ( 'NONE', #8592, #320, #1143 ) ;
#2008 = CARTESIAN_POINT ( 'NONE',  ( 0.2999999999999999334, -0.8499999999999992006, 1.800000000000000044 ) ) ;
#2009 = LINE ( 'NONE', #2322, #7491 ) ;
#2010 = COLOUR_RGB ( '',0.2509803921568627416, 0.2509803921568627416, 0.2509803921568627416 ) ;
#2011 = ADVANCED_FACE ( 'NONE', ( #8006 ), #910, .F. ) ;
#2012 = PRESENTATION_LAYER_ASSIGNMENT (  '', '', ( #1034 ) ) ;
#2013 = CARTESIAN_POINT ( 'NONE',  ( -4.499999999999998224, 0.8499999999999993117, -0.9500000000000016209 ) ) ;
#2014 =( NAMED_UNIT ( * ) PLANE_ANGLE_UNIT ( ) SI_UNIT ( $, .RADIAN. ) );
#2015 = SURFACE_STYLE_FILL_AREA ( #5466 ) ;
#2016 =( LENGTH_UNIT ( ) NAMED_UNIT ( * ) SI_UNIT ( .MILLI., .METRE. ) );
#2017 = EDGE_CURVE ( 'NONE', #6597, #6964, #8666, .T. ) ;
#2018 = DIRECTION ( 'NONE',  ( 0.0000000000000000000, -0.3761646923075278592, 0.9265528178475217480 ) ) ;
#2019 = DIRECTION ( 'NONE',  ( 1.475294133514422103E-32, 1.000000000000000000, -1.204669080539449837E-16 ) ) ;
#2021 = AXIS2_PLACEMENT_3D ( 'NONE', #9760, #852, #5927 ) ;
#2020 = CARTESIAN_POINT ( 'NONE',  ( -0.2499999999999997780, 0.6499999999999998002, 1.800000000000000044 ) ) ;
#2022 = DIRECTION ( 'NONE',  ( -0.0000000000000000000, -1.000000000000000000, -0.0000000000000000000 ) ) ;
#2023 = DIRECTION ( 'NONE',  ( 0.0000000000000000000, -1.084202172485504434E-16, 1.000000000000000000 ) ) ;
#2024 = LINE ( 'NONE', #5699, #6040 ) ;
#2025 = SURFACE_STYLE_USAGE ( .BOTH. , #538 ) ;
#2026 = UNCERTAINTY_MEASURE_WITH_UNIT (LENGTH_MEASURE( 1.000000000000000082E-05 ), #4714, 'distance_accuracy_value', 'NONE');
#2027 = EDGE_CURVE ( 'NONE', #3720, #4928, #1442, .T. ) ;
#2028 = DIRECTION ( 'NONE',  ( 0.0000000000000000000, -1.000000000000000000, 0.0000000000000000000 ) ) ;
#2029 = VECTOR ( 'NONE', #8675, 1000.000000000000000 ) ;
#2030 = COLOUR_RGB ( '',0.2509803921568627416, 0.2509803921568627416, 0.2509803921568627416 ) ;
#2031 = LINE ( 'NONE', #466, #9616 ) ;
#2032 = CARTESIAN_POINT ( 'NONE',  ( 2.200000000000000178, -0.8499999999999992006, 1.499999999999999334 ) ) ;
#2033 = FACE_OUTER_BOUND ( 'NONE', #528, .T. ) ;
#2034 = LINE ( 'NONE', #6617, #5842 ) ;
#2035 = VECTOR ( 'NONE', #1038, 1000.000000000000000 ) ;
#2036 = EDGE_CURVE ( 'NONE', #8198, #6814, #8896, .T. ) ;
#2037 = CARTESIAN_POINT ( 'NONE',  ( 4.250000000000000000, 0.6499999999999989120, 1.500000000000000000 ) ) ;
#2038 = MECHANICAL_DESIGN_GEOMETRIC_PRESENTATION_REPRESENTATION (  '', ( #579 ), #2540 ) ;
#2039 = ORIENTED_EDGE ( 'NONE', *, *, #4628, .F. ) ;
#2040 = EDGE_CURVE ( 'NONE', #9283, #5189, #9118, .T. ) ;
#2041 = VECTOR ( 'NONE', #4863, 1000.000000000000000 ) ;
#2042 = DIRECTION ( 'NONE',  ( -1.475294133514422103E-32, -1.000000000000000000, 1.204669080539449837E-16 ) ) ;
#2043 =( LENGTH_UNIT ( ) NAMED_UNIT ( * ) SI_UNIT ( .MILLI., .METRE. ) );
#2044 = VECTOR ( 'NONE', #7956, 1000.000000000000227 ) ;
#2045 = VECTOR ( 'NONE', #4074, 1000.000000000000000 ) ;
#2046 = ORIENTED_EDGE ( 'NONE', *, *, #3049, .T. ) ;
#2047 = DIRECTION ( 'NONE',  ( -1.000000000000000000, 0.0000000000000000000, -0.0000000000000000000 ) ) ;
#2048 =( LENGTH_UNIT ( ) NAMED_UNIT ( * ) SI_UNIT ( .MILLI., .METRE. ) );
#2049 = AXIS2_PLACEMENT_3D ( 'NONE', #9745, #1437, #934 ) ;
#2050 = DIRECTION ( 'NONE',  ( 1.000000000000000000, -0.0000000000000000000, -0.0000000000000000000 ) ) ;
#2051 = ORIENTED_EDGE ( 'NONE', *, *, #6621, .F. ) ;
#2052 = CARTESIAN_POINT ( 'NONE',  ( 2.200000000000000178, -0.8499999999999992006, 0.8291796067500618594 ) ) ;
#2053 = SURFACE_SIDE_STYLE ('',( #2113 ) ) ;
#2054 = VECTOR ( 'NONE', #5888, 1000.000000000000000 ) ;
#2055 = SURFACE_STYLE_USAGE ( .BOTH. , #6607 ) ;
#2056 = CARTESIAN_POINT ( 'NONE',  ( -4.419999999999998153, 1.670000000000000151, 0.9500000000000031752 ) ) ;
#2057 = ORIENTED_EDGE ( 'NONE', *, *, #4262, .F. ) ;
#2058 = LINE ( 'NONE', #371, #114 ) ;
#2059 = UNCERTAINTY_MEASURE_WITH_UNIT (LENGTH_MEASURE( 1.000000000000000082E-05 ), #7608, 'distance_accuracy_value', 'NONE');
#2060 = ORIENTED_EDGE ( 'NONE', *, *, #3764, .T. ) ;
#2061 = CARTESIAN_POINT ( 'NONE',  ( -0.2999999999999994893, -1.149999999999999911, -1.800000000000000711 ) ) ;
#2062 =( NAMED_UNIT ( * ) PLANE_ANGLE_UNIT ( ) SI_UNIT ( $, .RADIAN. ) );
#2063 = DIRECTION ( 'NONE',  ( 0.0000000000000000000, 0.0000000000000000000, -1.000000000000000000 ) ) ;
#2064 = DIRECTION ( 'NONE',  ( 1.000000000000000000, 0.0000000000000000000, 0.0000000000000000000 ) ) ;
#2065 = EDGE_CURVE ( 'NONE', #922, #8729, #1557, .T. ) ;
#2066 = ADVANCED_FACE ( 'NONE', ( #2033 ), #8389, .F. ) ;
#2067 = LINE ( 'NONE', #624, #5872 ) ;
#2068 = AXIS2_PLACEMENT_3D ( 'NONE', #1898, #6926, #3458 ) ;
#2069 = VERTEX_POINT ( 'NONE', #9132 ) ;
#2070 = ORIENTED_EDGE ( 'NONE', *, *, #6126, .T. ) ;
#2071 = VERTEX_POINT ( 'NONE', #6682 ) ;
#2072 = LINE ( 'NONE', #5200, #6823 ) ;
#2073 = AXIS2_PLACEMENT_3D ( 'NONE', #7489, #5614, #9154 ) ;
#2074 = ORIENTED_EDGE ( 'NONE', *, *, #1127, .T. ) ;
#2075 = VERTEX_POINT ( 'NONE', #2708 ) ;
#2076 = VECTOR ( 'NONE', #4043, 1000.000000000000000 ) ;
#2078 = PLANE ( 'NONE',  #8892 ) ;
#2077 = STYLED_ITEM ( 'NONE', ( #8984 ), #8732 ) ;
#2079 = ORIENTED_EDGE ( 'NONE', *, *, #8895, .T. ) ;
#2080 = VERTEX_POINT ( 'NONE', #9102 ) ;
#2081 = EDGE_CURVE ( 'NONE', #5769, #1264, #5350, .T. ) ;
#2082 =( GEOMETRIC_REPRESENTATION_CONTEXT ( 3 ) GLOBAL_UNCERTAINTY_ASSIGNED_CONTEXT ( ( #2776 ) ) GLOBAL_UNIT_ASSIGNED_CONTEXT ( ( #7513, #2974, #8271 ) ) REPRESENTATION_CONTEXT ( 'NONE', 'WORKASPACE' ) );
#2083 = ORIENTED_EDGE ( 'NONE', *, *, #2671, .T. ) ;
#2084 = PRESENTATION_LAYER_ASSIGNMENT (  '', '', ( #1570 ) ) ;
#2085 = CARTESIAN_POINT ( 'NONE',  ( 4.150000000000000355, -0.3500000000000005884, 1.500000000000000000 ) ) ;
#2086 = ORIENTED_EDGE ( 'NONE', *, *, #8747, .T. ) ;
#2087 = SURFACE_SIDE_STYLE ('',( #1424 ) ) ;
#2088 = ORIENTED_EDGE ( 'NONE', *, *, #4393, .T. ) ;
#2089 = ORIENTED_EDGE ( 'NONE', *, *, #7427, .F. ) ;
#2090 = EDGE_CURVE ( 'NONE', #1618, #9540, #5230, .T. ) ;
#2091 = PLANE ( 'NONE',  #2239 ) ;
#2092 = DIRECTION ( 'NONE',  ( -0.0000000000000000000, -0.0000000000000000000, 1.000000000000000000 ) ) ;
#2093 = VECTOR ( 'NONE', #6433, 1000.000000000000000 ) ;
#2094 = CARTESIAN_POINT ( 'NONE',  ( 4.956352788505182989E-16, 6.925848040166833641, -0.8000000000000021538 ) ) ;
#2095 =( NAMED_UNIT ( * ) PLANE_ANGLE_UNIT ( ) SI_UNIT ( $, .RADIAN. ) );
#2096 = DIRECTION ( 'NONE',  ( -1.000000000000000000, 0.0000000000000000000, 0.0000000000000000000 ) ) ;
#2097 = CIRCLE ( 'NONE', #619, 0.02999999999999964501 ) ;
#2098 = ORIENTED_EDGE ( 'NONE', *, *, #7131, .T. ) ;
#2099 = VECTOR ( 'NONE', #4126, 1000.000000000000000 ) ;
#2100 = VERTEX_POINT ( 'NONE', #7798 ) ;
#2101 = DIRECTION ( 'NONE',  ( -0.0000000000000000000, -0.0000000000000000000, -1.000000000000000000 ) ) ;
#2102 = EDGE_CURVE ( 'NONE', #467, #6500, #5131, .T. ) ;
#2103 = CARTESIAN_POINT ( 'NONE',  ( -4.399999999999998579, 1.649999999999999911, 0.9500000000000031752 ) ) ;
#2104 = PLANE ( 'NONE',  #1382 ) ;
#2105 = DIRECTION ( 'NONE',  ( 1.224646799147352961E-16, 0.0000000000000000000, -1.000000000000000000 ) ) ;
#2106 = STYLED_ITEM ( 'NONE', ( #4552 ), #2668 ) ;
#2107 = EDGE_CURVE ( 'NONE', #1137, #4439, #7958, .T. ) ;
#2108 = ORIENTED_EDGE ( 'NONE', *, *, #2722, .F. ) ;
#2109 = VERTEX_POINT ( 'NONE', #215 ) ;
#2110 = ORIENTED_EDGE ( 'NONE', *, *, #4520, .F. ) ;
#2111 = CARTESIAN_POINT ( 'NONE',  ( 2.799999999999999822, -0.8499999999999992006, 1.499999999999999334 ) ) ;
#2112 = DIRECTION ( 'NONE',  ( 0.0000000000000000000, 0.0000000000000000000, -1.000000000000000000 ) ) ;
#2113 = SURFACE_STYLE_FILL_AREA ( #6605 ) ;
#2114 = SURFACE_SIDE_STYLE ('',( #9596 ) ) ;
#2115 = STYLED_ITEM ( 'NONE', ( #4466 ), #679 ) ;
#2116 = LINE ( 'NONE', #2887, #3856 ) ;
#2117 = ORIENTED_EDGE ( 'NONE', *, *, #1853, .F. ) ;
#2118 = EDGE_CURVE ( 'NONE', #8309, #9426, #9731, .T. ) ;
#2119 = ADVANCED_FACE ( 'NONE', ( #9482 ), #248, .F. ) ;
#2120 = CARTESIAN_POINT ( 'NONE',  ( 2.200000000000000178, -0.8499999999999992006, 1.499999999999999334 ) ) ;
#2121 = CARTESIAN_POINT ( 'NONE',  ( 3.399999999999998135, -1.750000000000000000, 0.0000000000000000000 ) ) ;
#2122 = VECTOR ( 'NONE', #272, 1000.000000000000000 ) ;
#2123 = DIRECTION ( 'NONE',  ( 0.0000000000000000000, 0.0000000000000000000, -1.000000000000000000 ) ) ;
#2124 = SURFACE_STYLE_FILL_AREA ( #6934 ) ;
#2125 = ORIENTED_EDGE ( 'NONE', *, *, #2036, .F. ) ;
#2126 = DIRECTION ( 'NONE',  ( -0.0000000000000000000, -1.000000000000000000, -0.0000000000000000000 ) ) ;
#2127 = CARTESIAN_POINT ( 'NONE',  ( -3.199999999999997513, 1.649999999999999911, 0.0000000000000000000 ) ) ;
#2128 = STYLED_ITEM ( 'NONE', ( #5776 ), #5989 ) ;
#2129 = VECTOR ( 'NONE', #1418, 1000.000000000000000 ) ;
#2130 = CARTESIAN_POINT ( 'NONE',  ( -3.749999999999998224, -1.549999999999999378, 1.149999999999999245 ) ) ;
#2131 = PRESENTATION_LAYER_ASSIGNMENT (  '', '', ( #1144 ) ) ;
#2132 = LINE ( 'NONE', #9230, #419 ) ;
#2133 = VECTOR ( 'NONE', #1788, 1000.000000000000227 ) ;
#2134 = LINE ( 'NONE', #8372, #3914 ) ;
#2135 = EDGE_CURVE ( 'NONE', #9045, #1162, #3813, .T. ) ;
#2136 = SURFACE_STYLE_FILL_AREA ( #4696 ) ;
#2137 = DIRECTION ( 'NONE',  ( 0.0000000000000000000, -0.9265528178475215260, 0.3761646923075286364 ) ) ;
#2138 = ORIENTED_EDGE ( 'NONE', *, *, #8250, .F. ) ;
#2139 = AXIS2_PLACEMENT_3D ( 'NONE', #2170, #3282, #8751 ) ;
#2140 = FACE_OUTER_BOUND ( 'NONE', #5178, .T. ) ;
#2141 = FACE_OUTER_BOUND ( 'NONE', #1564, .T. ) ;
#2142 = COLOUR_RGB ( '',0.2509803921568627416, 0.2509803921568627416, 0.2509803921568627416 ) ;
#2143 = CARTESIAN_POINT ( 'NONE',  ( -3.749999999999996891, 6.925848040166833641, -4.646580739223586262E-15 ) ) ;
#2144 =( NAMED_UNIT ( * ) PLANE_ANGLE_UNIT ( ) SI_UNIT ( $, .RADIAN. ) );
#2145 = SURFACE_SIDE_STYLE ('',( #7034 ) ) ;
#2146 = CARTESIAN_POINT ( 'NONE',  ( -2.199999999999999734, -1.149999999999999911, -1.800000000000000711 ) ) ;
#2147 = FILL_AREA_STYLE ('',( #4409 ) ) ;
#2148 = EDGE_LOOP ( 'NONE', ( #6910, #2961, #4261, #581, #8266, #7122, #3936, #8591 ) ) ;
#2149 = ORIENTED_EDGE ( 'NONE', *, *, #5625, .F. ) ;
#2150 = DIRECTION ( 'NONE',  ( 0.0000000000000000000, -1.913812709969057460E-16, -1.000000000000000000 ) ) ;
#2151 = LINE ( 'NONE', #2952, #5950 ) ;
#2152 = EDGE_CURVE ( 'NONE', #9528, #2628, #9365, .T. ) ;
#2153 = DIRECTION ( 'NONE',  ( 0.0000000000000000000, -1.000000000000000000, -5.656706986880892613E-16 ) ) ;
#2154 = CYLINDRICAL_SURFACE ( 'NONE', #8841, 0.02999999999999964501 ) ;
#2155 = CARTESIAN_POINT ( 'NONE',  ( -4.150000000000000355, -0.3500000000000005884, 1.500000000000000000 ) ) ;
#2156 = CARTESIAN_POINT ( 'NONE',  ( 2.199999999999999734, -1.149999999999999911, 1.500000000000000000 ) ) ;
#2157 = VECTOR ( 'NONE', #4334, 1000.000000000000000 ) ;
#2158 = ADVANCED_FACE ( 'NONE', ( #8083 ), #9040, .F. ) ;
#2159 = VERTEX_POINT ( 'NONE', #5318 ) ;
#2160 = ORIENTED_EDGE ( 'NONE', *, *, #8874, .T. ) ;
#2161 = ORIENTED_EDGE ( 'NONE', *, *, #1105, .T. ) ;
#2162 = PRESENTATION_LAYER_ASSIGNMENT (  '', '', ( #1188 ) ) ;
#2163 = ORIENTED_EDGE ( 'NONE', *, *, #8555, .F. ) ;
#2164 = PRESENTATION_LAYER_ASSIGNMENT (  '', '', ( #1659 ) ) ;
#2165 = EDGE_LOOP ( 'NONE', ( #2166, #4576, #9146, #3831, #9686 ) ) ;
#2166 = ORIENTED_EDGE ( 'NONE', *, *, #7860, .F. ) ;
#2167 = ORIENTED_EDGE ( 'NONE', *, *, #742, .T. ) ;
#2168 = LINE ( 'NONE', #1948, #7991 ) ;
#2169 = VERTEX_POINT ( 'NONE', #7503 ) ;
#2170 = CARTESIAN_POINT ( 'NONE',  ( 4.399999999999998579, 1.750000000000000000, -0.9500000000000020650 ) ) ;
#2171 = UNCERTAINTY_MEASURE_WITH_UNIT (LENGTH_MEASURE( 1.000000000000000082E-05 ), #1010, 'distance_accuracy_value', 'NONE');
#2172 = DIRECTION ( 'NONE',  ( -1.000000000000000000, 0.0000000000000000000, -1.224646799147352961E-16 ) ) ;
#2173 = ORIENTED_EDGE ( 'NONE', *, *, #3153, .T. ) ;
#2174 = ORIENTED_EDGE ( 'NONE', *, *, #5257, .T. ) ;
#2175 = DIRECTION ( 'NONE',  ( 5.421010862427508365E-16, -1.000000000000000000, 0.0000000000000000000 ) ) ;
#2176 = CARTESIAN_POINT ( 'NONE',  ( 2.200000000000000178, -0.8499999999999992006, -1.499999999999999778 ) ) ;
#2177 = CARTESIAN_POINT ( 'NONE',  ( -0.3000000000000003775, -1.149999999999999911, -0.8291796067500623035 ) ) ;
#2178 = EDGE_LOOP ( 'NONE', ( #6007, #3996, #4760, #8352 ) ) ;
#2179 = STYLED_ITEM ( 'NONE', ( #9752 ), #3855 ) ;
#2180 = VERTEX_POINT ( 'NONE', #61 ) ;
#2181 = FACE_OUTER_BOUND ( 'NONE', #7673, .T. ) ;
#2182 = EDGE_LOOP ( 'NONE', ( #4226, #9165, #7643, #9203, #6711, #7557 ) ) ;
#2183 = ORIENTED_EDGE ( 'NONE', *, *, #2809, .F. ) ;
#2184 = CARTESIAN_POINT ( 'NONE',  ( 4.250000000000000000, -0.3500000000000006439, 1.500000000000000000 ) ) ;
#2185 = EDGE_CURVE ( 'NONE', #2797, #1018, #7216, .T. ) ;
#2186 = DIRECTION ( 'NONE',  ( -1.000000000000000000, -0.0000000000000000000, -0.0000000000000000000 ) ) ;
#2187 = ORIENTED_EDGE ( 'NONE', *, *, #4007, .F. ) ;
#2188 = LINE ( 'NONE', #148, #8244 ) ;
#2189 = CARTESIAN_POINT ( 'NONE',  ( 4.399999999999998579, 0.0000000000000000000, 0.9500000000000025091 ) ) ;
#2190 = MECHANICAL_DESIGN_GEOMETRIC_PRESENTATION_REPRESENTATION (  '', ( #1221 ), #2714 ) ;
#2191 = ORIENTED_EDGE ( 'NONE', *, *, #7460, .F. ) ;
#2192 = DIRECTION ( 'NONE',  ( 0.0000000000000000000, -1.182766006347828433E-15, 1.000000000000000000 ) ) ;
#2193 = DIRECTION ( 'NONE',  ( 1.000000000000000000, 0.0000000000000000000, 0.0000000000000000000 ) ) ;
#2195 = DIRECTION ( 'NONE',  ( 0.0000000000000000000, 0.0000000000000000000, 1.000000000000000000 ) ) ;
#2194 = AXIS2_PLACEMENT_3D ( 'NONE', #755, #6004, #1477 ) ;
#2196 = EDGE_LOOP ( 'NONE', ( #808, #1589, #8020, #2571 ) ) ;
#2197 = VERTEX_POINT ( 'NONE', #7468 ) ;
#2198 = ORIENTED_EDGE ( 'NONE', *, *, #4120, .T. ) ;
#2199 = EDGE_CURVE ( 'NONE', #380, #8608, #6487, .T. ) ;
#2200 =( GEOMETRIC_REPRESENTATION_CONTEXT ( 3 ) GLOBAL_UNCERTAINTY_ASSIGNED_CONTEXT ( ( #4860 ) ) GLOBAL_UNIT_ASSIGNED_CONTEXT ( ( #6862, #2321, #6092 ) ) REPRESENTATION_CONTEXT ( 'NONE', 'WORKASPACE' ) );
#2201 = ADVANCED_FACE ( 'NONE', ( #3514 ), #6746, .F. ) ;
#2202 =( NAMED_UNIT ( * ) PLANE_ANGLE_UNIT ( ) SI_UNIT ( $, .RADIAN. ) );
#2203 = PRESENTATION_STYLE_ASSIGNMENT (( #6225 ) ) ;
#2204 =( NAMED_UNIT ( * ) PLANE_ANGLE_UNIT ( ) SI_UNIT ( $, .RADIAN. ) );
#2205 = EDGE_CURVE ( 'NONE', #6925, #8912, #1043, .T. ) ;
#2206 = DIRECTION ( 'NONE',  ( 0.0000000000000000000, -1.000000000000000000, -3.469446951953614189E-16 ) ) ;
#2207 = SURFACE_STYLE_USAGE ( .BOTH. , #6754 ) ;
#2208 = ORIENTED_EDGE ( 'NONE', *, *, #4248, .F. ) ;
#2209 = FACE_OUTER_BOUND ( 'NONE', #5135, .T. ) ;
#2210 = FILL_AREA_STYLE ('',( #8503 ) ) ;
#2211 = COLOUR_RGB ( '',0.2509803921568627416, 0.2509803921568627416, 0.2509803921568627416 ) ;
#2212 = ORIENTED_EDGE ( 'NONE', *, *, #3032, .F. ) ;
#2213 = ORIENTED_EDGE ( 'NONE', *, *, #6080, .T. ) ;
#2214 = EDGE_CURVE ( 'NONE', #1325, #9390, #2072, .T. ) ;
#2215 = ORIENTED_EDGE ( 'NONE', *, *, #5988, .F. ) ;
#2216 = ORIENTED_EDGE ( 'NONE', *, *, #2542, .F. ) ;
#2217 = CARTESIAN_POINT ( 'NONE',  ( -1.749999999999999778, 1.649999999999999911, 1.699999999999999956 ) ) ;
#2218 = AXIS2_PLACEMENT_3D ( 'NONE', #4551, #118, #5730 ) ;
#2219 = EDGE_CURVE ( 'NONE', #4439, #5802, #1277, .T. ) ;
#2220 = SURFACE_STYLE_FILL_AREA ( #339 ) ;
#2221 = VECTOR ( 'NONE', #6467, 1000.000000000000000 ) ;
#2223 = CARTESIAN_POINT ( 'NONE',  ( -1.250000000000000222, 0.6499999999999989120, -0.9500000000000025091 ) ) ;
#2222 =( NAMED_UNIT ( * ) SI_UNIT ( $, .STERADIAN. ) SOLID_ANGLE_UNIT ( ) );
#2224 = VECTOR ( 'NONE', #3606, 1000.000000000000227 ) ;
#2225 = DIRECTION ( 'NONE',  ( -1.000000000000000000, 0.0000000000000000000, -1.301042606982613525E-14 ) ) ;
#2226 = DIRECTION ( 'NONE',  ( 0.0000000000000000000, -0.9265528178475215260, 0.3761646923075286364 ) ) ;
#2227 = DIRECTION ( 'NONE',  ( 1.000000000000000000, -0.0000000000000000000, 1.224646799147352961E-16 ) ) ;
#2228 = AXIS2_PLACEMENT_3D ( 'NONE', #8391, #7345, #8791 ) ;
#2229 = LINE ( 'NONE', #153, #6026 ) ;
#2230 = FACE_OUTER_BOUND ( 'NONE', #3297, .T. ) ;
#2231 = FACE_OUTER_BOUND ( 'NONE', #7335, .T. ) ;
#2232 = DIRECTION ( 'NONE',  ( -0.0000000000000000000, -0.0000000000000000000, -1.000000000000000000 ) ) ;
#2233 = FACE_OUTER_BOUND ( 'NONE', #1934, .T. ) ;
#2234 = DIRECTION ( 'NONE',  ( 0.0000000000000000000, 1.000000000000000000, 3.469446951953614189E-16 ) ) ;
#2235 = CARTESIAN_POINT ( 'NONE',  ( -2.799999999999999822, -0.8499999999999992006, 1.800000000000000044 ) ) ;
#2236 = ORIENTED_EDGE ( 'NONE', *, *, #9683, .T. ) ;
#2237 = LINE ( 'NONE', #3970, #6271 ) ;
#2238 = DIRECTION ( 'NONE',  ( 0.9284766908852577494, 0.3713906763541074407, 0.0000000000000000000 ) ) ;
#2239 = AXIS2_PLACEMENT_3D ( 'NONE', #5742, #652, #9672 ) ;
#2240 = PRESENTATION_STYLE_ASSIGNMENT (( #9739 ) ) ;
#2241 = AXIS2_PLACEMENT_3D ( 'NONE', #1737, #4511, #3740 ) ;
#2242 = DIRECTION ( 'NONE',  ( -1.224646799147352961E-16, 0.0000000000000000000, 1.000000000000000000 ) ) ;
#2243 = ADVANCED_FACE ( 'NONE', ( #8048 ), #9689, .T. ) ;
#2244 = COLOUR_RGB ( '',0.2509803921568627416, 0.2509803921568627416, 0.2509803921568627416 ) ;
#2245 = VECTOR ( 'NONE', #2707, 1000.000000000000000 ) ;
#2246 = FACE_OUTER_BOUND ( 'NONE', #8360, .T. ) ;
#2247 = CARTESIAN_POINT ( 'NONE',  ( -2.199999999999999734, -1.149999999999999911, -1.800000000000000711 ) ) ;
#2248 = VECTOR ( 'NONE', #1711, 1000.000000000000000 ) ;
#2249 = EDGE_CURVE ( 'NONE', #7558, #5624, #3242, .T. ) ;
#2250 = LINE ( 'NONE', #2650, #7835 ) ;
#2251 = MECHANICAL_DESIGN_GEOMETRIC_PRESENTATION_REPRESENTATION (  '', ( #782 ), #2781 ) ;
#2252 = FILL_AREA_STYLE ('',( #2319 ) ) ;
#2253 = ORIENTED_EDGE ( 'NONE', *, *, #80, .F. ) ;
#2254 = MECHANICAL_DESIGN_GEOMETRIC_PRESENTATION_REPRESENTATION (  '', ( #784 ), #2782 ) ;
#2255 = CARTESIAN_POINT ( 'NONE',  ( -4.250000000000036415, 3.649999999999998579, -0.9499999999999990674 ) ) ;
#2256 = FILL_AREA_STYLE ('',( #9073 ) ) ;
#2257 = EDGE_CURVE ( 'NONE', #7286, #2446, #1516, .T. ) ;
#2258 = VECTOR ( 'NONE', #2840, 1000.000000000000000 ) ;
#2259 = EDGE_LOOP ( 'NONE', ( #1384, #6929, #4828, #793 ) ) ;
#2260 = LINE ( 'NONE', #5772, #327 ) ;
#2261 = SURFACE_STYLE_USAGE ( .BOTH. , #6808 ) ;
#2262 = LINE ( 'NONE', #8824, #2041 ) ;
#2263 = LINE ( 'NONE', #2324, #3729 ) ;
#2264 = CARTESIAN_POINT ( 'NONE',  ( -3.749999999999996891, -1.549999999999999378, -4.646580739223586262E-15 ) ) ;
#2265 = PLANE ( 'NONE',  #8920 ) ;
#2266 = EDGE_CURVE ( 'NONE', #4094, #4355, #7440, .T. ) ;
#2267 = EDGE_CURVE ( 'NONE', #1354, #3268, #7276, .T. ) ;
#2268 = SURFACE_STYLE_FILL_AREA ( #8726 ) ;
#2269 = FACE_OUTER_BOUND ( 'NONE', #7306, .T. ) ;
#2270 = SURFACE_STYLE_USAGE ( .BOTH. , #7137 ) ;
#2271 = ORIENTED_EDGE ( 'NONE', *, *, #1251, .T. ) ;
#2272 = EDGE_CURVE ( 'NONE', #5409, #8893, #1875, .T. ) ;
#2273 = DIRECTION ( 'NONE',  ( -1.000000000000000000, 0.0000000000000000000, 0.0000000000000000000 ) ) ;
#2274 = CARTESIAN_POINT ( 'NONE',  ( -3.299999999999997602, 6.925848040166833641, 0.0000000000000000000 ) ) ;
#2275 = SURFACE_STYLE_USAGE ( .BOTH. , #7435 ) ;
#2276 = ORIENTED_EDGE ( 'NONE', *, *, #3731, .T. ) ;
#2277 = FILL_AREA_STYLE_COLOUR ( '', #3191 ) ;
#2278 = LINE ( 'NONE', #4718, #6901 ) ;
#2279 = STYLED_ITEM ( 'NONE', ( #8743 ), #444 ) ;
#2280 = CARTESIAN_POINT ( 'NONE',  ( -4.399999999999998579, 1.649999999999999911, 0.9500000000000031752 ) ) ;
#2282 =( NAMED_UNIT ( * ) SI_UNIT ( $, .STERADIAN. ) SOLID_ANGLE_UNIT ( ) );
#2281 = DIRECTION ( 'NONE',  ( -0.0000000000000000000, -0.0000000000000000000, 1.000000000000000000 ) ) ;
#2283 = CARTESIAN_POINT ( 'NONE',  ( -3.499999999999997780, -1.700000000000000178, 4.156516970968325672E-15 ) ) ;
#2284 = FILL_AREA_STYLE ('',( #1047 ) ) ;
#2285 = VECTOR ( 'NONE', #3209, 1000.000000000000000 ) ;
#2286 = VERTEX_POINT ( 'NONE', #3025 ) ;
#2287 = ORIENTED_EDGE ( 'NONE', *, *, #1777, .F. ) ;
#2288 = VERTEX_POINT ( 'NONE', #3801 ) ;
#2289 = ADVANCED_FACE ( 'NONE', ( #7422 ), #1027, .T. ) ;
#2290 = DIRECTION ( 'NONE',  ( -0.0000000000000000000, 1.000000000000000000, -0.0000000000000000000 ) ) ;
#2291 = ORIENTED_EDGE ( 'NONE', *, *, #6547, .T. ) ;
#2292 = ORIENTED_EDGE ( 'NONE', *, *, #8817, .F. ) ;
#2293 = VECTOR ( 'NONE', #1292, 1000.000000000000000 ) ;
#2294 = ORIENTED_EDGE ( 'NONE', *, *, #1504, .T. ) ;
#2295 = CARTESIAN_POINT ( 'NONE',  ( 2.200000000000000622, -1.149999999999999911, -1.800000000000000711 ) ) ;
#2296 = ORIENTED_EDGE ( 'NONE', *, *, #9183, .F. ) ;
#2297 = DIRECTION ( 'NONE',  ( 1.239088197126291655E-15, 0.0000000000000000000, -1.000000000000000000 ) ) ;
#2298 = VERTEX_POINT ( 'NONE', #6834 ) ;
#2299 = AXIS2_PLACEMENT_3D ( 'NONE', #2384, #3998, #6511 ) ;
#2300 = SURFACE_SIDE_STYLE ('',( #4348 ) ) ;
#2301 = ORIENTED_EDGE ( 'NONE', *, *, #3558, .F. ) ;
#2302 = LINE ( 'NONE', #5611, #2820 ) ;
#2303 = ORIENTED_EDGE ( 'NONE', *, *, #2081, .F. ) ;
#2304 = ORIENTED_EDGE ( 'NONE', *, *, #4970, .T. ) ;
#2305 = CARTESIAN_POINT ( 'NONE',  ( -3.199999999999997513, 1.750000000000000000, 1.800000000000000044 ) ) ;
#2306 = CARTESIAN_POINT ( 'NONE',  ( 4.250000000000000000, 0.6500000000000000222, -1.500000000000000444 ) ) ;
#2307 = VECTOR ( 'NONE', #3696, 1000.000000000000000 ) ;
#2308 = ORIENTED_EDGE ( 'NONE', *, *, #4447, .F. ) ;
#2309 = EDGE_CURVE ( 'NONE', #806, #7190, #5977, .T. ) ;
#2310 = DIRECTION ( 'NONE',  ( 0.0000000000000000000, 4.818676322157808222E-16, 1.000000000000000000 ) ) ;
#2311 = PRESENTATION_LAYER_ASSIGNMENT (  '', '', ( #1337 ) ) ;
#2312 = CARTESIAN_POINT ( 'NONE',  ( -4.280000000000000249, 0.6296890111571917803, 0.9500000000000027311 ) ) ;
#2313 = LINE ( 'NONE', #8428, #8491 ) ;
#2314 = EDGE_LOOP ( 'NONE', ( #7476, #4501, #6022, #527 ) ) ;
#2315 = ORIENTED_EDGE ( 'NONE', *, *, #6150, .T. ) ;
#2316 = ORIENTED_EDGE ( 'NONE', *, *, #1719, .T. ) ;
#2317 = AXIS2_PLACEMENT_3D ( 'NONE', #9699, #5061, #9295 ) ;
#2318 = PRESENTATION_STYLE_ASSIGNMENT (( #60 ) ) ;
#2319 = FILL_AREA_STYLE_COLOUR ( '', #4173 ) ;
#2320 = CARTESIAN_POINT ( 'NONE',  ( -4.369999999999999218, 0.7703109888428067986, -0.9500000000000023981 ) ) ;
#2321 =( NAMED_UNIT ( * ) PLANE_ANGLE_UNIT ( ) SI_UNIT ( $, .RADIAN. ) );
#2322 = CARTESIAN_POINT ( 'NONE',  ( -0.2999999999999999334, -4.749999999999999112, 1.499999999999999778 ) ) ;
#2324 = CARTESIAN_POINT ( 'NONE',  ( 4.499999999999999112, -1.700000000000000178, -0.2249999999999995615 ) ) ;
#2323 = AXIS2_PLACEMENT_3D ( 'NONE', #9433, #5682, #1166 ) ;
#2325 = VECTOR ( 'NONE', #4116, 1000.000000000000000 ) ;
#2326 = ORIENTED_EDGE ( 'NONE', *, *, #1702, .T. ) ;
#2327 = ORIENTED_EDGE ( 'NONE', *, *, #2960, .F. ) ;
#2328 = SURFACE_SIDE_STYLE ('',( #7816 ) ) ;
#2329 = EDGE_CURVE ( 'NONE', #5524, #6230, #6842, .T. ) ;
#2330 =( NAMED_UNIT ( * ) SI_UNIT ( $, .STERADIAN. ) SOLID_ANGLE_UNIT ( ) );
#2331 = ORIENTED_EDGE ( 'NONE', *, *, #5846, .T. ) ;
#2332 = ORIENTED_EDGE ( 'NONE', *, *, #5198, .F. ) ;
#2333 = EDGE_LOOP ( 'NONE', ( #6714, #3645, #5166, #4003, #5743, #1394, #897, #8890 ) ) ;
#2334 = CARTESIAN_POINT ( 'NONE',  ( 3.199999999999998401, 1.649999999999999911, 0.0000000000000000000 ) ) ;
#2335 = DIRECTION ( 'NONE',  ( -0.1218693434051548868, 0.9925461516413210949, 2.862838482383768514E-16 ) ) ;
#2336 = CARTESIAN_POINT ( 'NONE',  ( 1.750000000000000222, 1.649999999999999911, 1.699999999999999956 ) ) ;
#2337 = EDGE_CURVE ( 'NONE', #6699, #5452, #4216, .T. ) ;
#2338 = FILL_AREA_STYLE ('',( #8476 ) ) ;
#2339 = CARTESIAN_POINT ( 'NONE',  ( 2.799999999999999822, -1.149999999999999911, -1.499999999999999778 ) ) ;
#2340 = ORIENTED_EDGE ( 'NONE', *, *, #6968, .F. ) ;
#2341 = DIRECTION ( 'NONE',  ( 1.000000000000000000, 0.0000000000000000000, -6.195440985631461234E-16 ) ) ;
#2342 = ADVANCED_FACE ( 'NONE', ( #2553 ), #2428, .T. ) ;
#2343 = PRESENTATION_LAYER_ASSIGNMENT (  '', '', ( #1370 ) ) ;
#2344 = UNCERTAINTY_MEASURE_WITH_UNIT (LENGTH_MEASURE( 1.000000000000000082E-05 ), #2710, 'distance_accuracy_value', 'NONE');
#2345 = DIRECTION ( 'NONE',  ( 0.0000000000000000000, -1.000000000000000000, 0.0000000000000000000 ) ) ;
#2346 = PRESENTATION_STYLE_ASSIGNMENT (( #1289 ) ) ;
#2347 = SURFACE_STYLE_FILL_AREA ( #3341 ) ;
#2348 = CYLINDRICAL_SURFACE ( 'NONE', #739, 0.3000000000000007661 ) ;
#2349 =( NAMED_UNIT ( * ) SI_UNIT ( $, .STERADIAN. ) SOLID_ANGLE_UNIT ( ) );
#2350 = DIRECTION ( 'NONE',  ( -1.000000000000000000, 0.0000000000000000000, 0.0000000000000000000 ) ) ;
#2351 = DIRECTION ( 'NONE',  ( -1.000000000000000000, 0.0000000000000000000, 0.0000000000000000000 ) ) ;
#2352 = VECTOR ( 'NONE', #3103, 1000.000000000000000 ) ;
#2353 = DIRECTION ( 'NONE',  ( -0.9820064469806473184, 0.1888473936501247896, -1.430109668107681881E-16 ) ) ;
#2354 = SURFACE_STYLE_USAGE ( .BOTH. , #2114 ) ;
#2355 = VECTOR ( 'NONE', #331, 1000.000000000000000 ) ;
#2356 = DIRECTION ( 'NONE',  ( 0.0000000000000000000, 1.000000000000000000, 0.0000000000000000000 ) ) ;
#2357 = PRESENTATION_STYLE_ASSIGNMENT (( #8287 ) ) ;
#2358 = PRESENTATION_LAYER_ASSIGNMENT (  '', '', ( #1872 ) ) ;
#2359 = CARTESIAN_POINT ( 'NONE',  ( 3.749999999999996891, -1.549999999999999378, -4.646580739223586262E-15 ) ) ;
#2360 = CARTESIAN_POINT ( 'NONE',  ( -2.799999999999999822, -1.149999999999999911, -1.499999999999999778 ) ) ;
#2361 = FILL_AREA_STYLE ('',( #4633 ) ) ;
#2362 = FACE_OUTER_BOUND ( 'NONE', #6206, .T. ) ;
#2363 = PRESENTATION_STYLE_ASSIGNMENT (( #9759 ) ) ;
#2364 = VECTOR ( 'NONE', #2112, 1000.000000000000000 ) ;
#2365 = EDGE_CURVE ( 'NONE', #1248, #7890, #4708, .T. ) ;
#2366 = DIRECTION ( 'NONE',  ( -2.409338161078898194E-16, 0.0000000000000000000, -1.000000000000000000 ) ) ;
#2367 = VECTOR ( 'NONE', #8384, 1000.000000000000227 ) ;
#2368 = AXIS2_PLACEMENT_3D ( 'NONE', #2759, #514, #1927 ) ;
#2369 = LINE ( 'NONE', #999, #2622 ) ;
#2370 =( NAMED_UNIT ( * ) PLANE_ANGLE_UNIT ( ) SI_UNIT ( $, .RADIAN. ) );
#2371 = DIRECTION ( 'NONE',  ( -1.301042606982613367E-14, 0.0000000000000000000, -1.000000000000000000 ) ) ;
#2372 = DIRECTION ( 'NONE',  ( 1.000000000000000000, 0.0000000000000000000, -0.0000000000000000000 ) ) ;
#2373 = ORIENTED_EDGE ( 'NONE', *, *, #7075, .F. ) ;
#2374 = AXIS2_PLACEMENT_3D ( 'NONE', #5969, #5406, #3371 ) ;
#2375 = SURFACE_STYLE_FILL_AREA ( #5359 ) ;
#2376 =( LENGTH_UNIT ( ) NAMED_UNIT ( * ) SI_UNIT ( .MILLI., .METRE. ) );
#2377 = SURFACE_STYLE_FILL_AREA ( #6258 ) ;
#2378 = LINE ( 'NONE', #7761, #211 ) ;
#2379 = DIRECTION ( 'NONE',  ( -2.409338161078898194E-16, 0.0000000000000000000, -1.000000000000000000 ) ) ;
#2380 = AXIS2_PLACEMENT_3D ( 'NONE', #8298, #3781, #9051 ) ;
#2381 = DIRECTION ( 'NONE',  ( -1.000000000000000000, 0.0000000000000000000, -2.891205793294677044E-15 ) ) ;
#2382 = UNCERTAINTY_MEASURE_WITH_UNIT (LENGTH_MEASURE( 1.000000000000000082E-05 ), #2512, 'distance_accuracy_value', 'NONE');
#2383 = FACE_OUTER_BOUND ( 'NONE', #1433, .T. ) ;
#2384 = CARTESIAN_POINT ( 'NONE',  ( -4.499999999999998224, 1.750000000000000000, 1.800000000000000044 ) ) ;
#2385 = EDGE_CURVE ( 'NONE', #1007, #5524, #2816, .T. ) ;
#2386 = AXIS2_PLACEMENT_3D ( 'NONE', #259, #5489, #982 ) ;
#2387 = AXIS2_PLACEMENT_3D ( 'NONE', #4587, #9119, #6073 ) ;
#2388 = DIRECTION ( 'NONE',  ( -0.0000000000000000000, 1.000000000000000000, -0.0000000000000000000 ) ) ;
#2389 =( NAMED_UNIT ( * ) SI_UNIT ( $, .STERADIAN. ) SOLID_ANGLE_UNIT ( ) );
#2390 = DIRECTION ( 'NONE',  ( -0.9284766908852578604, -0.3713906763541075517, -5.234613515871784615E-15 ) ) ;
#2391 = ORIENTED_EDGE ( 'NONE', *, *, #2980, .T. ) ;
#2392 = EDGE_CURVE ( 'NONE', #8473, #3885, #7052, .T. ) ;
#2393 = DIRECTION ( 'NONE',  ( -1.445602896647335761E-15, -1.000000000000000000, 1.112002228190259226E-16 ) ) ;
#2394 = LINE ( 'NONE', #4240, #8554 ) ;
#2395 = ORIENTED_EDGE ( 'NONE', *, *, #429, .F. ) ;
#2396 = FILL_AREA_STYLE ('',( #8556 ) ) ;
#2397 = ADVANCED_FACE ( 'NONE', ( #6072 ), #8158, .F. ) ;
#2398 = DIRECTION ( 'NONE',  ( -0.0000000000000000000, 0.0000000000000000000, -1.000000000000000000 ) ) ;
#2399 = ORIENTED_EDGE ( 'NONE', *, *, #2917, .T. ) ;
#2400 = ORIENTED_EDGE ( 'NONE', *, *, #8809, .F. ) ;
#2401 = CARTESIAN_POINT ( 'NONE',  ( 1.750000000000000222, 1.649999999999999911, 1.800000000000000044 ) ) ;
#2402 = ORIENTED_EDGE ( 'NONE', *, *, #262, .T. ) ;
#2403 = CARTESIAN_POINT ( 'NONE',  ( 0.1749999999999993783, -4.649999999999998579, 3.800000000000001155 ) ) ;
#2404 = EDGE_CURVE ( 'NONE', #6314, #1594, #2435, .T. ) ;
#2405 = CARTESIAN_POINT ( 'NONE',  ( 3.071906155375593596E-16, 1.649999999999999911, 1.699999999999999067 ) ) ;
#2406 = ORIENTED_EDGE ( 'NONE', *, *, #3375, .F. ) ;
#2407 = VECTOR ( 'NONE', #8468, 1000.000000000000000 ) ;
#2408 = AXIS2_PLACEMENT_3D ( 'NONE', #6582, #7312, #3510 ) ;
#2409 = ORIENTED_EDGE ( 'NONE', *, *, #381, .T. ) ;
#2410 = EDGE_CURVE ( 'NONE', #3185, #6213, #1070, .T. ) ;
#2411 = ADVANCED_FACE ( 'NONE', ( #7765 ), #4883, .F. ) ;
#2412 = ORIENTED_EDGE ( 'NONE', *, *, #8500, .T. ) ;
#2413 = CARTESIAN_POINT ( 'NONE',  ( -3.199999999999997513, 1.750000000000000000, 0.0000000000000000000 ) ) ;
#2414 = ORIENTED_EDGE ( 'NONE', *, *, #1844, .T. ) ;
#2415 = CARTESIAN_POINT ( 'NONE',  ( 0.2999999999999999334, -0.8499999999999993117, -1.499999999999999556 ) ) ;
#2416 =( NAMED_UNIT ( * ) SI_UNIT ( $, .STERADIAN. ) SOLID_ANGLE_UNIT ( ) );
#2417 = ORIENTED_EDGE ( 'NONE', *, *, #2219, .F. ) ;
#2418 = PLANE ( 'NONE',  #4568 ) ;
#2419 = LINE ( 'NONE', #4291, #6198 ) ;
#2420 =( NAMED_UNIT ( * ) PLANE_ANGLE_UNIT ( ) SI_UNIT ( $, .RADIAN. ) );
#2421 =( GEOMETRIC_REPRESENTATION_CONTEXT ( 3 ) GLOBAL_UNCERTAINTY_ASSIGNED_CONTEXT ( ( #71 ) ) GLOBAL_UNIT_ASSIGNED_CONTEXT ( ( #218, #1489, #6863 ) ) REPRESENTATION_CONTEXT ( 'NONE', 'WORKASPACE' ) );
#2422 = ORIENTED_EDGE ( 'NONE', *, *, #5871, .T. ) ;
#2423 = EDGE_LOOP ( 'NONE', ( #7532, #9253, #2582, #8717 ) ) ;
#2424 = PLANE ( 'NONE',  #5361 ) ;
#2425 = EDGE_CURVE ( 'NONE', #7924, #4528, #2784, .T. ) ;
#2426 = ORIENTED_EDGE ( 'NONE', *, *, #4316, .F. ) ;
#2427 = CARTESIAN_POINT ( 'NONE',  ( -2.200000000000000178, -1.149999999999999911, 1.499999999999999334 ) ) ;
#2428 = PLANE ( 'NONE',  #5581 ) ;
#2429 = DIRECTION ( 'NONE',  ( -1.000000000000000000, -0.0000000000000000000, -0.0000000000000000000 ) ) ;
#2430 = CARTESIAN_POINT ( 'NONE',  ( -4.250000000000036415, 1.649999999999999911, -0.9499999999999990674 ) ) ;
#2431 = ORIENTED_EDGE ( 'NONE', *, *, #5241, .T. ) ;
#2432 = LINE ( 'NONE', #3183, #8475 ) ;
#2433 = CARTESIAN_POINT ( 'NONE',  ( 4.150000000000000355, 0.6296890111571917803, -0.9500000000000025091 ) ) ;
#2434 = AXIS2_PLACEMENT_3D ( 'NONE', #7778, #288, #6319 ) ;
#2435 = LINE ( 'NONE', #1764, #6936 ) ;
#2436 = FILL_AREA_STYLE ('',( #9223 ) ) ;
#2437 = VERTEX_POINT ( 'NONE', #5823 ) ;
#2438 = SURFACE_SIDE_STYLE ('',( #2477 ) ) ;
#2439 = VECTOR ( 'NONE', #6861, 1000.000000000000000 ) ;
#2440 = CARTESIAN_POINT ( 'NONE',  ( 2.199999999999999734, -1.149999999999999911, 1.800000000000000266 ) ) ;
#2441 = MECHANICAL_DESIGN_GEOMETRIC_PRESENTATION_REPRESENTATION (  '', ( #1443 ), #2953 ) ;
#2442 = ORIENTED_EDGE ( 'NONE', *, *, #7779, .T. ) ;
#2443 = DIRECTION ( 'NONE',  ( 1.224646799147352961E-16, -1.204669080539449344E-16, -1.000000000000000000 ) ) ;
#2444 = MECHANICAL_DESIGN_GEOMETRIC_PRESENTATION_REPRESENTATION (  '', ( #1447 ), #2958 ) ;
#2445 = DIRECTION ( 'NONE',  ( 0.0000000000000000000, 0.0000000000000000000, -1.000000000000000000 ) ) ;
#2446 = VERTEX_POINT ( 'NONE', #4744 ) ;
#2447 = ORIENTED_EDGE ( 'NONE', *, *, #391, .F. ) ;
#2448 = DIRECTION ( 'NONE',  ( 0.0000000000000000000, 0.0000000000000000000, 1.000000000000000000 ) ) ;
#2449 = VERTEX_POINT ( 'NONE', #6636 ) ;
#2450 = EDGE_CURVE ( 'NONE', #8459, #960, #1858, .T. ) ;
#2451 = DIRECTION ( 'NONE',  ( 0.0000000000000000000, 0.0000000000000000000, 1.000000000000000000 ) ) ;
#2452 = ADVANCED_FACE ( 'NONE', ( #8472 ), #7895, .T. ) ;
#2453 = LINE ( 'NONE', #6333, #4491 ) ;
#2454 = VECTOR ( 'NONE', #8964, 1000.000000000000000 ) ;
#2455 = CARTESIAN_POINT ( 'NONE',  ( -3.199999999999997957, 1.649999999999999911, -1.800000000000000933 ) ) ;
#2456 = DIRECTION ( 'NONE',  ( -1.000000000000000000, 0.0000000000000000000, 0.0000000000000000000 ) ) ;
#2457 = EDGE_LOOP ( 'NONE', ( #6885, #8156, #4470, #4938 ) ) ;
#2458 = ORIENTED_EDGE ( 'NONE', *, *, #5683, .F. ) ;
#2459 = ORIENTED_EDGE ( 'NONE', *, *, #3310, .T. ) ;
#2460 = FILL_AREA_STYLE ('',( #3961 ) ) ;
#2461 = PRODUCT_DEFINITION ( 'UNKNOWN', '', #2971, #6701 ) ;
#2462 = COLOUR_RGB ( '',0.2509803921568627416, 0.2509803921568627416, 0.2509803921568627416 ) ;
#2463 = ADVANCED_FACE ( 'NONE', ( #3610 ), #3659, .F. ) ;
#2464 = VECTOR ( 'NONE', #1862, 1000.000000000000000 ) ;
#2465 = ORIENTED_EDGE ( 'NONE', *, *, #246, .F. ) ;
#2466 = DIRECTION ( 'NONE',  ( -1.000000000000000000, -0.0000000000000000000, -0.0000000000000000000 ) ) ;
#2467 = FILL_AREA_STYLE ('',( #3237 ) ) ;
#2468 = EDGE_CURVE ( 'NONE', #6692, #9031, #2302, .T. ) ;
#2469 = CIRCLE ( 'NONE', #5137, 0.02999999999999997113 ) ;
#2470 = EDGE_CURVE ( 'NONE', #7166, #1700, #1967, .T. ) ;
#2471 = CARTESIAN_POINT ( 'NONE',  ( 3.499999999999997780, 6.925848040166833641, 0.2249999999999998668 ) ) ;
#2472 = DIRECTION ( 'NONE',  ( 1.000000000000000000, 0.0000000000000000000, -1.807003620809173892E-16 ) ) ;
#2473 = UNCERTAINTY_MEASURE_WITH_UNIT (LENGTH_MEASURE( 1.000000000000000082E-05 ), #3231, 'distance_accuracy_value', 'NONE');
#2474 = CARTESIAN_POINT ( 'NONE',  ( -3.399999999999998135, -1.549999999999999378, 0.0000000000000000000 ) ) ;
#2475 = VECTOR ( 'NONE', #1159, 1000.000000000000000 ) ;
#2476 = PLANE ( 'NONE',  #9339 ) ;
#2477 = SURFACE_STYLE_FILL_AREA ( #6976 ) ;
#2478 = FACE_OUTER_BOUND ( 'NONE', #2182, .T. ) ;
#2479 = ORIENTED_EDGE ( 'NONE', *, *, #6104, .T. ) ;
#2480 = CARTESIAN_POINT ( 'NONE',  ( 4.499999999999999112, -0.3500000000000004774, -0.6502286246418800264 ) ) ;
#2481 = CARTESIAN_POINT ( 'NONE',  ( -2.324999999999999734, -0.8499999999999992006, -1.499999999999999778 ) ) ;
#2482 = DIRECTION ( 'NONE',  ( -1.807003620809169455E-16, 0.0000000000000000000, 1.000000000000000000 ) ) ;
#2483 = FILL_AREA_STYLE_COLOUR ( '', #2030 ) ;
#2484 = LINE ( 'NONE', #3624, #768 ) ;
#2485 = CARTESIAN_POINT ( 'NONE',  ( -7.124757133476189885E-16, 6.925848040166833641, -1.150000000000003020 ) ) ;
#2486 =( NAMED_UNIT ( * ) PLANE_ANGLE_UNIT ( ) SI_UNIT ( $, .RADIAN. ) );
#2487 = ORIENTED_EDGE ( 'NONE', *, *, #4628, .T. ) ;
#2488 = CYLINDRICAL_SURFACE ( 'NONE', #9125, 0.02999999999999964501 ) ;
#2489 = DIRECTION ( 'NONE',  ( -0.0000000000000000000, -1.000000000000000000, -0.0000000000000000000 ) ) ;
#2490 =( NAMED_UNIT ( * ) SI_UNIT ( $, .STERADIAN. ) SOLID_ANGLE_UNIT ( ) );
#2491 = LINE ( 'NONE', #8737, #8076 ) ;
#2492 = SURFACE_STYLE_FILL_AREA ( #2338 ) ;
#2493 = CARTESIAN_POINT ( 'NONE',  ( 4.499999999999999112, 1.750000000000000000, -0.9500000000000020650 ) ) ;
#2494 = ADVANCED_FACE ( 'NONE', ( #5784 ), #4923, .F. ) ;
#2495 = VERTEX_POINT ( 'NONE', #8094 ) ;
#2496 = CARTESIAN_POINT ( 'NONE',  ( -3.299999999999997158, -1.699999999999999956, 0.2249999999999994504 ) ) ;
#2497 =( GEOMETRIC_REPRESENTATION_CONTEXT ( 3 ) GLOBAL_UNCERTAINTY_ASSIGNED_CONTEXT ( ( #9270 ) ) GLOBAL_UNIT_ASSIGNED_CONTEXT ( ( #3957, #1664, #4721 ) ) REPRESENTATION_CONTEXT ( 'NONE', 'WORKASPACE' ) );
#2498 = FILL_AREA_STYLE ('',( #1746 ) ) ;
#2499 = VECTOR ( 'NONE', #6037, 1000.000000000000000 ) ;
#2500 = PRESENTATION_STYLE_ASSIGNMENT (( #2920 ) ) ;
#2501 = EDGE_CURVE ( 'NONE', #2726, #8225, #6132, .T. ) ;
#2502 = FACE_OUTER_BOUND ( 'NONE', #913, .T. ) ;
#2503 = DIRECTION ( 'NONE',  ( 1.000000000000000000, -0.0000000000000000000, 0.0000000000000000000 ) ) ;
#2504 =( GEOMETRIC_REPRESENTATION_CONTEXT ( 3 ) GLOBAL_UNCERTAINTY_ASSIGNED_CONTEXT ( ( #7668 ) ) GLOBAL_UNIT_ASSIGNED_CONTEXT ( ( #8030, #3491, #8783 ) ) REPRESENTATION_CONTEXT ( 'NONE', 'WORKASPACE' ) );
#2505 = ORIENTED_EDGE ( 'NONE', *, *, #6621, .T. ) ;
#2506 = ADVANCED_FACE ( 'NONE', ( #7802 ), #5653, .F. ) ;
#2507 = CARTESIAN_POINT ( 'NONE',  ( 4.399999999999998579, 1.649999999999999911, -0.9500000000000022871 ) ) ;
#2508 =( LENGTH_UNIT ( ) NAMED_UNIT ( * ) SI_UNIT ( .MILLI., .METRE. ) );
#2509 = PRESENTATION_LAYER_ASSIGNMENT (  '', '', ( #1510 ) ) ;
#2510 = SURFACE_STYLE_USAGE ( .BOTH. , #1756 ) ;
#2511 = DIRECTION ( 'NONE',  ( -0.0000000000000000000, -0.0000000000000000000, 1.000000000000000000 ) ) ;
#2512 =( LENGTH_UNIT ( ) NAMED_UNIT ( * ) SI_UNIT ( .MILLI., .METRE. ) );
#2513 = VECTOR ( 'NONE', #4918, 1000.000000000000000 ) ;
#2514 = LINE ( 'NONE', #5706, #6561 ) ;
#2515 = CARTESIAN_POINT ( 'NONE',  ( -4.399999999999998579, 1.750000000000000000, 0.9500000000000031752 ) ) ;
#2516 = CARTESIAN_POINT ( 'NONE',  ( -2.800000000000000266, -1.149999999999999911, -1.499999999999999556 ) ) ;
#2517 = MECHANICAL_DESIGN_GEOMETRIC_PRESENTATION_REPRESENTATION (  '', ( #1034 ), #3027 ) ;
#2518 = CARTESIAN_POINT ( 'NONE',  ( -3.199999999999997957, 1.750000000000000000, -1.699999999999997513 ) ) ;
#2519 = ORIENTED_EDGE ( 'NONE', *, *, #7460, .T. ) ;
#2520 = CARTESIAN_POINT ( 'NONE',  ( -2.200000000000000178, -0.8499999999999992006, -0.8291796067500623035 ) ) ;
#2521 = EDGE_CURVE ( 'NONE', #9249, #2922, #7199, .T. ) ;
#2522 = STYLED_ITEM ( 'NONE', ( #2203 ), #2342 ) ;
#2523 = CARTESIAN_POINT ( 'NONE',  ( -2.799999999999999822, -4.000000000000000000, -1.499999999999999334 ) ) ;
#2524 = ORIENTED_EDGE ( 'NONE', *, *, #4757, .T. ) ;
#2525 = DIRECTION ( 'NONE',  ( 0.0000000000000000000, 0.0000000000000000000, 1.000000000000000000 ) ) ;
#2526 = VECTOR ( 'NONE', #7685, 1000.000000000000000 ) ;
#2527 = ORIENTED_EDGE ( 'NONE', *, *, #7734, .T. ) ;
#2528 = ORIENTED_EDGE ( 'NONE', *, *, #6415, .T. ) ;
#2529 = EDGE_CURVE ( 'NONE', #4363, #9012, #1185, .T. ) ;
#2530 = CARTESIAN_POINT ( 'NONE',  ( 4.389493895187377426, 1.750000000000000000, 0.0000000000000000000 ) ) ;
#2531 =( NAMED_UNIT ( * ) SI_UNIT ( $, .STERADIAN. ) SOLID_ANGLE_UNIT ( ) );
#2532 = DIRECTION ( 'NONE',  ( 0.0000000000000000000, -1.000000000000000000, 2.891205793294678326E-16 ) ) ;
#2533 = ORIENTED_EDGE ( 'NONE', *, *, #1979, .T. ) ;
#2534 = VERTEX_POINT ( 'NONE', #6472 ) ;
#2535 = CARTESIAN_POINT ( 'NONE',  ( -4.250000000000000000, -2.168404344971008868E-16, 1.500000000000000000 ) ) ;
#2536 = EDGE_CURVE ( 'NONE', #5054, #8117, #596, .T. ) ;
#2537 = ORIENTED_EDGE ( 'NONE', *, *, #4352, .F. ) ;
#2538 = CARTESIAN_POINT ( 'NONE',  ( 3.199999999999998401, 1.649999999999999911, 1.699999999999998845 ) ) ;
#2539 = DIRECTION ( 'NONE',  ( -1.000000000000000000, 0.0000000000000000000, -6.195440985631461234E-16 ) ) ;
#2540 =( GEOMETRIC_REPRESENTATION_CONTEXT ( 3 ) GLOBAL_UNCERTAINTY_ASSIGNED_CONTEXT ( ( #7225 ) ) GLOBAL_UNIT_ASSIGNED_CONTEXT ( ( #4998, #2420, #4230 ) ) REPRESENTATION_CONTEXT ( 'NONE', 'WORKASPACE' ) );
#2541 = ORIENTED_EDGE ( 'NONE', *, *, #1584, .T. ) ;
#2542 = EDGE_CURVE ( 'NONE', #6906, #5493, #4573, .T. ) ;
#2543 = LINE ( 'NONE', #7143, #8348 ) ;
#2544 = VERTEX_POINT ( 'NONE', #6251 ) ;
#2545 = DIRECTION ( 'NONE',  ( 0.0000000000000000000, 0.0000000000000000000, -1.000000000000000000 ) ) ;
#2546 = PRESENTATION_STYLE_ASSIGNMENT (( #2270 ) ) ;
#2547 = DIRECTION ( 'NONE',  ( 0.0000000000000000000, 0.0000000000000000000, 1.000000000000000000 ) ) ;
#2548 = PLANE ( 'NONE',  #294 ) ;
#2549 = VECTOR ( 'NONE', #2101, 1000.000000000000000 ) ;
#2550 = ORIENTED_EDGE ( 'NONE', *, *, #3307, .F. ) ;
#2551 = ADVANCED_FACE ( 'NONE', ( #7562 ), #370, .F. ) ;
#2552 = PLANE ( 'NONE',  #4249 ) ;
#2553 = FACE_OUTER_BOUND ( 'NONE', #41, .T. ) ;
#2554 = CLOSED_SHELL ( 'NONE', ( #9357, #9251, #1523, #3804, #4845, #3855, #8775, #9459, #965, #2999, #5989, #7287, #7832, #3256, #2119, #8134, #8680, #5437, #8570, #2066, #6388, #7114, #5207, #7726, #8626, #3309, #5340, #8916, #3415, #5664, #4047, #6972, #769, #8820, #1805, #7617, #813, #5484, #1657, #7477, #1259, #1056, #2506, #4223, #4005, #9665, #8523, #444, #8869, #2411, #3367, #5814, #4100, #1429, #6342, #3099, #1759, #7027, #3054, #8732, #4742, #7381, #7183, #6598, #5242, #4111, #8614, #346, #2719, #2494, #7566, #2452, #4709, #51, #4321, #2, #2342, #4277, #4805, #3466, #5905, #1721, #6215, #8474, #2607, #9205, #5079, #384, #4464, #2562, #9140, #8038, #5495, #3953, #2823, #2599, #7526, #7125, #6923, #2766, #7871, #8223, #3315, #154, #1977, #8557, #679, #4016, #6822, #2668, #6983, #4168, #3573, #3354, #7884, #3521, #2551, #4063, #9514, #6269 ) ) ;
#2555 = STYLED_ITEM ( 'NONE', ( #4299 ), #1259 ) ;
#2556 = PLANE ( 'NONE',  #8654 ) ;
#2557 = ORIENTED_EDGE ( 'NONE', *, *, #4897, .T. ) ;
#2558 = ORIENTED_EDGE ( 'NONE', *, *, #8986, .F. ) ;
#2559 = LINE ( 'NONE', #2620, #3868 ) ;
#2560 = EDGE_LOOP ( 'NONE', ( #152, #9649, #4011, #8331, #6160, #2459, #7543, #2698, #3149, #1150, #2303, #5060 ) ) ;
#2561 = CARTESIAN_POINT ( 'NONE',  ( -2.675000000000000266, -4.749999999999999112, 3.800000000000001155 ) ) ;
#2562 = ADVANCED_FACE ( 'NONE', ( #9586 ), #1327, .F. ) ;
#2563 = ORIENTED_EDGE ( 'NONE', *, *, #5942, .F. ) ;
#2564 = SURFACE_SIDE_STYLE ('',( #7938 ) ) ;
#2565 = ORIENTED_EDGE ( 'NONE', *, *, #6259, .F. ) ;
#2566 = FILL_AREA_STYLE ('',( #450 ) ) ;
#2567 = EDGE_CURVE ( 'NONE', #4095, #9657, #3072, .T. ) ;
#2568 = AXIS2_PLACEMENT_3D ( 'NONE', #4087, #7930, #5070 ) ;
#2569 = DIRECTION ( 'NONE',  ( 0.0000000000000000000, 0.0000000000000000000, -1.000000000000000000 ) ) ;
#2570 = ORIENTED_EDGE ( 'NONE', *, *, #6279, .F. ) ;
#2571 = ORIENTED_EDGE ( 'NONE', *, *, #6660, .T. ) ;
#2572 = STYLED_ITEM ( 'NONE', ( #3758 ), #4805 ) ;
#2573 = DIRECTION ( 'NONE',  ( 0.0000000000000000000, 0.0000000000000000000, 1.000000000000000000 ) ) ;
#2574 = AXIS2_PLACEMENT_3D ( 'NONE', #8088, #3556, #8842 ) ;
#2575 = CARTESIAN_POINT ( 'NONE',  ( 4.150000000000000355, 0.6499999999999976907, 0.9500000000000016209 ) ) ;
#2576 = FILL_AREA_STYLE ('',( #5642 ) ) ;
#2577 = VERTEX_POINT ( 'NONE', #4817 ) ;
#2578 = EDGE_LOOP ( 'NONE', ( #1146, #7327, #6798, #7926 ) ) ;
#2579 = EDGE_CURVE ( 'NONE', #6814, #733, #1326, .T. ) ;
#2580 =( NAMED_UNIT ( * ) SI_UNIT ( $, .STERADIAN. ) SOLID_ANGLE_UNIT ( ) );
#2581 = CARTESIAN_POINT ( 'NONE',  ( 4.150000000000000355, -0.3500000000000006439, -1.500000000000000000 ) ) ;
#2582 = ORIENTED_EDGE ( 'NONE', *, *, #4871, .F. ) ;
#2584 = MECHANICAL_DESIGN_GEOMETRIC_PRESENTATION_REPRESENTATION (  '', ( #1570 ), #3093 ) ;
#2583 =( NAMED_UNIT ( * ) PLANE_ANGLE_UNIT ( ) SI_UNIT ( $, .RADIAN. ) );
#2585 = ORIENTED_EDGE ( 'NONE', *, *, #754, .F. ) ;
#2586 =( NAMED_UNIT ( * ) PLANE_ANGLE_UNIT ( ) SI_UNIT ( $, .RADIAN. ) );
#2587 = SURFACE_SIDE_STYLE ('',( #3604 ) ) ;
#2588 = PLANE ( 'NONE',  #9158 ) ;
#2589 = DIRECTION ( 'NONE',  ( -1.000000000000000000, 0.0000000000000000000, 0.0000000000000000000 ) ) ;
#2590 = EDGE_CURVE ( 'NONE', #5237, #5273, #5436, .T. ) ;
#2591 = LINE ( 'NONE', #5499, #6382 ) ;
#2592 = DIRECTION ( 'NONE',  ( 0.0000000000000000000, -0.0000000000000000000, 1.000000000000000000 ) ) ;
#2593 = LINE ( 'NONE', #3525, #6638 ) ;
#2594 = CARTESIAN_POINT ( 'NONE',  ( 4.150000000000000355, 0.6499999999999989120, -1.500000000000000000 ) ) ;
#2595 = LINE ( 'NONE', #2535, #6640 ) ;
#2596 = LINE ( 'NONE', #4239, #6641 ) ;
#2597 = EDGE_CURVE ( 'NONE', #3531, #172, #6635, .T. ) ;
#2598 = CARTESIAN_POINT ( 'NONE',  ( 4.399999999999998579, 1.649999999999999911, -1.700000000000001288 ) ) ;
#2599 = ADVANCED_FACE ( 'NONE', ( #8169 ), #7234, .T. ) ;
#2600 = AXIS2_PLACEMENT_3D ( 'NONE', #8628, #3370, #5621 ) ;
#2601 = EDGE_CURVE ( 'NONE', #6088, #7245, #8625, .T. ) ;
#2602 = UNCERTAINTY_MEASURE_WITH_UNIT (LENGTH_MEASURE( 1.000000000000000082E-05 ), #5365, 'distance_accuracy_value', 'NONE');
#2603 = DIRECTION ( 'NONE',  ( -0.0000000000000000000, -1.000000000000000000, -0.0000000000000000000 ) ) ;
#2604 = ORIENTED_EDGE ( 'NONE', *, *, #981, .T. ) ;
#2605 = SURFACE_STYLE_FILL_AREA ( #8658 ) ;
#2606 = SURFACE_STYLE_FILL_AREA ( #2467 ) ;
#2607 = ADVANCED_FACE ( 'NONE', ( #3055 ), #6289, .T. ) ;
#2608 = CARTESIAN_POINT ( 'NONE',  ( 4.399999999999998579, 1.750000000000000000, -0.9500000000000022871 ) ) ;
#2609 = CARTESIAN_POINT ( 'NONE',  ( 0.0000000000000000000, -1.750000000000000000, 0.0000000000000000000 ) ) ;
#2610 = AXIS2_PLACEMENT_3D ( 'NONE', #2561, #2227, #2105 ) ;
#2611 =( LENGTH_UNIT ( ) NAMED_UNIT ( * ) SI_UNIT ( .MILLI., .METRE. ) );
#2612 = LINE ( 'NONE', #9532, #4634 ) ;
#2613 = CARTESIAN_POINT ( 'NONE',  ( 3.199999999999997957, 1.649999999999999911, -1.699999999999998401 ) ) ;
#2614 = EDGE_CURVE ( 'NONE', #2994, #8925, #5852, .T. ) ;
#2615 = DIRECTION ( 'NONE',  ( 1.224646799147352961E-16, -1.204669080539449837E-16, -1.000000000000000000 ) ) ;
#2616 = DIRECTION ( 'NONE',  ( 0.0000000000000000000, 0.0000000000000000000, 1.000000000000000000 ) ) ;
#2617 = VECTOR ( 'NONE', #7894, 1000.000000000000000 ) ;
#2618 = DIRECTION ( 'NONE',  ( -0.0000000000000000000, 3.469446951953614189E-16, -1.000000000000000000 ) ) ;
#2619 =( LENGTH_UNIT ( ) NAMED_UNIT ( * ) SI_UNIT ( .MILLI., .METRE. ) );
#2620 = CARTESIAN_POINT ( 'NONE',  ( -2.200000000000000622, -1.149999999999999911, 1.800000000000000266 ) ) ;
#2621 =( NAMED_UNIT ( * ) PLANE_ANGLE_UNIT ( ) SI_UNIT ( $, .RADIAN. ) );
#2622 = VECTOR ( 'NONE', #1634, 1000.000000000000000 ) ;
#2623 = VERTEX_POINT ( 'NONE', #8553 ) ;
#2624 = DIRECTION ( 'NONE',  ( -0.0000000000000000000, -0.0000000000000000000, 1.000000000000000000 ) ) ;
#2625 = VECTOR ( 'NONE', #8335, 1000.000000000000000 ) ;
#2626 = COLOUR_RGB ( '',0.7921568627450980005, 0.8196078431372548767, 0.9333333333333333481 ) ;
#2627 = COLOUR_RGB ( '',0.2509803921568627416, 0.2509803921568627416, 0.2509803921568627416 ) ;
#2628 = VERTEX_POINT ( 'NONE', #4827 ) ;
#2629 = CIRCLE ( 'NONE', #7494, 0.02999999999999997113 ) ;
#2630 = AXIS2_PLACEMENT_3D ( 'NONE', #5712, #2545, #5602 ) ;
#2631 = DIRECTION ( 'NONE',  ( 1.445602896647335761E-15, 1.000000000000000000, 0.0000000000000000000 ) ) ;
#2632 = VECTOR ( 'NONE', #4887, 1000.000000000000000 ) ;
#2633 = CARTESIAN_POINT ( 'NONE',  ( -4.250000000000000000, 0.6499999999999989120, 1.500000000000000000 ) ) ;
#2634 = MECHANICAL_DESIGN_GEOMETRIC_PRESENTATION_REPRESENTATION (  '', ( #1144 ), #3146 ) ;
#2635 = VECTOR ( 'NONE', #2019, 1000.000000000000000 ) ;
#2636 = ORIENTED_EDGE ( 'NONE', *, *, #7676, .T. ) ;
#2637 = VECTOR ( 'NONE', #2818, 1000.000000000000000 ) ;
#2638 = CARTESIAN_POINT ( 'NONE',  ( 2.199999999999999734, -1.149999999999999911, -1.800000000000001155 ) ) ;
#2639 = ORIENTED_EDGE ( 'NONE', *, *, #7605, .F. ) ;
#2640 = EDGE_CURVE ( 'NONE', #5644, #875, #4945, .T. ) ;
#2641 = CARTESIAN_POINT ( 'NONE',  ( -3.993478001988251262E-15, 1.750000000000000000, -1.699999999999990852 ) ) ;
#2642 = SURFACE_STYLE_FILL_AREA ( #7049 ) ;
#2643 = STYLED_ITEM ( 'NONE', ( #540 ), #7526 ) ;
#2644 = ORIENTED_EDGE ( 'NONE', *, *, #8697, .T. ) ;
#2645 = EDGE_LOOP ( 'NONE', ( #5488, #5285, #914, #5965 ) ) ;
#2646 = ORIENTED_EDGE ( 'NONE', *, *, #7535, .T. ) ;
#2647 = PRESENTATION_LAYER_ASSIGNMENT (  '', '', ( #1635 ) ) ;
#2648 = CARTESIAN_POINT ( 'NONE',  ( -4.499999999999998224, 0.6499999999999989120, -3.617278184538625041 ) ) ;
#2649 = PLANE ( 'NONE',  #5025 ) ;
#2650 = CARTESIAN_POINT ( 'NONE',  ( 2.200000000000000178, -0.8499999999999992006, -0.8291796067500623035 ) ) ;
#2651 = ORIENTED_EDGE ( 'NONE', *, *, #8500, .F. ) ;
#2652 = ORIENTED_EDGE ( 'NONE', *, *, #6736, .F. ) ;
#2653 = LINE ( 'NONE', #5819, #4440 ) ;
#2654 =( NAMED_UNIT ( * ) SI_UNIT ( $, .STERADIAN. ) SOLID_ANGLE_UNIT ( ) );
#2655 = AXIS2_PLACEMENT_3D ( 'NONE', #7385, #8154, #3621 ) ;
#2656 = EDGE_LOOP ( 'NONE', ( #7405, #4560, #6694, #1518 ) ) ;
#2657 = DIRECTION ( 'NONE',  ( -1.000000000000000000, 0.0000000000000000000, -1.224646799147352961E-16 ) ) ;
#2658 = DIRECTION ( 'NONE',  ( 0.0000000000000000000, 0.0000000000000000000, -1.000000000000000000 ) ) ;
#2659 = CARTESIAN_POINT ( 'NONE',  ( -0.2999999999999999334, -0.8499999999999992006, 1.499999999999999334 ) ) ;
#2660 = VERTEX_POINT ( 'NONE', #2516 ) ;
#2661 = ORIENTED_EDGE ( 'NONE', *, *, #8165, .F. ) ;
#2662 = ORIENTED_EDGE ( 'NONE', *, *, #6415, .F. ) ;
#2663 = STYLED_ITEM ( 'NONE', ( #4015 ), #2562 ) ;
#2664 = ORIENTED_EDGE ( 'NONE', *, *, #4284, .T. ) ;
#2665 = DIRECTION ( 'NONE',  ( -0.0000000000000000000, -0.0000000000000000000, -1.000000000000000000 ) ) ;
#2666 = UNCERTAINTY_MEASURE_WITH_UNIT (LENGTH_MEASURE( 1.000000000000000082E-05 ), #2735, 'distance_accuracy_value', 'NONE');
#2667 = ORIENTED_EDGE ( 'NONE', *, *, #9057, .F. ) ;
#2668 = ADVANCED_FACE ( 'NONE', ( #6669 ), #7167, .F. ) ;
#2669 = ORIENTED_EDGE ( 'NONE', *, *, #1406, .F. ) ;
#2670 = LINE ( 'NONE', #2779, #7628 ) ;
#2671 = EDGE_CURVE ( 'NONE', #5674, #374, #3507, .T. ) ;
#2672 = PLANE ( 'NONE',  #2408 ) ;
#2673 = LINE ( 'NONE', #449, #921 ) ;
#2674 = ORIENTED_EDGE ( 'NONE', *, *, #3824, .T. ) ;
#2675 = ORIENTED_EDGE ( 'NONE', *, *, #73, .F. ) ;
#2676 = ORIENTED_EDGE ( 'NONE', *, *, #7870, .F. ) ;
#2677 = CARTESIAN_POINT ( 'NONE',  ( -1.250000000000000222, 0.6499999999999989120, 0.9500000000000016209 ) ) ;
#2678 = CARTESIAN_POINT ( 'NONE',  ( -1.749999999999999778, 0.6499999999999998002, 1.699999999999999956 ) ) ;
#2679 = EDGE_LOOP ( 'NONE', ( #2149, #459, #2083, #5867 ) ) ;
#2680 = FILL_AREA_STYLE_COLOUR ( '', #2626 ) ;
#2681 = ORIENTED_EDGE ( 'NONE', *, *, #8865, .F. ) ;
#2682 = MECHANICAL_DESIGN_GEOMETRIC_PRESENTATION_REPRESENTATION (  '', ( #1188 ), #3184 ) ;
#2683 = PLANE ( 'NONE',  #4932 ) ;
#2684 =( NAMED_UNIT ( * ) SI_UNIT ( $, .STERADIAN. ) SOLID_ANGLE_UNIT ( ) );
#2685 = MECHANICAL_DESIGN_GEOMETRIC_PRESENTATION_REPRESENTATION (  '', ( #1659 ), #3187 ) ;
#2686 = ORIENTED_EDGE ( 'NONE', *, *, #5103, .T. ) ;
#2687 = DIRECTION ( 'NONE',  ( -1.000000000000000000, 0.0000000000000000000, -0.0000000000000000000 ) ) ;
#2688 = EDGE_LOOP ( 'NONE', ( #6898, #4212, #2301, #9047 ) ) ;
#2689 = ORIENTED_EDGE ( 'NONE', *, *, #2722, .T. ) ;
#2690 = CARTESIAN_POINT ( 'NONE',  ( -1.749999999999999778, 1.649999999999999911, 1.699999999999999956 ) ) ;
#2691 = LINE ( 'NONE', #308, #2439 ) ;
#2692 =( LENGTH_UNIT ( ) NAMED_UNIT ( * ) SI_UNIT ( .MILLI., .METRE. ) );
#2693 = DIRECTION ( 'NONE',  ( 1.224646799147352961E-16, -1.204669080539449344E-16, -1.000000000000000000 ) ) ;
#2694 = CARTESIAN_POINT ( 'NONE',  ( 4.499999999999999112, -1.700000000000000178, -0.2249999999999995615 ) ) ;
#2695 = CARTESIAN_POINT ( 'NONE',  ( -2.200000000000000178, -0.8499999999999992006, -1.499999999999999778 ) ) ;
#2696 = UNCERTAINTY_MEASURE_WITH_UNIT (LENGTH_MEASURE( 1.000000000000000082E-05 ), #6752, 'distance_accuracy_value', 'NONE');
#2697 = VECTOR ( 'NONE', #3524, 1000.000000000000227 ) ;
#2698 = ORIENTED_EDGE ( 'NONE', *, *, #5019, .F. ) ;
#2699 =( LENGTH_UNIT ( ) NAMED_UNIT ( * ) SI_UNIT ( .MILLI., .METRE. ) );
#2700 = DIRECTION ( 'NONE',  ( 0.0000000000000000000, 0.0000000000000000000, -1.000000000000000000 ) ) ;
#2701 =( LENGTH_UNIT ( ) NAMED_UNIT ( * ) SI_UNIT ( .MILLI., .METRE. ) );
#2702 = AXIS2_PLACEMENT_3D ( 'NONE', #1971, #4419, #8880 ) ;
#2703 = FACE_OUTER_BOUND ( 'NONE', #8579, .T. ) ;
#2704 = DIRECTION ( 'NONE',  ( -1.000000000000000000, 0.0000000000000000000, 6.195440985631453345E-16 ) ) ;
#2705 = LINE ( 'NONE', #688, #1606 ) ;
#2706 = ORIENTED_EDGE ( 'NONE', *, *, #3032, .T. ) ;
#2707 = DIRECTION ( 'NONE',  ( -0.0000000000000000000, -0.0000000000000000000, -1.000000000000000000 ) ) ;
#2708 = CARTESIAN_POINT ( 'NONE',  ( 4.399999999999998579, 1.750000000000000000, -1.700000000000001288 ) ) ;
#2709 = ORIENTED_EDGE ( 'NONE', *, *, #8796, .F. ) ;
#2710 =( LENGTH_UNIT ( ) NAMED_UNIT ( * ) SI_UNIT ( .MILLI., .METRE. ) );
#2711 = EDGE_CURVE ( 'NONE', #3545, #8309, #3468, .T. ) ;
#2712 = LINE ( 'NONE', #9394, #8270 ) ;
#2713 = DIRECTION ( 'NONE',  ( -0.0000000000000000000, -1.000000000000000000, -0.0000000000000000000 ) ) ;
#2714 =( GEOMETRIC_REPRESENTATION_CONTEXT ( 3 ) GLOBAL_UNCERTAINTY_ASSIGNED_CONTEXT ( ( #2171 ) ) GLOBAL_UNIT_ASSIGNED_CONTEXT ( ( #1010, #1082, #7909 ) ) REPRESENTATION_CONTEXT ( 'NONE', 'WORKASPACE' ) );
#2715 = ORIENTED_EDGE ( 'NONE', *, *, #1504, .F. ) ;
#2716 = FILL_AREA_STYLE ('',( #8636 ) ) ;
#2717 = FACE_OUTER_BOUND ( 'NONE', #1586, .T. ) ;
#2718 = CARTESIAN_POINT ( 'NONE',  ( -5.596732734143892607, -0.3500000000000003109, 0.6502286246418802484 ) ) ;
#2719 = ADVANCED_FACE ( 'NONE', ( #5138 ), #1310, .F. ) ;
#2720 = AXIS2_PLACEMENT_3D ( 'NONE', #1444, #2956, #8254 ) ;
#2721 = DIRECTION ( 'NONE',  ( 0.0000000000000000000, -3.771137991253929066E-16, 1.000000000000000000 ) ) ;
#2722 = EDGE_CURVE ( 'NONE', #252, #3613, #3473, .T. ) ;
#2723 = DIRECTION ( 'NONE',  ( 0.0000000000000000000, -0.0000000000000000000, 1.000000000000000000 ) ) ;
#2724 = CARTESIAN_POINT ( 'NONE',  ( 4.399999999999998579, 1.649999999999999911, 0.9500000000000025091 ) ) ;
#2725 = SURFACE_STYLE_USAGE ( .BOTH. , #7261 ) ;
#2726 = VERTEX_POINT ( 'NONE', #4305 ) ;
#2727 =( NAMED_UNIT ( * ) PLANE_ANGLE_UNIT ( ) SI_UNIT ( $, .RADIAN. ) );
#2728 = DIRECTION ( 'NONE',  ( 1.000000000000000000, -0.0000000000000000000, -0.0000000000000000000 ) ) ;
#2729 = DIRECTION ( 'NONE',  ( 1.445602896647335761E-15, 1.000000000000000000, -1.112002228190259226E-16 ) ) ;
#2730 = EDGE_CURVE ( 'NONE', #8247, #2922, #9265, .T. ) ;
#2731 = LINE ( 'NONE', #2403, #6753 ) ;
#2732 = CARTESIAN_POINT ( 'NONE',  ( 4.150000000000000355, 0.0000000000000000000, 0.5081345747705630078 ) ) ;
#2733 = LINE ( 'NONE', #4537, #6521 ) ;
#2734 = COLOUR_RGB ( '',0.2509803921568627416, 0.2509803921568627416, 0.2509803921568627416 ) ;
#2735 =( LENGTH_UNIT ( ) NAMED_UNIT ( * ) SI_UNIT ( .MILLI., .METRE. ) );
#2736 = CARTESIAN_POINT ( 'NONE',  ( -3.199999999999997957, 1.649999999999999911, 0.0000000000000000000 ) ) ;
#2737 = DIRECTION ( 'NONE',  ( -1.000000000000000000, 0.0000000000000000000, -0.0000000000000000000 ) ) ;
#2738 =( LENGTH_UNIT ( ) NAMED_UNIT ( * ) SI_UNIT ( .MILLI., .METRE. ) );
#2739 = PRESENTATION_STYLE_ASSIGNMENT (( #6175 ) ) ;
#2740 = EDGE_CURVE ( 'NONE', #1943, #8608, #1462, .T. ) ;
#2741 = VECTOR ( 'NONE', #6608, 1000.000000000000000 ) ;
#2742 = ORIENTED_EDGE ( 'NONE', *, *, #6408, .F. ) ;
#2743 = LINE ( 'NONE', #8575, #8294 ) ;
#2744 = PRESENTATION_LAYER_ASSIGNMENT (  '', '', ( #1718 ) ) ;
#2745 = EDGE_CURVE ( 'NONE', #9017, #2623, #5481, .T. ) ;
#2746 = VECTOR ( 'NONE', #8351, 1000.000000000000000 ) ;
#2747 = ORIENTED_EDGE ( 'NONE', *, *, #3234, .F. ) ;
#2748 = DIRECTION ( 'NONE',  ( -0.1888473936501247619, 0.9820064469806472074, -1.323264713300626440E-16 ) ) ;
#2749 = DIRECTION ( 'NONE',  ( 2.409338161078898194E-16, -9.637352644315708642E-17, 1.000000000000000000 ) ) ;
#2750 = ORIENTED_EDGE ( 'NONE', *, *, #1767, .F. ) ;
#2751 = ORIENTED_EDGE ( 'NONE', *, *, #807, .T. ) ;
#2752 = DIRECTION ( 'NONE',  ( -1.000000000000000000, 0.0000000000000000000, -9.035018104045868969E-16 ) ) ;
#2754 = ORIENTED_EDGE ( 'NONE', *, *, #323, .T. ) ;
#2753 = SURFACE_STYLE_USAGE ( .BOTH. , #7301 ) ;
#2755 = LINE ( 'NONE', #8993, #7843 ) ;
#2756 = LINE ( 'NONE', #451, #4534 ) ;
#2757 = DIRECTION ( 'NONE',  ( 0.0000000000000000000, 0.0000000000000000000, 1.000000000000000000 ) ) ;
#2758 = ORIENTED_EDGE ( 'NONE', *, *, #5773, .T. ) ;
#2759 = CARTESIAN_POINT ( 'NONE',  ( -2.799999999999999822, -0.8499999999999992006, -0.8291796067500623035 ) ) ;
#2760 = VERTEX_POINT ( 'NONE', #4279 ) ;
#2761 = UNCERTAINTY_MEASURE_WITH_UNIT (LENGTH_MEASURE( 1.000000000000000082E-05 ), #1827, 'distance_accuracy_value', 'NONE');
#2762 = CARTESIAN_POINT ( 'NONE',  ( -3.499999999999997780, -1.549999999999999378, 0.0000000000000000000 ) ) ;
#2763 = DIRECTION ( 'NONE',  ( -0.0000000000000000000, 1.000000000000000000, -0.0000000000000000000 ) ) ;
#2764 = DIRECTION ( 'NONE',  ( -0.0000000000000000000, -1.000000000000000000, -0.0000000000000000000 ) ) ;
#2765 = LINE ( 'NONE', #6366, #571 ) ;
#2766 = ADVANCED_FACE ( 'NONE', ( #3233 ), #2672, .T. ) ;
#2767 = PRESENTATION_LAYER_ASSIGNMENT (  '', '', ( #1745 ) ) ;
#2768 = ORIENTED_EDGE ( 'NONE', *, *, #8141, .T. ) ;
#2769 = SURFACE_SIDE_STYLE ('',( #7008 ) ) ;
#2770 = PRESENTATION_STYLE_ASSIGNMENT (( #9555 ) ) ;
#2771 = VERTEX_POINT ( 'NONE', #7664 ) ;
#2772 = LINE ( 'NONE', #1633, #2526 ) ;
#2773 = ORIENTED_EDGE ( 'NONE', *, *, #929, .T. ) ;
#2774 = STYLED_ITEM ( 'NONE', ( #295 ), #8614 ) ;
#2775 = ORIENTED_EDGE ( 'NONE', *, *, #8377, .T. ) ;
#2776 = UNCERTAINTY_MEASURE_WITH_UNIT (LENGTH_MEASURE( 1.000000000000000082E-05 ), #7513, 'distance_accuracy_value', 'NONE');
#2777 = EDGE_LOOP ( 'NONE', ( #9324, #3486, #1172, #7294 ) ) ;
#2778 = EDGE_CURVE ( 'NONE', #6448, #1981, #8316, .T. ) ;
#2779 = CARTESIAN_POINT ( 'NONE',  ( -3.399999999999996358, -1.549999999999999378, 4.212899870229386855E-15 ) ) ;
#2780 = CARTESIAN_POINT ( 'NONE',  ( 4.399999999999998579, 1.750000000000000000, 1.699999999999999956 ) ) ;
#2781 =( GEOMETRIC_REPRESENTATION_CONTEXT ( 3 ) GLOBAL_UNCERTAINTY_ASSIGNED_CONTEXT ( ( #917 ) ) GLOBAL_UNIT_ASSIGNED_CONTEXT ( ( #7356, #2832, #8121 ) ) REPRESENTATION_CONTEXT ( 'NONE', 'WORKASPACE' ) );
#2782 =( GEOMETRIC_REPRESENTATION_CONTEXT ( 3 ) GLOBAL_UNCERTAINTY_ASSIGNED_CONTEXT ( ( #7343 ) ) GLOBAL_UNIT_ASSIGNED_CONTEXT ( ( #718, #1995, #5375 ) ) REPRESENTATION_CONTEXT ( 'NONE', 'WORKASPACE' ) );
#2783 = ORIENTED_EDGE ( 'NONE', *, *, #1306, .F. ) ;
#2784 = LINE ( 'NONE', #8757, #1499 ) ;
#2785 = ORIENTED_EDGE ( 'NONE', *, *, #1715, .F. ) ;
#2786 = COLOUR_RGB ( '',0.2509803921568627416, 0.2509803921568627416, 0.2509803921568627416 ) ;
#2787 = DIRECTION ( 'NONE',  ( 0.0000000000000000000, 0.0000000000000000000, -1.000000000000000000 ) ) ;
#2788 = PLANE ( 'NONE',  #1986 ) ;
#2789 = ORIENTED_EDGE ( 'NONE', *, *, #5525, .F. ) ;
#2790 = ORIENTED_EDGE ( 'NONE', *, *, #3375, .T. ) ;
#2791 = EDGE_CURVE ( 'NONE', #7190, #4304, #6302, .T. ) ;
#2792 = DIRECTION ( 'NONE',  ( -1.000000000000000000, -0.0000000000000000000, -0.0000000000000000000 ) ) ;
#2793 = PLANE ( 'NONE',  #1286 ) ;
#2794 = ORIENTED_EDGE ( 'NONE', *, *, #9197, .T. ) ;
#2795 = CARTESIAN_POINT ( 'NONE',  ( 3.749999999999997780, -1.549999999999999378, -0.7999999999999999334 ) ) ;
#2796 = SURFACE_STYLE_USAGE ( .BOTH. , #2835 ) ;
#2797 = VERTEX_POINT ( 'NONE', #9516 ) ;
#2798 = UNCERTAINTY_MEASURE_WITH_UNIT (LENGTH_MEASURE( 1.000000000000000082E-05 ), #8578, 'distance_accuracy_value', 'NONE');
#2799 = ORIENTED_EDGE ( 'NONE', *, *, #4065, .T. ) ;
#2800 = VECTOR ( 'NONE', #592, 1000.000000000000000 ) ;
#2801 = ORIENTED_EDGE ( 'NONE', *, *, #5863, .F. ) ;
#2802 = VECTOR ( 'NONE', #3724, 1000.000000000000000 ) ;
#2803 = CARTESIAN_POINT ( 'NONE',  ( -4.280000000000000249, 0.6296890111571917803, -0.9500000000000025091 ) ) ;
#2804 = LINE ( 'NONE', #437, #6594 ) ;
#2805 = EDGE_CURVE ( 'NONE', #2197, #8043, #566, .T. ) ;
#2806 =( NAMED_UNIT ( * ) SI_UNIT ( $, .STERADIAN. ) SOLID_ANGLE_UNIT ( ) );
#2807 = DIRECTION ( 'NONE',  ( 1.000000000000000000, -0.0000000000000000000, 1.224646799147352961E-16 ) ) ;
#2808 = VECTOR ( 'NONE', #2137, 999.9999999999998863 ) ;
#2809 = EDGE_CURVE ( 'NONE', #1137, #775, #4312, .T. ) ;
#2810 = ORIENTED_EDGE ( 'NONE', *, *, #2185, .F. ) ;
#2811 = EDGE_CURVE ( 'NONE', #5667, #5912, #2262, .T. ) ;
#2812 = DIRECTION ( 'NONE',  ( 1.000000000000000000, -0.0000000000000000000, 1.224646799147352961E-16 ) ) ;
#2813 = EDGE_LOOP ( 'NONE', ( #7999, #8711, #3071, #7083 ) ) ;
#2814 = CARTESIAN_POINT ( 'NONE',  ( 4.499999999999999112, 1.750000000000000000, 0.9500000000000028422 ) ) ;
#2815 = LINE ( 'NONE', #3265, #6606 ) ;
#2816 = LINE ( 'NONE', #1604, #8735 ) ;
#2817 = COLOUR_RGB ( '',0.2509803921568627416, 0.2509803921568627416, 0.2509803921568627416 ) ;
#2818 = DIRECTION ( 'NONE',  ( -2.409338161078899427E-17, -0.0000000000000000000, -1.000000000000000000 ) ) ;
#2819 = EDGE_LOOP ( 'NONE', ( #3638, #8501, #7863, #7061 ) ) ;
#2820 = VECTOR ( 'NONE', #3326, 1000.000000000000000 ) ;
#2821 = AXIS2_PLACEMENT_3D ( 'NONE', #3484, #4988, #7547 ) ;
#2822 = VERTEX_POINT ( 'NONE', #5553 ) ;
#2823 = ADVANCED_FACE ( 'NONE', ( #8095 ), #1845, .T. ) ;
#2824 = VECTOR ( 'NONE', #5515, 1000.000000000000000 ) ;
#2825 = PLANE ( 'NONE',  #5534 ) ;
#2826 = CARTESIAN_POINT ( 'NONE',  ( -2.799999999999999822, -0.8499999999999992006, -1.499999999999999778 ) ) ;
#2827 = FACE_OUTER_BOUND ( 'NONE', #3776, .T. ) ;
#2828 = ORIENTED_EDGE ( 'NONE', *, *, #7779, .F. ) ;
#2829 = ORIENTED_EDGE ( 'NONE', *, *, #2711, .T. ) ;
#2830 = DIRECTION ( 'NONE',  ( 0.0000000000000000000, 0.0000000000000000000, -1.000000000000000000 ) ) ;
#2831 =( LENGTH_UNIT ( ) NAMED_UNIT ( * ) SI_UNIT ( .MILLI., .METRE. ) );
#2832 =( NAMED_UNIT ( * ) PLANE_ANGLE_UNIT ( ) SI_UNIT ( $, .RADIAN. ) );
#2833 = VERTEX_POINT ( 'NONE', #6345 ) ;
#2834 = DIRECTION ( 'NONE',  ( 0.0000000000000000000, 1.000000000000000000, 0.0000000000000000000 ) ) ;
#2835 = SURFACE_SIDE_STYLE ('',( #1539 ) ) ;
#2836 = CARTESIAN_POINT ( 'NONE',  ( 2.324999999999999734, -4.649999999999998579, 3.800000000000001155 ) ) ;
#2837 = COLOUR_RGB ( '',0.2509803921568627416, 0.2509803921568627416, 0.2509803921568627416 ) ;
#2838 = CARTESIAN_POINT ( 'NONE',  ( 0.2999999999999999334, -0.8499999999999992006, 1.499999999999999556 ) ) ;
#2839 = DIRECTION ( 'NONE',  ( 1.000000000000000000, 0.0000000000000000000, 1.224646799147352961E-16 ) ) ;
#2840 = DIRECTION ( 'NONE',  ( -1.000000000000000000, 0.0000000000000000000, -6.195440985631453345E-16 ) ) ;
#2841 = ORIENTED_EDGE ( 'NONE', *, *, #3113, .F. ) ;
#2842 = PRESENTATION_LAYER_ASSIGNMENT (  '', '', ( #1807 ) ) ;
#2843 = EDGE_LOOP ( 'NONE', ( #607, #8948, #2326, #3355 ) ) ;
#2844 = LINE ( 'NONE', #8365, #856 ) ;
#2845 = EDGE_CURVE ( 'NONE', #2896, #7253, #1356, .T. ) ;
#2846 = MECHANICAL_DESIGN_GEOMETRIC_PRESENTATION_REPRESENTATION (  '', ( #1337 ), #3347 ) ;
#2847 = CARTESIAN_POINT ( 'NONE',  ( 0.0000000000000000000, 1.750000000000000000, 0.0000000000000000000 ) ) ;
#2848 = VECTOR ( 'NONE', #5788, 1000.000000000000114 ) ;
#2849 = PRESENTATION_LAYER_ASSIGNMENT (  '', '', ( #1825 ) ) ;
#2850 = VERTEX_POINT ( 'NONE', #2594 ) ;
#2851 = FACE_OUTER_BOUND ( 'NONE', #1693, .T. ) ;
#2852 = STYLED_ITEM ( 'NONE', ( #3782 ), #9459 ) ;
#2853 =( LENGTH_UNIT ( ) NAMED_UNIT ( * ) SI_UNIT ( .MILLI., .METRE. ) );
#2854 = CARTESIAN_POINT ( 'NONE',  ( -0.2499999999999997780, 0.6499999999999998002, 1.800000000000000044 ) ) ;
#2855 = PRESENTATION_STYLE_ASSIGNMENT (( #4584 ) ) ;
#2857 = AXIS2_PLACEMENT_3D ( 'NONE', #1993, #9468, #2757 ) ;
#2856 = DIRECTION ( 'NONE',  ( 1.000000000000000000, 0.0000000000000000000, 6.195440985631461234E-16 ) ) ;
#2858 = EDGE_CURVE ( 'NONE', #875, #3137, #9129, .T. ) ;
#2859 = ORIENTED_EDGE ( 'NONE', *, *, #2102, .F. ) ;
#2860 = CARTESIAN_POINT ( 'NONE',  ( -4.250000000000000000, -0.3500000000000006439, -1.500000000000000000 ) ) ;
#2861 = ADVANCED_FACE ( 'NONE', ( #7126 ), #9316, .F. ) ;
#2862 = CIRCLE ( 'NONE', #8830, 0.02999999999999997113 ) ;
#2863 = LINE ( 'NONE', #819, #1347 ) ;
#2864 = EDGE_CURVE ( 'NONE', #4480, #4585, #6886, .T. ) ;
#2865 = LINE ( 'NONE', #2264, #8423 ) ;
#2866 = CIRCLE ( 'NONE', #8978, 0.02999999999999964501 ) ;
#2868 = ORIENTED_EDGE ( 'NONE', *, *, #4593, .T. ) ;
#2867 = MECHANICAL_DESIGN_GEOMETRIC_PRESENTATION_REPRESENTATION (  '', ( #1370 ), #3379 ) ;
#2869 = EDGE_LOOP ( 'NONE', ( #8379, #4222, #8265, #8552 ) ) ;
#2870 = CARTESIAN_POINT ( 'NONE',  ( 4.150000000000000355, 0.6199999999999988853, 1.500000000000000000 ) ) ;
#2871 = LINE ( 'NONE', #7099, #887 ) ;
#2872 = DIRECTION ( 'NONE',  ( -1.000000000000000000, -0.0000000000000000000, 2.409338161078899427E-17 ) ) ;
#2873 = VECTOR ( 'NONE', #5430, 1000.000000000000000 ) ;
#2874 = SURFACE_STYLE_FILL_AREA ( #1322 ) ;
#2875 = VECTOR ( 'NONE', #5073, 1000.000000000000000 ) ;
#2876 = VERTEX_POINT ( 'NONE', #7769 ) ;
#2877 = CARTESIAN_POINT ( 'NONE',  ( 4.499999999999999112, -1.700000000000000178, -0.2249999999999995615 ) ) ;
#2878 = CARTESIAN_POINT ( 'NONE',  ( 0.3000000000000003775, -4.000000000000001776, -1.800000000000000266 ) ) ;
#2879 = LINE ( 'NONE', #5413, #7386 ) ;
#2880 = DIRECTION ( 'NONE',  ( 0.0000000000000000000, -1.000000000000000000, -1.066845503452556955E-16 ) ) ;
#2881 = CARTESIAN_POINT ( 'NONE',  ( -2.799999999999999822, -4.750000000000000000, -1.499999999999999334 ) ) ;
#2882 = ORIENTED_EDGE ( 'NONE', *, *, #2745, .F. ) ;
#2883 = VECTOR ( 'NONE', #2023, 1000.000000000000000 ) ;
#2884 = FILL_AREA_STYLE_COLOUR ( '', #1771 ) ;
#2885 = ORIENTED_EDGE ( 'NONE', *, *, #3077, .F. ) ;
#2886 = MECHANICAL_DESIGN_GEOMETRIC_PRESENTATION_REPRESENTATION (  '', ( #1872 ), #3394 ) ;
#2887 = CARTESIAN_POINT ( 'NONE',  ( 4.250000000000000000, -0.3500000000000006439, 1.500000000000000000 ) ) ;
#2888 = SURFACE_STYLE_USAGE ( .BOTH. , #7753 ) ;
#2889 = CARTESIAN_POINT ( 'NONE',  ( 4.250000000000000000, 0.6500000000000000222, 1.800000000000000044 ) ) ;
#2890 = ORIENTED_EDGE ( 'NONE', *, *, #1357, .T. ) ;
#2891 = CARTESIAN_POINT ( 'NONE',  ( -4.149999999999998579, -1.149999999999999911, -1.800000000000001155 ) ) ;
#2892 = VERTEX_POINT ( 'NONE', #7062 ) ;
#2893 = EDGE_CURVE ( 'NONE', #491, #3365, #2871, .T. ) ;
#2894 = LINE ( 'NONE', #462, #6913 ) ;
#2895 = STYLED_ITEM ( 'NONE', ( #8801 ), #6923 ) ;
#2896 = VERTEX_POINT ( 'NONE', #3303 ) ;
#2897 = VERTEX_POINT ( 'NONE', #4601 ) ;
#2898 = ORIENTED_EDGE ( 'NONE', *, *, #2929, .F. ) ;
#2899 = ORIENTED_EDGE ( 'NONE', *, *, #3748, .F. ) ;
#2900 = EDGE_LOOP ( 'NONE', ( #7994, #3062, #4648, #882 ) ) ;
#2901 = VERTEX_POINT ( 'NONE', #951 ) ;
#2902 = PRESENTATION_LAYER_ASSIGNMENT (  '', '', ( #1885 ) ) ;
#2904 = SURFACE_SIDE_STYLE ('',( #792 ) ) ;
#2903 = AXIS2_PLACEMENT_3D ( 'NONE', #8269, #3753, #9015 ) ;
#2905 = ORIENTED_EDGE ( 'NONE', *, *, #6131, .F. ) ;
#2906 = LINE ( 'NONE', #4174, #6927 ) ;
#2907 = ORIENTED_EDGE ( 'NONE', *, *, #4979, .T. ) ;
#2908 = ORIENTED_EDGE ( 'NONE', *, *, #757, .F. ) ;
#2909 = EDGE_CURVE ( 'NONE', #1851, #4089, #4896, .T. ) ;
#2910 = STYLED_ITEM ( 'NONE', ( #1340 ), #8223 ) ;
#2911 = STYLED_ITEM ( 'NONE', ( #9661 ), #1917 ) ;
#2912 = ADVANCED_FACE ( 'NONE', ( #7846 ), #675, .T. ) ;
#2913 = CARTESIAN_POINT ( 'NONE',  ( -8.279219496139379686, 1.649999999999999911, -0.9500000000000020650 ) ) ;
#2914 = LINE ( 'NONE', #503, #3644 ) ;
#2915 = UNCERTAINTY_MEASURE_WITH_UNIT (LENGTH_MEASURE( 1.000000000000000082E-05 ), #214, 'distance_accuracy_value', 'NONE');
#2916 = ORIENTED_EDGE ( 'NONE', *, *, #5561, .F. ) ;
#2917 = EDGE_CURVE ( 'NONE', #1484, #9283, #2629, .T. ) ;
#2918 = DIRECTION ( 'NONE',  ( 0.0000000000000000000, 2.168404344971015179E-15, 1.000000000000000000 ) ) ;
#2919 = SURFACE_STYLE_FILL_AREA ( #4389 ) ;
#2920 = SURFACE_STYLE_USAGE ( .BOTH. , #7449 ) ;
#2921 = CARTESIAN_POINT ( 'NONE',  ( 2.200000000000000622, -4.000000000000000000, -1.800000000000000488 ) ) ;
#2922 = VERTEX_POINT ( 'NONE', #8979 ) ;
#2923 = DIRECTION ( 'NONE',  ( 1.000000000000000000, 0.0000000000000000000, -6.195440985631461234E-16 ) ) ;
#2924 = COLOUR_RGB ( '',0.2509803921568627416, 0.2509803921568627416, 0.2509803921568627416 ) ;
#2925 = VERTEX_POINT ( 'NONE', #6081 ) ;
#2926 =( NAMED_UNIT ( * ) SI_UNIT ( $, .STERADIAN. ) SOLID_ANGLE_UNIT ( ) );
#2927 = ORIENTED_EDGE ( 'NONE', *, *, #6982, .F. ) ;
#2928 = DIRECTION ( 'NONE',  ( -1.000000000000000000, -5.421010862427508365E-16, 0.0000000000000000000 ) ) ;
#2929 = EDGE_CURVE ( 'NONE', #9188, #6597, #4650, .T. ) ;
#2930 = LINE ( 'NONE', #4024, #944 ) ;
#2931 = STYLED_ITEM ( 'NONE', ( #5853 ), #2823 ) ;
#2932 = EDGE_CURVE ( 'NONE', #3885, #709, #6671, .T. ) ;
#2933 = SURFACE_STYLE_FILL_AREA ( #5997 ) ;
#2934 = VECTOR ( 'NONE', #7325, 1000.000000000000000 ) ;
#2935 = ORIENTED_EDGE ( 'NONE', *, *, #4635, .F. ) ;
#2936 = PLANE ( 'NONE',  #962 ) ;
#2937 = LINE ( 'NONE', #6662, #7918 ) ;
#2938 = ORIENTED_EDGE ( 'NONE', *, *, #5970, .F. ) ;
#2939 = DIRECTION ( 'NONE',  ( -1.000000000000000000, 0.0000000000000000000, -6.195440985631453345E-16 ) ) ;
#2940 = EDGE_CURVE ( 'NONE', #6856, #7295, #8681, .T. ) ;
#2941 = ORIENTED_EDGE ( 'NONE', *, *, #9234, .F. ) ;
#2942 = CARTESIAN_POINT ( 'NONE',  ( 2.325000000000000178, -4.649999999999998579, 1.800000000000000711 ) ) ;
#2943 = DIRECTION ( 'NONE',  ( -0.0000000000000000000, -0.0000000000000000000, 1.000000000000000000 ) ) ;
#2944 = DIRECTION ( 'NONE',  ( -1.445602896647335958E-15, -1.000000000000000000, 0.0000000000000000000 ) ) ;
#2945 = VERTEX_POINT ( 'NONE', #2103 ) ;
#2946 = LINE ( 'NONE', #8407, #752 ) ;
#2947 = UNCERTAINTY_MEASURE_WITH_UNIT (LENGTH_MEASURE( 1.000000000000000082E-05 ), #8211, 'distance_accuracy_value', 'NONE');
#2948 = CARTESIAN_POINT ( 'NONE',  ( -4.280000000000000249, 0.6296890111571917803, 1.500000000000000000 ) ) ;
#2949 = STYLED_ITEM ( 'NONE', ( #5981 ), #6269 ) ;
#2950 = PRESENTATION_STYLE_ASSIGNMENT (( #9096 ) ) ;
#2951 = DIRECTION ( 'NONE',  ( 1.000000000000000000, -1.445602896647335958E-15, -2.409338161078899427E-17 ) ) ;
#2952 = CARTESIAN_POINT ( 'NONE',  ( -0.2999999999999999334, -0.8499999999999992006, -1.800000000000001155 ) ) ;
#2953 =( GEOMETRIC_REPRESENTATION_CONTEXT ( 3 ) GLOBAL_UNCERTAINTY_ASSIGNED_CONTEXT ( ( #7516 ) ) GLOBAL_UNIT_ASSIGNED_CONTEXT ( ( #9131, #3799, #4092 ) ) REPRESENTATION_CONTEXT ( 'NONE', 'WORKASPACE' ) );
#2954 = ORIENTED_EDGE ( 'NONE', *, *, #8290, .T. ) ;
#2955 = SURFACE_STYLE_FILL_AREA ( #8870 ) ;
#2956 = DIRECTION ( 'NONE',  ( 0.0000000000000000000, 1.000000000000000000, -0.0000000000000000000 ) ) ;
#2957 = ADVANCED_FACE ( 'NONE', ( #8201 ), #9027, .F. ) ;
#2958 =( GEOMETRIC_REPRESENTATION_CONTEXT ( 3 ) GLOBAL_UNCERTAINTY_ASSIGNED_CONTEXT ( ( #6283 ) ) GLOBAL_UNIT_ASSIGNED_CONTEXT ( ( #8509, #3987, #9267 ) ) REPRESENTATION_CONTEXT ( 'NONE', 'WORKASPACE' ) );
#2959 = CARTESIAN_POINT ( 'NONE',  ( -3.199999999999997957, 1.750000000000000000, -1.699999999999997513 ) ) ;
#2960 = EDGE_CURVE ( 'NONE', #6442, #1048, #4186, .T. ) ;
#2961 = ORIENTED_EDGE ( 'NONE', *, *, #1217, .T. ) ;
#2962 = CIRCLE ( 'NONE', #702, 0.02999999999999964501 ) ;
#2963 = AXIS2_PLACEMENT_3D ( 'NONE', #367, #5607, #1096 ) ;
#2964 = CARTESIAN_POINT ( 'NONE',  ( -5.221110255092797026, -1.149999999999999911, 1.800000000000000044 ) ) ;
#2965 = CARTESIAN_POINT ( 'NONE',  ( 4.499999999999999112, -1.084202172485504434E-16, 0.5081345747705631188 ) ) ;
#2966 = ORIENTED_EDGE ( 'NONE', *, *, #2730, .F. ) ;
#2967 = UNCERTAINTY_MEASURE_WITH_UNIT (LENGTH_MEASURE( 1.000000000000000082E-05 ), #7844, 'distance_accuracy_value', 'NONE');
#2968 = COLOUR_RGB ( '',0.2509803921568627416, 0.2509803921568627416, 0.2509803921568627416 ) ;
#2969 = CARTESIAN_POINT ( 'NONE',  ( -4.250000000000000000, -0.3500000000000003109, 0.6502286246418802484 ) ) ;
#2970 = VECTOR ( 'NONE', #3151, 1000.000000000000000 ) ;
#2971 = PRODUCT_DEFINITION_FORMATION_WITH_SPECIFIED_SOURCE ( 'ANY', '', #9176, .NOT_KNOWN. ) ;
#2972 = FILL_AREA_STYLE_COLOUR ( '', #1216 ) ;
#2973 = SURFACE_SIDE_STYLE ('',( #4969 ) ) ;
#2974 =( NAMED_UNIT ( * ) PLANE_ANGLE_UNIT ( ) SI_UNIT ( $, .RADIAN. ) );
#2975 = CARTESIAN_POINT ( 'NONE',  ( -3.749999999999998224, 6.925848040166833641, 1.149999999999999245 ) ) ;
#2976 = LINE ( 'NONE', #7701, #990 ) ;
#2977 = LINE ( 'NONE', #7055, #5020 ) ;
#2978 = SURFACE_STYLE_FILL_AREA ( #4123 ) ;
#2979 = ORIENTED_EDGE ( 'NONE', *, *, #5464, .F. ) ;
#2980 = EDGE_CURVE ( 'NONE', #8473, #2945, #2378, .T. ) ;
#2981 = ORIENTED_EDGE ( 'NONE', *, *, #8874, .F. ) ;
#2982 = CARTESIAN_POINT ( 'NONE',  ( -3.499999999999997780, -1.549999999999999378, -0.2250000000000010048 ) ) ;
#2983 = FACE_OUTER_BOUND ( 'NONE', #4098, .T. ) ;
#2984 = EDGE_CURVE ( 'NONE', #7330, #112, #2151, .T. ) ;
#2985 = LINE ( 'NONE', #5578, #9247 ) ;
#2986 =( NAMED_UNIT ( * ) SI_UNIT ( $, .STERADIAN. ) SOLID_ANGLE_UNIT ( ) );
#2987 = VERTEX_POINT ( 'NONE', #847 ) ;
#2988 = DIRECTION ( 'NONE',  ( -1.000000000000000000, -0.0000000000000000000, -0.0000000000000000000 ) ) ;
#2989 = LINE ( 'NONE', #7911, #5036 ) ;
#2990 = AXIS2_PLACEMENT_3D ( 'NONE', #2948, #5154, #7488 ) ;
#2992 = CARTESIAN_POINT ( 'NONE',  ( -3.328530670470756903, -1.251640513552068734, 1.800000000000000266 ) ) ;
#2991 = DIRECTION ( 'NONE',  ( 0.0000000000000000000, -1.000000000000000000, 0.0000000000000000000 ) ) ;
#2993 = VECTOR ( 'NONE', #2466, 1000.000000000000000 ) ;
#2994 = VERTEX_POINT ( 'NONE', #4472 ) ;
#2995 =( NAMED_UNIT ( * ) PLANE_ANGLE_UNIT ( ) SI_UNIT ( $, .RADIAN. ) );
#2996 = VERTEX_POINT ( 'NONE', #8067 ) ;
#2997 = ORIENTED_EDGE ( 'NONE', *, *, #7098, .F. ) ;
#2998 = ORIENTED_EDGE ( 'NONE', *, *, #929, .F. ) ;
#2999 = ADVANCED_FACE ( 'NONE', ( #3937 ), #605, .F. ) ;
#3000 = VECTOR ( 'NONE', #9401, 1000.000000000000000 ) ;
#3001 = ORIENTED_EDGE ( 'NONE', *, *, #9525, .T. ) ;
#3002 = ORIENTED_EDGE ( 'NONE', *, *, #4483, .T. ) ;
#3003 = ORIENTED_EDGE ( 'NONE', *, *, #9257, .F. ) ;
#3004 = CARTESIAN_POINT ( 'NONE',  ( 4.915049848600916621E-15, 1.649999999999999911, -1.699999999999988187 ) ) ;
#3005 = CARTESIAN_POINT ( 'NONE',  ( -0.3000000000000003775, -4.749999999999999112, 1.800000000000000711 ) ) ;
#3006 = VECTOR ( 'NONE', #1170, 1000.000000000000000 ) ;
#3007 = ORIENTED_EDGE ( 'NONE', *, *, #4773, .F. ) ;
#3008 = DIRECTION ( 'NONE',  ( -1.000000000000000000, 0.0000000000000000000, 0.0000000000000000000 ) ) ;
#3009 = PLANE ( 'NONE',  #1652 ) ;
#3010 = CYLINDRICAL_SURFACE ( 'NONE', #7520, 0.07999999999999998779 ) ;
#3011 = ORIENTED_EDGE ( 'NONE', *, *, #9756, .T. ) ;
#3012 = CARTESIAN_POINT ( 'NONE',  ( -3.399999999999998135, -1.750000000000000000, 0.0000000000000000000 ) ) ;
#3013 = ORIENTED_EDGE ( 'NONE', *, *, #5371, .F. ) ;
#3014 = ORIENTED_EDGE ( 'NONE', *, *, #6320, .T. ) ;
#3015 = EDGE_CURVE ( 'NONE', #3790, #2071, #5238, .T. ) ;
#3016 = CARTESIAN_POINT ( 'NONE',  ( 0.2999999999999994893, -1.149999999999999911, -0.8291796067500623035 ) ) ;
#3017 = SURFACE_STYLE_FILL_AREA ( #5069 ) ;
#3018 = PRESENTATION_STYLE_ASSIGNMENT (( #5713 ) ) ;
#3019 = ORIENTED_EDGE ( 'NONE', *, *, #5733, .F. ) ;
#3020 = ORIENTED_EDGE ( 'NONE', *, *, #8686, .T. ) ;
#3021 = MECHANICAL_DESIGN_GEOMETRIC_PRESENTATION_REPRESENTATION (  '', ( #1510 ), #3549 ) ;
#3022 = VERTEX_POINT ( 'NONE', #1483 ) ;
#3023 = PLANE ( 'NONE',  #8403 ) ;
#3024 = CARTESIAN_POINT ( 'NONE',  ( 3.199999999999997957, 1.750000000000000000, -1.800000000000000933 ) ) ;
#3025 = CARTESIAN_POINT ( 'NONE',  ( 2.799999999999999822, -4.000000000000000000, -1.499999999999999556 ) ) ;
#3026 = PLANE ( 'NONE',  #4715 ) ;
#3028 = DIRECTION ( 'NONE',  ( -0.0000000000000000000, -0.0000000000000000000, -1.000000000000000000 ) ) ;
#3027 =( GEOMETRIC_REPRESENTATION_CONTEXT ( 3 ) GLOBAL_UNCERTAINTY_ASSIGNED_CONTEXT ( ( #2026 ) ) GLOBAL_UNIT_ASSIGNED_CONTEXT ( ( #4714, #235, #5469 ) ) REPRESENTATION_CONTEXT ( 'NONE', 'WORKASPACE' ) );
#3029 = VERTEX_POINT ( 'NONE', #2247 ) ;
#3030 = UNCERTAINTY_MEASURE_WITH_UNIT (LENGTH_MEASURE( 1.000000000000000082E-05 ), #6284, 'distance_accuracy_value', 'NONE');
#3031 = ORIENTED_EDGE ( 'NONE', *, *, #7348, .F. ) ;
#3032 = EDGE_CURVE ( 'NONE', #8027, #6454, #3220, .T. ) ;
#3033 = LINE ( 'NONE', #7861, #6819 ) ;
#3034 = AXIS2_PLACEMENT_3D ( 'NONE', #8322, #1487, #824 ) ;
#3035 = ORIENTED_EDGE ( 'NONE', *, *, #5895, .T. ) ;
#3036 = CARTESIAN_POINT ( 'NONE',  ( 3.749999999999997780, 6.925848040166833641, 0.8000000000000001554 ) ) ;
#3037 =( NAMED_UNIT ( * ) PLANE_ANGLE_UNIT ( ) SI_UNIT ( $, .RADIAN. ) );
#3038 = DIRECTION ( 'NONE',  ( -0.0000000000000000000, -0.0000000000000000000, -1.000000000000000000 ) ) ;
#3039 =( NAMED_UNIT ( * ) PLANE_ANGLE_UNIT ( ) SI_UNIT ( $, .RADIAN. ) );
#3040 = COLOUR_RGB ( '',0.2509803921568627416, 0.2509803921568627416, 0.2509803921568627416 ) ;
#3041 = EDGE_CURVE ( 'NONE', #3380, #681, #1243, .T. ) ;
#3042 = CARTESIAN_POINT ( 'NONE',  ( 4.399999999999998579, 0.7703109888428067986, 0.9500000000000025091 ) ) ;
#3043 = EDGE_LOOP ( 'NONE', ( #516, #5902, #2292, #3135 ) ) ;
#3044 = FILL_AREA_STYLE_COLOUR ( '', #6646 ) ;
#3045 =( NAMED_UNIT ( * ) SI_UNIT ( $, .STERADIAN. ) SOLID_ANGLE_UNIT ( ) );
#3046 = LINE ( 'NONE', #7760, #1308 ) ;
#3047 = CLOSED_SHELL ( 'NONE', ( #2912, #7065, #7015, #1818, #6780, #8410, #6867, #3965, #2861, #1873 ) ) ;
#3048 = ORIENTED_EDGE ( 'NONE', *, *, #7597, .T. ) ;
#3049 = EDGE_CURVE ( 'NONE', #4372, #9478, #7002, .T. ) ;
#3050 = CARTESIAN_POINT ( 'NONE',  ( 4.280000000000000249, 0.6296890111571917803, 1.500000000000000000 ) ) ;
#3051 =( NAMED_UNIT ( * ) PLANE_ANGLE_UNIT ( ) SI_UNIT ( $, .RADIAN. ) );
#3052 = ORIENTED_EDGE ( 'NONE', *, *, #2590, .T. ) ;
#3053 = CARTESIAN_POINT ( 'NONE',  ( -2.800000000000000266, -1.149999999999999911, 1.800000000000000044 ) ) ;
#3054 = ADVANCED_FACE ( 'NONE', ( #2983 ), #9277, .F. ) ;
#3055 = FACE_OUTER_BOUND ( 'NONE', #3407, .T. ) ;
#3056 = EDGE_CURVE ( 'NONE', #2169, #1607, #4051, .T. ) ;
#3057 = DIRECTION ( 'NONE',  ( -5.421010862427508365E-16, 1.000000000000000000, 0.0000000000000000000 ) ) ;
#3058 = FACE_OUTER_BOUND ( 'NONE', #8885, .T. ) ;
#3059 = VECTOR ( 'NONE', #8879, 1000.000000000000000 ) ;
#3060 = DIRECTION ( 'NONE',  ( -1.000000000000000000, 0.0000000000000000000, -0.0000000000000000000 ) ) ;
#3061 = ORIENTED_EDGE ( 'NONE', *, *, #971, .T. ) ;
#3062 = ORIENTED_EDGE ( 'NONE', *, *, #1449, .T. ) ;
#3063 = DIRECTION ( 'NONE',  ( 0.0000000000000000000, -1.913812709969057460E-16, -1.000000000000000000 ) ) ;
#3064 = SURFACE_SIDE_STYLE ('',( #385 ) ) ;
#3065 = CARTESIAN_POINT ( 'NONE',  ( 3.199999999999997957, 1.750000000000000000, -1.699999999999998401 ) ) ;
#3066 = CARTESIAN_POINT ( 'NONE',  ( -2.200000000000000178, -3.999999999999999112, 1.499999999999999778 ) ) ;
#3067 = AXIS2_PLACEMENT_3D ( 'NONE', #8696, #8062, #2589 ) ;
#3068 = FACE_OUTER_BOUND ( 'NONE', #5163, .T. ) ;
#3069 = ORIENTED_EDGE ( 'NONE', *, *, #4734, .T. ) ;
#3070 = VECTOR ( 'NONE', #3806, 1000.000000000000114 ) ;
#3071 = ORIENTED_EDGE ( 'NONE', *, *, #1649, .F. ) ;
#3072 = LINE ( 'NONE', #2480, #413 ) ;
#3073 =( NAMED_UNIT ( * ) PLANE_ANGLE_UNIT ( ) SI_UNIT ( $, .RADIAN. ) );
#3074 = CARTESIAN_POINT ( 'NONE',  ( -4.250000000000000000, 0.6499999999999989120, 1.800000000000000044 ) ) ;
#3075 = DIRECTION ( 'NONE',  ( 1.000000000000000000, -0.0000000000000000000, 1.224646799147352961E-16 ) ) ;
#3076 = LINE ( 'NONE', #6232, #1100 ) ;
#3077 = EDGE_CURVE ( 'NONE', #1987, #5391, #322, .T. ) ;
#3078 = CARTESIAN_POINT ( 'NONE',  ( -4.250000000000000000, -0.3500000000000006439, 1.500000000000000000 ) ) ;
#3079 = AXIS2_PLACEMENT_3D ( 'NONE', #7961, #2657, #3123 ) ;
#3080 = DIRECTION ( 'NONE',  ( -1.361809969397927337E-32, -1.000000000000000000, 1.112002228190260952E-16 ) ) ;
#3081 = COLOUR_RGB ( '',0.2509803921568627416, 0.2509803921568627416, 0.2509803921568627416 ) ;
#3082 = DIRECTION ( 'NONE',  ( 0.0000000000000000000, 0.0000000000000000000, 1.000000000000000000 ) ) ;
#3083 = LINE ( 'NONE', #1495, #1106 ) ;
#3084 = AXIS2_PLACEMENT_3D ( 'NONE', #9441, #4497, #4457 ) ;
#3085 = CARTESIAN_POINT ( 'NONE',  ( 2.200000000000000178, -0.8499999999999992006, -1.499999999999999778 ) ) ;
#3086 = UNCERTAINTY_MEASURE_WITH_UNIT (LENGTH_MEASURE( 1.000000000000000082E-05 ), #3196, 'distance_accuracy_value', 'NONE');
#3087 = DIRECTION ( 'NONE',  ( 0.0000000000000000000, 1.000000000000000000, 0.0000000000000000000 ) ) ;
#3088 = PRESENTATION_LAYER_ASSIGNMENT (  '', '', ( #2077 ) ) ;
#3089 = ORIENTED_EDGE ( 'NONE', *, *, #4284, .F. ) ;
#3090 = EDGE_CURVE ( 'NONE', #4958, #3179, #2034, .T. ) ;
#3091 = AXIS2_PLACEMENT_3D ( 'NONE', #3783, #9055, #4541 ) ;
#3092 = DIRECTION ( 'NONE',  ( 1.000000000000000000, -0.0000000000000000000, -0.0000000000000000000 ) ) ;
#3093 =( GEOMETRIC_REPRESENTATION_CONTEXT ( 3 ) GLOBAL_UNCERTAINTY_ASSIGNED_CONTEXT ( ( #3822 ) ) GLOBAL_UNIT_ASSIGNED_CONTEXT ( ( #1913, #3880, #6385 ) ) REPRESENTATION_CONTEXT ( 'NONE', 'WORKASPACE' ) );
#3094 = SURFACE_STYLE_USAGE ( .BOTH. , #7625 ) ;
#3095 = VECTOR ( 'NONE', #725, 1000.000000000000000 ) ;
#3096 = PLANE ( 'NONE',  #9009 ) ;
#3097 = COLOUR_RGB ( '',0.7921568627450980005, 0.8196078431372548767, 0.9333333333333333481 ) ;
#3098 = EDGE_CURVE ( 'NONE', #9582, #2080, #6051, .T. ) ;
#3099 = ADVANCED_FACE ( 'NONE', ( #7593 ), #1475, .F. ) ;
#3100 = ORIENTED_EDGE ( 'NONE', *, *, #1568, .T. ) ;
#3101 = VERTEX_POINT ( 'NONE', #1417 ) ;
#3102 = DIRECTION ( 'NONE',  ( 0.0000000000000000000, 0.0000000000000000000, -1.000000000000000000 ) ) ;
#3103 = DIRECTION ( 'NONE',  ( -0.0000000000000000000, -0.0000000000000000000, -1.000000000000000000 ) ) ;
#3104 =( LENGTH_UNIT ( ) NAMED_UNIT ( * ) SI_UNIT ( .MILLI., .METRE. ) );
#3105 = VECTOR ( 'NONE', #7906, 1000.000000000000000 ) ;
#3106 = VECTOR ( 'NONE', #3190, 1000.000000000000000 ) ;
#3107 = CARTESIAN_POINT ( 'NONE',  ( 4.250000000000000000, 0.6500000000000000222, -3.617278184538625041 ) ) ;
#3108 = EDGE_CURVE ( 'NONE', #1180, #7733, #1116, .T. ) ;
#3109 = VECTOR ( 'NONE', #7260, 1000.000000000000000 ) ;
#3110 = VECTOR ( 'NONE', #9712, 999.9999999999998863 ) ;
#3111 =( NAMED_UNIT ( * ) PLANE_ANGLE_UNIT ( ) SI_UNIT ( $, .RADIAN. ) );
#3112 = PRESENTATION_LAYER_ASSIGNMENT (  '', '', ( #2106 ) ) ;
#3113 = EDGE_CURVE ( 'NONE', #1248, #4704, #6877, .T. ) ;
#3114 = VERTEX_POINT ( 'NONE', #5224 ) ;
#3115 = CARTESIAN_POINT ( 'NONE',  ( -2.200000000000000178, -4.000000000000000000, -1.499999999999999556 ) ) ;
#3116 =( NAMED_UNIT ( * ) SI_UNIT ( $, .STERADIAN. ) SOLID_ANGLE_UNIT ( ) );
#3117 = DIRECTION ( 'NONE',  ( -0.0000000000000000000, -0.0000000000000000000, -1.000000000000000000 ) ) ;
#3118 = DIRECTION ( 'NONE',  ( 1.000000000000000000, -0.0000000000000000000, 1.224646799147352961E-16 ) ) ;
#3119 = LINE ( 'NONE', #5101, #8918 ) ;
#3120 = DIRECTION ( 'NONE',  ( -1.000000000000000000, 0.0000000000000000000, -9.035018104045868969E-16 ) ) ;
#3121 = DIRECTION ( 'NONE',  ( 0.0000000000000000000, 0.0000000000000000000, -1.000000000000000000 ) ) ;
#3122 = ORIENTED_EDGE ( 'NONE', *, *, #8887, .T. ) ;
#3123 = DIRECTION ( 'NONE',  ( -1.224646799147352961E-16, 0.0000000000000000000, 1.000000000000000000 ) ) ;
#3124 = PRESENTATION_LAYER_ASSIGNMENT (  '', '', ( #2115 ) ) ;
#3125 = EDGE_CURVE ( 'NONE', #5762, #695, #8668, .T. ) ;
#3126 = DIRECTION ( 'NONE',  ( 0.0000000000000000000, 0.0000000000000000000, 1.000000000000000000 ) ) ;
#3127 = DIRECTION ( 'NONE',  ( -1.000000000000000000, -5.421010862427508365E-16, 0.0000000000000000000 ) ) ;
#3128 = ORIENTED_EDGE ( 'NONE', *, *, #5523, .T. ) ;
#3129 = DIRECTION ( 'NONE',  ( 0.0000000000000000000, -0.0000000000000000000, 1.000000000000000000 ) ) ;
#3130 = CARTESIAN_POINT ( 'NONE',  ( 4.150000000000000355, -0.3500000000000003109, 0.6502286246418802484 ) ) ;
#3131 = VERTEX_POINT ( 'NONE', #664 ) ;
#3132 = ORIENTED_EDGE ( 'NONE', *, *, #4766, .F. ) ;
#3133 = ORIENTED_EDGE ( 'NONE', *, *, #6652, .T. ) ;
#3134 = ORIENTED_EDGE ( 'NONE', *, *, #2450, .F. ) ;
#3135 = ORIENTED_EDGE ( 'NONE', *, *, #8173, .F. ) ;
#3136 = CARTESIAN_POINT ( 'NONE',  ( -4.399999999999998579, 1.649999999999999911, -1.700000000000001066 ) ) ;
#3137 = VERTEX_POINT ( 'NONE', #5075 ) ;
#3138 = VECTOR ( 'NONE', #5932, 1000.000000000000000 ) ;
#3139 = MECHANICAL_DESIGN_GEOMETRIC_PRESENTATION_REPRESENTATION (  '', ( #2128 ), #3661 ) ;
#3140 = ORIENTED_EDGE ( 'NONE', *, *, #16, .T. ) ;
#3141 = LINE ( 'NONE', #809, #5173 ) ;
#3142 = DIRECTION ( 'NONE',  ( -0.0000000000000000000, -5.656706986880892613E-16, 1.000000000000000000 ) ) ;
#3143 = ORIENTED_EDGE ( 'NONE', *, *, #2529, .F. ) ;
#3144 = ORIENTED_EDGE ( 'NONE', *, *, #791, .F. ) ;
#3145 = SURFACE_STYLE_USAGE ( .BOTH. , #7670 ) ;
#3146 =( GEOMETRIC_REPRESENTATION_CONTEXT ( 3 ) GLOBAL_UNCERTAINTY_ASSIGNED_CONTEXT ( ( #2915 ) ) GLOBAL_UNIT_ASSIGNED_CONTEXT ( ( #214, #6292, #2349 ) ) REPRESENTATION_CONTEXT ( 'NONE', 'WORKASPACE' ) );
#3147 = DIRECTION ( 'NONE',  ( 6.195440985631450387E-17, -1.000000000000000000, 0.0000000000000000000 ) ) ;
#3148 = ORIENTED_EDGE ( 'NONE', *, *, #7850, .F. ) ;
#3149 = ORIENTED_EDGE ( 'NONE', *, *, #2385, .T. ) ;
#3150 = DIRECTION ( 'NONE',  ( 1.000000000000000000, -0.0000000000000000000, -0.0000000000000000000 ) ) ;
#3151 = DIRECTION ( 'NONE',  ( 1.000000000000000000, 0.0000000000000000000, 9.035018104045868969E-16 ) ) ;
#3152 = VERTEX_POINT ( 'NONE', #5541 ) ;
#3153 = EDGE_CURVE ( 'NONE', #2075, #9045, #8898, .T. ) ;
#3154 =( NAMED_UNIT ( * ) SI_UNIT ( $, .STERADIAN. ) SOLID_ANGLE_UNIT ( ) );
#3155 = ADVANCED_FACE ( 'NONE', ( #4638 ), #3291, .F. ) ;
#3156 = AXIS2_PLACEMENT_3D ( 'NONE', #199, #5423, #924 ) ;
#3157 = DIRECTION ( 'NONE',  ( 1.224646799147352961E-16, 0.0000000000000000000, -1.000000000000000000 ) ) ;
#3158 = VECTOR ( 'NONE', #2126, 1000.000000000000000 ) ;
#3159 = EDGE_LOOP ( 'NONE', ( #3140, #9288, #5805, #1814 ) ) ;
#3160 = CARTESIAN_POINT ( 'NONE',  ( 4.150000000000000355, -0.3500000000000006439, 1.500000000000000000 ) ) ;
#3161 = MECHANICAL_DESIGN_GEOMETRIC_PRESENTATION_REPRESENTATION (  '', ( #1635 ), #3676 ) ;
#3162 = DIRECTION ( 'NONE',  ( 1.224646799147352961E-16, -1.204669080539449344E-16, -1.000000000000000000 ) ) ;
#3163 = LINE ( 'NONE', #785, #4961 ) ;
#3164 = CARTESIAN_POINT ( 'NONE',  ( -5.596732734143892607, -0.3500000000000004774, -0.6502286246418800264 ) ) ;
#3165 =( NAMED_UNIT ( * ) SI_UNIT ( $, .STERADIAN. ) SOLID_ANGLE_UNIT ( ) );
#3166 = PLANE ( 'NONE',  #6723 ) ;
#3167 = STYLED_ITEM ( 'NONE', ( #6234 ), #9665 ) ;
#3168 = ORIENTED_EDGE ( 'NONE', *, *, #5264, .T. ) ;
#3169 = ORIENTED_EDGE ( 'NONE', *, *, #5176, .F. ) ;
#3170 = ORIENTED_EDGE ( 'NONE', *, *, #7171, .T. ) ;
#3171 = AXIS2_PLACEMENT_3D ( 'NONE', #1102, #5757, #9367 ) ;
#3172 = DIRECTION ( 'NONE',  ( -0.1888473936501247619, -0.9820064469806472074, 9.517214474070424028E-17 ) ) ;
#3173 = VECTOR ( 'NONE', #8356, 1000.000000000000000 ) ;
#3174 = LINE ( 'NONE', #2854, #4976 ) ;
#3175 = EDGE_CURVE ( 'NONE', #6314, #5160, #2862, .T. ) ;
#3176 = CARTESIAN_POINT ( 'NONE',  ( 4.381141720290622210, 0.7424566881162492082, -0.9500000000000020650 ) ) ;
#3177 = CARTESIAN_POINT ( 'NONE',  ( -4.499999999999998224, 1.649999999999999911, -0.9500000000000016209 ) ) ;
#3178 = ORIENTED_EDGE ( 'NONE', *, *, #7176, .F. ) ;
#3179 = VERTEX_POINT ( 'NONE', #6824 ) ;
#3180 = ORIENTED_EDGE ( 'NONE', *, *, #2601, .F. ) ;
#3181 = VERTEX_POINT ( 'NONE', #1565 ) ;
#3182 = CARTESIAN_POINT ( 'NONE',  ( -3.399999999999997691, -1.750000000000000000, -1.150000000000000799 ) ) ;
#3183 = CARTESIAN_POINT ( 'NONE',  ( -0.3000000000000003775, -1.149999999999999911, -0.8291796067500623035 ) ) ;
#3184 =( GEOMETRIC_REPRESENTATION_CONTEXT ( 3 ) GLOBAL_UNCERTAINTY_ASSIGNED_CONTEXT ( ( #5395 ) ) GLOBAL_UNIT_ASSIGNED_CONTEXT ( ( #7352, #3111, #8055 ) ) REPRESENTATION_CONTEXT ( 'NONE', 'WORKASPACE' ) );
#3185 = VERTEX_POINT ( 'NONE', #6087 ) ;
#3186 = LINE ( 'NONE', #6724, #1207 ) ;
#3187 =( GEOMETRIC_REPRESENTATION_CONTEXT ( 3 ) GLOBAL_UNCERTAINTY_ASSIGNED_CONTEXT ( ( #6494 ) ) GLOBAL_UNIT_ASSIGNED_CONTEXT ( ( #126, #8522, #5857 ) ) REPRESENTATION_CONTEXT ( 'NONE', 'WORKASPACE' ) );
#3188 =( NAMED_UNIT ( * ) SI_UNIT ( $, .STERADIAN. ) SOLID_ANGLE_UNIT ( ) );
#3189 = VECTOR ( 'NONE', #621, 1000.000000000000000 ) ;
#3190 = DIRECTION ( 'NONE',  ( 0.0000000000000000000, 0.0000000000000000000, 1.000000000000000000 ) ) ;
#3191 = COLOUR_RGB ( '',0.2509803921568627416, 0.2509803921568627416, 0.2509803921568627416 ) ;
#3192 =( NAMED_UNIT ( * ) PLANE_ANGLE_UNIT ( ) SI_UNIT ( $, .RADIAN. ) );
#3193 = ORIENTED_EDGE ( 'NONE', *, *, #9034, .F. ) ;
#3194 = DIRECTION ( 'NONE',  ( -6.195440985631461234E-16, 0.0000000000000000000, -1.000000000000000000 ) ) ;
#3195 = VECTOR ( 'NONE', #7609, 1000.000000000000000 ) ;
#3196 =( LENGTH_UNIT ( ) NAMED_UNIT ( * ) SI_UNIT ( .MILLI., .METRE. ) );
#3197 = CARTESIAN_POINT ( 'NONE',  ( -0.2999999999999994893, -1.149999999999999911, -1.800000000000000711 ) ) ;
#3198 = DIRECTION ( 'NONE',  ( -1.000000000000000000, 0.0000000000000000000, 0.0000000000000000000 ) ) ;
#3199 = LINE ( 'NONE', #4155, #2475 ) ;
#3200 = DIRECTION ( 'NONE',  ( -0.0000000000000000000, 1.000000000000000000, -0.0000000000000000000 ) ) ;
#3201 = ADVANCED_FACE ( 'NONE', ( #6413 ), #9502, .F. ) ;
#3202 = DIRECTION ( 'NONE',  ( 1.224646799147352961E-16, -1.204669080539449344E-16, -1.000000000000000000 ) ) ;
#3203 = PRESENTATION_LAYER_ASSIGNMENT (  '', '', ( #2179 ) ) ;
#3204 = VECTOR ( 'NONE', #196, 1000.000000000000227 ) ;
#3205 = SURFACE_STYLE_USAGE ( .BOTH. , #7735 ) ;
#3206 =( LENGTH_UNIT ( ) NAMED_UNIT ( * ) SI_UNIT ( .MILLI., .METRE. ) );
#3207 = VECTOR ( 'NONE', #868, 1000.000000000000000 ) ;
#3208 = EDGE_CURVE ( 'NONE', #3181, #7286, #4404, .T. ) ;
#3209 = DIRECTION ( 'NONE',  ( -0.0000000000000000000, -0.0000000000000000000, -1.000000000000000000 ) ) ;
#3210 = AXIS2_PLACEMENT_3D ( 'NONE', #4049, #9335, #4815 ) ;
#3211 = MANIFOLD_SOLID_BREP ( 'LPattern1[3]', #7636 ) ;
#3212 = ADVANCED_FACE ( 'NONE', ( #3699 ), #8480, .F. ) ;
#3213 = LINE ( 'NONE', #2659, #8419 ) ;
#3214 = DIRECTION ( 'NONE',  ( 0.0000000000000000000, 0.0000000000000000000, 1.000000000000000000 ) ) ;
#3215 = CARTESIAN_POINT ( 'NONE',  ( -2.799999999999999822, -0.8499999999999990896, 1.499999999999999334 ) ) ;
#3216 = SURFACE_STYLE_USAGE ( .BOTH. , #7747 ) ;
#3217 = ORIENTED_EDGE ( 'NONE', *, *, #7314, .F. ) ;
#3218 = FACE_OUTER_BOUND ( 'NONE', #8255, .T. ) ;
#3219 = CARTESIAN_POINT ( 'NONE',  ( -4.150000000000000355, -0.3500000000000005884, 1.500000000000000000 ) ) ;
#3220 = LINE ( 'NONE', #378, #5029 ) ;
#3221 = DIRECTION ( 'NONE',  ( -0.0000000000000000000, -1.000000000000000000, -0.0000000000000000000 ) ) ;
#3222 = CARTESIAN_POINT ( 'NONE',  ( -4.150000000000000355, 0.6499999999999989120, -1.500000000000000000 ) ) ;
#3223 = VECTOR ( 'NONE', #2729, 1000.000000000000000 ) ;
#3224 = DIRECTION ( 'NONE',  ( 1.000000000000000000, -1.445602896647335958E-15, -2.409338161078899427E-17 ) ) ;
#3225 = EDGE_CURVE ( 'NONE', #8225, #5, #1668, .T. ) ;
#3226 = COLOUR_RGB ( '',0.2509803921568627416, 0.2509803921568627416, 0.2509803921568627416 ) ;
#3227 = STYLED_ITEM ( 'NONE', ( #5461 ), #2119 ) ;
#3228 = CARTESIAN_POINT ( 'NONE',  ( -3.399999999999998135, -1.750000000000000000, 1.149999999999999023 ) ) ;
#3229 =( NAMED_UNIT ( * ) PLANE_ANGLE_UNIT ( ) SI_UNIT ( $, .RADIAN. ) );
#3230 = DIRECTION ( 'NONE',  ( -0.0000000000000000000, -1.000000000000000000, -0.0000000000000000000 ) ) ;
#3231 =( LENGTH_UNIT ( ) NAMED_UNIT ( * ) SI_UNIT ( .MILLI., .METRE. ) );
#3232 = ORIENTED_EDGE ( 'NONE', *, *, #1335, .T. ) ;
#3233 = FACE_OUTER_BOUND ( 'NONE', #3043, .T. ) ;
#3234 = EDGE_CURVE ( 'NONE', #9078, #4528, #8417, .T. ) ;
#3235 = CARTESIAN_POINT ( 'NONE',  ( -4.336396625881108413, 2.182442555609685364, 0.9500000000000022871 ) ) ;
#3236 = LINE ( 'NONE', #3308, #5485 ) ;
#3237 = FILL_AREA_STYLE_COLOUR ( '', #4397 ) ;
#3238 = EDGE_LOOP ( 'NONE', ( #3263, #4365, #9659, #7897 ) ) ;
#3239 = FACE_OUTER_BOUND ( 'NONE', #1030, .T. ) ;
#3240 = ORIENTED_EDGE ( 'NONE', *, *, #2404, .F. ) ;
#3241 = PLANE ( 'NONE',  #9236 ) ;
#3242 = LINE ( 'NONE', #674, #2808 ) ;
#3243 = EDGE_CURVE ( 'NONE', #6048, #6921, #9484, .T. ) ;
#3244 = CARTESIAN_POINT ( 'NONE',  ( 0.2999999999999999334, -4.000000000000000000, -1.499999999999999556 ) ) ;
#3245 = ORIENTED_EDGE ( 'NONE', *, *, #4316, .T. ) ;
#3246 = ORIENTED_EDGE ( 'NONE', *, *, #1528, .T. ) ;
#3247 = DIRECTION ( 'NONE',  ( 0.0000000000000000000, 1.544312022800115745E-16, -1.000000000000000000 ) ) ;
#3248 = MECHANICAL_DESIGN_GEOMETRIC_PRESENTATION_REPRESENTATION (  '', ( #1718 ), #3768 ) ;
#3249 = EDGE_CURVE ( 'NONE', #2080, #7373, #7478, .T. ) ;
#3250 = ORIENTED_EDGE ( 'NONE', *, *, #979, .F. ) ;
#3251 = ORIENTED_EDGE ( 'NONE', *, *, #1702, .F. ) ;
#3252 =( NAMED_UNIT ( * ) SI_UNIT ( $, .STERADIAN. ) SOLID_ANGLE_UNIT ( ) );
#3253 = DIRECTION ( 'NONE',  ( 1.000000000000000000, 0.0000000000000000000, 0.0000000000000000000 ) ) ;
#3254 = DIRECTION ( 'NONE',  ( 1.000000000000000000, -0.0000000000000000000, 1.224646799147352961E-16 ) ) ;
#3255 = CARTESIAN_POINT ( 'NONE',  ( 4.150000000000000355, 0.6199999999999988853, -0.9500000000000025091 ) ) ;
#3256 = ADVANCED_FACE ( 'NONE', ( #3456 ), #7821, .F. ) ;
#3257 = ORIENTED_EDGE ( 'NONE', *, *, #1061, .T. ) ;
#3258 = VERTEX_POINT ( 'NONE', #1896 ) ;
#3259 = LINE ( 'NONE', #6945, #8821 ) ;
#3260 = ORIENTED_EDGE ( 'NONE', *, *, #9423, .T. ) ;
#3261 = AXIS2_PLACEMENT_3D ( 'NONE', #5765, #9598, #93 ) ;
#3262 = ORIENTED_EDGE ( 'NONE', *, *, #6488, .F. ) ;
#3263 = ORIENTED_EDGE ( 'NONE', *, *, #3989, .F. ) ;
#3264 = DIRECTION ( 'NONE',  ( 1.000000000000000000, 0.0000000000000000000, 0.0000000000000000000 ) ) ;
#3265 = CARTESIAN_POINT ( 'NONE',  ( -2.799999999999999822, -0.8499999999999992006, 1.499999999999999334 ) ) ;
#3266 =( LENGTH_UNIT ( ) NAMED_UNIT ( * ) SI_UNIT ( .MILLI., .METRE. ) );
#3267 = CARTESIAN_POINT ( 'NONE',  ( -2.800000000000000266, -1.149999999999999911, -0.8291796067500623035 ) ) ;
#3268 = VERTEX_POINT ( 'NONE', #434 ) ;
#3269 = VERTEX_POINT ( 'NONE', #1131 ) ;
#3270 = ADVANCED_FACE ( 'NONE', ( #770 ), #2488, .T. ) ;
#3271 = DIRECTION ( 'NONE',  ( 0.0000000000000000000, 0.0000000000000000000, 1.000000000000000000 ) ) ;
#3272 = MECHANICAL_DESIGN_GEOMETRIC_PRESENTATION_REPRESENTATION (  '', ( #1745 ), #3786 ) ;
#3273 = ORIENTED_EDGE ( 'NONE', *, *, #3454, .T. ) ;
#3274 = VERTEX_POINT ( 'NONE', #1169 ) ;
#3275 = SURFACE_STYLE_USAGE ( .BOTH. , #7808 ) ;
#3276 = LINE ( 'NONE', #2523, #3765 ) ;
#3277 = DIRECTION ( 'NONE',  ( -1.000000000000000000, 0.0000000000000000000, -0.0000000000000000000 ) ) ;
#3278 = AXIS2_PLACEMENT_3D ( 'NONE', #2427, #8657, #8519 ) ;
#3279 = DIRECTION ( 'NONE',  ( -0.0000000000000000000, 1.000000000000000000, 0.0000000000000000000 ) ) ;
#3280 = COLOUR_RGB ( '',0.2509803921568627416, 0.2509803921568627416, 0.2509803921568627416 ) ;
#3281 = AXIS2_PLACEMENT_3D ( 'NONE', #9427, #4917, #427 ) ;
#3282 = DIRECTION ( 'NONE',  ( -1.000000000000000000, 0.0000000000000000000, 0.0000000000000000000 ) ) ;
#3283 = LINE ( 'NONE', #8568, #3406 ) ;
#3284 = ORIENTED_EDGE ( 'NONE', *, *, #6586, .F. ) ;
#3285 =( NAMED_UNIT ( * ) SI_UNIT ( $, .STERADIAN. ) SOLID_ANGLE_UNIT ( ) );
#3286 = ORIENTED_EDGE ( 'NONE', *, *, #7401, .F. ) ;
#3287 = EDGE_CURVE ( 'NONE', #1421, #3131, #4525, .T. ) ;
#3288 = DIRECTION ( 'NONE',  ( 0.0000000000000000000, 0.0000000000000000000, -1.000000000000000000 ) ) ;
#3289 = FACE_OUTER_BOUND ( 'NONE', #4205, .T. ) ;
#3290 =( NAMED_UNIT ( * ) SI_UNIT ( $, .STERADIAN. ) SOLID_ANGLE_UNIT ( ) );
#3291 = PLANE ( 'NONE',  #9326 ) ;
#3292 = VECTOR ( 'NONE', #2429, 1000.000000000000000 ) ;
#3293 = CARTESIAN_POINT ( 'NONE',  ( -4.389493895187376538, 1.750000000000000000, 1.057577514949780497E-15 ) ) ;
#3294 =( NAMED_UNIT ( * ) PLANE_ANGLE_UNIT ( ) SI_UNIT ( $, .RADIAN. ) );
#3295 = DIRECTION ( 'NONE',  ( 0.0000000000000000000, -1.000000000000000000, 0.0000000000000000000 ) ) ;
#3297 = EDGE_LOOP ( 'NONE', ( #6903, #7028, #2051, #1040 ) ) ;
#3296 =( LENGTH_UNIT ( ) NAMED_UNIT ( * ) SI_UNIT ( .MILLI., .METRE. ) );
#3298 = EDGE_CURVE ( 'NONE', #2298, #3885, #2743, .T. ) ;
#3299 = VERTEX_POINT ( 'NONE', #9336 ) ;
#3300 = ORIENTED_EDGE ( 'NONE', *, *, #9171, .F. ) ;
#3301 = PRODUCT_CONTEXT ( 'NONE', #9313, 'mechanical' ) ;
#3302 = CARTESIAN_POINT ( 'NONE',  ( -2.325000000000000178, -0.8499999999999992006, 1.499999999999999334 ) ) ;
#3303 = CARTESIAN_POINT ( 'NONE',  ( 4.399999999999998579, 1.649999999999999911, -0.9500000000000020650 ) ) ;
#3304 = VECTOR ( 'NONE', #3358, 1000.000000000000000 ) ;
#3305 = ORIENTED_EDGE ( 'NONE', *, *, #8306, .T. ) ;
#3306 = PRESENTATION_STYLE_ASSIGNMENT (( #6656 ) ) ;
#3307 = EDGE_CURVE ( 'NONE', #6856, #35, #549, .T. ) ;
#3308 = CARTESIAN_POINT ( 'NONE',  ( -5.221110255092797026, -1.149999999999999911, 1.800000000000000044 ) ) ;
#3309 = ADVANCED_FACE ( 'NONE', ( #6277 ), #7086, .F. ) ;
#3310 = EDGE_CURVE ( 'NONE', #7373, #8610, #9355, .T. ) ;
#3311 = EDGE_CURVE ( 'NONE', #9025, #8371, #1550, .T. ) ;
#3312 = DIRECTION ( 'NONE',  ( -1.000000000000000000, 0.0000000000000000000, -1.224646799147352961E-16 ) ) ;
#3313 = VERTEX_POINT ( 'NONE', #6250 ) ;
#3314 = LINE ( 'NONE', #9425, #3070 ) ;
#3315 = ADVANCED_FACE ( 'NONE', ( #1336 ), #4781, .F. ) ;
#3316 = PRESENTATION_LAYER_ASSIGNMENT (  '', '', ( #2279 ) ) ;
#3317 = CARTESIAN_POINT ( 'NONE',  ( -0.1750000000000002387, -4.749999999999999112, 3.800000000000001155 ) ) ;
#3318 = PRESENTATION_STYLE_ASSIGNMENT (( #3275 ) ) ;
#3319 = PRESENTATION_STYLE_ASSIGNMENT (( #7640 ) ) ;
#3320 = FILL_AREA_STYLE_COLOUR ( '', #3428 ) ;
#3321 = EDGE_LOOP ( 'NONE', ( #942, #4598, #3143, #1947 ) ) ;
#3322 = EDGE_CURVE ( 'NONE', #6925, #5986, #655, .T. ) ;
#3323 = PLANE ( 'NONE',  #9293 ) ;
#3324 = VECTOR ( 'NONE', #4631, 1000.000000000000000 ) ;
#3325 = SURFACE_SIDE_STYLE ('',( #7359 ) ) ;
#3326 = DIRECTION ( 'NONE',  ( 1.000000000000000000, -0.0000000000000000000, -0.0000000000000000000 ) ) ;
#3327 = CARTESIAN_POINT ( 'NONE',  ( 2.200000000000000178, -1.149999999999999911, 1.499999999999999334 ) ) ;
#3328 = CARTESIAN_POINT ( 'NONE',  ( 1.235990476633409422E-14, 0.6499999999999989120, -0.9499999999999437783 ) ) ;
#3329 = VECTOR ( 'NONE', #988, 1000.000000000000000 ) ;
#3330 = VECTOR ( 'NONE', #3759, 1000.000000000000000 ) ;
#3331 = DIRECTION ( 'NONE',  ( 1.000000000000000000, -0.0000000000000000000, 1.224646799147352961E-16 ) ) ;
#3332 = COLOUR_RGB ( '',0.2509803921568627416, 0.2509803921568627416, 0.2509803921568627416 ) ;
#3333 = CARTESIAN_POINT ( 'NONE',  ( 0.1749999999999998224, -4.750000000000000000, -1.499999999999999556 ) ) ;
#3334 = PRESENTATION_STYLE_ASSIGNMENT (( #6973 ) ) ;
#3335 =( NAMED_UNIT ( * ) PLANE_ANGLE_UNIT ( ) SI_UNIT ( $, .RADIAN. ) );
#3336 = FACE_OUTER_BOUND ( 'NONE', #7632, .T. ) ;
#3337 = VECTOR ( 'NONE', #7624, 1000.000000000000000 ) ;
#3338 = CARTESIAN_POINT ( 'NONE',  ( -4.389493895187376538, 1.750000000000000000, 1.800000000000000044 ) ) ;
#3339 = MECHANICAL_DESIGN_GEOMETRIC_PRESENTATION_REPRESENTATION (  '', ( #1807 ), #3841 ) ;
#3340 = UNCERTAINTY_MEASURE_WITH_UNIT (LENGTH_MEASURE( 1.000000000000000082E-05 ), #4940, 'distance_accuracy_value', 'NONE');
#3341 = FILL_AREA_STYLE ('',( #1811 ) ) ;
#3342 = DIRECTION ( 'NONE',  ( 1.807003620809173892E-16, 0.0000000000000000000, 1.000000000000000000 ) ) ;
#3343 = CARTESIAN_POINT ( 'NONE',  ( 4.150000000000000355, 0.0000000000000000000, -0.5081345747705631188 ) ) ;
#3344 = EDGE_CURVE ( 'NONE', #8027, #9755, #4630, .T. ) ;
#3345 = LINE ( 'NONE', #1932, #5355 ) ;
#3346 = DIRECTION ( 'NONE',  ( 0.0000000000000000000, -0.0000000000000000000, 1.000000000000000000 ) ) ;
#3347 =( GEOMETRIC_REPRESENTATION_CONTEXT ( 3 ) GLOBAL_UNCERTAINTY_ASSIGNED_CONTEXT ( ( #9428 ) ) GLOBAL_UNIT_ASSIGNED_CONTEXT ( ( #5212, #715, #5964 ) ) REPRESENTATION_CONTEXT ( 'NONE', 'WORKASPACE' ) );
#3348 = ORIENTED_EDGE ( 'NONE', *, *, #4078, .T. ) ;
#3349 = CARTESIAN_POINT ( 'NONE',  ( 2.199999999999999734, -3.999999999999999112, 1.800000000000000711 ) ) ;
#3350 = DIRECTION ( 'NONE',  ( 0.0000000000000000000, 0.0000000000000000000, -1.000000000000000000 ) ) ;
#3351 = VECTOR ( 'NONE', #7541, 1000.000000000000000 ) ;
#3352 = MECHANICAL_DESIGN_GEOMETRIC_PRESENTATION_REPRESENTATION (  '', ( #1825 ), #3859 ) ;
#3353 = CARTESIAN_POINT ( 'NONE',  ( 4.250000000000000000, 0.6500000000000000222, -3.617278184538625041 ) ) ;
#3354 = ADVANCED_FACE ( 'NONE', ( #8411 ), #9375, .F. ) ;
#3355 = ORIENTED_EDGE ( 'NONE', *, *, #1217, .F. ) ;
#3356 = VECTOR ( 'NONE', #4386, 1000.000000000000000 ) ;
#3357 = DIRECTION ( 'NONE',  ( 1.000000000000000000, 0.0000000000000000000, -2.409338161078898194E-16 ) ) ;
#3358 = DIRECTION ( 'NONE',  ( 1.000000000000000000, 0.0000000000000000000, 9.035018104045868969E-16 ) ) ;
#3359 = AXIS2_PLACEMENT_3D ( 'NONE', #7192, #8724, #4192 ) ;
#3360 = ORIENTED_EDGE ( 'NONE', *, *, #1678, .F. ) ;
#3361 = PLANE ( 'NONE',  #6114 ) ;
#3362 = LINE ( 'NONE', #7627, #4428 ) ;
#3363 = STYLED_ITEM ( 'NONE', ( #3533 ), #2494 ) ;
#3364 = CARTESIAN_POINT ( 'NONE',  ( 4.150000000000000355, 0.6199999999999988853, 1.500000000000000000 ) ) ;
#3365 = VERTEX_POINT ( 'NONE', #8108 ) ;
#3366 = DIRECTION ( 'NONE',  ( -1.000000000000000000, 0.0000000000000000000, 0.0000000000000000000 ) ) ;
#3367 = ADVANCED_FACE ( 'NONE', ( #3688 ), #8001, .F. ) ;
#3368 = ORIENTED_EDGE ( 'NONE', *, *, #3671, .F. ) ;
#3369 = EDGE_CURVE ( 'NONE', #8853, #4571, #2962, .T. ) ;
#3370 = DIRECTION ( 'NONE',  ( 1.000000000000000000, 0.0000000000000000000, 0.0000000000000000000 ) ) ;
#3371 = DIRECTION ( 'NONE',  ( -1.224646799147352961E-16, 0.0000000000000000000, 1.000000000000000000 ) ) ;
#3372 = DIRECTION ( 'NONE',  ( -1.000000000000000000, -0.0000000000000000000, -0.0000000000000000000 ) ) ;
#3373 = ORIENTED_EDGE ( 'NONE', *, *, #9291, .T. ) ;
#3374 = VERTEX_POINT ( 'NONE', #2032 ) ;
#3375 = EDGE_CURVE ( 'NONE', #7715, #8293, #8774, .T. ) ;
#3376 = CARTESIAN_POINT ( 'NONE',  ( 4.150000000000000355, 0.6499999999999982458, -0.9500000000000025091 ) ) ;
#3377 = CARTESIAN_POINT ( 'NONE',  ( -4.150000000000000355, -1.084202172485504434E-16, 0.5081345747705630078 ) ) ;
#3378 = CARTESIAN_POINT ( 'NONE',  ( 2.800000000000000266, -4.000000000000001776, -1.800000000000000266 ) ) ;
#3379 =( GEOMETRIC_REPRESENTATION_CONTEXT ( 3 ) GLOBAL_UNCERTAINTY_ASSIGNED_CONTEXT ( ( #1935 ) ) GLOBAL_UNIT_ASSIGNED_CONTEXT ( ( #902, #4848, #9163 ) ) REPRESENTATION_CONTEXT ( 'NONE', 'WORKASPACE' ) );
#3380 = VERTEX_POINT ( 'NONE', #9278 ) ;
#3381 = ORIENTED_EDGE ( 'NONE', *, *, #9310, .F. ) ;
#3382 = VECTOR ( 'NONE', #7038, 1000.000000000000000 ) ;
#3383 = CARTESIAN_POINT ( 'NONE',  ( -4.150000000000000355, 0.6499999999999989120, -1.500000000000000000 ) ) ;
#3384 =( NAMED_UNIT ( * ) SI_UNIT ( $, .STERADIAN. ) SOLID_ANGLE_UNIT ( ) );
#3385 = FACE_OUTER_BOUND ( 'NONE', #2196, .T. ) ;
#3386 = CARTESIAN_POINT ( 'NONE',  ( 2.200000000000000622, -4.750000000000000000, -1.800000000000000266 ) ) ;
#3387 = CARTESIAN_POINT ( 'NONE',  ( 0.0000000000000000000, -1.750000000000000000, 0.8000000000000001554 ) ) ;
#3388 = CARTESIAN_POINT ( 'NONE',  ( -2.200000000000000178, -0.8499999999999992006, -1.800000000000001155 ) ) ;
#3389 = SURFACE_SIDE_STYLE ('',( #3017 ) ) ;
#3390 = VERTEX_POINT ( 'NONE', #5517 ) ;
#3391 = PLANE ( 'NONE',  #1085 ) ;
#3392 = DIRECTION ( 'NONE',  ( 1.301042606982613367E-14, 0.0000000000000000000, -1.000000000000000000 ) ) ;
#3393 = ORIENTED_EDGE ( 'NONE', *, *, #8315, .T. ) ;
#3394 =( GEOMETRIC_REPRESENTATION_CONTEXT ( 3 ) GLOBAL_UNCERTAINTY_ASSIGNED_CONTEXT ( ( #1242 ) ) GLOBAL_UNIT_ASSIGNED_CONTEXT ( ( #1949, #4907, #6354 ) ) REPRESENTATION_CONTEXT ( 'NONE', 'WORKASPACE' ) );
#3395 = UNCERTAINTY_MEASURE_WITH_UNIT (LENGTH_MEASURE( 1.000000000000000082E-05 ), #8662, 'distance_accuracy_value', 'NONE');
#3396 = VECTOR ( 'NONE', #864, 1000.000000000000000 ) ;
#3397 = ORIENTED_EDGE ( 'NONE', *, *, #4829, .F. ) ;
#3398 = FILL_AREA_STYLE ('',( #8703 ) ) ;
#3399 = ORIENTED_EDGE ( 'NONE', *, *, #4036, .F. ) ;
#3400 = PLANE ( 'NONE',  #8478 ) ;
#3401 = LINE ( 'NONE', #1107, #9193 ) ;
#3402 = CARTESIAN_POINT ( 'NONE',  ( -4.499999999999998224, 0.6499999999999989120, 1.800000000000000044 ) ) ;
#3403 = DIRECTION ( 'NONE',  ( -0.0000000000000000000, 0.0000000000000000000, 1.000000000000000000 ) ) ;
#3404 = EDGE_CURVE ( 'NONE', #2071, #5311, #4743, .T. ) ;
#3405 = AXIS2_PLACEMENT_3D ( 'NONE', #6305, #9186, #1672 ) ;
#3406 = VECTOR ( 'NONE', #7780, 1000.000000000000000 ) ;
#3407 = EDGE_LOOP ( 'NONE', ( #7507, #2810, #5980, #1461 ) ) ;
#3408 = ORIENTED_EDGE ( 'NONE', *, *, #6660, .F. ) ;
#3409 = DIRECTION ( 'NONE',  ( -1.000000000000000000, 0.0000000000000000000, 0.0000000000000000000 ) ) ;
#3410 = MECHANICAL_DESIGN_GEOMETRIC_PRESENTATION_REPRESENTATION (  '', ( #1885 ), #3915 ) ;
#3411 = DIRECTION ( 'NONE',  ( -1.000000000000000000, 0.0000000000000000000, 0.0000000000000000000 ) ) ;
#3412 = DIRECTION ( 'NONE',  ( 1.000000000000000000, 0.0000000000000000000, 2.710505431213760592E-16 ) ) ;
#3413 = DIRECTION ( 'NONE',  ( 1.224646799147352961E-16, 0.0000000000000000000, -1.000000000000000000 ) ) ;
#3414 = SURFACE_STYLE_FILL_AREA ( #3795 ) ;
#3415 = ADVANCED_FACE ( 'NONE', ( #978 ), #3026, .F. ) ;
#3416 = STYLED_ITEM ( 'NONE', ( #8525 ), #8869 ) ;
#3417 = PLANE ( 'NONE',  #6317 ) ;
#3418 = VECTOR ( 'NONE', #4081, 1000.000000000000000 ) ;
#3419 = EDGE_CURVE ( 'NONE', #2628, #1365, #75, .T. ) ;
#3420 = CARTESIAN_POINT ( 'NONE',  ( 4.150000000000000355, -0.3500000000000006439, -1.500000000000000000 ) ) ;
#3421 = CARTESIAN_POINT ( 'NONE',  ( -4.399999999999997691, 1.750000000000000000, 1.699999999999999956 ) ) ;
#3422 = AXIS2_PLACEMENT_3D ( 'NONE', #7182, #7948, #3413 ) ;
#3423 = EDGE_LOOP ( 'NONE', ( #1164, #9128, #4547, #6444, #9341 ) ) ;
#3424 = AXIS2_PLACEMENT_3D ( 'NONE', #837, #4770, #1587 ) ;
#3425 =( LENGTH_UNIT ( ) NAMED_UNIT ( * ) SI_UNIT ( .MILLI., .METRE. ) );
#3426 = SURFACE_STYLE_USAGE ( .BOTH. , #8617 ) ;
#3427 = CARTESIAN_POINT ( 'NONE',  ( 4.399999999999998579, 1.750000000000000000, -0.9500000000000020650 ) ) ;
#3428 = COLOUR_RGB ( '',0.2509803921568627416, 0.2509803921568627416, 0.2509803921568627416 ) ;
#3429 = EDGE_CURVE ( 'NONE', #8454, #6954, #2009, .T. ) ;
#3430 = VERTEX_POINT ( 'NONE', #7830 ) ;
#3431 = LINE ( 'NONE', #2413, #4984 ) ;
#3432 = DIRECTION ( 'NONE',  ( 0.0000000000000000000, -1.000000000000000000, 0.0000000000000000000 ) ) ;
#3433 = VECTOR ( 'NONE', #2050, 1000.000000000000000 ) ;
#3434 = DIRECTION ( 'NONE',  ( 0.0000000000000000000, -1.000000000000000000, 0.0000000000000000000 ) ) ;
#3435 = UNCERTAINTY_MEASURE_WITH_UNIT (LENGTH_MEASURE( 1.000000000000000082E-05 ), #8058, 'distance_accuracy_value', 'NONE');
#3436 = LINE ( 'NONE', #3085, #8277 ) ;
#3437 = EDGE_CURVE ( 'NONE', #4833, #7443, #1456, .T. ) ;
#3438 = DIRECTION ( 'NONE',  ( 0.0000000000000000000, -1.000000000000000000, 0.0000000000000000000 ) ) ;
#3439 = CARTESIAN_POINT ( 'NONE',  ( 4.399999999999998579, 1.649999999999999911, -1.700000000000001288 ) ) ;
#3440 = CARTESIAN_POINT ( 'NONE',  ( -4.399999999999997691, 1.664434642797407493, 1.699999999999999956 ) ) ;
#3441 = PRESENTATION_LAYER_ASSIGNMENT (  '', '', ( #2931 ) ) ;
#3442 = EDGE_CURVE ( 'NONE', #2169, #6702, #3470, .T. ) ;
#3443 = FACE_OUTER_BOUND ( 'NONE', #8734, .T. ) ;
#3444 = PRESENTATION_STYLE_ASSIGNMENT (( #3145 ) ) ;
#3445 = COLOUR_RGB ( '',0.2509803921568627416, 0.2509803921568627416, 0.2509803921568627416 ) ;
#3446 = CARTESIAN_POINT ( 'NONE',  ( -4.157921419152776465, 0.6499999999999989120, 0.9500000000000026201 ) ) ;
#3447 = CARTESIAN_POINT ( 'NONE',  ( 0.2999999999999999334, -3.999999999999999112, 1.499999999999999778 ) ) ;
#3448 = LINE ( 'NONE', #2433, #1434 ) ;
#3449 = DIRECTION ( 'NONE',  ( 2.409338161078899427E-17, -0.0000000000000000000, 1.000000000000000000 ) ) ;
#3450 = CARTESIAN_POINT ( 'NONE',  ( 2.799999999999999822, -0.8499999999999992006, -1.499999999999999778 ) ) ;
#3451 = VECTOR ( 'NONE', #9318, 1000.000000000000000 ) ;
#3452 = CYLINDRICAL_SURFACE ( 'NONE', #5703, 0.02999999999999964501 ) ;
#3453 = PLANE ( 'NONE',  #6401 ) ;
#3454 = EDGE_CURVE ( 'NONE', #7296, #6954, #7259, .T. ) ;
#3455 =( NAMED_UNIT ( * ) SI_UNIT ( $, .STERADIAN. ) SOLID_ANGLE_UNIT ( ) );
#3456 = FACE_OUTER_BOUND ( 'NONE', #7610, .T. ) ;
#3457 = FILL_AREA_STYLE_COLOUR ( '', #9245 ) ;
#3458 = DIRECTION ( 'NONE',  ( 2.478176394252583310E-15, 0.0000000000000000000, -1.000000000000000000 ) ) ;
#3459 = CARTESIAN_POINT ( 'NONE',  ( -2.799999999999999822, -0.8499999999999992006, 1.499999999999999334 ) ) ;
#3460 = CARTESIAN_POINT ( 'NONE',  ( 2.675000000000000266, -4.750000000000000000, -1.800000000000000488 ) ) ;
#3461 = LINE ( 'NONE', #889, #1448 ) ;
#3462 = ORIENTED_EDGE ( 'NONE', *, *, #9594, .F. ) ;
#3463 =( NAMED_UNIT ( * ) PLANE_ANGLE_UNIT ( ) SI_UNIT ( $, .RADIAN. ) );
#3464 =( NAMED_UNIT ( * ) PLANE_ANGLE_UNIT ( ) SI_UNIT ( $, .RADIAN. ) );
#3465 = ORIENTED_EDGE ( 'NONE', *, *, #6993, .F. ) ;
#3466 = ADVANCED_FACE ( 'NONE', ( #9011 ), #9474, .F. ) ;
#3467 = AXIS2_PLACEMENT_3D ( 'NONE', #6274, #1220, #5847 ) ;
#3468 = LINE ( 'NONE', #5697, #5873 ) ;
#3469 = DIRECTION ( 'NONE',  ( -0.1888473936501247619, -0.9820064469806472074, 8.607220009787356294E-17 ) ) ;
#3470 = LINE ( 'NONE', #3580, #5240 ) ;
#3471 = COLOUR_RGB ( '',0.2509803921568627416, 0.2509803921568627416, 0.2509803921568627416 ) ;
#3472 = ORIENTED_EDGE ( 'NONE', *, *, #4460, .F. ) ;
#3473 = CIRCLE ( 'NONE', #8193, 0.07999999999999998779 ) ;
#3474 = PRESENTATION_LAYER_ASSIGNMENT (  '', '', ( #3984 ) ) ;
#3475 = LINE ( 'NONE', #7307, #3489 ) ;
#3476 = EDGE_CURVE ( 'NONE', #8723, #3849, #8307, .T. ) ;
#3477 = DIRECTION ( 'NONE',  ( 0.0000000000000000000, 0.9265528178475213039, -0.3761646923075291915 ) ) ;
#3478 = VECTOR ( 'NONE', #4790, 1000.000000000000000 ) ;
#3479 = ORIENTED_EDGE ( 'NONE', *, *, #1019, .F. ) ;
#3480 = PRESENTATION_STYLE_ASSIGNMENT (( #4104 ) ) ;
#3481 = PRESENTATION_STYLE_ASSIGNMENT (( #4108 ) ) ;
#3482 = EDGE_LOOP ( 'NONE', ( #2927, #4446, #8214, #7429 ) ) ;
#3483 = CARTESIAN_POINT ( 'NONE',  ( -4.499999999999999112, 1.750000000000000000, -1.800000000000000933 ) ) ;
#3484 = CARTESIAN_POINT ( 'NONE',  ( -8.279219496139379686, 0.4999999999999997780, 0.9500000000000025091 ) ) ;
#3485 = DIRECTION ( 'NONE',  ( 1.000000000000000000, 0.0000000000000000000, 0.0000000000000000000 ) ) ;
#3486 = ORIENTED_EDGE ( 'NONE', *, *, #5922, .F. ) ;
#3487 = CARTESIAN_POINT ( 'NONE',  ( 4.389493895187377426, 1.750000000000000000, 1.699999999999999956 ) ) ;
#3488 = CARTESIAN_POINT ( 'NONE',  ( 2.199999999999999734, -1.149999999999999911, 1.800000000000000266 ) ) ;
#3489 = VECTOR ( 'NONE', #5310, 1000.000000000000000 ) ;
#3490 = CARTESIAN_POINT ( 'NONE',  ( -4.250000000000000000, 0.6499999999999989120, 1.500000000000000000 ) ) ;
#3491 =( NAMED_UNIT ( * ) PLANE_ANGLE_UNIT ( ) SI_UNIT ( $, .RADIAN. ) );
#3492 = ORIENTED_EDGE ( 'NONE', *, *, #7483, .F. ) ;
#3493 = DIRECTION ( 'NONE',  ( -1.000000000000000000, 0.0000000000000000000, 0.0000000000000000000 ) ) ;
#3494 = PRODUCT_RELATED_PRODUCT_CATEGORY ( 'part', '', ( #9176 ) ) ;
#3495 = ORIENTED_EDGE ( 'NONE', *, *, #4597, .F. ) ;
#3496 = PLANE ( 'NONE',  #4616 ) ;
#3497 = CARTESIAN_POINT ( 'NONE',  ( -4.481141720290621855, 0.7424566881162485421, 0.9500000000000029532 ) ) ;
#3498 = ORIENTED_EDGE ( 'NONE', *, *, #3639, .T. ) ;
#3499 = EDGE_LOOP ( 'NONE', ( #4834, #723, #1391, #8843 ) ) ;
#3500 = CARTESIAN_POINT ( 'NONE',  ( -0.2499999999999997780, 0.6499999999999998002, 1.699999999999999956 ) ) ;
#3501 = EDGE_LOOP ( 'NONE', ( #3603, #2236, #5159, #5910 ) ) ;
#3502 = EDGE_LOOP ( 'NONE', ( #8897, #928, #1273, #3664 ) ) ;
#3503 = SURFACE_STYLE_USAGE ( .BOTH. , #1974 ) ;
#3504 = SURFACE_STYLE_USAGE ( .BOTH. , #570 ) ;
#3505 = EDGE_CURVE ( 'NONE', #137, #690, #561, .T. ) ;
#3506 = VERTEX_POINT ( 'NONE', #9103 ) ;
#3507 = LINE ( 'NONE', #1272, #5551 ) ;
#3508 = ORIENTED_EDGE ( 'NONE', *, *, #8976, .F. ) ;
#3509 = EDGE_CURVE ( 'NONE', #7295, #1645, #8091, .T. ) ;
#3510 = DIRECTION ( 'NONE',  ( 1.301042606982613209E-14, 0.0000000000000000000, 1.000000000000000000 ) ) ;
#3511 = ORIENTED_EDGE ( 'NONE', *, *, #6845, .F. ) ;
#3512 = PLANE ( 'NONE',  #5432 ) ;
#3513 = ORIENTED_EDGE ( 'NONE', *, *, #726, .T. ) ;
#3514 = FACE_OUTER_BOUND ( 'NONE', #9308, .T. ) ;
#3515 = DIRECTION ( 'NONE',  ( -1.224646799147352961E-16, 0.0000000000000000000, 1.000000000000000000 ) ) ;
#3516 = LINE ( 'NONE', #64, #5924 ) ;
#3517 = LINE ( 'NONE', #4481, #9650 ) ;
#3518 = AXIS2_PLACEMENT_3D ( 'NONE', #9710, #1412, #5938 ) ;
#3519 = UNCERTAINTY_MEASURE_WITH_UNIT (LENGTH_MEASURE( 1.000000000000000082E-05 ), #8497, 'distance_accuracy_value', 'NONE');
#3520 = CARTESIAN_POINT ( 'NONE',  ( 4.250000000000000000, 0.6296890111571917803, -0.9500000000000025091 ) ) ;
#3521 = ADVANCED_FACE ( 'NONE', ( #6294 ), #2104, .F. ) ;
#3522 = CARTESIAN_POINT ( 'NONE',  ( -4.250000000000039968, 0.6499999999999991340, -1.219258240356715817 ) ) ;
#3523 = ORIENTED_EDGE ( 'NONE', *, *, #3429, .T. ) ;
#3524 = DIRECTION ( 'NONE',  ( 0.9284766908852571943, -0.3713906763541088840, -5.234613515871801970E-15 ) ) ;
#3525 = CARTESIAN_POINT ( 'NONE',  ( 4.499999999999999112, 0.0000000000000000000, -0.5081345747705631188 ) ) ;
#3526 = VERTEX_POINT ( 'NONE', #8390 ) ;
#3527 = PLANE ( 'NONE',  #9439 ) ;
#3528 = LINE ( 'NONE', #5546, #1502 ) ;
#3529 = DIRECTION ( 'NONE',  ( 1.000000000000000000, 0.0000000000000000000, -6.195440985631453345E-16 ) ) ;
#3530 =( NAMED_UNIT ( * ) PLANE_ANGLE_UNIT ( ) SI_UNIT ( $, .RADIAN. ) );
#3531 = VERTEX_POINT ( 'NONE', #8674 ) ;
#3532 = UNCERTAINTY_MEASURE_WITH_UNIT (LENGTH_MEASURE( 1.000000000000000082E-05 ), #2043, 'distance_accuracy_value', 'NONE');
#3533 = PRESENTATION_STYLE_ASSIGNMENT (( #3426 ) ) ;
#3534 = CARTESIAN_POINT ( 'NONE',  ( 2.799999999999999378, -1.149999999999999911, 1.800000000000000044 ) ) ;
#3535 = CARTESIAN_POINT ( 'NONE',  ( -4.250000000000000000, 0.4999999999999997780, 0.9500000000000025091 ) ) ;
#3536 = EDGE_LOOP ( 'NONE', ( #3619, #7434, #3842, #9093 ) ) ;
#3537 = SURFACE_STYLE_FILL_AREA ( #5978 ) ;
#3538 = FILL_AREA_STYLE_COLOUR ( '', #7012 ) ;
#3539 = STYLED_ITEM ( 'NONE', ( #442 ), #4008 ) ;
#3540 = LINE ( 'NONE', #249, #8855 ) ;
#3541 = CARTESIAN_POINT ( 'NONE',  ( 4.150000000000000355, 0.0000000000000000000, 0.5081345747705630078 ) ) ;
#3542 = VERTEX_POINT ( 'NONE', #394 ) ;
#3543 = ORIENTED_EDGE ( 'NONE', *, *, #7613, .T. ) ;
#3544 = FILL_AREA_STYLE_COLOUR ( '', #6704 ) ;
#3545 = VERTEX_POINT ( 'NONE', #1087 ) ;
#3546 = SURFACE_STYLE_USAGE ( .BOTH. , #9562 ) ;
#3547 = EDGE_CURVE ( 'NONE', #1415, #6276, #1468, .T. ) ;
#3548 = STYLED_ITEM ( 'NONE', ( #8665 ), #7125 ) ;
#3549 =( GEOMETRIC_REPRESENTATION_CONTEXT ( 3 ) GLOBAL_UNCERTAINTY_ASSIGNED_CONTEXT ( ( #190 ) ) GLOBAL_UNIT_ASSIGNED_CONTEXT ( ( #9111, #3073, #5592 ) ) REPRESENTATION_CONTEXT ( 'NONE', 'WORKASPACE' ) );
#3550 = CIRCLE ( 'NONE', #7393, 0.3000000000000007661 ) ;
#3551 = ORIENTED_EDGE ( 'NONE', *, *, #4615, .F. ) ;
#3552 = PLANE ( 'NONE',  #4673 ) ;
#3553 = PRESENTATION_STYLE_ASSIGNMENT (( #9414 ) ) ;
#3554 = CARTESIAN_POINT ( 'NONE',  ( -2.675000000000000266, -4.649999999999998579, 3.800000000000001155 ) ) ;
#3555 = DIRECTION ( 'NONE',  ( -0.0000000000000000000, 1.000000000000000000, -0.0000000000000000000 ) ) ;
#3556 = DIRECTION ( 'NONE',  ( 1.000000000000000000, -1.445602896647335761E-15, 0.0000000000000000000 ) ) ;
#3557 = DIRECTION ( 'NONE',  ( 1.224646799147352961E-16, -1.204669080539449837E-16, -1.000000000000000000 ) ) ;
#3558 = EDGE_CURVE ( 'NONE', #8349, #3029, #5353, .T. ) ;
#3559 = CARTESIAN_POINT ( 'NONE',  ( 4.150000000000000355, 0.6296890111571917803, 0.9500000000000025091 ) ) ;
#3560 = CARTESIAN_POINT ( 'NONE',  ( 4.499999999999999112, 0.0000000000000000000, 0.0000000000000000000 ) ) ;
#3562 = MECHANICAL_DESIGN_GEOMETRIC_PRESENTATION_REPRESENTATION (  '', ( #2522 ), #4059 ) ;
#3561 = CARTESIAN_POINT ( 'NONE',  ( 4.399999999999998579, 1.649999999999999911, -1.700000000000001288 ) ) ;
#3563 = ORIENTED_EDGE ( 'NONE', *, *, #9370, .F. ) ;
#3564 = ORIENTED_EDGE ( 'NONE', *, *, #4281, .T. ) ;
#3565 = DIRECTION ( 'NONE',  ( 0.0000000000000000000, 1.000000000000000000, 0.0000000000000000000 ) ) ;
#3566 = CARTESIAN_POINT ( 'NONE',  ( -4.149999999999999467, -0.3500000000000004774, -0.6502286246418800264 ) ) ;
#3567 = FACE_OUTER_BOUND ( 'NONE', #9032, .T. ) ;
#3568 = EDGE_CURVE ( 'NONE', #6828, #374, #9271, .T. ) ;
#3569 =( LENGTH_UNIT ( ) NAMED_UNIT ( * ) SI_UNIT ( .MILLI., .METRE. ) );
#3570 = VECTOR ( 'NONE', #8531, 1000.000000000000000 ) ;
#3571 = VECTOR ( 'NONE', #3837, 1000.000000000000000 ) ;
#3572 = DIRECTION ( 'NONE',  ( 0.9820064469806473184, 0.1888473936501247896, 9.751124359661473979E-17 ) ) ;
#3573 = ADVANCED_FACE ( 'NONE', ( #3239 ), #2683, .F. ) ;
#3574 = EDGE_CURVE ( 'NONE', #5272, #7879, #2514, .T. ) ;
#3575 = LINE ( 'NONE', #3719, #1549 ) ;
#3576 = VECTOR ( 'NONE', #7017, 1000.000000000000000 ) ;
#3577 = AXIS2_PLACEMENT_3D ( 'NONE', #7197, #2618, #5574 ) ;
#3578 = EDGE_CURVE ( 'NONE', #960, #7245, #4544, .T. ) ;
#3579 = LINE ( 'NONE', #883, #1785 ) ;
#3580 = CARTESIAN_POINT ( 'NONE',  ( -5.221110255092797026, -1.149999999999999467, -1.500000000000000444 ) ) ;
#3581 = DIRECTION ( 'NONE',  ( 1.445602896647335761E-15, 1.000000000000000000, -1.112002228190259226E-16 ) ) ;
#3582 = VECTOR ( 'NONE', #1191, 1000.000000000000000 ) ;
#3583 = CARTESIAN_POINT ( 'NONE',  ( -5.221110255092797026, -1.550000000000000044, 1.500000000000000000 ) ) ;
#3584 = VECTOR ( 'NONE', #7233, 1000.000000000000000 ) ;
#3585 = COLOUR_RGB ( '',0.2509803921568627416, 0.2509803921568627416, 0.2509803921568627416 ) ;
#3586 = ORIENTED_EDGE ( 'NONE', *, *, #381, .F. ) ;
#3587 =( NAMED_UNIT ( * ) SI_UNIT ( $, .STERADIAN. ) SOLID_ANGLE_UNIT ( ) );
#3588 = SURFACE_SIDE_STYLE ('',( #9210 ) ) ;
#3589 = MECHANICAL_DESIGN_GEOMETRIC_PRESENTATION_REPRESENTATION (  '', ( #2555 ), #4088 ) ;
#3590 = LINE ( 'NONE', #4269, #95 ) ;
#3591 =( NAMED_UNIT ( * ) SI_UNIT ( $, .STERADIAN. ) SOLID_ANGLE_UNIT ( ) );
#3592 = PLANE ( 'NONE',  #844 ) ;
#3593 = PRESENTATION_STYLE_ASSIGNMENT (( #2207 ) ) ;
#3594 = VECTOR ( 'NONE', #3403, 1000.000000000000000 ) ;
#3595 = FILL_AREA_STYLE ('',( #7928 ) ) ;
#3596 = EDGE_LOOP ( 'NONE', ( #47, #4435, #5979, #4115, #2304, #3246, #7921, #3627, #1290, #8456, #2287, #1877, #4445, #1323, #2706, #554, #2661, #2442, #4177, #1189, #7342, #8445, #6121, #5263 ) ) ;
#3597 = SURFACE_SIDE_STYLE ('',( #4888 ) ) ;
#3598 = DIRECTION ( 'NONE',  ( 9.085946673022511388E-32, 1.000000000000000000, 3.771137991253929066E-16 ) ) ;
#3599 = EDGE_CURVE ( 'NONE', #3762, #2901, #8561, .T. ) ;
#3600 = CYLINDRICAL_SURFACE ( 'NONE', #6939, 0.07999999999999998779 ) ;
#3601 = ORIENTED_EDGE ( 'NONE', *, *, #7222, .F. ) ;
#3602 = PRESENTATION_LAYER_ASSIGNMENT (  '', '', ( #2572 ) ) ;
#3603 = ORIENTED_EDGE ( 'NONE', *, *, #5646, .T. ) ;
#3604 = SURFACE_STYLE_FILL_AREA ( #6959 ) ;
#3606 = DIRECTION ( 'NONE',  ( -0.1888473936501247619, 0.9820064469806472074, -1.414264159728933213E-16 ) ) ;
#3605 = MECHANICAL_DESIGN_GEOMETRIC_PRESENTATION_REPRESENTATION (  '', ( #2077 ), #4112 ) ;
#3607 = ORIENTED_EDGE ( 'NONE', *, *, #5113, .F. ) ;
#3608 = EDGE_CURVE ( 'NONE', #2544, #7166, #572, .T. ) ;
#3609 = AXIS2_PLACEMENT_3D ( 'NONE', #4517, #42, #5267 ) ;
#3610 = FACE_OUTER_BOUND ( 'NONE', #1712, .T. ) ;
#3611 = ADVANCED_FACE ( 'NONE', ( #2269 ), #8019, .F. ) ;
#3612 = COLOUR_RGB ( '',0.2509803921568627416, 0.2509803921568627416, 0.2509803921568627416 ) ;
#3613 = VERTEX_POINT ( 'NONE', #7947 ) ;
#3614 = SURFACE_STYLE_USAGE ( .BOTH. , #810 ) ;
#3615 = COLOUR_RGB ( '',0.2509803921568627416, 0.2509803921568627416, 0.2509803921568627416 ) ;
#3616 = CARTESIAN_POINT ( 'NONE',  ( -0.2999999999999999334, -0.8499999999999992006, -1.499999999999999778 ) ) ;
#3617 =( NAMED_UNIT ( * ) SI_UNIT ( $, .STERADIAN. ) SOLID_ANGLE_UNIT ( ) );
#3618 = ORIENTED_EDGE ( 'NONE', *, *, #9183, .T. ) ;
#3619 = ORIENTED_EDGE ( 'NONE', *, *, #141, .T. ) ;
#3620 = EDGE_CURVE ( 'NONE', #1018, #7398, #6061, .T. ) ;
#3621 = DIRECTION ( 'NONE',  ( 0.0000000000000000000, 0.0000000000000000000, 1.000000000000000000 ) ) ;
#3622 = PLANE ( 'NONE',  #7350 ) ;
#3623 = ORIENTED_EDGE ( 'NONE', *, *, #2410, .F. ) ;
#3624 = CARTESIAN_POINT ( 'NONE',  ( -3.199999999999997513, 1.750000000000000000, 1.699999999999999734 ) ) ;
#3625 = ORIENTED_EDGE ( 'NONE', *, *, #4676, .T. ) ;
#3626 = VERTEX_POINT ( 'NONE', #3446 ) ;
#3627 = ORIENTED_EDGE ( 'NONE', *, *, #9060, .F. ) ;
#3628 = DIRECTION ( 'NONE',  ( -1.000000000000000000, 1.445602896647335761E-15, 0.0000000000000000000 ) ) ;
#3629 = VECTOR ( 'NONE', #8875, 1000.000000000000000 ) ;
#3630 = CARTESIAN_POINT ( 'NONE',  ( 0.0000000000000000000, 1.649999999999999911, 1.800000000000000044 ) ) ;
#3631 = LINE ( 'NONE', #8415, #6581 ) ;
#3632 = CARTESIAN_POINT ( 'NONE',  ( -4.499999999999998224, 0.6499999999999989120, -0.9500000000000025091 ) ) ;
#3633 = VECTOR ( 'NONE', #8278, 1000.000000000000000 ) ;
#3634 = DIRECTION ( 'NONE',  ( 0.1888473936501247619, -0.9820064469806472074, 1.323264713300626193E-16 ) ) ;
#3635 = VERTEX_POINT ( 'NONE', #5780 ) ;
#3636 = EDGE_CURVE ( 'NONE', #842, #3181, #8100, .T. ) ;
#3637 = MECHANICAL_DESIGN_GEOMETRIC_PRESENTATION_REPRESENTATION (  '', ( #2106 ), #4144 ) ;
#3638 = ORIENTED_EDGE ( 'NONE', *, *, #5790, .T. ) ;
#3639 = EDGE_CURVE ( 'NONE', #6048, #3613, #4070, .T. ) ;
#3640 = VERTEX_POINT ( 'NONE', #3343 ) ;
#3641 = ORIENTED_EDGE ( 'NONE', *, *, #634, .T. ) ;
#3642 = FACE_OUTER_BOUND ( 'NONE', #1837, .T. ) ;
#3643 = CARTESIAN_POINT ( 'NONE',  ( -3.399999999999998135, 6.925848040166833641, 0.7999999999999992673 ) ) ;
#3644 = VECTOR ( 'NONE', #7416, 1000.000000000000000 ) ;
#3645 = ORIENTED_EDGE ( 'NONE', *, *, #6351, .F. ) ;
#3646 = MECHANICAL_DESIGN_GEOMETRIC_PRESENTATION_REPRESENTATION (  '', ( #2115 ), #4154 ) ;
#3647 = EDGE_LOOP ( 'NONE', ( #4477, #1364, #1496, #9153 ) ) ;
#3648 = EDGE_CURVE ( 'NONE', #7201, #4480, #5860, .T. ) ;
#3649 = UNCERTAINTY_MEASURE_WITH_UNIT (LENGTH_MEASURE( 1.000000000000000082E-05 ), #5558, 'distance_accuracy_value', 'NONE');
#3650 = CARTESIAN_POINT ( 'NONE',  ( -3.199999999999997957, 1.750000000000000000, -0.0000000000000000000 ) ) ;
#3651 = PLANE ( 'NONE',  #9164 ) ;
#3652 = PRESENTATION_STYLE_ASSIGNMENT (( #9632 ) ) ;
#3653 = CLOSED_SHELL ( 'NONE', ( #1917, #5552, #900, #2158, #5538, #7337, #7937, #5383 ) ) ;
#3654 = CARTESIAN_POINT ( 'NONE',  ( -3.749999999999997780, 6.925848040166833641, 0.7999999999999992673 ) ) ;
#3655 = CARTESIAN_POINT ( 'NONE',  ( 4.150000000000000355, 0.6499999999999989120, -0.9500000000000025091 ) ) ;
#3656 = ORIENTED_EDGE ( 'NONE', *, *, #6365, .T. ) ;
#3657 = DIRECTION ( 'NONE',  ( 0.0000000000000000000, 1.000000000000000000, 0.0000000000000000000 ) ) ;
#3658 = LINE ( 'NONE', #5250, #9445 ) ;
#3659 = PLANE ( 'NONE',  #3869 ) ;
#3660 = CARTESIAN_POINT ( 'NONE',  ( -2.799999999999999822, -0.8499999999999992006, 0.8291796067500618594 ) ) ;
#3661 =( GEOMETRIC_REPRESENTATION_CONTEXT ( 3 ) GLOBAL_UNCERTAINTY_ASSIGNED_CONTEXT ( ( #4797 ) ) GLOBAL_UNIT_ASSIGNED_CONTEXT ( ( #5017, #6019, #7297 ) ) REPRESENTATION_CONTEXT ( 'NONE', 'WORKASPACE' ) );
#3662 = PLANE ( 'NONE',  #7453 ) ;
#3663 = VERTEX_POINT ( 'NONE', #7219 ) ;
#3664 = ORIENTED_EDGE ( 'NONE', *, *, #7369, .T. ) ;
#3665 = CARTESIAN_POINT ( 'NONE',  ( 4.250000000000000000, -0.3500000000000006439, -1.500000000000000000 ) ) ;
#3666 = ADVANCED_FACE ( 'NONE', ( #9628 ), #3600, .T. ) ;
#3667 = LINE ( 'NONE', #334, #1883 ) ;
#3668 = CARTESIAN_POINT ( 'NONE',  ( 4.268858279709376369, 0.6575433118837494817, -0.9500000000000016209 ) ) ;
#3669 = ORIENTED_EDGE ( 'NONE', *, *, #4007, .T. ) ;
#3670 = LINE ( 'NONE', #2336, #9707 ) ;
#3671 = EDGE_CURVE ( 'NONE', #5901, #7487, #5609, .T. ) ;
#3672 = PRESENTATION_LAYER_ASSIGNMENT (  '', '', ( #2643 ) ) ;
#3673 = CARTESIAN_POINT ( 'NONE',  ( -5.221110255092797026, -1.149999999999999467, -1.800000000000000488 ) ) ;
#3674 = LINE ( 'NONE', #9574, #7455 ) ;
#3675 = LINE ( 'NONE', #4503, #9462 ) ;
#3676 =( GEOMETRIC_REPRESENTATION_CONTEXT ( 3 ) GLOBAL_UNCERTAINTY_ASSIGNED_CONTEXT ( ( #2002 ) ) GLOBAL_UNIT_ASSIGNED_CONTEXT ( ( #8329, #329, #5093 ) ) REPRESENTATION_CONTEXT ( 'NONE', 'WORKASPACE' ) );
#3677 = ORIENTED_EDGE ( 'NONE', *, *, #9756, .F. ) ;
#3678 = ORIENTED_EDGE ( 'NONE', *, *, #7676, .F. ) ;
#3679 = AXIS2_PLACEMENT_3D ( 'NONE', #8937, #683, #5933 ) ;
#3680 = SURFACE_SIDE_STYLE ('',( #3907 ) ) ;
#3681 = DIRECTION ( 'NONE',  ( 1.000000000000000000, 0.0000000000000000000, 2.891205793294677439E-15 ) ) ;
#3682 = DIRECTION ( 'NONE',  ( -1.000000000000000000, 1.445602896647335761E-15, 0.0000000000000000000 ) ) ;
#3683 = DIRECTION ( 'NONE',  ( 0.0000000000000000000, 1.000000000000000000, 0.0000000000000000000 ) ) ;
#3684 = VECTOR ( 'NONE', #6130, 1000.000000000000000 ) ;
#3685 =( NAMED_UNIT ( * ) PLANE_ANGLE_UNIT ( ) SI_UNIT ( $, .RADIAN. ) );
#3686 = SURFACE_STYLE_FILL_AREA ( #747 ) ;
#3687 = PRESENTATION_LAYER_ASSIGNMENT (  '', '', ( #2663 ) ) ;
#3688 = FACE_OUTER_BOUND ( 'NONE', #4332, .T. ) ;
#3689 = UNCERTAINTY_MEASURE_WITH_UNIT (LENGTH_MEASURE( 1.000000000000000082E-05 ), #8434, 'distance_accuracy_value', 'NONE');
#3690 = LINE ( 'NONE', #8427, #5008 ) ;
#3691 = DIRECTION ( 'NONE',  ( -0.0000000000000000000, -1.000000000000000000, -0.0000000000000000000 ) ) ;
#3692 = DIRECTION ( 'NONE',  ( -1.000000000000000000, 0.0000000000000000000, -1.224646799147352961E-16 ) ) ;
#3693 = CARTESIAN_POINT ( 'NONE',  ( 3.199999999999997957, 1.649999999999999911, -1.699999999999998401 ) ) ;
#3694 = EDGE_CURVE ( 'NONE', #8893, #3835, #7607, .T. ) ;
#3695 = LINE ( 'NONE', #6866, #9477 ) ;
#3696 = DIRECTION ( 'NONE',  ( -0.0000000000000000000, -0.0000000000000000000, 1.000000000000000000 ) ) ;
#3697 = LINE ( 'NONE', #1560, #1441 ) ;
#3698 = VECTOR ( 'NONE', #9611, 1000.000000000000000 ) ;
#3699 = FACE_OUTER_BOUND ( 'NONE', #5891, .T. ) ;
#3701 = DIRECTION ( 'NONE',  ( 1.000000000000000000, -0.0000000000000000000, 1.224646799147352961E-16 ) ) ;
#3700 = CARTESIAN_POINT ( 'NONE',  ( 0.0000000000000000000, 6.925848040166833641, -0.2250000000000010048 ) ) ;
#3702 = LINE ( 'NONE', #9189, #7252 ) ;
#3703 = VECTOR ( 'NONE', #943, 999.9999999999998863 ) ;
#3704 = COLOUR_RGB ( '',0.2509803921568627416, 0.2509803921568627416, 0.2509803921568627416 ) ;
#3705 = ORIENTED_EDGE ( 'NONE', *, *, #4335, .F. ) ;
#3706 = UNCERTAINTY_MEASURE_WITH_UNIT (LENGTH_MEASURE( 1.000000000000000082E-05 ), #6288, 'distance_accuracy_value', 'NONE');
#3707 = DIRECTION ( 'NONE',  ( 0.0000000000000000000, 0.0000000000000000000, -1.000000000000000000 ) ) ;
#3708 = LINE ( 'NONE', #8908, #888 ) ;
#3709 = DIRECTION ( 'NONE',  ( 0.0000000000000000000, -1.000000000000000000, -1.084202172485504434E-16 ) ) ;
#3710 = LINE ( 'NONE', #5879, #9500 ) ;
#3711 = LINE ( 'NONE', #6517, #1679 ) ;
#3712 = ADVANCED_FACE ( 'NONE', ( #1572 ), #3662, .T. ) ;
#3713 = ORIENTED_EDGE ( 'NONE', *, *, #2893, .F. ) ;
#3714 =( LENGTH_UNIT ( ) NAMED_UNIT ( * ) SI_UNIT ( .MILLI., .METRE. ) );
#3715 = FILL_AREA_STYLE_COLOUR ( '', #3445 ) ;
#3716 = ORIENTED_EDGE ( 'NONE', *, *, #2199, .T. ) ;
#3717 = PRESENTATION_STYLE_ASSIGNMENT (( #1773 ) ) ;
#3718 = CARTESIAN_POINT ( 'NONE',  ( -2.200000000000000622, -1.149999999999999911, 1.800000000000000266 ) ) ;
#3719 = CARTESIAN_POINT ( 'NONE',  ( -4.250000000000000000, 0.6296890111571917803, -0.9500000000000016209 ) ) ;
#3720 = VERTEX_POINT ( 'NONE', #8946 ) ;
#3721 = VECTOR ( 'NONE', #4782, 1000.000000000000000 ) ;
#3722 = ORIENTED_EDGE ( 'NONE', *, *, #3225, .T. ) ;
#3723 = MECHANICAL_DESIGN_GEOMETRIC_PRESENTATION_REPRESENTATION (  '', ( #2179 ), #4241 ) ;
#3724 = DIRECTION ( 'NONE',  ( 0.0000000000000000000, 0.0000000000000000000, 1.000000000000000000 ) ) ;
#3725 = CARTESIAN_POINT ( 'NONE',  ( -0.3000000000000003775, -1.149999999999999911, -1.800000000000001155 ) ) ;
#3726 = FILL_AREA_STYLE_COLOUR ( '', #9003 ) ;
#3727 = ORIENTED_EDGE ( 'NONE', *, *, #1900, .T. ) ;
#3728 = CARTESIAN_POINT ( 'NONE',  ( -4.150000000000000355, -0.3500000000000005884, 1.500000000000000000 ) ) ;
#3729 = VECTOR ( 'NONE', #1371, 1000.000000000000000 ) ;
#3730 = VERTEX_POINT ( 'NONE', #5854 ) ;
#3731 = EDGE_CURVE ( 'NONE', #3640, #9657, #7380, .T. ) ;
#3732 = VECTOR ( 'NONE', #3221, 1000.000000000000000 ) ;
#3733 = STYLED_ITEM ( 'NONE', ( #1915 ), #7026 ) ;
#3734 = VERTEX_POINT ( 'NONE', #5885 ) ;
#3735 = UNCERTAINTY_MEASURE_WITH_UNIT (LENGTH_MEASURE( 1.000000000000000082E-05 ), #7569, 'distance_accuracy_value', 'NONE');
#3736 = EDGE_LOOP ( 'NONE', ( #7859, #2751, #1577, #4427, #3966, #5444, #8370, #4342 ) ) ;
#3737 = ORIENTED_EDGE ( 'NONE', *, *, #691, .F. ) ;
#3738 = ORIENTED_EDGE ( 'NONE', *, *, #144, .T. ) ;
#3739 = STYLED_ITEM ( 'NONE', ( #6648 ), #5242 ) ;
#3740 = DIRECTION ( 'NONE',  ( 1.000000000000000000, 0.0000000000000000000, -2.349104707051925222E-15 ) ) ;
#3741 = ORIENTED_EDGE ( 'NONE', *, *, #1627, .T. ) ;
#3743 =( NAMED_UNIT ( * ) SI_UNIT ( $, .STERADIAN. ) SOLID_ANGLE_UNIT ( ) );
#3742 = AXIS2_PLACEMENT_3D ( 'NONE', #6055, #1538, #6821 ) ;
#3744 = ORIENTED_EDGE ( 'NONE', *, *, #8119, .T. ) ;
#3745 = VECTOR ( 'NONE', #9389, 1000.000000000000000 ) ;
#3746 = COLOUR_RGB ( '',0.2509803921568627416, 0.2509803921568627416, 0.2509803921568627416 ) ;
#3747 = ORIENTED_EDGE ( 'NONE', *, *, #6715, .F. ) ;
#3748 = EDGE_CURVE ( 'NONE', #2892, #3899, #104, .T. ) ;
#3749 = ORIENTED_EDGE ( 'NONE', *, *, #522, .F. ) ;
#3750 = AXIS2_PLACEMENT_3D ( 'NONE', #9006, #124, #5351 ) ;
#3751 = CIRCLE ( 'NONE', #8385, 0.02999999999999997113 ) ;
#3752 = EDGE_LOOP ( 'NONE', ( #5973, #8580, #2316, #9028 ) ) ;
#3753 = DIRECTION ( 'NONE',  ( 0.0000000000000000000, 1.000000000000000000, 0.0000000000000000000 ) ) ;
#3754 = VECTOR ( 'NONE', #1346, 1000.000000000000000 ) ;
#3755 = EDGE_LOOP ( 'NONE', ( #4798, #3148, #7374, #5082 ) ) ;
#3756 = EDGE_CURVE ( 'NONE', #1250, #9706, #5362, .T. ) ;
#3757 = CARTESIAN_POINT ( 'NONE',  ( -3.749999999999997780, -1.549999999999999378, 0.7999999999999992673 ) ) ;
#3758 = PRESENTATION_STYLE_ASSIGNMENT (( #1501 ) ) ;
#3759 = DIRECTION ( 'NONE',  ( -0.0000000000000000000, -1.000000000000000000, -0.0000000000000000000 ) ) ;
#3760 = SURFACE_STYLE_USAGE ( .BOTH. , #9022 ) ;
#3761 = VERTEX_POINT ( 'NONE', #7456 ) ;
#3762 = VERTEX_POINT ( 'NONE', #2838 ) ;
#3763 =( LENGTH_UNIT ( ) NAMED_UNIT ( * ) SI_UNIT ( .MILLI., .METRE. ) );
#3764 = EDGE_CURVE ( 'NONE', #3274, #5494, #7132, .T. ) ;
#3765 = VECTOR ( 'NONE', #6994, 1000.000000000000000 ) ;
#3766 = CARTESIAN_POINT ( 'NONE',  ( -3.199999999999997957, 1.649999999999999911, -1.699999999999997513 ) ) ;
#3767 = ADVANCED_FACE ( 'NONE', ( #5143 ), #569, .F. ) ;
#3768 =( GEOMETRIC_REPRESENTATION_CONTEXT ( 3 ) GLOBAL_UNCERTAINTY_ASSIGNED_CONTEXT ( ( #2666 ) ) GLOBAL_UNIT_ASSIGNED_CONTEXT ( ( #2735, #3463, #1331 ) ) REPRESENTATION_CONTEXT ( 'NONE', 'WORKASPACE' ) );
#3769 = EDGE_CURVE ( 'NONE', #21, #5494, #8915, .T. ) ;
#3770 = LINE ( 'NONE', #8470, #5194 ) ;
#3771 = EDGE_LOOP ( 'NONE', ( #4920, #745, #4429, #2794, #5858, #6127, #6300, #3170, #7506, #1173, #3240, #4350, #1842 ) ) ;
#3772 = ORIENTED_EDGE ( 'NONE', *, *, #9446, .T. ) ;
#3773 = FILL_AREA_STYLE_COLOUR ( '', #6231 ) ;
#3774 = DIRECTION ( 'NONE',  ( 0.0000000000000000000, -1.000000000000000000, 1.913812709969057460E-16 ) ) ;
#3775 = AXIS2_PLACEMENT_3D ( 'NONE', #5695, #8068, #853 ) ;
#3776 = EDGE_LOOP ( 'NONE', ( #552, #5275, #4919, #7740 ) ) ;
#3777 = EDGE_LOOP ( 'NONE', ( #931, #3069, #1841, #9464, #2828 ) ) ;
#3778 = ORIENTED_EDGE ( 'NONE', *, *, #5331, .F. ) ;
#3779 = ORIENTED_EDGE ( 'NONE', *, *, #7971, .F. ) ;
#3780 = CARTESIAN_POINT ( 'NONE',  ( -4.419999999999998153, 1.750000000000000000, 0.9500000000000031752 ) ) ;
#3781 = DIRECTION ( 'NONE',  ( -1.000000000000000000, 0.0000000000000000000, -1.224646799147352961E-16 ) ) ;
#3782 = PRESENTATION_STYLE_ASSIGNMENT (( #4993 ) ) ;
#3783 = CARTESIAN_POINT ( 'NONE',  ( -4.179999999999999716, 0.6296890111571915583, 0.9500000000000026201 ) ) ;
#3784 = DIRECTION ( 'NONE',  ( 1.000000000000000000, 0.0000000000000000000, -1.807003620809173892E-16 ) ) ;
#3785 = VECTOR ( 'NONE', #556, 1000.000000000000000 ) ;
#3786 =( GEOMETRIC_REPRESENTATION_CONTEXT ( 3 ) GLOBAL_UNCERTAINTY_ASSIGNED_CONTEXT ( ( #7576 ) ) GLOBAL_UNIT_ASSIGNED_CONTEXT ( ( #2016, #713, #4877 ) ) REPRESENTATION_CONTEXT ( 'NONE', 'WORKASPACE' ) );
#3787 = SURFACE_STYLE_USAGE ( .BOTH. , #4851 ) ;
#3788 =( NAMED_UNIT ( * ) PLANE_ANGLE_UNIT ( ) SI_UNIT ( $, .RADIAN. ) );
#3789 = PRESENTATION_LAYER_ASSIGNMENT (  '', '', ( #4802 ) ) ;
#3790 = VERTEX_POINT ( 'NONE', #6576 ) ;
#3791 = PRESENTATION_LAYER_ASSIGNMENT (  '', '', ( #2774 ) ) ;
#3792 = UNCERTAINTY_MEASURE_WITH_UNIT (LENGTH_MEASURE( 1.000000000000000082E-05 ), #4595, 'distance_accuracy_value', 'NONE');
#3793 = LINE ( 'NONE', #4706, #5825 ) ;
#3794 = LINE ( 'NONE', #6041, #7571 ) ;
#3795 = FILL_AREA_STYLE ('',( #908 ) ) ;
#3796 = EDGE_CURVE ( 'NONE', #7158, #7755, #4903, .T. ) ;
#3797 = STYLED_ITEM ( 'NONE', ( #7492 ), #7871 ) ;
#3798 = DIRECTION ( 'NONE',  ( 2.409338161078898194E-16, 0.0000000000000000000, 1.000000000000000000 ) ) ;
#3799 =( NAMED_UNIT ( * ) PLANE_ANGLE_UNIT ( ) SI_UNIT ( $, .RADIAN. ) );
#3800 = PRESENTATION_STYLE_ASSIGNMENT (( #7568 ) ) ;
#3801 = CARTESIAN_POINT ( 'NONE',  ( -2.200000000000000178, -0.8499999999999992006, 1.800000000000000044 ) ) ;
#3802 = EDGE_CURVE ( 'NONE', #2495, #5160, #1130, .T. ) ;
#3803 = ORIENTED_EDGE ( 'NONE', *, *, #9095, .T. ) ;
#3804 = ADVANCED_FACE ( 'NONE', ( #9133 ), #5104, .F. ) ;
#3805 = PLANE ( 'NONE',  #2007 ) ;
#3806 = DIRECTION ( 'NONE',  ( -0.0000000000000000000, 0.9265528178475217480, 0.3761646923075278592 ) ) ;
#3807 = VECTOR ( 'NONE', #5522, 1000.000000000000000 ) ;
#3809 = ORIENTED_EDGE ( 'NONE', *, *, #4676, .F. ) ;
#3808 = FILL_AREA_STYLE ('',( #3044 ) ) ;
#3810 = VECTOR ( 'NONE', #458, 1000.000000000000000 ) ;
#3811 = EDGE_CURVE ( 'NONE', #239, #5374, #7972, .T. ) ;
#3812 = LINE ( 'NONE', #6470, #88 ) ;
#3813 = LINE ( 'NONE', #3065, #8999 ) ;
#3814 = DIRECTION ( 'NONE',  ( 1.000000000000000000, 0.0000000000000000000, -1.239088197126291655E-15 ) ) ;
#3815 = SURFACE_STYLE_FILL_AREA ( #9092 ) ;
#3816 = EDGE_CURVE ( 'NONE', #172, #3761, #5955, .T. ) ;
#3817 =( NAMED_UNIT ( * ) SI_UNIT ( $, .STERADIAN. ) SOLID_ANGLE_UNIT ( ) );
#3818 = DIRECTION ( 'NONE',  ( -1.000000000000000000, 0.0000000000000000000, 1.301042606982613525E-14 ) ) ;
#3819 = DIRECTION ( 'NONE',  ( -0.0000000000000000000, 1.000000000000000000, -1.204669080539449837E-16 ) ) ;
#3820 = VECTOR ( 'NONE', #684, 1000.000000000000000 ) ;
#3821 = SURFACE_SIDE_STYLE ('',( #4991 ) ) ;
#3822 = UNCERTAINTY_MEASURE_WITH_UNIT (LENGTH_MEASURE( 1.000000000000000082E-05 ), #1913, 'distance_accuracy_value', 'NONE');
#3823 = MECHANICAL_DESIGN_GEOMETRIC_PRESENTATION_REPRESENTATION (  '', ( #2279 ), #4349 ) ;
#3824 = EDGE_CURVE ( 'NONE', #243, #5381, #3943, .T. ) ;
#3825 = DIRECTION ( 'NONE',  ( -1.000000000000000000, 0.0000000000000000000, 0.0000000000000000000 ) ) ;
#3826 = CARTESIAN_POINT ( 'NONE',  ( 3.199999999999998401, 1.750000000000000000, 1.699999999999998845 ) ) ;
#3827 = FACE_OUTER_BOUND ( 'NONE', #7985, .T. ) ;
#3828 = CARTESIAN_POINT ( 'NONE',  ( 2.674999999999999378, -4.649999999999998579, 3.800000000000001155 ) ) ;
#3829 = VECTOR ( 'NONE', #2539, 1000.000000000000000 ) ;
#3830 = ORIENTED_EDGE ( 'NONE', *, *, #6347, .T. ) ;
#3831 = ORIENTED_EDGE ( 'NONE', *, *, #2329, .F. ) ;
#3832 = VERTEX_POINT ( 'NONE', #7130 ) ;
#3833 = FACE_OUTER_BOUND ( 'NONE', #9405, .T. ) ;
#3834 = PLANE ( 'NONE',  #5090 ) ;
#3835 = VERTEX_POINT ( 'NONE', #630 ) ;
#3836 = FILL_AREA_STYLE ('',( #6817 ) ) ;
#3837 = DIRECTION ( 'NONE',  ( -0.0000000000000000000, 1.000000000000000000, -0.0000000000000000000 ) ) ;
#3838 = ORIENTED_EDGE ( 'NONE', *, *, #2425, .F. ) ;
#3839 = CARTESIAN_POINT ( 'NONE',  ( 2.799999999999999378, -1.149999999999999911, 1.499999999999999334 ) ) ;
#3840 = CARTESIAN_POINT ( 'NONE',  ( -1.250000000000000222, 0.6499999999999989120, -1.800000000000000933 ) ) ;
#3841 =( GEOMETRIC_REPRESENTATION_CONTEXT ( 3 ) GLOBAL_UNCERTAINTY_ASSIGNED_CONTEXT ( ( #5117 ) ) GLOBAL_UNIT_ASSIGNED_CONTEXT ( ( #7536, #158, #8260 ) ) REPRESENTATION_CONTEXT ( 'NONE', 'WORKASPACE' ) );
#3842 = ORIENTED_EDGE ( 'NONE', *, *, #1588, .F. ) ;
#3843 = SURFACE_SIDE_STYLE ('',( #5296 ) ) ;
#3844 = LINE ( 'NONE', #7179, #5626 ) ;
#3845 = LINE ( 'NONE', #649, #602 ) ;
#3846 = VERTEX_POINT ( 'NONE', #3632 ) ;
#3847 = DIRECTION ( 'NONE',  ( 0.0000000000000000000, -1.913812709969057460E-16, -1.000000000000000000 ) ) ;
#3848 = CARTESIAN_POINT ( 'NONE',  ( 2.325000000000000178, -0.8499999999999992006, 1.499999999999999334 ) ) ;
#3849 = VERTEX_POINT ( 'NONE', #9644 ) ;
#3850 = ORIENTED_EDGE ( 'NONE', *, *, #5836, .T. ) ;
#3851 = CARTESIAN_POINT ( 'NONE',  ( 4.399999999999998579, 1.649999999999999911, 1.699999999999999956 ) ) ;
#3852 = VERTEX_POINT ( 'NONE', #9451 ) ;
#3853 = EDGE_CURVE ( 'NONE', #6023, #573, #3711, .T. ) ;
#3854 = CARTESIAN_POINT ( 'NONE',  ( 3.749999999999995559, -1.750000000000000000, 9.293161478447175679E-15 ) ) ;
#3855 = ADVANCED_FACE ( 'NONE', ( #5738 ), #5052, .F. ) ;
#3856 = VECTOR ( 'NONE', #5915, 1000.000000000000000 ) ;
#3857 = LINE ( 'NONE', #4767, #5883 ) ;
#3858 = ORIENTED_EDGE ( 'NONE', *, *, #8138, .T. ) ;
#3859 =( GEOMETRIC_REPRESENTATION_CONTEXT ( 3 ) GLOBAL_UNCERTAINTY_ASSIGNED_CONTEXT ( ( #5783 ) ) GLOBAL_UNIT_ASSIGNED_CONTEXT ( ( #8988, #7109, #3587 ) ) REPRESENTATION_CONTEXT ( 'NONE', 'WORKASPACE' ) );
#3860 = DIRECTION ( 'NONE',  ( -1.000000000000000000, 0.0000000000000000000, 6.195440985631461234E-16 ) ) ;
#3861 = FILL_AREA_STYLE ('',( #643 ) ) ;
#3863 = PLANE ( 'NONE',  #4290 ) ;
#3862 = PRESENTATION_LAYER_ASSIGNMENT (  '', '', ( #2852 ) ) ;
#3864 = ORIENTED_EDGE ( 'NONE', *, *, #4447, .T. ) ;
#3865 = ORIENTED_EDGE ( 'NONE', *, *, #807, .F. ) ;
#3866 = ORIENTED_EDGE ( 'NONE', *, *, #2917, .F. ) ;
#3867 = ORIENTED_EDGE ( 'NONE', *, *, #3437, .F. ) ;
#3868 = VECTOR ( 'NONE', #7363, 1000.000000000000000 ) ;
#3869 = AXIS2_PLACEMENT_3D ( 'NONE', #5914, #7960, #7087 ) ;
#3870 = SURFACE_STYLE_USAGE ( .BOTH. , #257 ) ;
#3871 = PLANE ( 'NONE',  #8283 ) ;
#3872 = CARTESIAN_POINT ( 'NONE',  ( -0.2499999999999997780, 1.649999999999999911, 1.699999999999999956 ) ) ;
#3873 =( NAMED_UNIT ( * ) SI_UNIT ( $, .STERADIAN. ) SOLID_ANGLE_UNIT ( ) );
#3874 = EDGE_CURVE ( 'NONE', #4914, #1700, #2989, .T. ) ;
#3875 = ORIENTED_EDGE ( 'NONE', *, *, #9507, .F. ) ;
#3876 = DIRECTION ( 'NONE',  ( -0.0000000000000000000, 0.0000000000000000000, 1.000000000000000000 ) ) ;
#3877 = ORIENTED_EDGE ( 'NONE', *, *, #8013, .F. ) ;
#3878 = ORIENTED_EDGE ( 'NONE', *, *, #1535, .F. ) ;
#3879 = DIRECTION ( 'NONE',  ( 2.478176394252583310E-15, -0.0000000000000000000, 1.000000000000000000 ) ) ;
#3880 =( NAMED_UNIT ( * ) PLANE_ANGLE_UNIT ( ) SI_UNIT ( $, .RADIAN. ) );
#3881 = PLANE ( 'NONE',  #2073 ) ;
#3882 = DIRECTION ( 'NONE',  ( -2.409338161078899427E-17, -0.0000000000000000000, -1.000000000000000000 ) ) ;
#3883 = FACE_OUTER_BOUND ( 'NONE', #8232, .T. ) ;
#3884 = EDGE_CURVE ( 'NONE', #8027, #9249, #8797, .T. ) ;
#3885 = VERTEX_POINT ( 'NONE', #3440 ) ;
#3886 = CARTESIAN_POINT ( 'NONE',  ( 4.499999999999999112, 1.750000000000000000, -1.800000000000001155 ) ) ;
#3887 = DIRECTION ( 'NONE',  ( 1.156482317317876458E-15, 7.456544165466556311E-15, 1.000000000000000000 ) ) ;
#3888 = LINE ( 'NONE', #5032, #1874 ) ;
#3889 = DIRECTION ( 'NONE',  ( 0.0000000000000000000, 0.0000000000000000000, -1.000000000000000000 ) ) ;
#3890 = DIRECTION ( 'NONE',  ( 0.0000000000000000000, 0.0000000000000000000, 1.000000000000000000 ) ) ;
#3891 = ORIENTED_EDGE ( 'NONE', *, *, #2425, .T. ) ;
#3892 = DIRECTION ( 'NONE',  ( 0.0000000000000000000, -3.771137991253929066E-16, 1.000000000000000000 ) ) ;
#3893 = DIRECTION ( 'NONE',  ( -1.000000000000000000, 0.0000000000000000000, 6.195440985631453345E-16 ) ) ;
#3894 = CARTESIAN_POINT ( 'NONE',  ( 4.499999999999999112, 0.0000000000000000000, -0.5081345747705631188 ) ) ;
#3895 = PLANE ( 'NONE',  #4989 ) ;
#3896 = FACE_OUTER_BOUND ( 'NONE', #8442, .T. ) ;
#3897 = CARTESIAN_POINT ( 'NONE',  ( 4.399999999999998579, 1.649999999999999911, -0.9500000000000020650 ) ) ;
#3898 = FACE_OUTER_BOUND ( 'NONE', #5297, .T. ) ;
#3899 = VERTEX_POINT ( 'NONE', #4310 ) ;
#3900 =( LENGTH_UNIT ( ) NAMED_UNIT ( * ) SI_UNIT ( .MILLI., .METRE. ) );
#3901 = ADVANCED_FACE ( 'NONE', ( #1004 ), #1215, .F. ) ;
#3902 = CARTESIAN_POINT ( 'NONE',  ( 3.199999999999998401, 1.670000000000000151, 1.800000000000000044 ) ) ;
#3903 = SURFACE_STYLE_USAGE ( .BOTH. , #3843 ) ;
#3904 = LINE ( 'NONE', #5943, #2129 ) ;
#3905 =( NAMED_UNIT ( * ) PLANE_ANGLE_UNIT ( ) SI_UNIT ( $, .RADIAN. ) );
#3906 = DIRECTION ( 'NONE',  ( -0.0000000000000000000, 4.818676322157808222E-16, 1.000000000000000000 ) ) ;
#3907 = SURFACE_STYLE_FILL_AREA ( #3836 ) ;
#3908 = EDGE_CURVE ( 'NONE', #474, #4794, #8550, .T. ) ;
#3909 = CARTESIAN_POINT ( 'NONE',  ( 4.399999999999998579, 1.750000000000000000, 1.699999999999999956 ) ) ;
#3910 = PRESENTATION_LAYER_ASSIGNMENT (  '', '', ( #2895 ) ) ;
#3911 = DIRECTION ( 'NONE',  ( -0.0000000000000000000, -0.0000000000000000000, -1.000000000000000000 ) ) ;
#3912 = DIRECTION ( 'NONE',  ( 1.000000000000000000, 0.0000000000000000000, 1.301042606982613525E-14 ) ) ;
#3913 = FILL_AREA_STYLE ('',( #6141 ) ) ;
#3914 = VECTOR ( 'NONE', #9115, 1000.000000000000000 ) ;
#3915 =( GEOMETRIC_REPRESENTATION_CONTEXT ( 3 ) GLOBAL_UNCERTAINTY_ASSIGNED_CONTEXT ( ( #3340 ) ) GLOBAL_UNIT_ASSIGNED_CONTEXT ( ( #4940, #485, #8664 ) ) REPRESENTATION_CONTEXT ( 'NONE', 'WORKASPACE' ) );
#3916 = CARTESIAN_POINT ( 'NONE',  ( 0.0000000000000000000, -1.750000000000000000, 0.0000000000000000000 ) ) ;
#3917 = DIRECTION ( 'NONE',  ( -0.0000000000000000000, -1.000000000000000000, -0.0000000000000000000 ) ) ;
#3918 = PRESENTATION_LAYER_ASSIGNMENT (  '', '', ( #3416 ) ) ;
#3919 = CARTESIAN_POINT ( 'NONE',  ( -4.389493895187376538, 1.750000000000000000, -1.800000000000000933 ) ) ;
#3920 = DIRECTION ( 'NONE',  ( -0.0000000000000000000, 1.000000000000000000, -1.204669080539449837E-16 ) ) ;
#3921 = EDGE_LOOP ( 'NONE', ( #5354, #4079, #2417, #2905, #9145, #1201 ) ) ;
#3923 = CARTESIAN_POINT ( 'NONE',  ( 0.0000000000000000000, 1.750000000000000000, 1.719999999999999973 ) ) ;
#3922 = VECTOR ( 'NONE', #9602, 1000.000000000000000 ) ;
#3924 = EDGE_CURVE ( 'NONE', #7879, #9116, #2756, .T. ) ;
#3925 = LINE ( 'NONE', #2020, #7955 ) ;
#3926 = PRESENTATION_LAYER_ASSIGNMENT (  '', '', ( #2910 ) ) ;
#3927 = PRESENTATION_LAYER_ASSIGNMENT (  '', '', ( #2911 ) ) ;
#3928 = SURFACE_STYLE_USAGE ( .BOTH. , #7759 ) ;
#3929 = DIRECTION ( 'NONE',  ( 1.000000000000000000, 0.0000000000000000000, 0.0000000000000000000 ) ) ;
#3930 = CARTESIAN_POINT ( 'NONE',  ( -2.200000000000000178, -0.8499999999999993117, -1.499999999999999556 ) ) ;
#3931 = VECTOR ( 'NONE', #3912, 1000.000000000000000 ) ;
#3932 = EDGE_CURVE ( 'NONE', #7349, #9138, #6554, .T. ) ;
#3933 = DIRECTION ( 'NONE',  ( 1.000000000000000000, -0.0000000000000000000, 1.224646799147352961E-16 ) ) ;
#3934 = ORIENTED_EDGE ( 'NONE', *, *, #6963, .T. ) ;
#3935 = VECTOR ( 'NONE', #1792, 1000.000000000000000 ) ;
#3936 = ORIENTED_EDGE ( 'NONE', *, *, #8641, .F. ) ;
#3937 = FACE_OUTER_BOUND ( 'NONE', #2777, .T. ) ;
#3938 = FACE_OUTER_BOUND ( 'NONE', #5415, .T. ) ;
#3939 = CARTESIAN_POINT ( 'NONE',  ( -3.399999999999998135, -1.549999999999999378, 1.149999999999999023 ) ) ;
#3940 = DIRECTION ( 'NONE',  ( 0.0000000000000000000, -1.000000000000000000, 0.0000000000000000000 ) ) ;
#3941 = EDGE_CURVE ( 'NONE', #8328, #2437, #779, .T. ) ;
#3942 = VERTEX_POINT ( 'NONE', #576 ) ;
#3943 = LINE ( 'NONE', #2889, #7724 ) ;
#3944 =( NAMED_UNIT ( * ) SI_UNIT ( $, .STERADIAN. ) SOLID_ANGLE_UNIT ( ) );
#3945 = MECHANICAL_DESIGN_GEOMETRIC_PRESENTATION_REPRESENTATION (  '', ( #2931 ), #4465 ) ;
#3946 = EDGE_LOOP ( 'NONE', ( #3492, #1026, #3273, #1480 ) ) ;
#3947 = EDGE_CURVE ( 'NONE', #5063, #4741, #2260, .T. ) ;
#3948 = UNCERTAINTY_MEASURE_WITH_UNIT (LENGTH_MEASURE( 1.000000000000000082E-05 ), #8795, 'distance_accuracy_value', 'NONE');
#3949 =( LENGTH_UNIT ( ) NAMED_UNIT ( * ) SI_UNIT ( .MILLI., .METRE. ) );
#3950 = DIRECTION ( 'NONE',  ( -2.710505431213760592E-16, 0.0000000000000000000, 1.000000000000000000 ) ) ;
#3951 = ORIENTED_EDGE ( 'NONE', *, *, #3015, .F. ) ;
#3952 = SURFACE_SIDE_STYLE ('',( #5108 ) ) ;
#3953 = ADVANCED_FACE ( 'NONE', ( #2502 ), #4209, .T. ) ;
#3954 = ORIENTED_EDGE ( 'NONE', *, *, #8991, .T. ) ;
#3955 = DIRECTION ( 'NONE',  ( 1.361809969397927063E-32, 1.000000000000000000, -1.112002228190260705E-16 ) ) ;
#3956 = AXIS2_PLACEMENT_3D ( 'NONE', #9008, #8109, #7368 ) ;
#3957 =( LENGTH_UNIT ( ) NAMED_UNIT ( * ) SI_UNIT ( .MILLI., .METRE. ) );
#3958 = SURFACE_STYLE_FILL_AREA ( #7504 ) ;
#3959 = EDGE_CURVE ( 'NONE', #5494, #6314, #9373, .T. ) ;
#3960 = VERTEX_POINT ( 'NONE', #418 ) ;
#3961 = FILL_AREA_STYLE_COLOUR ( '', #2142 ) ;
#3962 = CARTESIAN_POINT ( 'NONE',  ( 0.0000000000000000000, 0.0000000000000000000, -1.500000000000000000 ) ) ;
#3963 = COLOUR_RGB ( '',0.2509803921568627416, 0.2509803921568627416, 0.2509803921568627416 ) ;
#3964 = DIRECTION ( 'NONE',  ( -2.409338161078899427E-17, -0.0000000000000000000, -1.000000000000000000 ) ) ;
#3965 = ADVANCED_FACE ( 'NONE', ( #1562 ), #4902, .F. ) ;
#3966 = ORIENTED_EDGE ( 'NONE', *, *, #5164, .T. ) ;
#3967 = ORIENTED_EDGE ( 'NONE', *, *, #6919, .T. ) ;
#3968 = ORIENTED_EDGE ( 'NONE', *, *, #4822, .T. ) ;
#3969 = DIRECTION ( 'NONE',  ( 0.0000000000000000000, 0.0000000000000000000, -1.000000000000000000 ) ) ;
#3970 = CARTESIAN_POINT ( 'NONE',  ( -3.199999999999997957, 1.750000000000000000, -1.800000000000000933 ) ) ;
#3971 = ORIENTED_EDGE ( 'NONE', *, *, #66, .F. ) ;
#3972 = PRESENTATION_LAYER_ASSIGNMENT (  '', '', ( #2949 ) ) ;
#3973 = ORIENTED_EDGE ( 'NONE', *, *, #7473, .F. ) ;
#3974 = LINE ( 'NONE', #2037, #1957 ) ;
#3975 =( NAMED_UNIT ( * ) PLANE_ANGLE_UNIT ( ) SI_UNIT ( $, .RADIAN. ) );
#3976 = ORIENTED_EDGE ( 'NONE', *, *, #4424, .T. ) ;
#3977 = ORIENTED_EDGE ( 'NONE', *, *, #8130, .T. ) ;
#3978 =( NAMED_UNIT ( * ) SI_UNIT ( $, .STERADIAN. ) SOLID_ANGLE_UNIT ( ) );
#3979 = DIRECTION ( 'NONE',  ( 0.0000000000000000000, 0.0000000000000000000, -1.000000000000000000 ) ) ;
#3980 = AXIS2_PLACEMENT_3D ( 'NONE', #2320, #3892, #4855 ) ;
#3981 = DIRECTION ( 'NONE',  ( -2.710505431213760592E-16, 0.0000000000000000000, 1.000000000000000000 ) ) ;
#3982 = VECTOR ( 'NONE', #1989, 1000.000000000000000 ) ;
#3983 = LINE ( 'NONE', #6461, #1969 ) ;
#3984 = STYLED_ITEM ( 'NONE', ( #4034 ), #8523 ) ;
#3985 = DIRECTION ( 'NONE',  ( 0.0000000000000000000, 0.0000000000000000000, 1.000000000000000000 ) ) ;
#3986 = DIRECTION ( 'NONE',  ( 0.0000000000000000000, 0.0000000000000000000, -1.000000000000000000 ) ) ;
#3987 =( NAMED_UNIT ( * ) PLANE_ANGLE_UNIT ( ) SI_UNIT ( $, .RADIAN. ) );
#3988 = LINE ( 'NONE', #5886, #5777 ) ;
#3989 = EDGE_CURVE ( 'NONE', #1372, #4955, #3345, .T. ) ;
#3990 = AXIS2_PLACEMENT_3D ( 'NONE', #1863, #2615, #7923 ) ;
#3991 = COLOUR_RGB ( '',0.2509803921568627416, 0.2509803921568627416, 0.2509803921568627416 ) ;
#3992 = FILL_AREA_STYLE ('',( #7927 ) ) ;
#3993 = CARTESIAN_POINT ( 'NONE',  ( 3.399999999999998135, 6.925848040166833641, -0.8000000000000001554 ) ) ;
#3994 = EDGE_LOOP ( 'NONE', ( #133, #9409, #6693, #3850 ) ) ;
#3995 =( LENGTH_UNIT ( ) NAMED_UNIT ( * ) SI_UNIT ( .MILLI., .METRE. ) );
#3996 = ORIENTED_EDGE ( 'NONE', *, *, #9658, .T. ) ;
#3997 = ORIENTED_EDGE ( 'NONE', *, *, #8633, .F. ) ;
#3998 = DIRECTION ( 'NONE',  ( 0.0000000000000000000, 0.0000000000000000000, -1.000000000000000000 ) ) ;
#3999 = DIRECTION ( 'NONE',  ( -1.000000000000000000, -0.0000000000000000000, -0.0000000000000000000 ) ) ;
#4000 = DIRECTION ( 'NONE',  ( -0.0000000000000000000, 1.000000000000000000, 3.771137991253929066E-16 ) ) ;
#4001 = CARTESIAN_POINT ( 'NONE',  ( 4.499999999999999112, 0.8499999999999993117, -1.800000000000001155 ) ) ;
#4002 = ORIENTED_EDGE ( 'NONE', *, *, #7535, .F. ) ;
#4003 = ORIENTED_EDGE ( 'NONE', *, *, #3056, .T. ) ;
#4004 =( LENGTH_UNIT ( ) NAMED_UNIT ( * ) SI_UNIT ( .MILLI., .METRE. ) );
#4005 = ADVANCED_FACE ( 'NONE', ( #9124 ), #6183, .T. ) ;
#4006 = CARTESIAN_POINT ( 'NONE',  ( 4.250000000000000000, -0.3500000000000006439, 1.500000000000000000 ) ) ;
#4007 = EDGE_CURVE ( 'NONE', #3152, #3269, #6418, .T. ) ;
#4008 = MANIFOLD_SOLID_BREP ( 'Cut-Extrude24', #2554 ) ;
#4009 = EDGE_CURVE ( 'NONE', #2100, #7202, #5727, .T. ) ;
#4010 = CARTESIAN_POINT ( 'NONE',  ( 4.250000000000003553, 0.6500000000000003553, -0.9500000000000025091 ) ) ;
#4011 = ORIENTED_EDGE ( 'NONE', *, *, #3322, .F. ) ;
#4012 = VERTEX_POINT ( 'NONE', #7271 ) ;
#4013 = ORIENTED_EDGE ( 'NONE', *, *, #7809, .T. ) ;
#4014 = DIRECTION ( 'NONE',  ( 0.0000000000000000000, -0.0000000000000000000, 1.000000000000000000 ) ) ;
#4015 = PRESENTATION_STYLE_ASSIGNMENT (( #1132 ) ) ;
#4016 = ADVANCED_FACE ( 'NONE', ( #1673 ), #7721, .F. ) ;
#4017 = LINE ( 'NONE', #2690, #1996 ) ;
#4018 =( NAMED_UNIT ( * ) SI_UNIT ( $, .STERADIAN. ) SOLID_ANGLE_UNIT ( ) );
#4019 = ORIENTED_EDGE ( 'NONE', *, *, #8832, .F. ) ;
#4020 = VECTOR ( 'NONE', #5366, 1000.000000000000000 ) ;
#4021 = DIRECTION ( 'NONE',  ( -1.000000000000000000, -0.0000000000000000000, -0.0000000000000000000 ) ) ;
#4022 = CARTESIAN_POINT ( 'NONE',  ( 4.250000000000000000, -0.3500000000000006439, -1.500000000000000000 ) ) ;
#4023 = FACE_OUTER_BOUND ( 'NONE', #9383, .T. ) ;
#4024 = CARTESIAN_POINT ( 'NONE',  ( 4.250000000000000000, -2.168404344971008868E-16, 1.500000000000000000 ) ) ;
#4025 = ORIENTED_EDGE ( 'NONE', *, *, #3578, .T. ) ;
#4026 = VECTOR ( 'NONE', #6949, 1000.000000000000000 ) ;
#4027 = DIRECTION ( 'NONE',  ( 0.0000000000000000000, 0.0000000000000000000, 1.000000000000000000 ) ) ;
#4028 = FILL_AREA_STYLE_COLOUR ( '', #4777 ) ;
#4029 = EDGE_LOOP ( 'NONE', ( #3134, #4908, #163, #4804 ) ) ;
#4030 = VECTOR ( 'NONE', #2489, 1000.000000000000000 ) ;
#4031 = AXIS2_PLACEMENT_3D ( 'NONE', #2736, #8448, #2700 ) ;
#4032 = SURFACE_STYLE_FILL_AREA ( #6270 ) ;
#4033 =( NAMED_UNIT ( * ) PLANE_ANGLE_UNIT ( ) SI_UNIT ( $, .RADIAN. ) );
#4034 = PRESENTATION_STYLE_ASSIGNMENT (( #7043 ) ) ;
#4035 = DIRECTION ( 'NONE',  ( -0.1888473936501247619, 0.9820064469806472074, 0.0000000000000000000 ) ) ;
#4036 = EDGE_CURVE ( 'NONE', #9642, #6185, #2977, .T. ) ;
#4037 = CARTESIAN_POINT ( 'NONE',  ( 6.098637220230988326E-17, 6.925848040166833641, -0.2250000000000010880 ) ) ;
#4038 = AXIS2_PLACEMENT_3D ( 'NONE', #9545, #5034, #535 ) ;
#4039 = LINE ( 'NONE', #2598, #83 ) ;
#4040 = COLOUR_RGB ( '',0.2509803921568627416, 0.2509803921568627416, 0.2509803921568627416 ) ;
#4041 = CARTESIAN_POINT ( 'NONE',  ( -3.993478001988251262E-15, 1.649999999999999911, -1.699999999999990852 ) ) ;
#4042 = VECTOR ( 'NONE', #4909, 1000.000000000000000 ) ;
#4043 = DIRECTION ( 'NONE',  ( 1.361809969397927337E-32, 1.000000000000000000, -1.112002228190260952E-16 ) ) ;
#4044 = CARTESIAN_POINT ( 'NONE',  ( -4.399999999999997691, 1.750000000000000000, 1.699999999999999956 ) ) ;
#4045 = SURFACE_STYLE_FILL_AREA ( #9511 ) ;
#4046 = FACE_OUTER_BOUND ( 'NONE', #2148, .T. ) ;
#4047 = ADVANCED_FACE ( 'NONE', ( #4759 ), #8518, .F. ) ;
#4048 = ORIENTED_EDGE ( 'NONE', *, *, #2740, .T. ) ;
#4049 = CARTESIAN_POINT ( 'NONE',  ( 4.150000000000000355, -0.3500000000000003109, 0.6502286246418802484 ) ) ;
#4050 = PRESENTATION_STYLE_ASSIGNMENT (( #3094 ) ) ;
#4051 = LINE ( 'NONE', #1973, #8085 ) ;
#4052 = DIRECTION ( 'NONE',  ( 0.0000000000000000000, -3.469446951953614189E-16, 1.000000000000000000 ) ) ;
#4053 = FILL_AREA_STYLE ('',( #7018 ) ) ;
#4054 = DIRECTION ( 'NONE',  ( -1.000000000000000000, 0.0000000000000000000, 0.0000000000000000000 ) ) ;
#4055 = PLANE ( 'NONE',  #7707 ) ;
#4056 = CARTESIAN_POINT ( 'NONE',  ( 4.150000000000000355, 0.2123238209960886524, 0.4219347130291720704 ) ) ;
#4057 = EDGE_CURVE ( 'NONE', #7521, #6440, #6046, .T. ) ;
#4058 = COLOUR_RGB ( '',0.2509803921568627416, 0.2509803921568627416, 0.2509803921568627416 ) ;
#4059 =( GEOMETRIC_REPRESENTATION_CONTEXT ( 3 ) GLOBAL_UNCERTAINTY_ASSIGNED_CONTEXT ( ( #9391 ) ) GLOBAL_UNIT_ASSIGNED_CONTEXT ( ( #976, #3229, #3165 ) ) REPRESENTATION_CONTEXT ( 'NONE', 'WORKASPACE' ) );
#4060 = DIRECTION ( 'NONE',  ( 1.000000000000000000, -0.0000000000000000000, -0.0000000000000000000 ) ) ;
#4061 = APPLICATION_PROTOCOL_DEFINITION ( 'draft international standard', 'automotive_design', 1998, #8584 ) ;
#4062 = DIRECTION ( 'NONE',  ( -0.1888473936501247619, -0.9820064469806472074, 0.0000000000000000000 ) ) ;
#4063 = ADVANCED_FACE ( 'NONE', ( #87 ), #2424, .F. ) ;
#4064 = SURFACE_STYLE_FILL_AREA ( #5588 ) ;
#4065 = EDGE_CURVE ( 'NONE', #6807, #5884, #9117, .T. ) ;
#4066 = DIRECTION ( 'NONE',  ( -1.000000000000000000, -1.084202172485517214E-14, 0.0000000000000000000 ) ) ;
#4067 = PRESENTATION_STYLE_ASSIGNMENT (( #4657 ) ) ;
#4068 = DIRECTION ( 'NONE',  ( 1.000000000000000000, 0.0000000000000000000, 6.195440985631453345E-16 ) ) ;
#4069 = PRESENTATION_STYLE_ASSIGNMENT (( #7232 ) ) ;
#4070 = LINE ( 'NONE', #352, #2045 ) ;
#4071 = ORIENTED_EDGE ( 'NONE', *, *, #4009, .F. ) ;
#4072 = EDGE_CURVE ( 'NONE', #1440, #5381, #5346, .T. ) ;
#4073 = CARTESIAN_POINT ( 'NONE',  ( -2.325000000000000178, -4.750000000000000000, -1.499999999999999556 ) ) ;
#4074 = DIRECTION ( 'NONE',  ( 0.0000000000000000000, 1.000000000000000000, 3.469446951953614189E-16 ) ) ;
#4075 = ORIENTED_EDGE ( 'NONE', *, *, #5313, .F. ) ;
#4076 = FACE_OUTER_BOUND ( 'NONE', #4356, .T. ) ;
#4077 = AXIS2_PLACEMENT_3D ( 'NONE', #2515, #469, #1632 ) ;
#4078 = EDGE_CURVE ( 'NONE', #8815, #8225, #7113, .T. ) ;
#4079 = ORIENTED_EDGE ( 'NONE', *, *, #6084, .F. ) ;
#4080 = DIRECTION ( 'NONE',  ( 0.9820064469806473184, 0.1888473936501247896, 9.751124359661473979E-17 ) ) ;
#4081 = DIRECTION ( 'NONE',  ( -1.000000000000000000, -0.0000000000000000000, -0.0000000000000000000 ) ) ;
#4082 = SURFACE_SIDE_STYLE ('',( #4167 ) ) ;
#4083 = CARTESIAN_POINT ( 'NONE',  ( -2.799999999999999378, -1.149999999999999911, -1.800000000000000711 ) ) ;
#4084 = DIRECTION ( 'NONE',  ( 0.0000000000000000000, -0.0000000000000000000, 1.000000000000000000 ) ) ;
#4085 = LINE ( 'NONE', #6379, #8113 ) ;
#4086 = VERTEX_POINT ( 'NONE', #6151 ) ;
#4087 = CARTESIAN_POINT ( 'NONE',  ( 4.469999999999998863, 0.7703109888428065766, 0.9500000000000025091 ) ) ;
#4088 =( GEOMETRIC_REPRESENTATION_CONTEXT ( 3 ) GLOBAL_UNCERTAINTY_ASSIGNED_CONTEXT ( ( #2798 ) ) GLOBAL_UNIT_ASSIGNED_CONTEXT ( ( #8578, #1970, #7688 ) ) REPRESENTATION_CONTEXT ( 'NONE', 'WORKASPACE' ) );
#4089 = VERTEX_POINT ( 'NONE', #185 ) ;
#4090 = EDGE_LOOP ( 'NONE', ( #4351, #2801, #3144, #373 ) ) ;
#4091 = DIRECTION ( 'NONE',  ( 0.0000000000000000000, 3.827625419938115413E-16, -1.000000000000000000 ) ) ;
#4092 =( NAMED_UNIT ( * ) SI_UNIT ( $, .STERADIAN. ) SOLID_ANGLE_UNIT ( ) );
#4093 = PLANE ( 'NONE',  #2228 ) ;
#4094 = VERTEX_POINT ( 'NONE', #4510 ) ;
#4095 = VERTEX_POINT ( 'NONE', #783 ) ;
#4096 = VECTOR ( 'NONE', #9362, 1000.000000000000227 ) ;
#4097 =( NAMED_UNIT ( * ) SI_UNIT ( $, .STERADIAN. ) SOLID_ANGLE_UNIT ( ) );
#4098 = EDGE_LOOP ( 'NONE', ( #8334, #8499, #2422, #8755 ) ) ;
#4099 = ORIENTED_EDGE ( 'NONE', *, *, #6775, .F. ) ;
#4100 = ADVANCED_FACE ( 'NONE', ( #4878 ), #3023, .T. ) ;
#4101 = DIRECTION ( 'NONE',  ( 0.0000000000000000000, -0.0000000000000000000, 1.000000000000000000 ) ) ;
#4102 = EDGE_CURVE ( 'NONE', #2446, #2159, #6149, .T. ) ;
#4103 = EDGE_LOOP ( 'NONE', ( #4149, #9252, #7495, #2391 ) ) ;
#4104 = SURFACE_STYLE_USAGE ( .BOTH. , #8632 ) ;
#4105 = VECTOR ( 'NONE', #109, 1000.000000000000000 ) ;
#4106 = CARTESIAN_POINT ( 'NONE',  ( -2.799999999999999822, -0.8499999999999992006, -1.499999999999999778 ) ) ;
#4107 = MECHANICAL_DESIGN_GEOMETRIC_PRESENTATION_REPRESENTATION (  '', ( #2572 ), #4618 ) ;
#4108 = SURFACE_STYLE_USAGE ( .BOTH. , #8715 ) ;
#4109 = EDGE_LOOP ( 'NONE', ( #8426, #4586, #3479, #6544 ) ) ;
#4110 =( NAMED_UNIT ( * ) PLANE_ANGLE_UNIT ( ) SI_UNIT ( $, .RADIAN. ) );
#4111 = ADVANCED_FACE ( 'NONE', ( #2141 ), #89, .F. ) ;
#4112 =( GEOMETRIC_REPRESENTATION_CONTEXT ( 3 ) GLOBAL_UNCERTAINTY_ASSIGNED_CONTEXT ( ( #964 ) ) GLOBAL_UNIT_ASSIGNED_CONTEXT ( ( #2853, #8151, #3617 ) ) REPRESENTATION_CONTEXT ( 'NONE', 'WORKASPACE' ) );
#4113 = CARTESIAN_POINT ( 'NONE',  ( 3.071906155375593596E-16, 1.750000000000000000, 1.699999999999999067 ) ) ;
#4114 = VECTOR ( 'NONE', #5301, 1000.000000000000000 ) ;
#4115 = ORIENTED_EDGE ( 'NONE', *, *, #7353, .T. ) ;
#4116 = DIRECTION ( 'NONE',  ( -1.000000000000000000, -0.0000000000000000000, -0.0000000000000000000 ) ) ;
#4117 = SURFACE_STYLE_FILL_AREA ( #6400 ) ;
#4118 = DIRECTION ( 'NONE',  ( 1.361809969397927063E-32, 1.000000000000000000, -1.112002228190260705E-16 ) ) ;
#4119 = EDGE_LOOP ( 'NONE', ( #9619, #5321, #7630, #5206, #5035, #6575, #7142, #223, #6667, #4590, #3951, #2570, #959, #3193, #1530, #6928, #403, #890, #7007, #9654, #3997, #6069, #1077, #9182, #2675, #8597, #7149, #9086, #1039, #6110 ) ) ;
#4120 = EDGE_CURVE ( 'NONE', #4895, #8921, #3658, .T. ) ;
#4121 = DIRECTION ( 'NONE',  ( -0.0000000000000000000, 0.0000000000000000000, 1.000000000000000000 ) ) ;
#4122 = COLOUR_RGB ( '',0.2509803921568627416, 0.2509803921568627416, 0.2509803921568627416 ) ;
#4124 = STYLED_ITEM ( 'NONE', ( #6246 ), #1759 ) ;
#4123 = FILL_AREA_STYLE ('',( #368 ) ) ;
#4125 = FILL_AREA_STYLE_COLOUR ( '', #1658 ) ;
#4126 = DIRECTION ( 'NONE',  ( 1.000000000000000000, 0.0000000000000000000, -6.195440985631453345E-16 ) ) ;
#4127 = DIRECTION ( 'NONE',  ( 0.0000000000000000000, -0.0000000000000000000, -1.000000000000000000 ) ) ;
#4128 = VECTOR ( 'NONE', #704, 1000.000000000000000 ) ;
#4129 = DIRECTION ( 'NONE',  ( 0.0000000000000000000, -0.9265528178475217480, -0.3761646923075279147 ) ) ;
#4130 = DIRECTION ( 'NONE',  ( 0.0000000000000000000, 1.000000000000000000, 3.469446951953614189E-16 ) ) ;
#4131 = ORIENTED_EDGE ( 'NONE', *, *, #4521, .F. ) ;
#4132 = EDGE_CURVE ( 'NONE', #2109, #9138, #5678, .T. ) ;
#4133 = EDGE_LOOP ( 'NONE', ( #3011, #3014, #8303, #7974 ) ) ;
#4134 = DIRECTION ( 'NONE',  ( -0.0000000000000000000, 0.3761646923075286919, 0.9265528178475215260 ) ) ;
#4135 = DIRECTION ( 'NONE',  ( -1.000000000000000000, 0.0000000000000000000, -9.035018104045868969E-16 ) ) ;
#4136 = CARTESIAN_POINT ( 'NONE',  ( 4.399999999999998579, 1.649999999999999911, 0.0000000000000000000 ) ) ;
#4137 = CARTESIAN_POINT ( 'NONE',  ( -2.800000000000000266, -1.149999999999999911, -0.8291796067500623035 ) ) ;
#4138 = UNCERTAINTY_MEASURE_WITH_UNIT (LENGTH_MEASURE( 1.000000000000000082E-05 ), #6369, 'distance_accuracy_value', 'NONE');
#4139 = LINE ( 'NONE', #8090, #6117 ) ;
#4140 = LINE ( 'NONE', #8185, #3158 ) ;
#4141 = EDGE_CURVE ( 'NONE', #4937, #6683, #7436, .T. ) ;
#4142 = ORIENTED_EDGE ( 'NONE', *, *, #5279, .F. ) ;
#4143 = SURFACE_SIDE_STYLE ('',( #5831 ) ) ;
#4144 =( GEOMETRIC_REPRESENTATION_CONTEXT ( 3 ) GLOBAL_UNCERTAINTY_ASSIGNED_CONTEXT ( ( #1631 ) ) GLOBAL_UNIT_ASSIGNED_CONTEXT ( ( #2738, #8767, #4977 ) ) REPRESENTATION_CONTEXT ( 'NONE', 'WORKASPACE' ) );
#4145 = EDGE_CURVE ( 'NONE', #3835, #1325, #1629, .T. ) ;
#4146 = VECTOR ( 'NONE', #4021, 1000.000000000000000 ) ;
#4147 = ORIENTED_EDGE ( 'NONE', *, *, #7108, .F. ) ;
#4148 = CARTESIAN_POINT ( 'NONE',  ( -4.250000000000000000, -0.3500000000000006439, 1.500000000000000000 ) ) ;
#4149 = ORIENTED_EDGE ( 'NONE', *, *, #14, .T. ) ;
#4150 = CARTESIAN_POINT ( 'NONE',  ( -4.179999999999999716, 0.6296890111571915583, -1.500000000000000000 ) ) ;
#4151 = CARTESIAN_POINT ( 'NONE',  ( 4.399999999999998579, 1.649999999999999911, 0.0000000000000000000 ) ) ;
#4152 = CARTESIAN_POINT ( 'NONE',  ( 3.749999999999998668, 6.925848040166833641, -1.149999999999999689 ) ) ;
#4153 = CARTESIAN_POINT ( 'NONE',  ( 4.389493895187377426, 1.750000000000001554, 0.9500000000000019540 ) ) ;
#4154 =( GEOMETRIC_REPRESENTATION_CONTEXT ( 3 ) GLOBAL_UNCERTAINTY_ASSIGNED_CONTEXT ( ( #3532 ) ) GLOBAL_UNIT_ASSIGNED_CONTEXT ( ( #2043, #8731, #2490 ) ) REPRESENTATION_CONTEXT ( 'NONE', 'WORKASPACE' ) );
#4155 = CARTESIAN_POINT ( 'NONE',  ( 7.124757133476183969E-16, -1.549999999999999378, -1.150000000000002132 ) ) ;
#4156 = VECTOR ( 'NONE', #6542, 1000.000000000000000 ) ;
#4157 = SURFACE_STYLE_USAGE ( .BOTH. , #5210 ) ;
#4158 = DIRECTION ( 'NONE',  ( 1.000000000000000000, -0.0000000000000000000, 1.224646799147352961E-16 ) ) ;
#4159 = EDGE_CURVE ( 'NONE', #7295, #7285, #9206, .T. ) ;
#4160 = DIRECTION ( 'NONE',  ( -2.409338161078899427E-17, -0.0000000000000000000, -1.000000000000000000 ) ) ;
#4161 = LINE ( 'NONE', #2678, #5930 ) ;
#4162 = CARTESIAN_POINT ( 'NONE',  ( 0.8627674750356641997, -1.073609129814550256, 1.499999999999999556 ) ) ;
#4163 = DIRECTION ( 'NONE',  ( 1.224646799147352961E-16, -1.204669080539449344E-16, -1.000000000000000000 ) ) ;
#4164 = CARTESIAN_POINT ( 'NONE',  ( 3.199999999999997957, 1.670000000000000151, -1.800000000000000933 ) ) ;
#4165 = FILL_AREA_STYLE ('',( #9062 ) ) ;
#4166 = DIRECTION ( 'NONE',  ( 0.0000000000000000000, -1.000000000000000000, -0.0000000000000000000 ) ) ;
#4167 = SURFACE_STYLE_FILL_AREA ( #8609 ) ;
#4168 = ADVANCED_FACE ( 'NONE', ( #5199 ), #4854, .F. ) ;
#4169 = FILL_AREA_STYLE_COLOUR ( '', #100 ) ;
#4170 = UNCERTAINTY_MEASURE_WITH_UNIT (LENGTH_MEASURE( 1.000000000000000082E-05 ), #4004, 'distance_accuracy_value', 'NONE');
#4171 = ORIENTED_EDGE ( 'NONE', *, *, #520, .T. ) ;
#4172 = VECTOR ( 'NONE', #5813, 1000.000000000000000 ) ;
#4173 = COLOUR_RGB ( '',0.2509803921568627416, 0.2509803921568627416, 0.2509803921568627416 ) ;
#4174 = CARTESIAN_POINT ( 'NONE',  ( -4.150000000000000355, 0.6499999999999986899, -1.500000000000000000 ) ) ;
#4175 = DIRECTION ( 'NONE',  ( -0.0000000000000000000, 1.000000000000000000, 0.0000000000000000000 ) ) ;
#4176 = STYLED_ITEM ( 'NONE', ( #273 ), #4223 ) ;
#4177 = ORIENTED_EDGE ( 'NONE', *, *, #5371, .T. ) ;
#4178 = AXIS2_PLACEMENT_3D ( 'NONE', #6525, #2749, #7284 ) ;
#4179 = ORIENTED_EDGE ( 'NONE', *, *, #5449, .F. ) ;
#4180 = PLANE ( 'NONE',  #7206 ) ;
#4181 = DIRECTION ( 'NONE',  ( 1.000000000000000000, 0.0000000000000000000, 0.0000000000000000000 ) ) ;
#4182 = EDGE_CURVE ( 'NONE', #2169, #3663, #2453, .T. ) ;
#4183 = ORIENTED_EDGE ( 'NONE', *, *, #9327, .F. ) ;
#4184 = MECHANICAL_DESIGN_GEOMETRIC_PRESENTATION_REPRESENTATION (  '', ( #2643 ), #4678 ) ;
#4185 = EDGE_LOOP ( 'NONE', ( #3744, #9173, #7394, #3934 ) ) ;
#4186 = LINE ( 'NONE', #5763, #4418 ) ;
#4187 = DIRECTION ( 'NONE',  ( 0.0000000000000000000, 0.0000000000000000000, 1.000000000000000000 ) ) ;
#4188 = DIRECTION ( 'NONE',  ( -1.445602896647335761E-15, -1.000000000000000000, 0.0000000000000000000 ) ) ;
#4189 = SURFACE_SIDE_STYLE ('',( #539 ) ) ;
#4190 = LINE ( 'NONE', #6477, #2873 ) ;
#4191 = CARTESIAN_POINT ( 'NONE',  ( 4.150000000000000355, 0.6499999999999982458, -0.9500000000000025091 ) ) ;
#4192 = DIRECTION ( 'NONE',  ( -0.1888473936501247619, -0.9820064469806472074, 0.0000000000000000000 ) ) ;
#4193 = DIRECTION ( 'NONE',  ( -1.807003620809173892E-16, 0.0000000000000000000, -1.000000000000000000 ) ) ;
#4195 = ORIENTED_EDGE ( 'NONE', *, *, #6586, .T. ) ;
#4194 = DIRECTION ( 'NONE',  ( 1.000000000000000000, -0.0000000000000000000, 1.224646799147352961E-16 ) ) ;
#4196 = FILL_AREA_STYLE ('',( #7150 ) ) ;
#4197 =( LENGTH_UNIT ( ) NAMED_UNIT ( * ) SI_UNIT ( .MILLI., .METRE. ) );
#4198 = PRESENTATION_LAYER_ASSIGNMENT (  '', '', ( #3167 ) ) ;
#4199 = ORIENTED_EDGE ( 'NONE', *, *, #5139, .F. ) ;
#4200 = DIRECTION ( 'NONE',  ( -1.000000000000000000, 0.0000000000000000000, -1.224646799147352961E-16 ) ) ;
#4201 = LINE ( 'NONE', #5130, #3351 ) ;
#4202 = MECHANICAL_DESIGN_GEOMETRIC_PRESENTATION_REPRESENTATION (  '', ( #2663 ), #4698 ) ;
#4203 = ORIENTED_EDGE ( 'NONE', *, *, #5587, .T. ) ;
#4204 = FILL_AREA_STYLE_COLOUR ( '', #6350 ) ;
#4205 = EDGE_LOOP ( 'NONE', ( #3738, #9558, #6197, #6589 ) ) ;
#4206 = EDGE_CURVE ( 'NONE', #4833, #8371, #8259, .T. ) ;
#4207 = FILL_AREA_STYLE_COLOUR ( '', #8588 ) ;
#4208 = DIRECTION ( 'NONE',  ( -0.0000000000000000000, 0.0000000000000000000, -1.000000000000000000 ) ) ;
#4209 = PLANE ( 'NONE',  #44 ) ;
#4210 = EDGE_LOOP ( 'NONE', ( #3250, #919, #2841, #6373 ) ) ;
#4211 = VECTOR ( 'NONE', #9585, 1000.000000000000000 ) ;
#4212 = ORIENTED_EDGE ( 'NONE', *, *, #9643, .F. ) ;
#4213 = VERTEX_POINT ( 'NONE', #55 ) ;
#4214 = ORIENTED_EDGE ( 'NONE', *, *, #7433, .T. ) ;
#4215 = EDGE_LOOP ( 'NONE', ( #5498, #823, #9671, #7037, #279, #3020, #3061, #7404 ) ) ;
#4216 = LINE ( 'NONE', #6060, #1812 ) ;
#4217 = DIRECTION ( 'NONE',  ( 1.000000000000000000, -0.0000000000000000000, 0.0000000000000000000 ) ) ;
#4218 = DIRECTION ( 'NONE',  ( 0.0000000000000000000, 0.0000000000000000000, 1.000000000000000000 ) ) ;
#4219 = FILL_AREA_STYLE_COLOUR ( '', #1789 ) ;
#4220 = STYLED_ITEM ( 'NONE', ( #7005 ), #3466 ) ;
#4221 = EDGE_LOOP ( 'NONE', ( #9281, #763, #8429, #5298 ) ) ;
#4222 = ORIENTED_EDGE ( 'NONE', *, *, #6347, .F. ) ;
#4223 = ADVANCED_FACE ( 'NONE', ( #2209 ), #4055, .T. ) ;
#4224 = LINE ( 'NONE', #1783, #240 ) ;
#4225 = ORIENTED_EDGE ( 'NONE', *, *, #5673, .F. ) ;
#4226 = ORIENTED_EDGE ( 'NONE', *, *, #2845, .F. ) ;
#4227 = CARTESIAN_POINT ( 'NONE',  ( 4.389493895187378314, 1.750000000000000000, -1.800000000000001155 ) ) ;
#4228 = FILL_AREA_STYLE ('',( #463 ) ) ;
#4229 = CARTESIAN_POINT ( 'NONE',  ( -4.499999999999998224, 0.6499999999999989120, -1.800000000000000933 ) ) ;
#4230 =( NAMED_UNIT ( * ) SI_UNIT ( $, .STERADIAN. ) SOLID_ANGLE_UNIT ( ) );
#4231 = FILL_AREA_STYLE_COLOUR ( '', #6219 ) ;
#4232 = DIRECTION ( 'NONE',  ( -1.224646799147352961E-16, 0.0000000000000000000, 1.000000000000000000 ) ) ;
#4233 = ORIENTED_EDGE ( 'NONE', *, *, #8559, .T. ) ;
#4234 = ORIENTED_EDGE ( 'NONE', *, *, #2266, .T. ) ;
#4235 = EDGE_LOOP ( 'NONE', ( #2431, #3601, #8122, #8957 ) ) ;
#4236 = VECTOR ( 'NONE', #6984, 1000.000000000000000 ) ;
#4237 = CARTESIAN_POINT ( 'NONE',  ( -2.200000000000000178, -0.8499999999999992006, 1.499999999999999334 ) ) ;
#4238 = ORIENTED_EDGE ( 'NONE', *, *, #73, .T. ) ;
#4239 = CARTESIAN_POINT ( 'NONE',  ( 4.150000000000000355, -0.3500000000000003109, 0.6502286246418802484 ) ) ;
#4240 = CARTESIAN_POINT ( 'NONE',  ( -4.499999999999998224, 0.6499999999999989120, -3.617278184538625041 ) ) ;
#4241 =( GEOMETRIC_REPRESENTATION_CONTEXT ( 3 ) GLOBAL_UNCERTAINTY_ASSIGNED_CONTEXT ( ( #2344 ) ) GLOBAL_UNIT_ASSIGNED_CONTEXT ( ( #2710, #4981, #8011 ) ) REPRESENTATION_CONTEXT ( 'NONE', 'WORKASPACE' ) );
#4242 = VERTEX_POINT ( 'NONE', #2959 ) ;
#4243 = SURFACE_SIDE_STYLE ('',( #6577 ) ) ;
#4244 = ORIENTED_EDGE ( 'NONE', *, *, #1291, .F. ) ;
#4245 = FILL_AREA_STYLE_COLOUR ( '', #3746 ) ;
#4246 = DIRECTION ( 'NONE',  ( 1.000000000000000000, -0.0000000000000000000, -0.0000000000000000000 ) ) ;
#4247 = FILL_AREA_STYLE ('',( #9381 ) ) ;
#4248 = EDGE_CURVE ( 'NONE', #2577, #8815, #5539, .T. ) ;
#4249 = AXIS2_PLACEMENT_3D ( 'NONE', #7852, #8615, #4084 ) ;
#4250 = FACE_OUTER_BOUND ( 'NONE', #7517, .T. ) ;
#4251 = ORIENTED_EDGE ( 'NONE', *, *, #2392, .T. ) ;
#4252 = CARTESIAN_POINT ( 'NONE',  ( -4.399999999999998579, 1.750000000000000000, 0.9500000000000031752 ) ) ;
#4253 = AXIS2_PLACEMENT_3D ( 'NONE', #9380, #4175, #5623 ) ;
#4254 = SURFACE_STYLE_USAGE ( .BOTH. , #7283 ) ;
#4255 = DIRECTION ( 'NONE',  ( 0.0000000000000000000, 1.000000000000000000, 0.0000000000000000000 ) ) ;
#4256 = VECTOR ( 'NONE', #2281, 1000.000000000000000 ) ;
#4257 = VECTOR ( 'NONE', #9178, 1000.000000000000000 ) ;
#4258 = AXIS2_PLACEMENT_3D ( 'NONE', #6030, #6790, #2242 ) ;
#4259 = CARTESIAN_POINT ( 'NONE',  ( 4.250000000000000000, 0.6500000000000000222, -3.617278184538625041 ) ) ;
#4260 = DIRECTION ( 'NONE',  ( -1.000000000000000000, -0.0000000000000000000, -0.0000000000000000000 ) ) ;
#4261 = ORIENTED_EDGE ( 'NONE', *, *, #4905, .T. ) ;
#4262 = EDGE_CURVE ( 'NONE', #614, #5273, #1511, .T. ) ;
#4263 = CARTESIAN_POINT ( 'NONE',  ( -3.749999999999994671, -1.750000000000000000, 9.293161478447172524E-15 ) ) ;
#4264 = DIRECTION ( 'NONE',  ( 0.3713906763541074962, 0.9284766908852578604, -0.0000000000000000000 ) ) ;
#4265 = VERTEX_POINT ( 'NONE', #1508 ) ;
#4266 = PRESENTATION_LAYER_ASSIGNMENT (  '', '', ( #3227 ) ) ;
#4267 = ORIENTED_EDGE ( 'NONE', *, *, #6449, .T. ) ;
#4268 = UNCERTAINTY_MEASURE_WITH_UNIT (LENGTH_MEASURE( 1.000000000000000082E-05 ), #1766, 'distance_accuracy_value', 'NONE');
#4269 = CARTESIAN_POINT ( 'NONE',  ( 4.399999999999998579, 1.664434642797410602, 0.0000000000000000000 ) ) ;
#4270 = VECTOR ( 'NONE', #4158, 1000.000000000000000 ) ;
#4271 = EDGE_CURVE ( 'NONE', #8562, #7766, #5300, .T. ) ;
#4272 = SURFACE_STYLE_USAGE ( .BOTH. , #6639 ) ;
#4273 = DIRECTION ( 'NONE',  ( 1.000000000000000000, -0.0000000000000000000, -0.0000000000000000000 ) ) ;
#4274 = VECTOR ( 'NONE', #2547, 1000.000000000000000 ) ;
#4275 = ORIENTED_EDGE ( 'NONE', *, *, #3437, .T. ) ;
#4276 = SURFACE_SIDE_STYLE ('',( #4045 ) ) ;
#4277 = ADVANCED_FACE ( 'NONE', ( #3289 ), #2936, .T. ) ;
#4278 = PRESENTATION_STYLE_ASSIGNMENT (( #1404 ) ) ;
#4279 = CARTESIAN_POINT ( 'NONE',  ( 4.499999999999999112, 1.670000000000000151, 0.9500000000000025091 ) ) ;
#4280 = LINE ( 'NONE', #3854, #286 ) ;
#4281 = EDGE_CURVE ( 'NONE', #1981, #922, #6364, .T. ) ;
#4282 = FACE_OUTER_BOUND ( 'NONE', #9142, .T. ) ;
#4283 = LINE ( 'NONE', #2474, #291 ) ;
#4284 = EDGE_CURVE ( 'NONE', #5452, #1981, #8374, .T. ) ;
#4285 = SURFACE_STYLE_FILL_AREA ( #504 ) ;
#4286 = ORIENTED_EDGE ( 'NONE', *, *, #3344, .F. ) ;
#4287 = LINE ( 'NONE', #6868, #6035 ) ;
#4288 = FILL_AREA_STYLE ('',( #6852 ) ) ;
#4289 = PLANE ( 'NONE',  #2821 ) ;
#4290 = AXIS2_PLACEMENT_3D ( 'NONE', #948, #3572, #4433 ) ;
#4291 = CARTESIAN_POINT ( 'NONE',  ( 4.150000000000000355, -0.3500000000000006439, -1.500000000000000000 ) ) ;
#4292 = SURFACE_SIDE_STYLE ('',( #4837 ) ) ;
#4293 = SURFACE_STYLE_FILL_AREA ( #8967 ) ;
#4294 = CARTESIAN_POINT ( 'NONE',  ( 2.799999999999999822, -3.999999999999999112, 1.800000000000000488 ) ) ;
#4295 = SURFACE_STYLE_FILL_AREA ( #4196 ) ;
#4296 = DIRECTION ( 'NONE',  ( 1.000000000000000000, 0.0000000000000000000, 1.301042606982613367E-14 ) ) ;
#4297 = FACE_OUTER_BOUND ( 'NONE', #7, .T. ) ;
#4298 = SURFACE_SIDE_STYLE ('',( #2492 ) ) ;
#4299 = PRESENTATION_STYLE_ASSIGNMENT (( #183 ) ) ;
#4300 = LINE ( 'NONE', #3388, #6285 ) ;
#4301 = CARTESIAN_POINT ( 'NONE',  ( 3.199999999999998401, 1.649999999999999911, 1.800000000000000044 ) ) ;
#4302 = DIRECTION ( 'NONE',  ( 1.000000000000000000, 0.0000000000000000000, 0.0000000000000000000 ) ) ;
#4303 = DIRECTION ( 'NONE',  ( 1.000000000000000000, -0.0000000000000000000, -0.0000000000000000000 ) ) ;
#4304 = VERTEX_POINT ( 'NONE', #6772 ) ;
#4305 = CARTESIAN_POINT ( 'NONE',  ( 0.2999999999999999334, -0.8499999999999992006, 1.499999999999999334 ) ) ;
#4306 = LINE ( 'NONE', #6986, #7370 ) ;
#4307 = PRESENTATION_STYLE_ASSIGNMENT (( #4254 ) ) ;
#4308 = VERTEX_POINT ( 'NONE', #6257 ) ;
#4309 = AXIS2_PLACEMENT_3D ( 'NONE', #694, #5688, #5939 ) ;
#4310 = CARTESIAN_POINT ( 'NONE',  ( -3.199999999999997513, 1.750000000000000000, 1.800000000000000044 ) ) ;
#4311 = SURFACE_STYLE_FILL_AREA ( #4247 ) ;
#4312 = LINE ( 'NONE', #5666, #6057 ) ;
#4314 = CARTESIAN_POINT ( 'NONE',  ( 2.674999999999999822, -1.149999999999999911, 1.800000000000000266 ) ) ;
#4313 = MECHANICAL_DESIGN_GEOMETRIC_PRESENTATION_REPRESENTATION (  '', ( #2774 ), #4807 ) ;
#4315 = VECTOR ( 'NONE', #5172, 1000.000000000000000 ) ;
#4316 = EDGE_CURVE ( 'NONE', #5527, #9755, #8146, .T. ) ;
#4317 = AXIS2_PLACEMENT_3D ( 'NONE', #8876, #4359, #9635 ) ;
#4318 = AXIS2_PLACEMENT_3D ( 'NONE', #6700, #4820, #5795 ) ;
#4319 = LINE ( 'NONE', #9435, #2513 ) ;
#4320 = VECTOR ( 'NONE', #4950, 1000.000000000000000 ) ;
#4321 = ADVANCED_FACE ( 'NONE', ( #4367 ), #6931, .F. ) ;
#4322 = ORIENTED_EDGE ( 'NONE', *, *, #5953, .F. ) ;
#4323 = CARTESIAN_POINT ( 'NONE',  ( 4.150000000000000355, 0.6296890111571917803, 0.9500000000000025091 ) ) ;
#4324 = EDGE_CURVE ( 'NONE', #7883, #9283, #7431, .T. ) ;
#4325 = CARTESIAN_POINT ( 'NONE',  ( 4.499999999999999112, 0.7703109888428065766, 0.9500000000000025091 ) ) ;
#4326 = DIRECTION ( 'NONE',  ( -0.0000000000000000000, -0.0000000000000000000, 1.000000000000000000 ) ) ;
#4327 = DIRECTION ( 'NONE',  ( 1.000000000000000000, -0.0000000000000000000, 0.0000000000000000000 ) ) ;
#4328 = ORIENTED_EDGE ( 'NONE', *, *, #1520, .F. ) ;
#4329 = VECTOR ( 'NONE', #3889, 1000.000000000000000 ) ;
#4330 = CARTESIAN_POINT ( 'NONE',  ( 3.199999999999998401, 1.750000000000000000, 1.699999999999998845 ) ) ;
#4331 = SURFACE_STYLE_USAGE ( .BOTH. , #5155 ) ;
#4332 = EDGE_LOOP ( 'NONE', ( #7281, #1149, #37, #6465 ) ) ;
#4333 = ORIENTED_EDGE ( 'NONE', *, *, #3908, .F. ) ;
#4334 = DIRECTION ( 'NONE',  ( 0.0000000000000000000, 0.0000000000000000000, 1.000000000000000000 ) ) ;
#4335 = EDGE_CURVE ( 'NONE', #1985, #3185, #9434, .T. ) ;
#4336 = CARTESIAN_POINT ( 'NONE',  ( 2.200000000000000178, -1.149999999999999911, -1.499999999999999778 ) ) ;
#4337 = CARTESIAN_POINT ( 'NONE',  ( -3.199999999999997513, 1.670000000000000151, 1.719999999999999973 ) ) ;
#4338 = ORIENTED_EDGE ( 'NONE', *, *, #6131, .T. ) ;
#4339 = EDGE_CURVE ( 'NONE', #4304, #5806, #3401, .T. ) ;
#4340 = ORIENTED_EDGE ( 'NONE', *, *, #860, .F. ) ;
#4341 = ORIENTED_EDGE ( 'NONE', *, *, #144, .F. ) ;
#4342 = ORIENTED_EDGE ( 'NONE', *, *, #892, .T. ) ;
#4343 = CARTESIAN_POINT ( 'NONE',  ( -4.399999999999998579, 1.649999999999999911, 0.0000000000000000000 ) ) ;
#4344 = ORIENTED_EDGE ( 'NONE', *, *, #5389, .F. ) ;
#4345 = VECTOR ( 'NONE', #8672, 1000.000000000000000 ) ;
#4346 = DIRECTION ( 'NONE',  ( -1.224646799147352961E-16, 0.0000000000000000000, 1.000000000000000000 ) ) ;
#4347 = ORIENTED_EDGE ( 'NONE', *, *, #8945, .F. ) ;
#4348 = SURFACE_STYLE_FILL_AREA ( #2210 ) ;
#4349 =( GEOMETRIC_REPRESENTATION_CONTEXT ( 3 ) GLOBAL_UNCERTAINTY_ASSIGNED_CONTEXT ( ( #771 ) ) GLOBAL_UNIT_ASSIGNED_CONTEXT ( ( #788, #3464, #8765 ) ) REPRESENTATION_CONTEXT ( 'NONE', 'WORKASPACE' ) );
#4350 = ORIENTED_EDGE ( 'NONE', *, *, #3175, .T. ) ;
#4351 = ORIENTED_EDGE ( 'NONE', *, *, #749, .F. ) ;
#4352 = EDGE_CURVE ( 'NONE', #2850, #9029, #5410, .T. ) ;
#4353 = DIRECTION ( 'NONE',  ( -0.1218693434051548868, 0.9925461516413210949, 1.585572082551021025E-15 ) ) ;
#4354 = LINE ( 'NONE', #5619, #536 ) ;
#4355 = VERTEX_POINT ( 'NONE', #3228 ) ;
#4356 = EDGE_LOOP ( 'NONE', ( #9061, #5380, #5865, #2505, #6680, #506, #2409, #4687, #9218, #4799, #905, #8103, #2644, #7410, #3305, #7564, #632, #3967, #6787, #2173 ) ) ;
#4357 = CARTESIAN_POINT ( 'NONE',  ( -4.250000000000000000, -0.3500000000000003109, 0.6502286246418802484 ) ) ;
#4358 = LINE ( 'NONE', #411, #2307 ) ;
#4359 = DIRECTION ( 'NONE',  ( 1.000000000000000000, -1.445602896647335958E-15, -2.409338161078899427E-17 ) ) ;
#4360 = FILL_AREA_STYLE ('',( #5100 ) ) ;
#4361 =( NAMED_UNIT ( * ) SI_UNIT ( $, .STERADIAN. ) SOLID_ANGLE_UNIT ( ) );
#4362 = VECTOR ( 'NONE', #8982, 1000.000000000000000 ) ;
#4363 = VERTEX_POINT ( 'NONE', #3826 ) ;
#4364 =( NAMED_UNIT ( * ) PLANE_ANGLE_UNIT ( ) SI_UNIT ( $, .RADIAN. ) );
#4365 = ORIENTED_EDGE ( 'NONE', *, *, #6686, .F. ) ;
#4366 = CARTESIAN_POINT ( 'NONE',  ( 4.250000000000000000, 0.6500000000000000222, -1.800000000000001155 ) ) ;
#4367 = FACE_OUTER_BOUND ( 'NONE', #8082, .T. ) ;
#4368 = FILL_AREA_STYLE ('',( #5923 ) ) ;
#4369 = CARTESIAN_POINT ( 'NONE',  ( -2.799999999999999378, -1.149999999999999911, -1.800000000000000711 ) ) ;
#4370 = ADVANCED_FACE ( 'NONE', ( #1402 ), #5582, .F. ) ;
#4371 = VERTEX_POINT ( 'NONE', #122 ) ;
#4372 = VERTEX_POINT ( 'NONE', #1603 ) ;
#4373 = EDGE_CURVE ( 'NONE', #5311, #6442, #3163, .T. ) ;
#4374 = CARTESIAN_POINT ( 'NONE',  ( -2.324999999999999734, -4.649999999999999467, -1.800000000000000266 ) ) ;
#4375 = MECHANICAL_DESIGN_GEOMETRIC_PRESENTATION_REPRESENTATION (  '', ( #2852 ), #4884 ) ;
#4376 = UNCERTAINTY_MEASURE_WITH_UNIT (LENGTH_MEASURE( 1.000000000000000082E-05 ), #8871, 'distance_accuracy_value', 'NONE');
#4377 = DIRECTION ( 'NONE',  ( 0.0000000000000000000, 0.0000000000000000000, 1.000000000000000000 ) ) ;
#4378 = CARTESIAN_POINT ( 'NONE',  ( 4.399999999999998579, 1.649999999999999911, -0.9500000000000020650 ) ) ;
#4379 = CARTESIAN_POINT ( 'NONE',  ( 3.199999999999998401, 1.649999999999999911, 1.800000000000000044 ) ) ;
#4380 = PRESENTATION_LAYER_ASSIGNMENT (  '', '', ( #3363 ) ) ;
#4381 = ORIENTED_EDGE ( 'NONE', *, *, #5045, .F. ) ;
#4382 = COLOUR_RGB ( '',0.2509803921568627416, 0.2509803921568627416, 0.2509803921568627416 ) ;
#4383 = CARTESIAN_POINT ( 'NONE',  ( 0.2999999999999999334, -0.8499999999999992006, 1.499999999999999334 ) ) ;
#4384 = COLOUR_RGB ( '',0.2509803921568627416, 0.2509803921568627416, 0.2509803921568627416 ) ;
#4385 = EDGE_CURVE ( 'NONE', #1059, #4895, #7193, .T. ) ;
#4386 = DIRECTION ( 'NONE',  ( -0.0000000000000000000, 1.000000000000000000, -0.0000000000000000000 ) ) ;
#4387 = VECTOR ( 'NONE', #1782, 1000.000000000000114 ) ;
#4388 = VECTOR ( 'NONE', #4273, 1000.000000000000000 ) ;
#4389 = FILL_AREA_STYLE ('',( #7523 ) ) ;
#4390 = CARTESIAN_POINT ( 'NONE',  ( 3.299999999999997602, 6.925848040166833641, 0.2249999999999998113 ) ) ;
#4391 = DIRECTION ( 'NONE',  ( -0.0000000000000000000, -0.0000000000000000000, -1.000000000000000000 ) ) ;
#4392 = FACE_OUTER_BOUND ( 'NONE', #4924, .T. ) ;
#4393 = EDGE_CURVE ( 'NONE', #2876, #5769, #2930, .T. ) ;
#4394 = ORIENTED_EDGE ( 'NONE', *, *, #3694, .F. ) ;
#4395 = COLOUR_RGB ( '',0.2509803921568627416, 0.2509803921568627416, 0.2509803921568627416 ) ;
#4396 = STYLED_ITEM ( 'NONE', ( #2357 ), #3354 ) ;
#4397 = COLOUR_RGB ( '',0.2509803921568627416, 0.2509803921568627416, 0.2509803921568627416 ) ;
#4398 = CARTESIAN_POINT ( 'NONE',  ( -3.299999999999997602, -1.700000000000000178, -0.2250000000000010048 ) ) ;
#4399 = SURFACE_SIDE_STYLE ('',( #8471 ) ) ;
#4400 = VECTOR ( 'NONE', #1988, 1000.000000000000000 ) ;
#4401 =( NAMED_UNIT ( * ) PLANE_ANGLE_UNIT ( ) SI_UNIT ( $, .RADIAN. ) );
#4402 = VECTOR ( 'NONE', #7406, 1000.000000000000000 ) ;
#4403 = ADVANCED_FACE ( 'NONE', ( #1182 ), #7903, .T. ) ;
#4404 = LINE ( 'NONE', #4882, #876 ) ;
#4405 = CARTESIAN_POINT ( 'NONE',  ( -2.800000000000000266, -1.149999999999999911, 1.800000000000000266 ) ) ;
#4406 = CARTESIAN_POINT ( 'NONE',  ( -4.179999999999999716, 0.6296890111571915583, -0.9500000000000025091 ) ) ;
#4407 = LINE ( 'NONE', #6859, #9736 ) ;
#4408 = DIRECTION ( 'NONE',  ( -0.0000000000000000000, -1.000000000000000000, -0.0000000000000000000 ) ) ;
#4409 = FILL_AREA_STYLE_COLOUR ( '', #6552 ) ;
#4410 = PLANE ( 'NONE',  #4873 ) ;
#4411 = VECTOR ( 'NONE', #6843, 1000.000000000000000 ) ;
#4412 = SURFACE_STYLE_FILL_AREA ( #8548 ) ;
#4413 = ORIENTED_EDGE ( 'NONE', *, *, #2065, .T. ) ;
#4414 = SURFACE_SIDE_STYLE ('',( #5281 ) ) ;
#4415 = ORIENTED_EDGE ( 'NONE', *, *, #757, .T. ) ;
#4416 = CARTESIAN_POINT ( 'NONE',  ( 2.674999999999999822, -4.749999999999999112, 1.800000000000000488 ) ) ;
#4417 = PLANE ( 'NONE',  #1287 ) ;
#4418 = VECTOR ( 'NONE', #4135, 1000.000000000000000 ) ;
#4419 = DIRECTION ( 'NONE',  ( -1.000000000000000000, 1.445602896647335958E-15, 2.409338161078899427E-17 ) ) ;
#4420 = VECTOR ( 'NONE', #6990, 1000.000000000000227 ) ;
#4421 = CARTESIAN_POINT ( 'NONE',  ( -3.399999999999998135, -1.750000000000000000, 0.7999999999999992673 ) ) ;
#4422 = FILL_AREA_STYLE_COLOUR ( '', #7967 ) ;
#4423 = COLOUR_RGB ( '',0.2509803921568627416, 0.2509803921568627416, 0.2509803921568627416 ) ;
#4424 = EDGE_CURVE ( 'NONE', #1618, #9068, #8958, .T. ) ;
#4425 = DIRECTION ( 'NONE',  ( 0.0000000000000000000, -1.066845503452556708E-16, 1.000000000000000000 ) ) ;
#4426 = MECHANICAL_DESIGN_GEOMETRIC_PRESENTATION_REPRESENTATION (  '', ( #2895 ), #4943 ) ;
#4427 = ORIENTED_EDGE ( 'NONE', *, *, #1053, .F. ) ;
#4428 = VECTOR ( 'NONE', #2665, 1000.000000000000000 ) ;
#4429 = ORIENTED_EDGE ( 'NONE', *, *, #82, .F. ) ;
#4430 = UNCERTAINTY_MEASURE_WITH_UNIT (LENGTH_MEASURE( 1.000000000000000082E-05 ), #1045, 'distance_accuracy_value', 'NONE');
#4431 = UNCERTAINTY_MEASURE_WITH_UNIT (LENGTH_MEASURE( 1.000000000000000082E-05 ), #7270, 'distance_accuracy_value', 'NONE');
#4433 = DIRECTION ( 'NONE',  ( -0.1888473936501247619, 0.9820064469806472074, 0.0000000000000000000 ) ) ;
#4432 = MECHANICAL_DESIGN_GEOMETRIC_PRESENTATION_REPRESENTATION (  '', ( #3416 ), #4952 ) ;
#4434 = EDGE_LOOP ( 'NONE', ( #8963, #6464, #7208, #1110 ) ) ;
#4435 = ORIENTED_EDGE ( 'NONE', *, *, #4749, .T. ) ;
#4436 = EDGE_CURVE ( 'NONE', #1748, #3734, #4707, .T. ) ;
#4437 = MECHANICAL_DESIGN_GEOMETRIC_PRESENTATION_REPRESENTATION (  '', ( #2910 ), #4963 ) ;
#4438 = MECHANICAL_DESIGN_GEOMETRIC_PRESENTATION_REPRESENTATION (  '', ( #2911 ), #4965 ) ;
#4439 = VERTEX_POINT ( 'NONE', #7023 ) ;
#4440 = VECTOR ( 'NONE', #8182, 1000.000000000000000 ) ;
#4441 = VERTEX_POINT ( 'NONE', #4688 ) ;
#4442 = PLANE ( 'NONE',  #7904 ) ;
#4443 = DIRECTION ( 'NONE',  ( -1.239088197126290669E-15, 0.0000000000000000000, 1.000000000000000000 ) ) ;
#4444 = CARTESIAN_POINT ( 'NONE',  ( 4.150000000000000355, 0.6499999999999986899, -1.500000000000000000 ) ) ;
#4445 = ORIENTED_EDGE ( 'NONE', *, *, #5803, .T. ) ;
#4446 = ORIENTED_EDGE ( 'NONE', *, *, #3310, .F. ) ;
#4447 = EDGE_CURVE ( 'NONE', #8973, #2437, #6486, .T. ) ;
#4448 = CARTESIAN_POINT ( 'NONE',  ( 4.150000000000000355, -0.3500000000000004774, -0.6502286246418800264 ) ) ;
#4449 = SURFACE_SIDE_STYLE ('',( #4293 ) ) ;
#4450 = VERTEX_POINT ( 'NONE', #7565 ) ;
#4451 = ORIENTED_EDGE ( 'NONE', *, *, #323, .F. ) ;
#4452 = DIRECTION ( 'NONE',  ( 0.1888473936501247619, 0.9820064469806472074, -8.607220009787353829E-17 ) ) ;
#4453 = FACE_OUTER_BOUND ( 'NONE', #4462, .T. ) ;
#4454 = FILL_AREA_STYLE ('',( #3726 ) ) ;
#4455 = LINE ( 'NONE', #8240, #2802 ) ;
#4456 = ORIENTED_EDGE ( 'NONE', *, *, #8627, .F. ) ;
#4457 = DIRECTION ( 'NONE',  ( 0.0000000000000000000, -0.9265528178475214149, 0.3761646923075286364 ) ) ;
#4458 = ORIENTED_EDGE ( 'NONE', *, *, #3442, .T. ) ;
#4459 = ORIENTED_EDGE ( 'NONE', *, *, #8559, .F. ) ;
#4460 = EDGE_CURVE ( 'NONE', #6276, #4933, #2691, .T. ) ;
#4461 = DIRECTION ( 'NONE',  ( -1.000000000000000000, 0.0000000000000000000, -0.0000000000000000000 ) ) ;
#4462 = EDGE_LOOP ( 'NONE', ( #800, #9450, #2528, #2340 ) ) ;
#4463 = DIRECTION ( 'NONE',  ( 1.000000000000000000, 6.195440985631450387E-17, 0.0000000000000000000 ) ) ;
#4464 = ADVANCED_FACE ( 'NONE', ( #8253 ), #946, .F. ) ;
#4465 =( GEOMETRIC_REPRESENTATION_CONTEXT ( 3 ) GLOBAL_UNCERTAINTY_ASSIGNED_CONTEXT ( ( #6162 ) ) GLOBAL_UNIT_ASSIGNED_CONTEXT ( ( #6375, #415, #6303 ) ) REPRESENTATION_CONTEXT ( 'NONE', 'WORKASPACE' ) );
#4466 = PRESENTATION_STYLE_ASSIGNMENT (( #740 ) ) ;
#4467 = EDGE_CURVE ( 'NONE', #7296, #2577, #7545, .T. ) ;
#4468 = ORIENTED_EDGE ( 'NONE', *, *, #7316, .F. ) ;
#4469 = LINE ( 'NONE', #5815, #4236 ) ;
#4470 = ORIENTED_EDGE ( 'NONE', *, *, #7091, .F. ) ;
#4472 = CARTESIAN_POINT ( 'NONE',  ( -4.168858279709376724, 0.6575433118837493707, 0.9500000000000017319 ) ) ;
#4471 = DIRECTION ( 'NONE',  ( 0.0000000000000000000, 0.0000000000000000000, -1.000000000000000000 ) ) ;
#4473 = DIRECTION ( 'NONE',  ( 1.224646799147352961E-16, -1.204669080539449590E-16, -1.000000000000000000 ) ) ;
#4474 = DIRECTION ( 'NONE',  ( -0.1218693434051553726, -0.9925461516413209839, -1.585572082551027138E-15 ) ) ;
#4475 = FILL_AREA_STYLE ('',( #4974 ) ) ;
#4476 = DIRECTION ( 'NONE',  ( -0.0000000000000000000, -1.000000000000000000, -0.0000000000000000000 ) ) ;
#4477 = ORIENTED_EDGE ( 'NONE', *, *, #3694, .T. ) ;
#4478 = STYLED_ITEM ( 'NONE', ( #3717 ), #900 ) ;
#4479 = ORIENTED_EDGE ( 'NONE', *, *, #3344, .T. ) ;
#4480 = VERTEX_POINT ( 'NONE', #4565 ) ;
#4481 = CARTESIAN_POINT ( 'NONE',  ( -0.2499999999999997780, 0.1499999999999997446, 3.800000000000000266 ) ) ;
#4482 = SURFACE_STYLE_FILL_AREA ( #6224 ) ;
#4483 = EDGE_CURVE ( 'NONE', #3960, #6925, #3528, .T. ) ;
#4484 = CARTESIAN_POINT ( 'NONE',  ( 4.499999999999998224, 0.6500000000000000222, 0.9500000000000016209 ) ) ;
#4485 = CARTESIAN_POINT ( 'NONE',  ( 4.499999999999999112, -1.699999999999999956, 0.2249999999999994504 ) ) ;
#4486 = DIRECTION ( 'NONE',  ( -0.0000000000000000000, -1.000000000000000000, -0.0000000000000000000 ) ) ;
#4487 = LINE ( 'NONE', #3267, #6489 ) ;
#4488 = DIRECTION ( 'NONE',  ( 1.000000000000000000, -0.0000000000000000000, 1.224646799147352961E-16 ) ) ;
#4489 = ORIENTED_EDGE ( 'NONE', *, *, #420, .F. ) ;
#4490 = DIRECTION ( 'NONE',  ( 1.239088197126291458E-15, 0.0000000000000000000, 1.000000000000000000 ) ) ;
#4491 = VECTOR ( 'NONE', #6119, 1000.000000000000000 ) ;
#4492 = DIRECTION ( 'NONE',  ( 0.0000000000000000000, 1.000000000000000000, 0.0000000000000000000 ) ) ;
#4493 = CARTESIAN_POINT ( 'NONE',  ( 4.250000000000000000, 0.6500000000000000222, 1.800000000000000044 ) ) ;
#4494 = DIRECTION ( 'NONE',  ( 0.0000000000000000000, 0.0000000000000000000, 1.000000000000000000 ) ) ;
#4495 = LINE ( 'NONE', #2146, #2454 ) ;
#4496 = MECHANICAL_DESIGN_GEOMETRIC_PRESENTATION_REPRESENTATION (  '', ( #2949 ), #5009 ) ;
#4497 = DIRECTION ( 'NONE',  ( -0.0000000000000000000, 0.3761646923075286919, 0.9265528178475215260 ) ) ;
#4498 = ORIENTED_EDGE ( 'NONE', *, *, #4982, .T. ) ;
#4499 = ORIENTED_EDGE ( 'NONE', *, *, #9095, .F. ) ;
#4500 = ORIENTED_EDGE ( 'NONE', *, *, #3476, .F. ) ;
#4501 = ORIENTED_EDGE ( 'NONE', *, *, #5856, .T. ) ;
#4502 = AXIS2_PLACEMENT_3D ( 'NONE', #7827, #3194, #3860 ) ;
#4503 = CARTESIAN_POINT ( 'NONE',  ( -4.150000000000000355, 0.6296890111571915583, 1.500000000000000000 ) ) ;
#4504 = FACE_OUTER_BOUND ( 'NONE', #8702, .T. ) ;
#4505 = AXIS2_PLACEMENT_3D ( 'NONE', #7011, #3254, #8541 ) ;
#4506 = FACE_OUTER_BOUND ( 'NONE', #2900, .T. ) ;
#4507 = ORIENTED_EDGE ( 'NONE', *, *, #5442, .F. ) ;
#4508 = EDGE_CURVE ( 'NONE', #5956, #5409, #9561, .T. ) ;
#4509 = STYLED_ITEM ( 'NONE', ( #4069 ), #7726 ) ;
#4510 = CARTESIAN_POINT ( 'NONE',  ( -3.749999999999998224, -1.750000000000000000, 1.149999999999999245 ) ) ;
#4511 = DIRECTION ( 'NONE',  ( 2.349104707051925222E-15, -0.0000000000000000000, 1.000000000000000000 ) ) ;
#4512 = DIRECTION ( 'NONE',  ( -0.1218693434051548868, 0.9925461516413210949, 0.0000000000000000000 ) ) ;
#4513 = VECTOR ( 'NONE', #5908, 1000.000000000000000 ) ;
#4514 = ADVANCED_FACE ( 'NONE', ( #5291 ), #6013, .F. ) ;
#4515 = CARTESIAN_POINT ( 'NONE',  ( -3.299999999999997602, -1.549999999999999378, 0.0000000000000000000 ) ) ;
#4516 = COLOUR_RGB ( '',0.2509803921568627416, 0.2509803921568627416, 0.2509803921568627416 ) ;
#4517 = CARTESIAN_POINT ( 'NONE',  ( -0.2499999999999997780, 0.0000000000000000000, 0.0000000000000000000 ) ) ;
#4518 = COLOUR_RGB ( '',0.2509803921568627416, 0.2509803921568627416, 0.2509803921568627416 ) ;
#4519 = CARTESIAN_POINT ( 'NONE',  ( -0.2999999999999999334, -0.8499999999999992006, -1.800000000000001155 ) ) ;
#4520 = EDGE_CURVE ( 'NONE', #4664, #9017, #3276, .T. ) ;
#4521 = EDGE_CURVE ( 'NONE', #775, #4625, #9311, .T. ) ;
#4522 = CARTESIAN_POINT ( 'NONE',  ( 1.615834522111269100, -0.9623395149786014846, -1.499999999999999778 ) ) ;
#4523 = LINE ( 'NONE', #685, #4750 ) ;
#4524 = CARTESIAN_POINT ( 'NONE',  ( 0.2999999999999999334, -0.8499999999999992006, -1.499999999999999778 ) ) ;
#4525 = LINE ( 'NONE', #5686, #6537 ) ;
#4526 = LINE ( 'NONE', #4343, #551 ) ;
#4527 = AXIS2_PLACEMENT_3D ( 'NONE', #9744, #7454, #8215 ) ;
#4528 = VERTEX_POINT ( 'NONE', #6184 ) ;
#4529 = CARTESIAN_POINT ( 'NONE',  ( 4.915049848600916621E-15, 1.649999999999999911, -1.699999999999988187 ) ) ;
#4530 = ORIENTED_EDGE ( 'NONE', *, *, #8104, .F. ) ;
#4531 = FILL_AREA_STYLE ('',( #4028 ) ) ;
#4532 = VECTOR ( 'NONE', #8216, 1000.000000000000000 ) ;
#4533 = FACE_OUTER_BOUND ( 'NONE', #1860, .T. ) ;
#4534 = VECTOR ( 'NONE', #1114, 1000.000000000000000 ) ;
#4535 = ORIENTED_EDGE ( 'NONE', *, *, #3243, .F. ) ;
#4536 = DIRECTION ( 'NONE',  ( 2.409338161078898194E-16, 0.0000000000000000000, 1.000000000000000000 ) ) ;
#4537 = CARTESIAN_POINT ( 'NONE',  ( 4.250000000000000000, 0.6499999999999982458, -0.9500000000000025091 ) ) ;
#4538 = ORIENTED_EDGE ( 'NONE', *, *, #119, .T. ) ;
#4539 = UNCERTAINTY_MEASURE_WITH_UNIT (LENGTH_MEASURE( 1.000000000000000082E-05 ), #1654, 'distance_accuracy_value', 'NONE');
#4540 = VECTOR ( 'NONE', #5202, 1000.000000000000227 ) ;
#4541 = DIRECTION ( 'NONE',  ( 5.782411586589362451E-14, 1.000000000000000000, 0.0000000000000000000 ) ) ;
#4542 = PRESENTATION_LAYER_ASSIGNMENT (  '', '', ( #3539 ) ) ;
#4543 = VECTOR ( 'NONE', #9397, 1000.000000000000000 ) ;
#4544 = LINE ( 'NONE', #8601, #8323 ) ;
#4545 = CARTESIAN_POINT ( 'NONE',  ( -4.149999999999998579, -1.149999999999999467, -1.500000000000000444 ) ) ;
#4546 = SURFACE_STYLE_USAGE ( .BOTH. , #5270 ) ;
#4547 = ORIENTED_EDGE ( 'NONE', *, *, #6063, .F. ) ;
#4548 = CARTESIAN_POINT ( 'NONE',  ( -5.596732734143892607, -0.3500000000000003109, 0.6502286246418802484 ) ) ;
#4549 = DIRECTION ( 'NONE',  ( 0.0000000000000000000, -0.0000000000000000000, 1.000000000000000000 ) ) ;
#4550 = LINE ( 'NONE', #34, #4315 ) ;
#4551 = CARTESIAN_POINT ( 'NONE',  ( -5.221110255092797026, -1.149999999999999911, 1.500000000000000000 ) ) ;
#4552 = PRESENTATION_STYLE_ASSIGNMENT (( #6548 ) ) ;
#4553 = EDGE_LOOP ( 'NONE', ( #3891, #8571, #4267, #2373 ) ) ;
#4554 = EDGE_CURVE ( 'NONE', #5125, #4933, #1293, .T. ) ;
#4555 = DIRECTION ( 'NONE',  ( 0.0000000000000000000, 0.9265528178475217480, 0.3761646923075279147 ) ) ;
#4556 = ADVANCED_FACE ( 'NONE', ( #1062 ), #159, .F. ) ;
#4557 = CIRCLE ( 'NONE', #2568, 0.02999999999999964501 ) ;
#4558 = PRESENTATION_LAYER_ASSIGNMENT (  '', '', ( #3548 ) ) ;
#4559 = UNCERTAINTY_MEASURE_WITH_UNIT (LENGTH_MEASURE( 1.000000000000000082E-05 ), #4775, 'distance_accuracy_value', 'NONE');
#4560 = ORIENTED_EDGE ( 'NONE', *, *, #2036, .T. ) ;
#4561 = ORIENTED_EDGE ( 'NONE', *, *, #2805, .T. ) ;
#4562 = CARTESIAN_POINT ( 'NONE',  ( -0.1750000000000002387, -4.649999999999998579, 3.800000000000001155 ) ) ;
#4563 = STYLED_ITEM ( 'NONE', ( #7101 ), #5437 ) ;
#4564 =( LENGTH_UNIT ( ) NAMED_UNIT ( * ) SI_UNIT ( .MILLI., .METRE. ) );
#4565 = CARTESIAN_POINT ( 'NONE',  ( 3.199999999999997957, 1.750000000000000000, -1.699999999999998401 ) ) ;
#4566 = ORIENTED_EDGE ( 'NONE', *, *, #7483, .T. ) ;
#4567 = CARTESIAN_POINT ( 'NONE',  ( 0.1749999999999993783, -4.749999999999999112, 3.800000000000001155 ) ) ;
#4568 = AXIS2_PLACEMENT_3D ( 'NONE', #1685, #6988, #2451 ) ;
#4569 = ORIENTED_EDGE ( 'NONE', *, *, #2404, .T. ) ;
#4570 = ORIENTED_EDGE ( 'NONE', *, *, #1366, .T. ) ;
#4571 = VERTEX_POINT ( 'NONE', #3364 ) ;
#4572 = EDGE_CURVE ( 'NONE', #8754, #1749, #3033, .T. ) ;
#4573 = LINE ( 'NONE', #8547, #131 ) ;
#4574 = CARTESIAN_POINT ( 'NONE',  ( 4.399999999999998579, 1.649999999999999911, 1.699999999999999956 ) ) ;
#4575 = PLANE ( 'NONE',  #6182 ) ;
#4576 = ORIENTED_EDGE ( 'NONE', *, *, #3369, .T. ) ;
#4577 = ORIENTED_EDGE ( 'NONE', *, *, #6837, .T. ) ;
#4578 = DIRECTION ( 'NONE',  ( 1.301042606982613367E-14, 0.0000000000000000000, 1.000000000000000000 ) ) ;
#4579 = LINE ( 'NONE', #5147, #4345 ) ;
#4580 = LINE ( 'NONE', #1284, #706 ) ;
#4581 = EDGE_CURVE ( 'NONE', #2797, #9528, #7315, .T. ) ;
#4582 = FACE_OUTER_BOUND ( 'NONE', #1383, .T. ) ;
#4583 = CARTESIAN_POINT ( 'NONE',  ( -2.674999999999999378, -4.750000000000000000, -1.800000000000000488 ) ) ;
#4584 = SURFACE_STYLE_USAGE ( .BOTH. , #9085 ) ;
#4585 = VERTEX_POINT ( 'NONE', #3024 ) ;
#4586 = ORIENTED_EDGE ( 'NONE', *, *, #1392, .F. ) ;
#4587 = CARTESIAN_POINT ( 'NONE',  ( 2.200000000000000178, -0.8499999999999992006, -1.499999999999999778 ) ) ;
#4588 = CARTESIAN_POINT ( 'NONE',  ( -4.399999999999998579, 1.649999999999999911, 0.9500000000000031752 ) ) ;
#4589 = ORIENTED_EDGE ( 'NONE', *, *, #1105, .F. ) ;
#4590 = ORIENTED_EDGE ( 'NONE', *, *, #3404, .F. ) ;
#4591 = DIRECTION ( 'NONE',  ( 1.000000000000000000, 0.0000000000000000000, 6.195440985631453345E-16 ) ) ;
#4592 = ORIENTED_EDGE ( 'NONE', *, *, #429, .T. ) ;
#4593 = EDGE_CURVE ( 'NONE', #6085, #4664, #7056, .T. ) ;
#4594 = FACE_OUTER_BOUND ( 'NONE', #970, .T. ) ;
#4595 =( LENGTH_UNIT ( ) NAMED_UNIT ( * ) SI_UNIT ( .MILLI., .METRE. ) );
#4596 = AXIS2_PLACEMENT_3D ( 'NONE', #8446, #4052, #303 ) ;
#4597 = EDGE_CURVE ( 'NONE', #3852, #1450, #2815, .T. ) ;
#4598 = ORIENTED_EDGE ( 'NONE', *, *, #4653, .F. ) ;
#4599 = PLANE ( 'NONE',  #7629 ) ;
#4600 = EDGE_LOOP ( 'NONE', ( #9517, #5046, #7601, #2604 ) ) ;
#4601 = CARTESIAN_POINT ( 'NONE',  ( 4.419999999999998153, 1.750000000000000000, 0.9500000000000028422 ) ) ;
#4602 = DIRECTION ( 'NONE',  ( -5.421010862427508365E-16, 1.000000000000000000, 0.0000000000000000000 ) ) ;
#4603 = FILL_AREA_STYLE ('',( #4204 ) ) ;
#4604 = ORIENTED_EDGE ( 'NONE', *, *, #2567, .T. ) ;
#4605 = ORIENTED_EDGE ( 'NONE', *, *, #8361, .F. ) ;
#4606 = ORIENTED_EDGE ( 'NONE', *, *, #3636, .F. ) ;
#4607 = ADVANCED_FACE ( 'NONE', ( #4594 ), #6769, .F. ) ;
#4608 = CARTESIAN_POINT ( 'NONE',  ( 7.124757133476183969E-16, 6.925848040166833641, -1.150000000000002132 ) ) ;
#4609 = DIRECTION ( 'NONE',  ( -0.0000000000000000000, -0.0000000000000000000, 1.000000000000000000 ) ) ;
#4610 = CARTESIAN_POINT ( 'NONE',  ( 4.499999999999999112, 0.8499999999999993117, 1.800000000000000044 ) ) ;
#4611 = FILL_AREA_STYLE_COLOUR ( '', #667 ) ;
#4612 = CARTESIAN_POINT ( 'NONE',  ( 1.250000000000000222, 0.6499999999999989120, -0.9500000000000025091 ) ) ;
#4613 = ORIENTED_EDGE ( 'NONE', *, *, #7316, .T. ) ;
#4614 = ORIENTED_EDGE ( 'NONE', *, *, #9592, .T. ) ;
#4615 = EDGE_CURVE ( 'NONE', #6380, #6964, #827, .T. ) ;
#4616 = AXIS2_PLACEMENT_3D ( 'NONE', #8694, #2345, #4127 ) ;
#4617 = DIRECTION ( 'NONE',  ( 1.000000000000000000, 0.0000000000000000000, -2.409338161078899427E-17 ) ) ;
#4618 =( GEOMETRIC_REPRESENTATION_CONTEXT ( 3 ) GLOBAL_UNCERTAINTY_ASSIGNED_CONTEXT ( ( #2602 ) ) GLOBAL_UNIT_ASSIGNED_CONTEXT ( ( #5365, #5105, #2986 ) ) REPRESENTATION_CONTEXT ( 'NONE', 'WORKASPACE' ) );
#4619 = VECTOR ( 'NONE', #6916, 1000.000000000000000 ) ;
#4620 = VECTOR ( 'NONE', #4260, 1000.000000000000000 ) ;
#4621 = LINE ( 'NONE', #7069, #4387 ) ;
#4622 = PLANE ( 'NONE',  #5316 ) ;
#4623 = LINE ( 'NONE', #2359, #5329 ) ;
#4624 = EDGE_CURVE ( 'NONE', #6475, #4741, #610, .T. ) ;
#4625 = VERTEX_POINT ( 'NONE', #7502 ) ;
#4626 = STYLED_ITEM ( 'NONE', ( #441 ), #8038 ) ;
#4627 = AXIS2_PLACEMENT_3D ( 'NONE', #4037, #3981, #3412 ) ;
#4628 = EDGE_CURVE ( 'NONE', #7611, #1490, #8362, .T. ) ;
#4629 = CARTESIAN_POINT ( 'NONE',  ( -0.3000000000000003775, -1.149999999999999911, -1.800000000000001155 ) ) ;
#4630 = LINE ( 'NONE', #5610, #6406 ) ;
#4631 = DIRECTION ( 'NONE',  ( -0.0000000000000000000, -1.000000000000000000, -0.0000000000000000000 ) ) ;
#4632 = LINE ( 'NONE', #5420, #8661 ) ;
#4633 = FILL_AREA_STYLE_COLOUR ( '', #5450 ) ;
#4634 = VECTOR ( 'NONE', #4255, 1000.000000000000000 ) ;
#4635 = EDGE_CURVE ( 'NONE', #8031, #2449, #4358, .T. ) ;
#4636 = COLOUR_RGB ( '',0.2509803921568627416, 0.2509803921568627416, 0.2509803921568627416 ) ;
#4637 = FILL_AREA_STYLE_COLOUR ( '', #8273 ) ;
#4638 = FACE_OUTER_BOUND ( 'NONE', #3994, .T. ) ;
#4639 = EDGE_CURVE ( 'NONE', #5760, #3430, #8139, .T. ) ;
#4640 = DIRECTION ( 'NONE',  ( 0.0000000000000000000, 0.0000000000000000000, -1.000000000000000000 ) ) ;
#4641 =( LENGTH_UNIT ( ) NAMED_UNIT ( * ) SI_UNIT ( .MILLI., .METRE. ) );
#4642 = CARTESIAN_POINT ( 'NONE',  ( 2.799999999999999378, -1.149999999999999911, 1.800000000000000044 ) ) ;
#4643 = CARTESIAN_POINT ( 'NONE',  ( 3.199999999999997957, 1.750000000000000000, -1.800000000000000933 ) ) ;
#4644 = VECTOR ( 'NONE', #3075, 1000.000000000000000 ) ;
#4645 = FILL_AREA_STYLE_COLOUR ( '', #8057 ) ;
#4646 = SURFACE_STYLE_FILL_AREA ( #6287 ) ;
#4647 = ADVANCED_FACE ( 'NONE', ( #151 ), #6878, .T. ) ;
#4648 = ORIENTED_EDGE ( 'NONE', *, *, #5132, .F. ) ;
#4649 = ORIENTED_EDGE ( 'NONE', *, *, #6624, .T. ) ;
#4650 = LINE ( 'NONE', #2223, #6422 ) ;
#4651 = FILL_AREA_STYLE ('',( #7788 ) ) ;
#4652 = VECTOR ( 'NONE', #6255, 1000.000000000000000 ) ;
#4653 = EDGE_CURVE ( 'NONE', #9012, #8825, #6096, .T. ) ;
#4654 =( NAMED_UNIT ( * ) SI_UNIT ( $, .STERADIAN. ) SOLID_ANGLE_UNIT ( ) );
#4655 = VECTOR ( 'NONE', #8092, 1000.000000000000000 ) ;
#4656 = CARTESIAN_POINT ( 'NONE',  ( 4.250000000000000000, -0.6461763032650930105, 0.7704711686614583721 ) ) ;
#4657 = SURFACE_STYLE_USAGE ( .BOTH. , #5447 ) ;
#4658 = ORIENTED_EDGE ( 'NONE', *, *, #7555, .F. ) ;
#4659 = CARTESIAN_POINT ( 'NONE',  ( 2.324999999999999734, -4.749999999999999112, 3.800000000000001155 ) ) ;
#4660 = VECTOR ( 'NONE', #8358, 1000.000000000000000 ) ;
#4661 = VERTEX_POINT ( 'NONE', #5220 ) ;
#4662 = CARTESIAN_POINT ( 'NONE',  ( 0.0000000000000000000, 0.0000000000000000000, -1.500000000000000000 ) ) ;
#4663 = VECTOR ( 'NONE', #6402, 1000.000000000000000 ) ;
#4664 = VERTEX_POINT ( 'NONE', #1899 ) ;
#4665 = VERTEX_POINT ( 'NONE', #2130 ) ;
#4666 = DIRECTION ( 'NONE',  ( 1.000000000000000000, -0.0000000000000000000, 1.224646799147352961E-16 ) ) ;
#4667 = AXIS2_PLACEMENT_3D ( 'NONE', #3160, #820, #4091 ) ;
#4668 = ORIENTED_EDGE ( 'NONE', *, *, #8725, .F. ) ;
#4669 = DIRECTION ( 'NONE',  ( 0.0000000000000000000, 0.0000000000000000000, -1.000000000000000000 ) ) ;
#4670 = LINE ( 'NONE', #9704, #6689 ) ;
#4671 = UNCERTAINTY_MEASURE_WITH_UNIT (LENGTH_MEASURE( 1.000000000000000082E-05 ), #3714, 'distance_accuracy_value', 'NONE');
#4672 = ORIENTED_EDGE ( 'NONE', *, *, #3811, .F. ) ;
#4673 = AXIS2_PLACEMENT_3D ( 'NONE', #8839, #5091, #583 ) ;
#4674 = CARTESIAN_POINT ( 'NONE',  ( 4.399999999999998579, 1.750000000000000000, -1.700000000000001288 ) ) ;
#4675 = ORIENTED_EDGE ( 'NONE', *, *, #9683, .F. ) ;
#4676 = EDGE_CURVE ( 'NONE', #8459, #7907, #2559, .T. ) ;
#4677 = DIRECTION ( 'NONE',  ( 0.0000000000000000000, -0.0000000000000000000, 1.000000000000000000 ) ) ;
#4678 =( GEOMETRIC_REPRESENTATION_CONTEXT ( 3 ) GLOBAL_UNCERTAINTY_ASSIGNED_CONTEXT ( ( #6144 ) ) GLOBAL_UNIT_ASSIGNED_CONTEXT ( ( #3206, #8498, #3978 ) ) REPRESENTATION_CONTEXT ( 'NONE', 'WORKASPACE' ) );
#4679 = ORIENTED_EDGE ( 'NONE', *, *, #3090, .T. ) ;
#4680 = DIRECTION ( 'NONE',  ( 1.000000000000000000, 0.0000000000000000000, 0.0000000000000000000 ) ) ;
#4681 = VECTOR ( 'NONE', #5735, 1000.000000000000000 ) ;
#4682 = ORIENTED_EDGE ( 'NONE', *, *, #16, .F. ) ;
#4683 = ORIENTED_EDGE ( 'NONE', *, *, #7621, .F. ) ;
#4684 = DIRECTION ( 'NONE',  ( -2.409338161078899427E-17, -0.0000000000000000000, -1.000000000000000000 ) ) ;
#4685 =( NAMED_UNIT ( * ) PLANE_ANGLE_UNIT ( ) SI_UNIT ( $, .RADIAN. ) );
#4686 = ORIENTED_EDGE ( 'NONE', *, *, #8205, .T. ) ;
#4687 = ORIENTED_EDGE ( 'NONE', *, *, #1781, .T. ) ;
#4688 = CARTESIAN_POINT ( 'NONE',  ( -4.499999999999998224, 0.8499999999999993117, 1.800000000000000044 ) ) ;
#4689 = DIRECTION ( 'NONE',  ( 1.224646799147352961E-16, -1.204669080539449344E-16, -1.000000000000000000 ) ) ;
#4690 = DIRECTION ( 'NONE',  ( -0.0000000000000000000, -1.000000000000000000, -0.0000000000000000000 ) ) ;
#4692 = DIRECTION ( 'NONE',  ( 0.0000000000000000000, -0.0000000000000000000, -1.000000000000000000 ) ) ;
#4691 = MECHANICAL_DESIGN_GEOMETRIC_PRESENTATION_REPRESENTATION (  '', ( #3167 ), #5208 ) ;
#4693 = PRESENTATION_STYLE_ASSIGNMENT (( #4859 ) ) ;
#4694 = ORIENTED_EDGE ( 'NONE', *, *, #6334, .T. ) ;
#4695 = ORIENTED_EDGE ( 'NONE', *, *, #616, .F. ) ;
#4696 = FILL_AREA_STYLE ('',( #446 ) ) ;
#4697 = PRESENTATION_STYLE_ASSIGNMENT (( #1413 ) ) ;
#4698 =( GEOMETRIC_REPRESENTATION_CONTEXT ( 3 ) GLOBAL_UNCERTAINTY_ASSIGNED_CONTEXT ( ( #6904 ) ) GLOBAL_UNIT_ASSIGNED_CONTEXT ( ( #2619, #6328, #6666 ) ) REPRESENTATION_CONTEXT ( 'NONE', 'WORKASPACE' ) );
#4699 = CARTESIAN_POINT ( 'NONE',  ( 4.250000000000000000, 0.6499999999999989120, -1.500000000000000000 ) ) ;
#4700 = ADVANCED_FACE ( 'NONE', ( #1854 ), #5660, .T. ) ;
#4701 = ORIENTED_EDGE ( 'NONE', *, *, #179, .T. ) ;
#4702 = EDGE_CURVE ( 'NONE', #3761, #5251, #7650, .T. ) ;
#4703 = CARTESIAN_POINT ( 'NONE',  ( -5.221110255092797026, -1.550000000000000044, 1.500000000000000000 ) ) ;
#4704 = VERTEX_POINT ( 'NONE', #7899 ) ;
#4705 = ORIENTED_EDGE ( 'NONE', *, *, #6320, .F. ) ;
#4706 = CARTESIAN_POINT ( 'NONE',  ( -4.399999999999998579, 0.7703109888428067986, -0.9500000000000020650 ) ) ;
#4707 = LINE ( 'NONE', #1002, #724 ) ;
#4708 = LINE ( 'NONE', #9584, #9572 ) ;
#4709 = ADVANCED_FACE ( 'NONE', ( #3642 ), #7556, .T. ) ;
#4710 = LINE ( 'NONE', #8517, #40 ) ;
#4711 = AXIS2_PLACEMENT_3D ( 'NONE', #8960, #5907, #4875 ) ;
#4712 = CARTESIAN_POINT ( 'NONE',  ( 1.250000000000000222, 0.6499999999999989120, 0.9500000000000016209 ) ) ;
#4713 = ORIENTED_EDGE ( 'NONE', *, *, #4766, .T. ) ;
#4714 =( LENGTH_UNIT ( ) NAMED_UNIT ( * ) SI_UNIT ( .MILLI., .METRE. ) );
#4715 = AXIS2_PLACEMENT_3D ( 'NONE', #6747, #3366, #4027 ) ;
#4716 = UNCERTAINTY_MEASURE_WITH_UNIT (LENGTH_MEASURE( 1.000000000000000082E-05 ), #8565, 'distance_accuracy_value', 'NONE');
#4717 = VECTOR ( 'NONE', #4408, 1000.000000000000000 ) ;
#4718 = CARTESIAN_POINT ( 'NONE',  ( -0.8841654778887308996, -0.9623395149786014846, -1.499999999999999778 ) ) ;
#4719 = VECTOR ( 'NONE', #6799, 1000.000000000000000 ) ;
#4720 = CARTESIAN_POINT ( 'NONE',  ( 2.199999999999999734, -1.149999999999999911, 0.8291796067500618594 ) ) ;
#4722 = LINE ( 'NONE', #9014, #2934 ) ;
#4721 =( NAMED_UNIT ( * ) SI_UNIT ( $, .STERADIAN. ) SOLID_ANGLE_UNIT ( ) );
#4723 = DIRECTION ( 'NONE',  ( 0.0000000000000000000, 1.000000000000000000, 0.0000000000000000000 ) ) ;
#4724 =( NAMED_UNIT ( * ) PLANE_ANGLE_UNIT ( ) SI_UNIT ( $, .RADIAN. ) );
#4725 = DIRECTION ( 'NONE',  ( -1.000000000000000000, -0.0000000000000000000, -0.0000000000000000000 ) ) ;
#4726 = PLANE ( 'NONE',  #3956 ) ;
#4727 = ORIENTED_EDGE ( 'NONE', *, *, #5157, .T. ) ;
#4728 = VECTOR ( 'NONE', #8054, 1000.000000000000000 ) ;
#4729 = SURFACE_STYLE_USAGE ( .BOTH. , #6157 ) ;
#4730 = CARTESIAN_POINT ( 'NONE',  ( -4.150000000000000355, -0.3500000000000003109, 0.6502286246418802484 ) ) ;
#4731 = UNCERTAINTY_MEASURE_WITH_UNIT (LENGTH_MEASURE( 1.000000000000000082E-05 ), #3266, 'distance_accuracy_value', 'NONE');
#4732 = CARTESIAN_POINT ( 'NONE',  ( -4.389493895187376538, 1.750000000000000000, 1.057577514949780497E-15 ) ) ;
#4733 = ORIENTED_EDGE ( 'NONE', *, *, #1151, .F. ) ;
#4734 = EDGE_CURVE ( 'NONE', #8161, #833, #4948, .T. ) ;
#4735 = CARTESIAN_POINT ( 'NONE',  ( 4.499999999999998224, 0.6500000000000000222, -3.617278184538625041 ) ) ;
#4736 = PRESENTATION_LAYER_ASSIGNMENT (  '', '', ( #3733 ) ) ;
#4737 = DIRECTION ( 'NONE',  ( -0.3713906763541089395, -0.9284766908852573053, 0.0000000000000000000 ) ) ;
#4738 = FACE_OUTER_BOUND ( 'NONE', #7639, .T. ) ;
#4739 = CIRCLE ( 'NONE', #2380, 0.3000000000000007661 ) ;
#4740 = PRESENTATION_LAYER_ASSIGNMENT (  '', '', ( #3739 ) ) ;
#4741 = VERTEX_POINT ( 'NONE', #3115 ) ;
#4742 = ADVANCED_FACE ( 'NONE', ( #6713 ), #3391, .F. ) ;
#4743 = LINE ( 'NONE', #4930, #5708 ) ;
#4744 = CARTESIAN_POINT ( 'NONE',  ( 2.200000000000000178, -4.000000000000000000, -1.499999999999999334 ) ) ;
#4745 = STYLED_ITEM ( 'NONE', ( #2950 ), #9140 ) ;
#4746 = CARTESIAN_POINT ( 'NONE',  ( 4.149999999999998579, -1.149999999999998801, -1.500000000000000444 ) ) ;
#4747 = DIRECTION ( 'NONE',  ( 0.0000000000000000000, 0.0000000000000000000, 1.000000000000000000 ) ) ;
#4748 = FACE_OUTER_BOUND ( 'NONE', #7391, .T. ) ;
#4749 = EDGE_CURVE ( 'NONE', #8638, #2945, #5995, .T. ) ;
#4750 = VECTOR ( 'NONE', #5936, 1000.000000000000000 ) ;
#4751 = MECHANICAL_DESIGN_GEOMETRIC_PRESENTATION_REPRESENTATION (  '', ( #3227 ), #5259 ) ;
#4752 = DIRECTION ( 'NONE',  ( 1.224646799147352961E-16, 0.0000000000000000000, -1.000000000000000000 ) ) ;
#4753 = CARTESIAN_POINT ( 'NONE',  ( 3.299999999999997602, 6.925848040166833641, -0.2250000000000001721 ) ) ;
#4754 = UNCERTAINTY_MEASURE_WITH_UNIT (LENGTH_MEASURE( 1.000000000000000082E-05 ), #6499, 'distance_accuracy_value', 'NONE');
#4755 = ADVANCED_FACE ( 'NONE', ( #1972 ), #3881, .F. ) ;
#4756 = LINE ( 'NONE', #3630, #7482 ) ;
#4757 = EDGE_CURVE ( 'NONE', #614, #1400, #30, .T. ) ;
#4758 = DIRECTION ( 'NONE',  ( 0.1218693434051553726, 0.9925461516413209839, -1.585572082551027138E-15 ) ) ;
#4759 = FACE_OUTER_BOUND ( 'NONE', #4119, .T. ) ;
#4760 = ORIENTED_EDGE ( 'NONE', *, *, #5668, .F. ) ;
#4761 = DIRECTION ( 'NONE',  ( 0.0000000000000000000, -1.000000000000000000, 0.0000000000000000000 ) ) ;
#4762 = EDGE_LOOP ( 'NONE', ( #6065, #4858, #6705, #9322, #3971, #1352 ) ) ;
#4763 = PRESENTATION_STYLE_ASSIGNMENT (( #7559 ) ) ;
#4764 = VECTOR ( 'NONE', #600, 1000.000000000000000 ) ;
#4765 = DIRECTION ( 'NONE',  ( -0.0000000000000000000, -1.000000000000000000, -0.0000000000000000000 ) ) ;
#4766 = EDGE_CURVE ( 'NONE', #833, #6062, #3988, .T. ) ;
#4767 = CARTESIAN_POINT ( 'NONE',  ( -4.399999999999998579, 1.750000000000000000, 0.9500000000000031752 ) ) ;
#4768 = VECTOR ( 'NONE', #5181, 1000.000000000000000 ) ;
#4769 = VECTOR ( 'NONE', #7213, 1000.000000000000000 ) ;
#4770 = DIRECTION ( 'NONE',  ( 0.9820064469806473184, 0.1888473936501247896, 9.751124359661473979E-17 ) ) ;
#4771 = STYLED_ITEM ( 'NONE', ( #7837 ), #3099 ) ;
#4772 = ORIENTED_EDGE ( 'NONE', *, *, #8919, .F. ) ;
#4773 = EDGE_CURVE ( 'NONE', #1325, #4242, #256, .T. ) ;
#4774 = DIRECTION ( 'NONE',  ( 9.035018104045868969E-16, 0.0000000000000000000, -1.000000000000000000 ) ) ;
#4775 =( LENGTH_UNIT ( ) NAMED_UNIT ( * ) SI_UNIT ( .MILLI., .METRE. ) );
#4776 = FILL_AREA_STYLE_COLOUR ( '', #3081 ) ;
#4777 = COLOUR_RGB ( '',0.2509803921568627416, 0.2509803921568627416, 0.2509803921568627416 ) ;
#4778 = DIRECTION ( 'NONE',  ( 1.156482317317876458E-15, 0.0000000000000000000, 1.000000000000000000 ) ) ;
#4779 = PLANE ( 'NONE',  #6599 ) ;
#4780 = LINE ( 'NONE', #5595, #786 ) ;
#4781 = PLANE ( 'NONE',  #4911 ) ;
#4782 = DIRECTION ( 'NONE',  ( 1.000000000000000000, -0.0000000000000000000, -0.0000000000000000000 ) ) ;
#4783 = STYLED_ITEM ( 'NONE', ( #9509 ), #1056 ) ;
#4784 = VECTOR ( 'NONE', #1455, 1000.000000000000000 ) ;
#4785 = CARTESIAN_POINT ( 'NONE',  ( 6.098637220230988326E-17, -1.549999999999999378, -0.2250000000000010880 ) ) ;
#4786 = FILL_AREA_STYLE ('',( #1005 ) ) ;
#4787 = VECTOR ( 'NONE', #6887, 1000.000000000000227 ) ;
#4788 = FILL_AREA_STYLE_COLOUR ( '', #5741 ) ;
#4789 = ORIENTED_EDGE ( 'NONE', *, *, #3298, .F. ) ;
#4790 = DIRECTION ( 'NONE',  ( -1.475294133514421281E-32, -1.000000000000000000, 1.204669080539449344E-16 ) ) ;
#4791 = ADVANCED_FACE ( 'NONE', ( #7770 ), #6107, .F. ) ;
#4792 = DIRECTION ( 'NONE',  ( 1.000000000000000000, 0.0000000000000000000, -0.0000000000000000000 ) ) ;
#4793 = EDGE_LOOP ( 'NONE', ( #751, #7914, #8942, #5089 ) ) ;
#4794 = VERTEX_POINT ( 'NONE', #1835 ) ;
#4795 = FACE_OUTER_BOUND ( 'NONE', #1992, .T. ) ;
#4796 = VECTOR ( 'NONE', #1621, 1000.000000000000000 ) ;
#4797 = UNCERTAINTY_MEASURE_WITH_UNIT (LENGTH_MEASURE( 1.000000000000000082E-05 ), #5017, 'distance_accuracy_value', 'NONE');
#4798 = ORIENTED_EDGE ( 'NONE', *, *, #9703, .F. ) ;
#4799 = ORIENTED_EDGE ( 'NONE', *, *, #9323, .T. ) ;
#4800 = ORIENTED_EDGE ( 'NONE', *, *, #2040, .F. ) ;
#4801 = CARTESIAN_POINT ( 'NONE',  ( -4.399999999999998579, 1.664434642797403940, 8.896770241563389354E-16 ) ) ;
#4802 = STYLED_ITEM ( 'NONE', ( #1610 ), #4709 ) ;
#4803 = ORIENTED_EDGE ( 'NONE', *, *, #9150, .T. ) ;
#4804 = ORIENTED_EDGE ( 'NONE', *, *, #3578, .F. ) ;
#4805 = ADVANCED_FACE ( 'NONE', ( #9552 ), #3361, .F. ) ;
#4806 = FACE_OUTER_BOUND ( 'NONE', #6668, .T. ) ;
#4807 =( GEOMETRIC_REPRESENTATION_CONTEXT ( 3 ) GLOBAL_UNCERTAINTY_ASSIGNED_CONTEXT ( ( #7249 ) ) GLOBAL_UNIT_ASSIGNED_CONTEXT ( ( #4957, #461, #5714 ) ) REPRESENTATION_CONTEXT ( 'NONE', 'WORKASPACE' ) );
#4808 = DIRECTION ( 'NONE',  ( -1.000000000000000000, 0.0000000000000000000, 2.349104707051925222E-15 ) ) ;
#4809 = LINE ( 'NONE', #2184, #2549 ) ;
#4810 = ORIENTED_EDGE ( 'NONE', *, *, #9234, .T. ) ;
#4811 = CARTESIAN_POINT ( 'NONE',  ( 3.307132667617689314, -1.362910128388017617, 1.800000000000000488 ) ) ;
#4812 = EDGE_CURVE ( 'NONE', #923, #4089, #6810, .T. ) ;
#4813 = DIRECTION ( 'NONE',  ( 0.0000000000000000000, 0.0000000000000000000, -1.000000000000000000 ) ) ;
#4814 = PRESENTATION_LAYER_ASSIGNMENT (  '', '', ( #3797 ) ) ;
#4816 = PRESENTATION_LAYER_ASSIGNMENT (  '', '', ( #5841 ) ) ;
#4815 = DIRECTION ( 'NONE',  ( 0.0000000000000000000, 0.9265528178475214149, -0.3761646923075287474 ) ) ;
#4817 = CARTESIAN_POINT ( 'NONE',  ( 0.1749999999999998224, -4.649999999999998579, 1.800000000000000711 ) ) ;
#4818 =( LENGTH_UNIT ( ) NAMED_UNIT ( * ) SI_UNIT ( .MILLI., .METRE. ) );
#4819 = FACE_OUTER_BOUND ( 'NONE', #1500, .T. ) ;
#4820 = DIRECTION ( 'NONE',  ( 0.0000000000000000000, 1.000000000000000000, -0.0000000000000000000 ) ) ;
#4821 = ORIENTED_EDGE ( 'NONE', *, *, #8882, .F. ) ;
#4822 = EDGE_CURVE ( 'NONE', #5, #6954, #8838, .T. ) ;
#4823 = VECTOR ( 'NONE', #6295, 1000.000000000000227 ) ;
#4824 = DIRECTION ( 'NONE',  ( 1.000000000000000000, -0.0000000000000000000, -0.0000000000000000000 ) ) ;
#4825 = VECTOR ( 'NONE', #3555, 1000.000000000000000 ) ;
#4826 = ORIENTED_EDGE ( 'NONE', *, *, #9046, .T. ) ;
#4827 = CARTESIAN_POINT ( 'NONE',  ( 3.299999999999997602, -1.549999999999999378, 0.2249999999999998113 ) ) ;
#4828 = ORIENTED_EDGE ( 'NONE', *, *, #2118, .T. ) ;
#4829 = EDGE_CURVE ( 'NONE', #6062, #923, #2804, .T. ) ;
#4830 = DIRECTION ( 'NONE',  ( -6.195440985631453345E-16, 0.0000000000000000000, 1.000000000000000000 ) ) ;
#4831 = LINE ( 'NONE', #4753, #2824 ) ;
#4832 = EDGE_CURVE ( 'NONE', #4095, #5986, #4809, .T. ) ;
#4833 = VERTEX_POINT ( 'NONE', #4366 ) ;
#4834 = ORIENTED_EDGE ( 'NONE', *, *, #5974, .T. ) ;
#4835 = DIRECTION ( 'NONE',  ( 1.000000000000000000, 0.0000000000000000000, 1.224646799147352961E-16 ) ) ;
#4836 = PLANE ( 'NONE',  #121 ) ;
#4837 = SURFACE_STYLE_FILL_AREA ( #8810 ) ;
#4838 = FILL_AREA_STYLE ('',( #7814 ) ) ;
#4839 = CARTESIAN_POINT ( 'NONE',  ( -2.799999999999999822, -0.8499999999999992006, 1.800000000000000044 ) ) ;
#4840 =( LENGTH_UNIT ( ) NAMED_UNIT ( * ) SI_UNIT ( .MILLI., .METRE. ) );
#4841 = VECTOR ( 'NONE', #3028, 1000.000000000000000 ) ;
#4842 = VERTEX_POINT ( 'NONE', #8728 ) ;
#4843 = CARTESIAN_POINT ( 'NONE',  ( 2.799999999999999822, -0.8499999999999992006, -1.499999999999999778 ) ) ;
#4844 = PLANE ( 'NONE',  #1345 ) ;
#4845 = ADVANCED_FACE ( 'NONE', ( #4582 ), #2588, .F. ) ;
#4846 = EDGE_CURVE ( 'NONE', #9540, #5251, #7642, .T. ) ;
#4847 = EDGE_LOOP ( 'NONE', ( #1479, #3623, #3705, #4002 ) ) ;
#4848 =( NAMED_UNIT ( * ) PLANE_ANGLE_UNIT ( ) SI_UNIT ( $, .RADIAN. ) );
#4849 =( LENGTH_UNIT ( ) NAMED_UNIT ( * ) SI_UNIT ( .MILLI., .METRE. ) );
#4850 = SURFACE_STYLE_USAGE ( .BOTH. , #2587 ) ;
#4851 = SURFACE_SIDE_STYLE ('',( #603 ) ) ;
#4852 = DIRECTION ( 'NONE',  ( -1.000000000000000000, -0.0000000000000000000, -0.0000000000000000000 ) ) ;
#4853 = PRESENTATION_STYLE_ASSIGNMENT (( #9235 ) ) ;
#4854 = PLANE ( 'NONE',  #4667 ) ;
#4855 = DIRECTION ( 'NONE',  ( 0.0000000000000000000, -1.000000000000000000, 0.0000000000000000000 ) ) ;
#4856 = EDGE_LOOP ( 'NONE', ( #1493, #968, #2291, #5739 ) ) ;
#4857 = FACE_OUTER_BOUND ( 'NONE', #6329, .T. ) ;
#4858 = ORIENTED_EDGE ( 'NONE', *, *, #5257, .F. ) ;
#4859 = SURFACE_STYLE_USAGE ( .BOTH. , #6227 ) ;
#4860 = UNCERTAINTY_MEASURE_WITH_UNIT (LENGTH_MEASURE( 1.000000000000000082E-05 ), #6862, 'distance_accuracy_value', 'NONE');
#4861 = ADVANCED_FACE ( 'NONE', ( #1846 ), #6706, .F. ) ;
#4862 = LINE ( 'NONE', #9538, #4620 ) ;
#4863 = DIRECTION ( 'NONE',  ( -1.000000000000000000, -0.0000000000000000000, -0.0000000000000000000 ) ) ;
#4864 = PLANE ( 'NONE',  #7282 ) ;
#4865 = STYLED_ITEM ( 'NONE', ( #8894 ), #4100 ) ;
#4866 = DIRECTION ( 'NONE',  ( 0.0000000000000000000, 1.000000000000000000, 0.0000000000000000000 ) ) ;
#4867 =( NAMED_UNIT ( * ) PLANE_ANGLE_UNIT ( ) SI_UNIT ( $, .RADIAN. ) );
#4868 = VECTOR ( 'NONE', #6044, 1000.000000000000000 ) ;
#4869 = CARTESIAN_POINT ( 'NONE',  ( 2.675000000000000266, -4.649999999999999467, -1.800000000000000266 ) ) ;
#4870 =( NAMED_UNIT ( * ) SI_UNIT ( $, .STERADIAN. ) SOLID_ANGLE_UNIT ( ) );
#4871 = EDGE_CURVE ( 'NONE', #8723, #9416, #1598, .T. ) ;
#4872 = EDGE_LOOP ( 'NONE', ( #2890, #4131, #2183, #5323, #6159, #9263 ) ) ;
#4873 = AXIS2_PLACEMENT_3D ( 'NONE', #2177, #7485, #2944 ) ;
#4874 = CARTESIAN_POINT ( 'NONE',  ( 3.199999999999997957, 1.649999999999999911, -1.800000000000000933 ) ) ;
#4875 = DIRECTION ( 'NONE',  ( -2.478176394252583310E-15, 0.0000000000000000000, -1.000000000000000000 ) ) ;
#4876 = PLANE ( 'NONE',  #3281 ) ;
#4877 =( NAMED_UNIT ( * ) SI_UNIT ( $, .STERADIAN. ) SOLID_ANGLE_UNIT ( ) );
#4878 = FACE_OUTER_BOUND ( 'NONE', #1946, .T. ) ;
#4879 = SURFACE_STYLE_USAGE ( .BOTH. , #9398 ) ;
#4880 = VECTOR ( 'NONE', #4246, 1000.000000000000000 ) ;
#4881 = VECTOR ( 'NONE', #8167, 1000.000000000000000 ) ;
#4882 = CARTESIAN_POINT ( 'NONE',  ( 1.671469329529243319, -1.251640513552068734, -1.800000000000000711 ) ) ;
#4883 = PLANE ( 'NONE',  #9637 ) ;
#4884 =( GEOMETRIC_REPRESENTATION_CONTEXT ( 3 ) GLOBAL_UNCERTAINTY_ASSIGNED_CONTEXT ( ( #1024 ) ) GLOBAL_UNIT_ASSIGNED_CONTEXT ( ( #507, #5751, #1229 ) ) REPRESENTATION_CONTEXT ( 'NONE', 'WORKASPACE' ) );
#4885 = CARTESIAN_POINT ( 'NONE',  ( 4.481141720290622743, 0.7424566881162488752, 1.500000000000000000 ) ) ;
#4886 = SURFACE_SIDE_STYLE ('',( #7533 ) ) ;
#4887 = DIRECTION ( 'NONE',  ( 1.000000000000000000, -0.0000000000000000000, 1.224646799147352961E-16 ) ) ;
#4888 = SURFACE_STYLE_FILL_AREA ( #9306 ) ;
#4889 = MECHANICAL_DESIGN_GEOMETRIC_PRESENTATION_REPRESENTATION (  '', ( #3363 ), #5382 ) ;
#4890 = DIRECTION ( 'NONE',  ( -0.0000000000000000000, -1.000000000000000000, -0.0000000000000000000 ) ) ;
#4891 = LINE ( 'NONE', #2295, #4644 ) ;
#4892 = ORIENTED_EDGE ( 'NONE', *, *, #3853, .T. ) ;
#4893 = DIRECTION ( 'NONE',  ( -0.0000000000000000000, -0.0000000000000000000, 1.000000000000000000 ) ) ;
#4894 = ORIENTED_EDGE ( 'NONE', *, *, #4206, .T. ) ;
#4895 = VERTEX_POINT ( 'NONE', #7612 ) ;
#4896 = LINE ( 'NONE', #9374, #8909 ) ;
#4897 = EDGE_CURVE ( 'NONE', #1645, #1840, #7409, .T. ) ;
#4898 = SURFACE_STYLE_USAGE ( .BOTH. , #6156 ) ;
#4899 = LINE ( 'NONE', #9340, #3106 ) ;
#4900 = CARTESIAN_POINT ( 'NONE',  ( 3.199999999999997957, 1.750000000000000000, -1.720000000000001084 ) ) ;
#4901 = FACE_OUTER_BOUND ( 'NONE', #3321, .T. ) ;
#4902 = PLANE ( 'NONE',  #1011 ) ;
#4903 = LINE ( 'NONE', #1236, #2875 ) ;
#4904 = ORIENTED_EDGE ( 'NONE', *, *, #8725, .T. ) ;
#4905 = EDGE_CURVE ( 'NONE', #6190, #8935, #9415, .T. ) ;
#4906 = FACE_OUTER_BOUND ( 'NONE', #6218, .T. ) ;
#4907 =( NAMED_UNIT ( * ) PLANE_ANGLE_UNIT ( ) SI_UNIT ( $, .RADIAN. ) );
#4908 = ORIENTED_EDGE ( 'NONE', *, *, #7013, .F. ) ;
#4909 = DIRECTION ( 'NONE',  ( 1.301042606982613209E-14, 0.0000000000000000000, 1.000000000000000000 ) ) ;
#4910 = LINE ( 'NONE', #9166, #4663 ) ;
#4911 = AXIS2_PLACEMENT_3D ( 'NONE', #338, #369, #1101 ) ;
#4912 = ORIENTED_EDGE ( 'NONE', *, *, #2027, .T. ) ;
#4913 = ADVANCED_FACE ( 'NONE', ( #3385 ), #408, .F. ) ;
#4914 = VERTEX_POINT ( 'NONE', #8406 ) ;
#4915 = CARTESIAN_POINT ( 'NONE',  ( 4.179999999999999716, 0.6499999999999989120, 0.9500000000000016209 ) ) ;
#4916 = PLANE ( 'NONE',  #8572 ) ;
#4917 = DIRECTION ( 'NONE',  ( 1.000000000000000000, 0.0000000000000000000, -0.0000000000000000000 ) ) ;
#4918 = DIRECTION ( 'NONE',  ( 0.0000000000000000000, -1.000000000000000000, 0.0000000000000000000 ) ) ;
#4919 = ORIENTED_EDGE ( 'NONE', *, *, #7555, .T. ) ;
#4920 = ORIENTED_EDGE ( 'NONE', *, *, #5103, .F. ) ;
#4921 = LINE ( 'NONE', #2638, #697 ) ;
#4922 = DIRECTION ( 'NONE',  ( -1.000000000000000000, 0.0000000000000000000, 0.0000000000000000000 ) ) ;
#4923 = PLANE ( 'NONE',  #6900 ) ;
#4924 = EDGE_LOOP ( 'NONE', ( #8015, #2882, #2110, #6095 ) ) ;
#4925 = CARTESIAN_POINT ( 'NONE',  ( -5.221110255092797026, -1.149999999999999467, -1.500000000000000444 ) ) ;
#4926 = VERTEX_POINT ( 'NONE', #1439 ) ;
#4927 = ORIENTED_EDGE ( 'NONE', *, *, #1649, .T. ) ;
#4928 = VERTEX_POINT ( 'NONE', #4421 ) ;
#4929 = DIRECTION ( 'NONE',  ( 0.0000000000000000000, -1.000000000000000000, 0.0000000000000000000 ) ) ;
#4930 = CARTESIAN_POINT ( 'NONE',  ( -4.499999999999998224, 1.750000000000000000, 1.800000000000000044 ) ) ;
#4931 = CARTESIAN_POINT ( 'NONE',  ( 0.2999999999999994893, -1.149999999999999911, -1.800000000000001155 ) ) ;
#4932 = AXIS2_PLACEMENT_3D ( 'NONE', #5676, #9388, #6492 ) ;
#4933 = VERTEX_POINT ( 'NONE', #1533 ) ;
#4934 = EDGE_LOOP ( 'NONE', ( #1810, #3001, #2768, #2935 ) ) ;
#4935 =( NAMED_UNIT ( * ) PLANE_ANGLE_UNIT ( ) SI_UNIT ( $, .RADIAN. ) );
#4936 = LINE ( 'NONE', #6411, #4681 ) ;
#4937 = VERTEX_POINT ( 'NONE', #8378 ) ;
#4938 = ORIENTED_EDGE ( 'NONE', *, *, #7433, .F. ) ;
#4939 = ORIENTED_EDGE ( 'NONE', *, *, #5113, .T. ) ;
#4940 =( LENGTH_UNIT ( ) NAMED_UNIT ( * ) SI_UNIT ( .MILLI., .METRE. ) );
#4941 = CARTESIAN_POINT ( 'NONE',  ( -9.613259262705275091E-15, 1.649999999999999911, 0.9499999999999581002 ) ) ;
#4942 = EDGE_CURVE ( 'NONE', #3761, #36, #5643, .T. ) ;
#4943 =( GEOMETRIC_REPRESENTATION_CONTEXT ( 3 ) GLOBAL_UNCERTAINTY_ASSIGNED_CONTEXT ( ( #5928 ) ) GLOBAL_UNIT_ASSIGNED_CONTEXT ( ( #3900, #5483, #2531 ) ) REPRESENTATION_CONTEXT ( 'NONE', 'WORKASPACE' ) );
#4944 = LINE ( 'NONE', #3909, #6935 ) ;
#4945 = LINE ( 'NONE', #5081, #5231 ) ;
#4946 = ORIENTED_EDGE ( 'NONE', *, *, #6829, .T. ) ;
#4947 = ORIENTED_EDGE ( 'NONE', *, *, #298, .T. ) ;
#4948 = LINE ( 'NONE', #7577, #6937 ) ;
#4949 = STYLED_ITEM ( 'NONE', ( #7819 ), #5079 ) ;
#4950 = DIRECTION ( 'NONE',  ( -1.445602896647335761E-15, -1.000000000000000000, 1.112002228190259226E-16 ) ) ;
#4951 = CARTESIAN_POINT ( 'NONE',  ( -0.2999999999999994893, -1.149999999999999911, -1.800000000000000711 ) ) ;
#4952 =( GEOMETRIC_REPRESENTATION_CONTEXT ( 3 ) GLOBAL_UNCERTAINTY_ASSIGNED_CONTEXT ( ( #3735 ) ) GLOBAL_UNIT_ASSIGNED_CONTEXT ( ( #7569, #3039, #8330 ) ) REPRESENTATION_CONTEXT ( 'NONE', 'WORKASPACE' ) );
#4953 = PLANE ( 'NONE',  #9099 ) ;
#4954 = VECTOR ( 'NONE', #5837, 1000.000000000000000 ) ;
#4955 = VERTEX_POINT ( 'NONE', #9469 ) ;
#4956 = CARTESIAN_POINT ( 'NONE',  ( 4.149999999999998579, -1.149999999999998801, 1.499999999999999112 ) ) ;
#4957 =( LENGTH_UNIT ( ) NAMED_UNIT ( * ) SI_UNIT ( .MILLI., .METRE. ) );
#4958 = VERTEX_POINT ( 'NONE', #5335 ) ;
#4959 = EDGE_CURVE ( 'NONE', #2446, #9533, #1160, .T. ) ;
#4960 = CARTESIAN_POINT ( 'NONE',  ( -0.2999999999999999334, -3.999999999999999112, 1.499999999999999556 ) ) ;
#4961 = VECTOR ( 'NONE', #377, 1000.000000000000000 ) ;
#4962 = FILL_AREA_STYLE_COLOUR ( '', #5859 ) ;
#4963 =( GEOMETRIC_REPRESENTATION_CONTEXT ( 3 ) GLOBAL_UNCERTAINTY_ASSIGNED_CONTEXT ( ( #54 ) ) GLOBAL_UNIT_ASSIGNED_CONTEXT ( ( #1223, #6493, #1952 ) ) REPRESENTATION_CONTEXT ( 'NONE', 'WORKASPACE' ) );
#4965 =( GEOMETRIC_REPRESENTATION_CONTEXT ( 3 ) GLOBAL_UNCERTAINTY_ASSIGNED_CONTEXT ( ( #8366 ) ) GLOBAL_UNIT_ASSIGNED_CONTEXT ( ( #6947, #4401, #7107 ) ) REPRESENTATION_CONTEXT ( 'NONE', 'WORKASPACE' ) );
#4964 = DIRECTION ( 'NONE',  ( -0.0000000000000000000, -1.000000000000000000, -0.0000000000000000000 ) ) ;
#4966 = DIRECTION ( 'NONE',  ( 0.0000000000000000000, -1.000000000000000000, -0.0000000000000000000 ) ) ;
#4967 = DIRECTION ( 'NONE',  ( 1.224646799147352961E-16, -1.204669080539449590E-16, -1.000000000000000000 ) ) ;
#4968 = PLANE ( 'NONE',  #8340 ) ;
#4969 = SURFACE_STYLE_FILL_AREA ( #5177 ) ;
#4970 = EDGE_CURVE ( 'NONE', #2987, #2892, #3141, .T. ) ;
#4971 = ORIENTED_EDGE ( 'NONE', *, *, #8250, .T. ) ;
#4972 = EDGE_LOOP ( 'NONE', ( #8805, #2558, #5520, #2098 ) ) ;
#4973 = DIRECTION ( 'NONE',  ( -1.000000000000000000, 0.0000000000000000000, 0.0000000000000000000 ) ) ;
#4974 = FILL_AREA_STYLE_COLOUR ( '', #3226 ) ;
#4975 = ADVANCED_FACE ( 'NONE', ( #9168 ), #5855, .F. ) ;
#4976 = VECTOR ( 'NONE', #653, 1000.000000000000000 ) ;
#4977 =( NAMED_UNIT ( * ) SI_UNIT ( $, .STERADIAN. ) SOLID_ANGLE_UNIT ( ) );
#4978 = VECTOR ( 'NONE', #9049, 1000.000000000000000 ) ;
#4979 = EDGE_CURVE ( 'NONE', #1823, #2180, #2906, .T. ) ;
#4980 = ORIENTED_EDGE ( 'NONE', *, *, #2567, .F. ) ;
#4981 =( NAMED_UNIT ( * ) PLANE_ANGLE_UNIT ( ) SI_UNIT ( $, .RADIAN. ) );
#4982 = EDGE_CURVE ( 'NONE', #271, #9559, #1389, .T. ) ;
#4983 = DIRECTION ( 'NONE',  ( 1.475294133514421281E-32, 1.000000000000000000, -1.204669080539449344E-16 ) ) ;
#4984 = VECTOR ( 'NONE', #9143, 1000.000000000000000 ) ;
#4985 = ORIENTED_EDGE ( 'NONE', *, *, #1179, .F. ) ;
#4986 = CARTESIAN_POINT ( 'NONE',  ( 3.399999999999998135, -1.750000000000000000, 0.8000000000000001554 ) ) ;
#4987 = FILL_AREA_STYLE ('',( #4219 ) ) ;
#4988 = DIRECTION ( 'NONE',  ( 0.0000000000000000000, 5.656706986880892613E-16, -1.000000000000000000 ) ) ;
#4989 = AXIS2_PLACEMENT_3D ( 'NONE', #5479, #6801, #4346 ) ;
#4990 = PLANE ( 'NONE',  #9358 ) ;
#4991 = SURFACE_STYLE_FILL_AREA ( #9066 ) ;
#4992 = CARTESIAN_POINT ( 'NONE',  ( -4.399999999999998579, 1.750000000000000000, -1.700000000000001066 ) ) ;
#4993 = SURFACE_STYLE_USAGE ( .BOTH. , #9496 ) ;
#4994 = EDGE_CURVE ( 'NONE', #8754, #3101, #4936, .T. ) ;
#4995 = DIRECTION ( 'NONE',  ( 0.0000000000000000000, 1.000000000000000000, 0.0000000000000000000 ) ) ;
#4996 = CARTESIAN_POINT ( 'NONE',  ( 2.800000000000000266, -1.149999999999999911, -1.800000000000000711 ) ) ;
#4997 = SURFACE_STYLE_FILL_AREA ( #7383 ) ;
#4998 =( LENGTH_UNIT ( ) NAMED_UNIT ( * ) SI_UNIT ( .MILLI., .METRE. ) );
#4999 = CARTESIAN_POINT ( 'NONE',  ( -0.2999999999999999334, -4.750000000000000000, -1.499999999999999334 ) ) ;
#5000 = MANIFOLD_SOLID_BREP ( 'LPattern1[4]', #232 ) ;
#5001 = CARTESIAN_POINT ( 'NONE',  ( -2.674999999999999378, -1.149999999999999911, -1.800000000000000711 ) ) ;
#5002 = DIRECTION ( 'NONE',  ( 1.000000000000000000, -0.0000000000000000000, -0.0000000000000000000 ) ) ;
#5003 = ORIENTED_EDGE ( 'NONE', *, *, #575, .F. ) ;
#5004 = SURFACE_STYLE_FILL_AREA ( #161 ) ;
#5005 =( NAMED_UNIT ( * ) PLANE_ANGLE_UNIT ( ) SI_UNIT ( $, .RADIAN. ) );
#5006 = DIRECTION ( 'NONE',  ( 0.0000000000000000000, -1.000000000000000000, 0.0000000000000000000 ) ) ;
#5007 = EDGE_LOOP ( 'NONE', ( #4183, #8199, #264, #587 ) ) ;
#5008 = VECTOR ( 'NONE', #1612, 1000.000000000000000 ) ;
#5009 =( GEOMETRIC_REPRESENTATION_CONTEXT ( 3 ) GLOBAL_UNCERTAINTY_ASSIGNED_CONTEXT ( ( #6235 ) ) GLOBAL_UNIT_ASSIGNED_CONTEXT ( ( #1028, #9333, #5265 ) ) REPRESENTATION_CONTEXT ( 'NONE', 'WORKASPACE' ) );
#5010 =( LENGTH_UNIT ( ) NAMED_UNIT ( * ) SI_UNIT ( .MILLI., .METRE. ) );
#5011 = FACE_OUTER_BOUND ( 'NONE', #2656, .T. ) ;
#5012 = CARTESIAN_POINT ( 'NONE',  ( 3.199999999999997957, 1.670000000000000151, -1.800000000000000933 ) ) ;
#5013 = FILL_AREA_STYLE ('',( #547 ) ) ;
#5014 = COLOUR_RGB ( '',0.2509803921568627416, 0.2509803921568627416, 0.2509803921568627416 ) ;
#5015 = SURFACE_STYLE_FILL_AREA ( #4454 ) ;
#5016 = MECHANICAL_DESIGN_GEOMETRIC_PRESENTATION_REPRESENTATION (  '', ( #3984 ), #5497 ) ;
#5017 =( LENGTH_UNIT ( ) NAMED_UNIT ( * ) SI_UNIT ( .MILLI., .METRE. ) );
#5018 = FACE_OUTER_BOUND ( 'NONE', #2259, .T. ) ;
#5019 = EDGE_CURVE ( 'NONE', #1007, #5877, #3974, .T. ) ;
#5020 = VECTOR ( 'NONE', #9309, 1000.000000000000000 ) ;
#5021 = CARTESIAN_POINT ( 'NONE',  ( -4.150000000000000355, 0.6499999999999989120, 1.500000000000000000 ) ) ;
#5022 = CARTESIAN_POINT ( 'NONE',  ( 4.399999999999998579, 1.664434642797410602, 1.699999999999999956 ) ) ;
#5023 = FACE_OUTER_BOUND ( 'NONE', #7170, .T. ) ;
#5024 = ORIENTED_EDGE ( 'NONE', *, *, #2309, .F. ) ;
#5025 = AXIS2_PLACEMENT_3D ( 'NONE', #3421, #4193, #9465 ) ;
#5026 = ORIENTED_EDGE ( 'NONE', *, *, #4597, .T. ) ;
#5027 = ORIENTED_EDGE ( 'NONE', *, *, #7986, .T. ) ;
#5028 = ADVANCED_FACE ( 'NONE', ( #18 ), #3512, .F. ) ;
#5029 = VECTOR ( 'NONE', #700, 1000.000000000000000 ) ;
#5030 = CARTESIAN_POINT ( 'NONE',  ( 4.250000000000000000, -0.3500000000000006439, -1.500000000000000000 ) ) ;
#5031 = CARTESIAN_POINT ( 'NONE',  ( 2.200000000000000622, -1.149999999999999911, -1.800000000000000711 ) ) ;
#5032 = CARTESIAN_POINT ( 'NONE',  ( -0.2999999999999999334, -0.8499999999999992006, 0.8291796067500618594 ) ) ;
#5033 = DIRECTION ( 'NONE',  ( -1.000000000000000000, 0.0000000000000000000, 2.349104707051925222E-15 ) ) ;
#5035 = ORIENTED_EDGE ( 'NONE', *, *, #4072, .T. ) ;
#5034 = DIRECTION ( 'NONE',  ( 0.0000000000000000000, 1.000000000000000000, -0.0000000000000000000 ) ) ;
#5036 = VECTOR ( 'NONE', #5671, 1000.000000000000000 ) ;
#5037 = DIRECTION ( 'NONE',  ( 0.0000000000000000000, -1.000000000000000000, 1.112002228190260952E-16 ) ) ;
#5038 = ORIENTED_EDGE ( 'NONE', *, *, #4424, .F. ) ;
#5039 = DIRECTION ( 'NONE',  ( 0.0000000000000000000, 1.000000000000000000, 0.0000000000000000000 ) ) ;
#5040 = ORIENTED_EDGE ( 'NONE', *, *, #1392, .T. ) ;
#5041 = PRESENTATION_STYLE_ASSIGNMENT (( #8793 ) ) ;
#5042 = PRESENTATION_STYLE_ASSIGNMENT (( #6338 ) ) ;
#5043 = CIRCLE ( 'NONE', #8749, 0.02999999999999964501 ) ;
#5044 = DIRECTION ( 'NONE',  ( -1.000000000000000000, -0.0000000000000000000, -0.0000000000000000000 ) ) ;
#5045 = EDGE_CURVE ( 'NONE', #3131, #1985, #2673, .T. ) ;
#5046 = ORIENTED_EDGE ( 'NONE', *, *, #6084, .T. ) ;
#5047 = EDGE_CURVE ( 'NONE', #2623, #6085, #5770, .T. ) ;
#5048 = ORIENTED_EDGE ( 'NONE', *, *, #6466, .F. ) ;
#5049 = DIRECTION ( 'NONE',  ( -0.0000000000000000000, -1.000000000000000000, -0.0000000000000000000 ) ) ;
#5050 = DIRECTION ( 'NONE',  ( 0.0000000000000000000, -0.0000000000000000000, 1.000000000000000000 ) ) ;
#5051 = FACE_OUTER_BOUND ( 'NONE', #7623, .T. ) ;
#5052 = PLANE ( 'NONE',  #5766 ) ;
#5053 = ORIENTED_EDGE ( 'NONE', *, *, #2005, .F. ) ;
#5054 = VERTEX_POINT ( 'NONE', #7340 ) ;
#5055 = ORIENTED_EDGE ( 'NONE', *, *, #3509, .F. ) ;
#5056 = STYLED_ITEM ( 'NONE', ( #3800 ), #346 ) ;
#5057 = DIRECTION ( 'NONE',  ( -1.000000000000000000, -0.0000000000000000000, -0.0000000000000000000 ) ) ;
#5058 = ORIENTED_EDGE ( 'NONE', *, *, #2791, .F. ) ;
#5059 = FACE_OUTER_BOUND ( 'NONE', #9670, .T. ) ;
#5060 = ORIENTED_EDGE ( 'NONE', *, *, #4393, .F. ) ;
#5061 = DIRECTION ( 'NONE',  ( -0.0000000000000000000, 0.0000000000000000000, -1.000000000000000000 ) ) ;
#5062 = PLANE ( 'NONE',  #2574 ) ;
#5063 = VERTEX_POINT ( 'NONE', #8042 ) ;
#5064 = EDGE_LOOP ( 'NONE', ( #3976, #6620, #5360, #3954 ) ) ;
#5065 = ORIENTED_EDGE ( 'NONE', *, *, #9315, .F. ) ;
#5066 = FILL_AREA_STYLE_COLOUR ( '', #8004 ) ;
#5067 =( LENGTH_UNIT ( ) NAMED_UNIT ( * ) SI_UNIT ( .MILLI., .METRE. ) );
#5068 = DIRECTION ( 'NONE',  ( 0.0000000000000000000, 0.0000000000000000000, -1.000000000000000000 ) ) ;
#5069 = FILL_AREA_STYLE ('',( #5508 ) ) ;
#5070 = DIRECTION ( 'NONE',  ( -1.000000000000000000, 0.0000000000000000000, 0.0000000000000000000 ) ) ;
#5071 = SURFACE_STYLE_FILL_AREA ( #400 ) ;
#5072 = ORIENTED_EDGE ( 'NONE', *, *, #1910, .F. ) ;
#5073 = DIRECTION ( 'NONE',  ( -1.000000000000000000, 0.0000000000000000000, -6.195440985631461234E-16 ) ) ;
#5074 = EDGE_LOOP ( 'NONE', ( #3618, #1742, #1676, #7274, #2775, #9593, #4939, #5072, #1681, #594, #801, #1174 ) ) ;
#5075 = CARTESIAN_POINT ( 'NONE',  ( -4.250000000000000000, 0.6499999999999989120, -1.500000000000000888 ) ) ;
#5076 =( NAMED_UNIT ( * ) PLANE_ANGLE_UNIT ( ) SI_UNIT ( $, .RADIAN. ) );
#5077 = CARTESIAN_POINT ( 'NONE',  ( -0.2499999999999997780, 0.1499999999999997446, 3.800000000000000266 ) ) ;
#5078 = MECHANICAL_DESIGN_GEOMETRIC_PRESENTATION_REPRESENTATION (  '', ( #3539 ), #5559 ) ;
#5079 = ADVANCED_FACE ( 'NONE', ( #9539 ), #3400, .F. ) ;
#5080 = LINE ( 'NONE', #9606, #6339 ) ;
#5081 = CARTESIAN_POINT ( 'NONE',  ( -4.150000000000000355, -0.3500000000000005884, -1.500000000000000000 ) ) ;
#5082 = ORIENTED_EDGE ( 'NONE', *, *, #7581, .F. ) ;
#5083 = ORIENTED_EDGE ( 'NONE', *, *, #5274, .F. ) ;
#5084 = DIRECTION ( 'NONE',  ( 0.0000000000000000000, -0.0000000000000000000, -1.000000000000000000 ) ) ;
#5085 = VECTOR ( 'NONE', #7691, 1000.000000000000000 ) ;
#5086 = CARTESIAN_POINT ( 'NONE',  ( 4.389493895187377426, 1.750000000000000000, 0.0000000000000000000 ) ) ;
#5087 = EDGE_CURVE ( 'NONE', #2897, #8562, #8537, .T. ) ;
#5088 = MECHANICAL_DESIGN_GEOMETRIC_PRESENTATION_REPRESENTATION (  '', ( #3548 ), #5562 ) ;
#5089 = ORIENTED_EDGE ( 'NONE', *, *, #9113, .F. ) ;
#5090 = AXIS2_PLACEMENT_3D ( 'NONE', #7128, #7001, #4208 ) ;
#5091 = DIRECTION ( 'NONE',  ( 0.0000000000000000000, -3.469446951953614189E-16, 1.000000000000000000 ) ) ;
#5092 = SHAPE_DEFINITION_REPRESENTATION ( #1593, #6902 ) ;
#5093 =( NAMED_UNIT ( * ) SI_UNIT ( $, .STERADIAN. ) SOLID_ANGLE_UNIT ( ) );
#5094 = CARTESIAN_POINT ( 'NONE',  ( -4.499999999999998224, 1.649999999999999911, 0.9500000000000043965 ) ) ;
#5095 = ORIENTED_EDGE ( 'NONE', *, *, #2090, .F. ) ;
#5096 = DIRECTION ( 'NONE',  ( 0.0000000000000000000, 0.0000000000000000000, -1.000000000000000000 ) ) ;
#5097 = EDGE_CURVE ( 'NONE', #1930, #1137, #4526, .T. ) ;
#5098 = DIRECTION ( 'NONE',  ( 1.000000000000000000, 0.0000000000000000000, 0.0000000000000000000 ) ) ;
#5099 = EDGE_LOOP ( 'NONE', ( #9698, #8619, #5496, #7878 ) ) ;
#5100 = FILL_AREA_STYLE_COLOUR ( '', #7474 ) ;
#5101 = CARTESIAN_POINT ( 'NONE',  ( 4.150000000000000355, 0.6499999999999982458, -0.9500000000000025091 ) ) ;
#5102 = VECTOR ( 'NONE', #9542, 1000.000000000000000 ) ;
#5103 = EDGE_CURVE ( 'NONE', #3626, #2495, #6540, .T. ) ;
#5104 = PLANE ( 'NONE',  #2702 ) ;
#5105 =( NAMED_UNIT ( * ) PLANE_ANGLE_UNIT ( ) SI_UNIT ( $, .RADIAN. ) );
#5106 = EDGE_LOOP ( 'NONE', ( #6357, #13, #9578, #3864 ) ) ;
#5107 = COLOUR_RGB ( '',0.2509803921568627416, 0.2509803921568627416, 0.2509803921568627416 ) ;
#5108 = SURFACE_STYLE_FILL_AREA ( #7712 ) ;
#5109 = EDGE_CURVE ( 'NONE', #5806, #2495, #8297, .T. ) ;
#5110 = ORIENTED_EDGE ( 'NONE', *, *, #1950, .F. ) ;
#5111 = VECTOR ( 'NONE', #7603, 1000.000000000000000 ) ;
#5112 = STYLED_ITEM ( 'NONE', ( #7248 ), #3256 ) ;
#5113 = EDGE_CURVE ( 'NONE', #3137, #5890, #2491, .T. ) ;
#5114 = FACE_OUTER_BOUND ( 'NONE', #9181, .T. ) ;
#5115 = ADVANCED_FACE ( 'NONE', ( #4297 ), #9560, .F. ) ;
#5116 = SURFACE_SIDE_STYLE ('',( #8980 ) ) ;
#5117 = UNCERTAINTY_MEASURE_WITH_UNIT (LENGTH_MEASURE( 1.000000000000000082E-05 ), #7536, 'distance_accuracy_value', 'NONE');
#5118 = FILL_AREA_STYLE_COLOUR ( '', #1211 ) ;
#5119 = VECTOR ( 'NONE', #1726, 1000.000000000000000 ) ;
#5120 = CARTESIAN_POINT ( 'NONE',  ( -4.381141720290622210, 0.7424566881162490972, 0.9500000000000029532 ) ) ;
#5121 = CARTESIAN_POINT ( 'NONE',  ( -2.200000000000000178, -0.8499999999999992006, 0.8291796067500618594 ) ) ;
#5122 = LINE ( 'NONE', #9056, #5338 ) ;
#5123 = DIRECTION ( 'NONE',  ( 0.0000000000000000000, 1.066845503452556708E-16, -1.000000000000000000 ) ) ;
#5124 = SURFACE_STYLE_USAGE ( .BOTH. , #9636 ) ;
#5125 = VERTEX_POINT ( 'NONE', #1181 ) ;
#5126 = DIRECTION ( 'NONE',  ( 1.224646799147352961E-16, -1.204669080539449344E-16, -1.000000000000000000 ) ) ;
#5127 = VECTOR ( 'NONE', #6033, 1000.000000000000000 ) ;
#5128 = CARTESIAN_POINT ( 'NONE',  ( -1.749999999999999778, 0.6499999999999998002, 1.699999999999999956 ) ) ;
#5129 = DIRECTION ( 'NONE',  ( 1.000000000000000000, -0.0000000000000000000, 1.224646799147352961E-16 ) ) ;
#5130 = CARTESIAN_POINT ( 'NONE',  ( -0.2999999999999999334, -0.8499999999999992006, 1.499999999999999334 ) ) ;
#5131 = LINE ( 'NONE', #4567, #8191 ) ;
#5132 = EDGE_CURVE ( 'NONE', #5174, #8161, #4039, .T. ) ;
#5133 = STYLED_ITEM ( 'NONE', ( #1580 ), #6741 ) ;
#5134 = FACE_OUTER_BOUND ( 'NONE', #2333, .T. ) ;
#5135 = EDGE_LOOP ( 'NONE', ( #3007, #5811, #701, #5027, #9693 ) ) ;
#5136 = VECTOR ( 'NONE', #3200, 1000.000000000000000 ) ;
#5137 = AXIS2_PLACEMENT_3D ( 'NONE', #4406, #9701, #5179 ) ;
#5138 = FACE_OUTER_BOUND ( 'NONE', #1869, .T. ) ;
#5139 = EDGE_CURVE ( 'NONE', #6911, #8935, #2024, .T. ) ;
#5140 = AXIS2_PLACEMENT_3D ( 'NONE', #74, #6043, #1529 ) ;
#5141 = PRESENTATION_LAYER_ASSIGNMENT (  '', '', ( #4124 ) ) ;
#5142 = LINE ( 'NONE', #534, #1129 ) ;
#5143 = FACE_OUTER_BOUND ( 'NONE', #3736, .T. ) ;
#5144 = CARTESIAN_POINT ( 'NONE',  ( -4.400000000000001243, 0.7500000000000007772, 0.9500000000000030642 ) ) ;
#5145 = DIRECTION ( 'NONE',  ( -1.000000000000000000, 0.0000000000000000000, -0.0000000000000000000 ) ) ;
#5146 = EDGE_CURVE ( 'NONE', #8382, #8247, #312, .T. ) ;
#5147 = CARTESIAN_POINT ( 'NONE',  ( 3.199999999999997957, 1.750000000000000000, -1.699999999999998401 ) ) ;
#5148 = CARTESIAN_POINT ( 'NONE',  ( 4.268858279709376369, 0.6575433118837494817, 0.9500000000000017319 ) ) ;
#5149 = SURFACE_SIDE_STYLE ('',( #5737 ) ) ;
#5150 = CARTESIAN_POINT ( 'NONE',  ( -1.749999999999999778, 0.6499999999999998002, 1.699999999999999956 ) ) ;
#5151 = ORIENTED_EDGE ( 'NONE', *, *, #781, .F. ) ;
#5152 = CARTESIAN_POINT ( 'NONE',  ( 3.199999999999997957, 1.750000000000000000, -1.800000000000000933 ) ) ;
#5153 = ORIENTED_EDGE ( 'NONE', *, *, #6010, .T. ) ;
#5154 = DIRECTION ( 'NONE',  ( -0.0000000000000000000, 0.0000000000000000000, 1.000000000000000000 ) ) ;
#5155 = SURFACE_SIDE_STYLE ('',( #6659 ) ) ;
#5156 = EDGE_LOOP ( 'NONE', ( #2276, #4980, #1121, #27 ) ) ;
#5157 = EDGE_CURVE ( 'NONE', #7202, #3640, #7831, .T. ) ;
#5158 = DIRECTION ( 'NONE',  ( 0.0000000000000000000, 0.6427876096865438038, -0.7660444431189743497 ) ) ;
#5159 = ORIENTED_EDGE ( 'NONE', *, *, #50, .F. ) ;
#5160 = VERTEX_POINT ( 'NONE', #8327 ) ;
#5161 = ADVANCED_FACE ( 'NONE', ( #5586 ), #166, .T. ) ;
#5162 = STYLED_ITEM ( 'NONE', ( #388 ), #2719 ) ;
#5163 = EDGE_LOOP ( 'NONE', ( #472, #6248, #2747, #5869 ) ) ;
#5164 = EDGE_CURVE ( 'NONE', #5797, #8789, #3579, .T. ) ;
#5165 = ORIENTED_EDGE ( 'NONE', *, *, #4206, .F. ) ;
#5166 = ORIENTED_EDGE ( 'NONE', *, *, #3442, .F. ) ;
#5167 = UNCERTAINTY_MEASURE_WITH_UNIT (LENGTH_MEASURE( 1.000000000000000082E-05 ), #9276, 'distance_accuracy_value', 'NONE');
#5168 = EDGE_LOOP ( 'NONE', ( #5151, #3133, #1732, #805, #9454, #7977, #8840, #1141, #1376, #8101, #7522, #2412, #7305, #96 ) ) ;
#5169 = UNCERTAINTY_MEASURE_WITH_UNIT (LENGTH_MEASURE( 1.000000000000000082E-05 ), #512, 'distance_accuracy_value', 'NONE');
#5170 = CARTESIAN_POINT ( 'NONE',  ( 7.124757133476152414E-16, -1.750000000000000000, 1.149999999999997025 ) ) ;
#5171 = LINE ( 'NONE', #2538, #3138 ) ;
#5172 = DIRECTION ( 'NONE',  ( 1.000000000000000000, -0.0000000000000000000, -0.0000000000000000000 ) ) ;
#5173 = VECTOR ( 'NONE', #5304, 1000.000000000000000 ) ;
#5174 = VERTEX_POINT ( 'NONE', #3439 ) ;
#5175 = VERTEX_POINT ( 'NONE', #7031 ) ;
#5176 = EDGE_CURVE ( 'NONE', #21, #7880, #1552, .T. ) ;
#5177 = FILL_AREA_STYLE ('',( #6423 ) ) ;
#5178 = EDGE_LOOP ( 'NONE', ( #6452, #952, #4658, #7867, #6556, #2089, #2399, #7177, #1868, #4171, #2271, #8314, #6569, #2689 ) ) ;
#5179 = DIRECTION ( 'NONE',  ( 5.782411586589362451E-14, -1.000000000000000000, 0.0000000000000000000 ) ) ;
#5180 = ORIENTED_EDGE ( 'NONE', *, *, #1245, .T. ) ;
#5181 = DIRECTION ( 'NONE',  ( -0.0000000000000000000, -0.0000000000000000000, 1.000000000000000000 ) ) ;
#5182 = CARTESIAN_POINT ( 'NONE',  ( -2.325000000000000178, -4.649999999999998579, 1.500000000000000000 ) ) ;
#5183 = PLANE ( 'NONE',  #3518 ) ;
#5184 = FILL_AREA_STYLE_COLOUR ( '', #8670 ) ;
#5185 = AXIS2_PLACEMENT_3D ( 'NONE', #9579, #7106, #5994 ) ;
#5186 = LINE ( 'NONE', #3650, #950 ) ;
#5187 = FILL_AREA_STYLE_COLOUR ( '', #8693 ) ;
#5188 = VECTOR ( 'NONE', #537, 1000.000000000000000 ) ;
#5189 = VERTEX_POINT ( 'NONE', #1113 ) ;
#5190 = DIRECTION ( 'NONE',  ( 0.0000000000000000000, 0.3761646923075279147, -0.9265528178475217480 ) ) ;
#5191 = VECTOR ( 'NONE', #2192, 1000.000000000000000 ) ;
#5192 = PRESENTATION_LAYER_ASSIGNMENT (  '', '', ( #4176 ) ) ;
#5193 = CARTESIAN_POINT ( 'NONE',  ( 4.250000000000000000, 0.0000000000000000000, -0.5081345747705631188 ) ) ;
#5194 = VECTOR ( 'NONE', #1063, 1000.000000000000000 ) ;
#5195 = ORIENTED_EDGE ( 'NONE', *, *, #3287, .T. ) ;
#5196 = EDGE_LOOP ( 'NONE', ( #4701, #4225, #2216, #8196 ) ) ;
#5197 = ORIENTED_EDGE ( 'NONE', *, *, #268, .T. ) ;
#5198 = EDGE_CURVE ( 'NONE', #7551, #1055, #9356, .T. ) ;
#5199 = FACE_OUTER_BOUND ( 'NONE', #7794, .T. ) ;
#5200 = CARTESIAN_POINT ( 'NONE',  ( -4.336396625881108413, 2.182442555609684920, -1.700000000000000844 ) ) ;
#5201 = FACE_OUTER_BOUND ( 'NONE', #6777, .T. ) ;
#5202 = DIRECTION ( 'NONE',  ( -0.1888473936501247619, 0.9820064469806472074, -1.323264713300626440E-16 ) ) ;
#5203 = AXIS2_PLACEMENT_3D ( 'NONE', #3483, #3449, #4617 ) ;
#5204 = ORIENTED_EDGE ( 'NONE', *, *, #5707, .F. ) ;
#5205 = ORIENTED_EDGE ( 'NONE', *, *, #8373, .T. ) ;
#5206 = ORIENTED_EDGE ( 'NONE', *, *, #1416, .F. ) ;
#5207 = ADVANCED_FACE ( 'NONE', ( #5342 ), #7173, .F. ) ;
#5208 =( GEOMETRIC_REPRESENTATION_CONTEXT ( 3 ) GLOBAL_UNCERTAINTY_ASSIGNED_CONTEXT ( ( #8677 ) ) GLOBAL_UNIT_ASSIGNED_CONTEXT ( ( #1640, #6933, #2389 ) ) REPRESENTATION_CONTEXT ( 'NONE', 'WORKASPACE' ) );
#5209 = DIRECTION ( 'NONE',  ( 0.0000000000000000000, -1.000000000000000000, -3.771137991253929066E-16 ) ) ;
#5210 = SURFACE_SIDE_STYLE ('',( #8016 ) ) ;
#5211 = CARTESIAN_POINT ( 'NONE',  ( 4.150000000000000355, 0.6296890111571917803, -0.9500000000000025091 ) ) ;
#5212 =( LENGTH_UNIT ( ) NAMED_UNIT ( * ) SI_UNIT ( .MILLI., .METRE. ) );
#5213 = ORIENTED_EDGE ( 'NONE', *, *, #8991, .F. ) ;
#5214 = FACE_OUTER_BOUND ( 'NONE', #5417, .T. ) ;
#5215 = DIRECTION ( 'NONE',  ( -0.9284766908852571943, 0.3713906763541088840, 1.610650312575939492E-15 ) ) ;
#5216 = DIRECTION ( 'NONE',  ( -1.445602896647335761E-15, -1.000000000000000000, 0.0000000000000000000 ) ) ;
#5217 = LINE ( 'NONE', #2826, #3189 ) ;
#5218 = EDGE_CURVE ( 'NONE', #6017, #5624, #4632, .T. ) ;
#5219 = LINE ( 'NONE', #812, #8985 ) ;
#5220 = CARTESIAN_POINT ( 'NONE',  ( 3.749999999999998224, -1.750000000000000000, 1.150000000000000133 ) ) ;
#5221 = SURFACE_STYLE_FILL_AREA ( #2576 ) ;
#5222 = STYLED_ITEM ( 'NONE', ( #3652 ), #154 ) ;
#5224 = CARTESIAN_POINT ( 'NONE',  ( -3.749999999999996891, -1.549999999999999378, -0.8000000000000008216 ) ) ;
#5223 =( LENGTH_UNIT ( ) NAMED_UNIT ( * ) SI_UNIT ( .MILLI., .METRE. ) );
#5225 = PRESENTATION_LAYER_ASSIGNMENT (  '', '', ( #4220 ) ) ;
#5226 = CARTESIAN_POINT ( 'NONE',  ( 4.150000000000000355, -0.3500000000000004774, -0.6502286246418800264 ) ) ;
#5227 = LINE ( 'NONE', #1744, #8995 ) ;
#5228 = CARTESIAN_POINT ( 'NONE',  ( -3.199999999999997513, 1.750000000000000000, 1.699999999999999734 ) ) ;
#5229 = LINE ( 'NONE', #8381, #3207 ) ;
#5230 = LINE ( 'NONE', #2969, #5720 ) ;
#5231 = VECTOR ( 'NONE', #8007, 1000.000000000000000 ) ;
#5232 = PLANE ( 'NONE',  #2903 ) ;
#5233 = LINE ( 'NONE', #3328, #3931 ) ;
#5234 = FILL_AREA_STYLE_COLOUR ( '', #1801 ) ;
#5235 = CARTESIAN_POINT ( 'NONE',  ( -0.2499999999999997780, 0.6499999999999998002, 1.699999999999999956 ) ) ;
#5236 = LINE ( 'NONE', #5456, #1238 ) ;
#5237 = VERTEX_POINT ( 'NONE', #1524 ) ;
#5238 = LINE ( 'NONE', #4301, #7255 ) ;
#5239 = FILL_AREA_STYLE_COLOUR ( '', #5521 ) ;
#5240 = VECTOR ( 'NONE', #8488, 1000.000000000000000 ) ;
#5241 = EDGE_CURVE ( 'NONE', #6459, #9755, #8412, .T. ) ;
#5242 = ADVANCED_FACE ( 'NONE', ( #658 ), #4864, .F. ) ;
#5243 = MECHANICAL_DESIGN_GEOMETRIC_PRESENTATION_REPRESENTATION (  '', ( #3733 ), #5774 ) ;
#5244 = EDGE_LOOP ( 'NONE', ( #8602, #7544, #5747, #8136 ) ) ;
#5245 = COLOUR_RGB ( '',0.2509803921568627416, 0.2509803921568627416, 0.2509803921568627416 ) ;
#5246 = VECTOR ( 'NONE', #7121, 1000.000000000000000 ) ;
#5247 =( LENGTH_UNIT ( ) NAMED_UNIT ( * ) SI_UNIT ( .MILLI., .METRE. ) );
#5248 = MECHANICAL_DESIGN_GEOMETRIC_PRESENTATION_REPRESENTATION (  '', ( #3739 ), #5779 ) ;
#5249 = SURFACE_STYLE_FILL_AREA ( #1743 ) ;
#5250 = CARTESIAN_POINT ( 'NONE',  ( -0.3000000000000003775, -1.149999999999999911, -1.499999999999999778 ) ) ;
#5251 = VERTEX_POINT ( 'NONE', #4730 ) ;
#5252 = CARTESIAN_POINT ( 'NONE',  ( -0.2499999999999997780, 0.1499999999999999667, 2.395876796297097489 ) ) ;
#5253 = COLOUR_RGB ( '',0.2509803921568627416, 0.2509803921568627416, 0.2509803921568627416 ) ;
#5255 = DIRECTION ( 'NONE',  ( -0.0000000000000000000, -1.000000000000000000, -0.0000000000000000000 ) ) ;
#5254 = PRESENTATION_LAYER_ASSIGNMENT (  '', '', ( #4745 ) ) ;
#5256 = ORIENTED_EDGE ( 'NONE', *, *, #4829, .T. ) ;
#5257 = EDGE_CURVE ( 'NONE', #7221, #3506, #7700, .T. ) ;
#5258 = VECTOR ( 'NONE', #8098, 1000.000000000000227 ) ;
#5259 =( GEOMETRIC_REPRESENTATION_CONTEXT ( 3 ) GLOBAL_UNCERTAINTY_ASSIGNED_CONTEXT ( ( #3086 ) ) GLOBAL_UNIT_ASSIGNED_CONTEXT ( ( #3196, #4724, #1694 ) ) REPRESENTATION_CONTEXT ( 'NONE', 'WORKASPACE' ) );
#5260 = ORIENTED_EDGE ( 'NONE', *, *, #6837, .F. ) ;
#5261 = CARTESIAN_POINT ( 'NONE',  ( 0.2999999999999994893, -1.149999999999999911, 1.800000000000000266 ) ) ;
#5262 = ORIENTED_EDGE ( 'NONE', *, *, #6070, .T. ) ;
#5263 = ORIENTED_EDGE ( 'NONE', *, *, #2809, .T. ) ;
#5264 = EDGE_CURVE ( 'NONE', #5667, #4450, #5710, .T. ) ;
#5265 =( NAMED_UNIT ( * ) SI_UNIT ( $, .STERADIAN. ) SOLID_ANGLE_UNIT ( ) );
#5266 = UNCERTAINTY_MEASURE_WITH_UNIT (LENGTH_MEASURE( 1.000000000000000082E-05 ), #2508, 'distance_accuracy_value', 'NONE');
#5267 = DIRECTION ( 'NONE',  ( -0.0000000000000000000, 0.0000000000000000000, -1.000000000000000000 ) ) ;
#5268 = DIRECTION ( 'NONE',  ( 0.0000000000000000000, 0.0000000000000000000, 1.000000000000000000 ) ) ;
#5269 = ORIENTED_EDGE ( 'NONE', *, *, #979, .T. ) ;
#5270 = SURFACE_SIDE_STYLE ('',( #7527 ) ) ;
#5271 = LINE ( 'NONE', #6978, #9284 ) ;
#5272 = VERTEX_POINT ( 'NONE', #3902 ) ;
#5273 = VERTEX_POINT ( 'NONE', #8364 ) ;
#5274 = EDGE_CURVE ( 'NONE', #7715, #9521, #3448, .T. ) ;
#5275 = ORIENTED_EDGE ( 'NONE', *, *, #3098, .T. ) ;
#5276 = PLANE ( 'NONE',  #4258 ) ;
#5277 = AXIS2_PLACEMENT_3D ( 'NONE', #9554, #2063, #4461 ) ;
#5278 = ORIENTED_EDGE ( 'NONE', *, *, #1111, .F. ) ;
#5279 = EDGE_CURVE ( 'NONE', #5986, #9280, #7467, .T. ) ;
#5280 = UNCERTAINTY_MEASURE_WITH_UNIT (LENGTH_MEASURE( 1.000000000000000082E-05 ), #2701, 'distance_accuracy_value', 'NONE');
#5281 = SURFACE_STYLE_FILL_AREA ( #4053 ) ;
#5282 = ORIENTED_EDGE ( 'NONE', *, *, #2640, .F. ) ;
#5283 = FACE_OUTER_BOUND ( 'NONE', #145, .T. ) ;
#5284 = FILL_AREA_STYLE_COLOUR ( '', #7066 ) ;
#5285 = ORIENTED_EDGE ( 'NONE', *, *, #2940, .F. ) ;
#5286 = FILL_AREA_STYLE ('',( #7590 ) ) ;
#5287 = SURFACE_SIDE_STYLE ('',( #91 ) ) ;
#5288 = VERTEX_POINT ( 'NONE', #3402 ) ;
#5289 = PRESENTATION_LAYER_ASSIGNMENT (  '', '', ( #4783 ) ) ;
#5290 = ORIENTED_EDGE ( 'NONE', *, *, #353, .T. ) ;
#5291 = FACE_OUTER_BOUND ( 'NONE', #3536, .T. ) ;
#5292 = ADVANCED_FACE ( 'NONE', ( #9476 ), #3871, .T. ) ;
#5293 = CARTESIAN_POINT ( 'NONE',  ( 4.150000000000000355, -0.3500000000000005884, -1.500000000000000000 ) ) ;
#5294 = PLANE ( 'NONE',  #1787 ) ;
#5295 = PLANE ( 'NONE',  #6460 ) ;
#5296 = SURFACE_STYLE_FILL_AREA ( #5987 ) ;
#5297 = EDGE_LOOP ( 'NONE', ( #2783, #1081, #8934, #2669 ) ) ;
#5298 = ORIENTED_EDGE ( 'NONE', *, *, #2205, .F. ) ;
#5299 = CARTESIAN_POINT ( 'NONE',  ( -0.2999999999999999334, -0.8499999999999992006, 1.499999999999999334 ) ) ;
#5300 = LINE ( 'NONE', #2189, #9072 ) ;
#5301 = DIRECTION ( 'NONE',  ( -2.409338161078899427E-17, -0.0000000000000000000, -1.000000000000000000 ) ) ;
#5302 = FACE_OUTER_BOUND ( 'NONE', #7313, .T. ) ;
#5303 = AXIS2_PLACEMENT_3D ( 'NONE', #8936, #2175, #494 ) ;
#5304 = DIRECTION ( 'NONE',  ( 0.0000000000000000000, 0.0000000000000000000, 1.000000000000000000 ) ) ;
#5305 = PLANE ( 'NONE',  #6394 ) ;
#5306 = VERTEX_POINT ( 'NONE', #4900 ) ;
#5307 = DIRECTION ( 'NONE',  ( 1.000000000000000000, 1.734723475976807094E-15, 0.0000000000000000000 ) ) ;
#5308 = ORIENTED_EDGE ( 'NONE', *, *, #2135, .F. ) ;
#5309 = AXIS2_PLACEMENT_3D ( 'NONE', #6851, #7931, #5920 ) ;
#5310 = DIRECTION ( 'NONE',  ( 0.0000000000000000000, -0.9265528178475217480, -0.3761646923075278592 ) ) ;
#5311 = VERTEX_POINT ( 'NONE', #5486 ) ;
#5312 = FACE_OUTER_BOUND ( 'NONE', #6099, .T. ) ;
#5313 = EDGE_CURVE ( 'NONE', #2159, #3299, #7240, .T. ) ;
#5314 = MECHANICAL_DESIGN_GEOMETRIC_PRESENTATION_REPRESENTATION (  '', ( #3797 ), #5840 ) ;
#5315 = CARTESIAN_POINT ( 'NONE',  ( 2.200000000000000178, -0.8499999999999992006, -1.499999999999999778 ) ) ;
#5316 = AXIS2_PLACEMENT_3D ( 'NONE', #6573, #2096, #4494 ) ;
#5317 = SURFACE_STYLE_USAGE ( .BOTH. , #7758 ) ;
#5318 = CARTESIAN_POINT ( 'NONE',  ( 2.200000000000000178, -0.8499999999999992006, -1.499999999999999778 ) ) ;
#5319 = DIRECTION ( 'NONE',  ( 0.0000000000000000000, 1.000000000000000000, 0.0000000000000000000 ) ) ;
#5320 = EDGE_CURVE ( 'NONE', #826, #4441, #9237, .T. ) ;
#5321 = ORIENTED_EDGE ( 'NONE', *, *, #3041, .F. ) ;
#5322 = LINE ( 'NONE', #1559, #642 ) ;
#5323 = ORIENTED_EDGE ( 'NONE', *, *, #2107, .T. ) ;
#5324 = DIRECTION ( 'NONE',  ( 0.0000000000000000000, 0.0000000000000000000, -1.000000000000000000 ) ) ;
#5325 = CARTESIAN_POINT ( 'NONE',  ( 4.499999999999998224, 0.6500000000000000222, -3.617278184538625041 ) ) ;
#5326 = CARTESIAN_POINT ( 'NONE',  ( -0.2999999999999999334, -4.000000000000000000, -1.499999999999999334 ) ) ;
#5327 = FACE_OUTER_BOUND ( 'NONE', #7680, .T. ) ;
#5328 = CARTESIAN_POINT ( 'NONE',  ( -4.250000000000000000, 0.6499999999999989120, -3.617278184538625041 ) ) ;
#5329 = VECTOR ( 'NONE', #7998, 1000.000000000000000 ) ;
#5330 =( NAMED_UNIT ( * ) PLANE_ANGLE_UNIT ( ) SI_UNIT ( $, .RADIAN. ) );
#5331 = EDGE_CURVE ( 'NONE', #2437, #9031, #5227, .T. ) ;
#5332 = VECTOR ( 'NONE', #9418, 1000.000000000000000 ) ;
#5333 = CARTESIAN_POINT ( 'NONE',  ( -5.221110255092797026, -1.149999999999999911, 1.500000000000000000 ) ) ;
#5334 = EDGE_CURVE ( 'NONE', #2987, #8452, #3690, .T. ) ;
#5335 = CARTESIAN_POINT ( 'NONE',  ( -1.749999999999999778, 0.1499999999999999667, 2.395876796297097489 ) ) ;
#5336 = LINE ( 'NONE', #6212, #3329 ) ;
#5337 = DIRECTION ( 'NONE',  ( 1.000000000000000000, 0.0000000000000000000, 0.0000000000000000000 ) ) ;
#5338 = VECTOR ( 'NONE', #8272, 1000.000000000000227 ) ;
#5339 =( NAMED_UNIT ( * ) SI_UNIT ( $, .STERADIAN. ) SOLID_ANGLE_UNIT ( ) );
#5340 = ADVANCED_FACE ( 'NONE', ( #1224 ), #3805, .F. ) ;
#5341 = VECTOR ( 'NONE', #1763, 1000.000000000000000 ) ;
#5342 = FACE_OUTER_BOUND ( 'NONE', #5074, .T. ) ;
#5343 = STYLED_ITEM ( 'NONE', ( #4693 ), #489 ) ;
#5344 = ORIENTED_EDGE ( 'NONE', *, *, #4036, .T. ) ;
#5345 = VECTOR ( 'NONE', #8748, 1000.000000000000000 ) ;
#5346 = LINE ( 'NONE', #2964, #5127 ) ;
#5347 = FACE_OUTER_BOUND ( 'NONE', #3596, .T. ) ;
#5348 = EDGE_CURVE ( 'NONE', #8198, #6807, #2237, .T. ) ;
#5349 = DIRECTION ( 'NONE',  ( -1.445602896647335958E-15, -1.000000000000000000, 1.112002228190258979E-16 ) ) ;
#5350 = LINE ( 'NONE', #4656, #7116 ) ;
#5351 = DIRECTION ( 'NONE',  ( 1.000000000000000000, 5.421010862427508365E-16, 0.0000000000000000000 ) ) ;
#5352 = CARTESIAN_POINT ( 'NONE',  ( 4.499999999999999112, 0.8499999999999993117, 1.800000000000000044 ) ) ;
#5353 = CIRCLE ( 'NONE', #884, 0.3000000000000007661 ) ;
#5354 = ORIENTED_EDGE ( 'NONE', *, *, #6612, .F. ) ;
#5355 = VECTOR ( 'NONE', #3162, 1000.000000000000000 ) ;
#5356 = FILL_AREA_STYLE ('',( #7772 ) ) ;
#5357 = DIRECTION ( 'NONE',  ( 1.000000000000000000, -0.0000000000000000000, 1.224646799147352961E-16 ) ) ;
#5358 = DIRECTION ( 'NONE',  ( -1.224646799147352961E-16, 1.204669080539449344E-16, 1.000000000000000000 ) ) ;
#5359 = FILL_AREA_STYLE ('',( #4611 ) ) ;
#5360 = ORIENTED_EDGE ( 'NONE', *, *, #3547, .F. ) ;
#5361 = AXIS2_PLACEMENT_3D ( 'NONE', #5226, #3774, #3063 ) ;
#5362 = CIRCLE ( 'NONE', #5421, 0.3000000000000007661 ) ;
#5363 = CARTESIAN_POINT ( 'NONE',  ( -2.800000000000000266, -1.149999999999999911, -1.800000000000001155 ) ) ;
#5364 = ORIENTED_EDGE ( 'NONE', *, *, #9730, .T. ) ;
#5365 =( LENGTH_UNIT ( ) NAMED_UNIT ( * ) SI_UNIT ( .MILLI., .METRE. ) );
#5366 = DIRECTION ( 'NONE',  ( 1.000000000000000000, 5.421010862427508365E-16, -0.0000000000000000000 ) ) ;
#5367 = DIRECTION ( 'NONE',  ( -0.0000000000000000000, -1.000000000000000000, -0.0000000000000000000 ) ) ;
#5368 = CARTESIAN_POINT ( 'NONE',  ( -2.200000000000000622, -1.149999999999999911, 1.800000000000000044 ) ) ;
#5369 = VECTOR ( 'NONE', #2064, 1000.000000000000000 ) ;
#5370 = EDGE_LOOP ( 'NONE', ( #1271, #4199, #8145, #8706 ) ) ;
#5371 = EDGE_CURVE ( 'NONE', #7201, #5956, #4287, .T. ) ;
#5372 = CARTESIAN_POINT ( 'NONE',  ( -0.1749999999999998224, -4.649999999999998579, 1.800000000000000711 ) ) ;
#5373 = STYLED_ITEM ( 'NONE', ( #2855 ), #7381 ) ;
#5374 = VERTEX_POINT ( 'NONE', #1806 ) ;
#5375 =( NAMED_UNIT ( * ) SI_UNIT ( $, .STERADIAN. ) SOLID_ANGLE_UNIT ( ) );
#5376 = AXIS2_PLACEMENT_3D ( 'NONE', #5325, #1157, #531 ) ;
#5377 = CARTESIAN_POINT ( 'NONE',  ( 3.199999999999998401, 1.649999999999999911, 0.0000000000000000000 ) ) ;
#5378 = EDGE_LOOP ( 'NONE', ( #1339, #219, #8593, #4705 ) ) ;
#5379 = CARTESIAN_POINT ( 'NONE',  ( -2.324999999999999734, -4.750000000000000000, -1.800000000000000488 ) ) ;
#5380 = ORIENTED_EDGE ( 'NONE', *, *, #9257, .T. ) ;
#5381 = VERTEX_POINT ( 'NONE', #9449 ) ;
#5382 =( GEOMETRIC_REPRESENTATION_CONTEXT ( 3 ) GLOBAL_UNCERTAINTY_ASSIGNED_CONTEXT ( ( #4138 ) ) GLOBAL_UNIT_ASSIGNED_CONTEXT ( ( #6369, #2727, #5575 ) ) REPRESENTATION_CONTEXT ( 'NONE', 'WORKASPACE' ) );
#5383 = ADVANCED_FACE ( 'NONE', ( #302 ), #3834, .F. ) ;
#5384 = ORIENTED_EDGE ( 'NONE', *, *, #6523, .T. ) ;
#5385 = DIRECTION ( 'NONE',  ( 1.000000000000000000, 0.0000000000000000000, -2.409338161078898194E-16 ) ) ;
#5386 = VECTOR ( 'NONE', #9298, 1000.000000000000000 ) ;
#5387 = ORIENTED_EDGE ( 'NONE', *, *, #6070, .F. ) ;
#5388 = LINE ( 'NONE', #8639, #9167 ) ;
#5389 = EDGE_CURVE ( 'NONE', #8164, #2286, #8070, .T. ) ;
#5390 = VECTOR ( 'NONE', #7198, 1000.000000000000000 ) ;
#5391 = VERTEX_POINT ( 'NONE', #2496 ) ;
#5392 = CARTESIAN_POINT ( 'NONE',  ( 4.149999999999999467, -1.149999999999999467, -1.500000000000000444 ) ) ;
#5393 =( LENGTH_UNIT ( ) NAMED_UNIT ( * ) SI_UNIT ( .MILLI., .METRE. ) );
#5394 = ORIENTED_EDGE ( 'NONE', *, *, #4141, .F. ) ;
#5395 = UNCERTAINTY_MEASURE_WITH_UNIT (LENGTH_MEASURE( 1.000000000000000082E-05 ), #7352, 'distance_accuracy_value', 'NONE');
#5396 = VERTEX_POINT ( 'NONE', #6348 ) ;
#5397 = ORIENTED_EDGE ( 'NONE', *, *, #8667, .F. ) ;
#5398 = DIRECTION ( 'NONE',  ( 1.000000000000000000, 0.0000000000000000000, 0.0000000000000000000 ) ) ;
#5399 = ORIENTED_EDGE ( 'NONE', *, *, #9423, .F. ) ;
#5400 = CARTESIAN_POINT ( 'NONE',  ( -4.250000000000000000, 0.6499999999999989120, 1.500000000000000000 ) ) ;
#5401 = EDGE_CURVE ( 'NONE', #4371, #8005, #9101, .T. ) ;
#5402 = DIRECTION ( 'NONE',  ( 0.1888473936501247619, 0.9820064469806472074, -8.607220009787353829E-17 ) ) ;
#5403 = CARTESIAN_POINT ( 'NONE',  ( -3.199999999999997513, 1.750000000000000000, 1.699999999999999734 ) ) ;
#5404 = DIRECTION ( 'NONE',  ( 0.0000000000000000000, 5.656706986880892613E-16, -1.000000000000000000 ) ) ;
#5405 = PRESENTATION_LAYER_ASSIGNMENT (  '', '', ( #4396 ) ) ;
#5406 = DIRECTION ( 'NONE',  ( -1.000000000000000000, 0.0000000000000000000, -1.224646799147352961E-16 ) ) ;
#5407 = CARTESIAN_POINT ( 'NONE',  ( -2.799999999999999822, -1.149999999999999911, -1.499999999999999778 ) ) ;
#5408 = LINE ( 'NONE', #8243, #4978 ) ;
#5409 = VERTEX_POINT ( 'NONE', #222 ) ;
#5410 = LINE ( 'NONE', #6891, #5191 ) ;
#5411 = CARTESIAN_POINT ( 'NONE',  ( -4.399999999999998579, 0.7703109888428067986, -0.9500000000000023981 ) ) ;
#5412 = FILL_AREA_STYLE ('',( #1408 ) ) ;
#5413 = CARTESIAN_POINT ( 'NONE',  ( 4.150000000000000355, 0.6499999999999989120, -1.500000000000000000 ) ) ;
#5414 = FACE_BOUND ( 'NONE', #9160, .T. ) ;
#5415 = EDGE_LOOP ( 'NONE', ( #6344, #9529, #3641, #2163 ) ) ;
#5416 = CARTESIAN_POINT ( 'NONE',  ( -4.250000000000000000, -0.3500000000000006439, -1.500000000000000000 ) ) ;
#5417 = EDGE_LOOP ( 'NONE', ( #9750, #1521, #1687, #6820, #2060, #8132, #1300, #5269, #6503, #3713, #5262, #920, #591 ) ) ;
#5418 = CARTESIAN_POINT ( 'NONE',  ( -4.250000000000000000, -0.3500000000000006439, 1.500000000000000000 ) ) ;
#5419 = VECTOR ( 'NONE', #3092, 1000.000000000000000 ) ;
#5420 = CARTESIAN_POINT ( 'NONE',  ( 4.499999999999999112, -0.3500000000000003109, 0.6502286246418802484 ) ) ;
#5421 = AXIS2_PLACEMENT_3D ( 'NONE', #8063, #6509, #6703 ) ;
#5422 = DIRECTION ( 'NONE',  ( 0.0000000000000000000, 0.0000000000000000000, -1.000000000000000000 ) ) ;
#5423 = DIRECTION ( 'NONE',  ( 1.000000000000000000, 0.0000000000000000000, -1.156482317317876458E-15 ) ) ;
#5424 = FACE_OUTER_BOUND ( 'NONE', #4210, .T. ) ;
#5425 = ORIENTED_EDGE ( 'NONE', *, *, #4554, .F. ) ;
#5426 = EDGE_CURVE ( 'NONE', #733, #6807, #3076, .T. ) ;
#5427 = DIRECTION ( 'NONE',  ( 0.0000000000000000000, -0.0000000000000000000, 1.000000000000000000 ) ) ;
#5428 = FACE_OUTER_BOUND ( 'NONE', #9161, .T. ) ;
#5429 = SURFACE_STYLE_USAGE ( .BOTH. , #1023 ) ;
#5430 = DIRECTION ( 'NONE',  ( -0.0000000000000000000, -0.0000000000000000000, 1.000000000000000000 ) ) ;
#5431 = PLANE ( 'NONE',  #966 ) ;
#5432 = AXIS2_PLACEMENT_3D ( 'NONE', #9480, #3438, #5084 ) ;
#5433 = ORIENTED_EDGE ( 'NONE', *, *, #5988, .T. ) ;
#5434 = LINE ( 'NONE', #4152, #6969 ) ;
#5435 = DIRECTION ( 'NONE',  ( -0.0000000000000000000, -1.000000000000000000, -0.0000000000000000000 ) ) ;
#5437 = ADVANCED_FACE ( 'NONE', ( #5114 ), #417, .F. ) ;
#5436 = LINE ( 'NONE', #8061, #1090 ) ;
#5438 = CARTESIAN_POINT ( 'NONE',  ( 4.499999999999999112, 0.0000000000000000000, -0.5081345747705631188 ) ) ;
#5439 = LINE ( 'NONE', #1375, #4513 ) ;
#5440 = VECTOR ( 'NONE', #2988, 1000.000000000000000 ) ;
#5441 = DIRECTION ( 'NONE',  ( 1.000000000000000000, 0.0000000000000000000, 0.0000000000000000000 ) ) ;
#5442 = EDGE_CURVE ( 'NONE', #5524, #1264, #8176, .T. ) ;
#5443 = DIRECTION ( 'NONE',  ( -1.000000000000000000, 0.0000000000000000000, 2.409338161078899119E-17 ) ) ;
#5444 = ORIENTED_EDGE ( 'NONE', *, *, #522, .T. ) ;
#5445 = CARTESIAN_POINT ( 'NONE',  ( -0.2999999999999999334, -0.8499999999999992006, 1.800000000000000044 ) ) ;
#5446 = CARTESIAN_POINT ( 'NONE',  ( 4.499999999999999112, -1.084202172485504434E-16, 0.5081345747705631188 ) ) ;
#5447 = SURFACE_SIDE_STYLE ('',( #1929 ) ) ;
#5448 = ADVANCED_FACE ( 'NONE', ( #4392 ), #4953, .F. ) ;
#5449 = EDGE_CURVE ( 'NONE', #7717, #9493, #2132, .T. ) ;
#5450 = COLOUR_RGB ( '',0.2509803921568627416, 0.2509803921568627416, 0.2509803921568627416 ) ;
#5451 = VECTOR ( 'NONE', #4486, 1000.000000000000000 ) ;
#5452 = VERTEX_POINT ( 'NONE', #7745 ) ;
#5453 = FILL_AREA_STYLE_COLOUR ( '', #2010 ) ;
#5454 = UNCERTAINTY_MEASURE_WITH_UNIT (LENGTH_MEASURE( 1.000000000000000082E-05 ), #3425, 'distance_accuracy_value', 'NONE');
#5455 = VECTOR ( 'NONE', #954, 1000.000000000000000 ) ;
#5456 = CARTESIAN_POINT ( 'NONE',  ( 4.150000000000000355, 0.6199999999999988853, 1.500000000000000000 ) ) ;
#5457 = LINE ( 'NONE', #916, #9239 ) ;
#5458 = LINE ( 'NONE', #6853, #1903 ) ;
#5459 = EDGE_CURVE ( 'NONE', #4372, #6906, #4161, .T. ) ;
#5460 = PRESENTATION_STYLE_ASSIGNMENT (( #5124 ) ) ;
#5461 = PRESENTATION_STYLE_ASSIGNMENT (( #3928 ) ) ;
#5462 = CARTESIAN_POINT ( 'NONE',  ( 4.149999999999998579, -1.549999999999998934, -1.500000000000000444 ) ) ;
#5463 = VECTOR ( 'NONE', #7959, 1000.000000000000000 ) ;
#5464 = EDGE_CURVE ( 'NONE', #2075, #244, #188, .T. ) ;
#5465 = DIRECTION ( 'NONE',  ( -0.0000000000000000000, -0.0000000000000000000, -1.000000000000000000 ) ) ;
#5466 = FILL_AREA_STYLE ('',( #967 ) ) ;
#5467 = ORIENTED_EDGE ( 'NONE', *, *, #6763, .F. ) ;
#5468 = VECTOR ( 'NONE', #138, 1000.000000000000000 ) ;
#5469 =( NAMED_UNIT ( * ) SI_UNIT ( $, .STERADIAN. ) SOLID_ANGLE_UNIT ( ) );
#5470 = ORIENTED_EDGE ( 'NONE', *, *, #2778, .F. ) ;
#5471 = PRESENTATION_LAYER_ASSIGNMENT (  '', '', ( #4478 ) ) ;
#5472 = CARTESIAN_POINT ( 'NONE',  ( -4.499999999999999112, 0.8499999999999993117, -1.800000000000000933 ) ) ;
#5473 = LINE ( 'NONE', #3222, #9258 ) ;
#5474 = SURFACE_STYLE_USAGE ( .BOTH. , #6223 ) ;
#5475 = SURFACE_STYLE_FILL_AREA ( #4475 ) ;
#5476 = EDGE_CURVE ( 'NONE', #3268, #467, #6133, .T. ) ;
#5477 = ORIENTED_EDGE ( 'NONE', *, *, #1815, .T. ) ;
#5478 = VECTOR ( 'NONE', #7387, 1000.000000000000000 ) ;
#5479 = CARTESIAN_POINT ( 'NONE',  ( 0.1749999999999993783, -4.749999999999999112, 3.800000000000001155 ) ) ;
#5480 = UNCERTAINTY_MEASURE_WITH_UNIT (LENGTH_MEASURE( 1.000000000000000082E-05 ), #6564, 'distance_accuracy_value', 'NONE');
#5481 = LINE ( 'NONE', #8420, #1253 ) ;
#5482 = LINE ( 'NONE', #3930, #5752 ) ;
#5483 =( NAMED_UNIT ( * ) PLANE_ANGLE_UNIT ( ) SI_UNIT ( $, .RADIAN. ) );
#5484 = ADVANCED_FACE ( 'NONE', ( #1895 ), #9733, .F. ) ;
#5485 = VECTOR ( 'NONE', #8394, 1000.000000000000000 ) ;
#5486 = CARTESIAN_POINT ( 'NONE',  ( 4.389493895187377426, 1.750000000000000000, 1.800000000000000044 ) ) ;
#5487 = ORIENTED_EDGE ( 'NONE', *, *, #4520, .T. ) ;
#5488 = ORIENTED_EDGE ( 'NONE', *, *, #4159, .F. ) ;
#5489 = DIRECTION ( 'NONE',  ( -0.0000000000000000000, 1.000000000000000000, 0.0000000000000000000 ) ) ;
#5490 = ORIENTED_EDGE ( 'NONE', *, *, #4065, .F. ) ;
#5491 = DIRECTION ( 'NONE',  ( -2.409338161078898194E-16, 0.0000000000000000000, -1.000000000000000000 ) ) ;
#5492 =( LENGTH_UNIT ( ) NAMED_UNIT ( * ) SI_UNIT ( .MILLI., .METRE. ) );
#5493 = VERTEX_POINT ( 'NONE', #1092 ) ;
#5494 = VERTEX_POINT ( 'NONE', #1068 ) ;
#5495 = ADVANCED_FACE ( 'NONE', ( #8987 ), #6173, .F. ) ;
#5496 = ORIENTED_EDGE ( 'NONE', *, *, #7644, .F. ) ;
#5497 =( GEOMETRIC_REPRESENTATION_CONTEXT ( 3 ) GLOBAL_UNCERTAINTY_ASSIGNED_CONTEXT ( ( #5266 ) ) GLOBAL_UNIT_ASSIGNED_CONTEXT ( ( #2508, #7815, #3285 ) ) REPRESENTATION_CONTEXT ( 'NONE', 'WORKASPACE' ) );
#5498 = ORIENTED_EDGE ( 'NONE', *, *, #4467, .T. ) ;
#5499 = CARTESIAN_POINT ( 'NONE',  ( 2.199999999999999734, -1.149999999999999911, -0.8291796067500623035 ) ) ;
#5500 = DIRECTION ( 'NONE',  ( 1.000000000000000000, -0.0000000000000000000, -0.0000000000000000000 ) ) ;
#5501 = ORIENTED_EDGE ( 'NONE', *, *, #7353, .F. ) ;
#5502 = EDGE_CURVE ( 'NONE', #4794, #5667, #6980, .T. ) ;
#5503 = ORIENTED_EDGE ( 'NONE', *, *, #892, .F. ) ;
#5504 = PRESENTATION_LAYER_ASSIGNMENT (  '', '', ( #4509 ) ) ;
#5505 = PRESENTATION_LAYER_ASSIGNMENT (  '', '', ( #8150 ) ) ;
#5506 = EDGE_LOOP ( 'NONE', ( #4561, #3656, #1050, #3678 ) ) ;
#5507 = CARTESIAN_POINT ( 'NONE',  ( 4.179999999999999716, 0.6199999999999988853, 1.500000000000000000 ) ) ;
#5508 = FILL_AREA_STYLE_COLOUR ( '', #2462 ) ;
#5509 = ORIENTED_EDGE ( 'NONE', *, *, #7490, .T. ) ;
#5510 = CARTESIAN_POINT ( 'NONE',  ( -4.250000000000000000, 0.6499999999999989120, -0.9500000000000025091 ) ) ;
#5511 = CARTESIAN_POINT ( 'NONE',  ( 0.1750000000000002387, -4.649999999999999467, -1.499999999999999112 ) ) ;
#5512 = VERTEX_POINT ( 'NONE', #9392 ) ;
#5513 = ORIENTED_EDGE ( 'NONE', *, *, #397, .T. ) ;
#5514 = DIRECTION ( 'NONE',  ( -1.445602896647335761E-15, -1.000000000000000000, 0.0000000000000000000 ) ) ;
#5515 = DIRECTION ( 'NONE',  ( -0.0000000000000000000, -1.000000000000000000, -0.0000000000000000000 ) ) ;
#5516 = DIRECTION ( 'NONE',  ( -1.156482317317876458E-15, 0.0000000000000000000, -1.000000000000000000 ) ) ;
#5517 = CARTESIAN_POINT ( 'NONE',  ( 3.399999999999998135, -1.750000000000000000, 1.149999999999999911 ) ) ;
#5518 = ORIENTED_EDGE ( 'NONE', *, *, #3049, .F. ) ;
#5519 = COLOUR_RGB ( '',0.2509803921568627416, 0.2509803921568627416, 0.2509803921568627416 ) ;
#5520 = ORIENTED_EDGE ( 'NONE', *, *, #9577, .F. ) ;
#5521 = COLOUR_RGB ( '',0.2509803921568627416, 0.2509803921568627416, 0.2509803921568627416 ) ;
#5522 = DIRECTION ( 'NONE',  ( -0.0000000000000000000, 1.000000000000000000, -0.0000000000000000000 ) ) ;
#5523 = EDGE_CURVE ( 'NONE', #8118, #3720, #4283, .T. ) ;
#5524 = VERTEX_POINT ( 'NONE', #8295 ) ;
#5525 = EDGE_CURVE ( 'NONE', #8, #380, #6029, .T. ) ;
#5526 = UNCERTAINTY_MEASURE_WITH_UNIT (LENGTH_MEASURE( 1.000000000000000082E-05 ), #1581, 'distance_accuracy_value', 'NONE');
#5527 = VERTEX_POINT ( 'NONE', #4484 ) ;
#5528 = VECTOR ( 'NONE', #5443, 1000.000000000000000 ) ;
#5529 = CARTESIAN_POINT ( 'NONE',  ( 0.0000000000000000000, 1.670000000000000151, 1.719999999999999973 ) ) ;
#5530 = CARTESIAN_POINT ( 'NONE',  ( 4.250000000000000000, 0.6499999999999989120, 1.500000000000000000 ) ) ;
#5531 = FILL_AREA_STYLE_COLOUR ( '', #5519 ) ;
#5532 = SURFACE_STYLE_FILL_AREA ( #265 ) ;
#5533 = LINE ( 'NONE', #4839, #3418 ) ;
#5534 = AXIS2_PLACEMENT_3D ( 'NONE', #8684, #9734, #3681 ) ;
#5535 = ORIENTED_EDGE ( 'NONE', *, *, #6860, .T. ) ;
#5536 = SURFACE_STYLE_USAGE ( .BOTH. , #8612 ) ;
#5537 = DIRECTION ( 'NONE',  ( 0.0000000000000000000, -0.0000000000000000000, 1.000000000000000000 ) ) ;
#5538 = ADVANCED_FACE ( 'NONE', ( #8060 ), #5305, .F. ) ;
#5539 = LINE ( 'NONE', #8258, #7322 ) ;
#5540 = DIRECTION ( 'NONE',  ( 0.0000000000000000000, 0.0000000000000000000, -1.000000000000000000 ) ) ;
#5541 = CARTESIAN_POINT ( 'NONE',  ( 2.200000000000000178, -0.8499999999999992006, -1.800000000000001155 ) ) ;
#5542 = LINE ( 'NONE', #217, #7554 ) ;
#5543 = ORIENTED_EDGE ( 'NONE', *, *, #262, .F. ) ;
#5544 = EDGE_LOOP ( 'NONE', ( #8002, #5487, #8949, #9653 ) ) ;
#5545 = ORIENTED_EDGE ( 'NONE', *, *, #9323, .F. ) ;
#5546 = CARTESIAN_POINT ( 'NONE',  ( 0.0000000000000000000, 0.6499999999999989120, -1.500000000000000000 ) ) ;
#5547 = SURFACE_STYLE_USAGE ( .BOTH. , #309 ) ;
#5548 = CARTESIAN_POINT ( 'NONE',  ( -4.499999999999999112, 1.750000000000000000, -1.800000000000000933 ) ) ;
#5549 = CARTESIAN_POINT ( 'NONE',  ( 0.1749999999999993783, -4.749999999999999112, 3.800000000000001155 ) ) ;
#5550 = CARTESIAN_POINT ( 'NONE',  ( -1.749999999999999778, 1.649999999999999911, 1.699999999999999956 ) ) ;
#5551 = VECTOR ( 'NONE', #1980, 1000.000000000000000 ) ;
#5552 = ADVANCED_FACE ( 'NONE', ( #2231 ), #7414, .F. ) ;
#5553 = CARTESIAN_POINT ( 'NONE',  ( -0.2499999999999997780, 0.1499999999999999667, 2.395876796297097489 ) ) ;
#5554 = COLOUR_RGB ( '',0.2509803921568627416, 0.2509803921568627416, 0.2509803921568627416 ) ;
#5555 = VECTOR ( 'NONE', #281, 1000.000000000000000 ) ;
#5556 = LINE ( 'NONE', #6751, #7563 ) ;
#5557 = FILL_AREA_STYLE_COLOUR ( '', #2627 ) ;
#5558 =( LENGTH_UNIT ( ) NAMED_UNIT ( * ) SI_UNIT ( .MILLI., .METRE. ) );
#5559 =( GEOMETRIC_REPRESENTATION_CONTEXT ( 3 ) GLOBAL_UNCERTAINTY_ASSIGNED_CONTEXT ( ( #7763 ) ) GLOBAL_UNIT_ASSIGNED_CONTEXT ( ( #8000, #3192, #7792 ) ) REPRESENTATION_CONTEXT ( 'NONE', 'WORKASPACE' ) );
#5560 = DIRECTION ( 'NONE',  ( 0.0000000000000000000, -0.0000000000000000000, 1.000000000000000000 ) ) ;
#5561 = EDGE_CURVE ( 'NONE', #6814, #5306, #1324, .T. ) ;
#5562 =( GEOMETRIC_REPRESENTATION_CONTEXT ( 3 ) GLOBAL_UNCERTAINTY_ASSIGNED_CONTEXT ( ( #3435 ) ) GLOBAL_UNIT_ASSIGNED_CONTEXT ( ( #8058, #3530, #8812 ) ) REPRESENTATION_CONTEXT ( 'NONE', 'WORKASPACE' ) );
#5563 = DIRECTION ( 'NONE',  ( -5.421010862427508365E-16, -1.000000000000000000, 0.0000000000000000000 ) ) ;
#5564 = VECTOR ( 'NONE', #7984, 1000.000000000000000 ) ;
#5565 = CARTESIAN_POINT ( 'NONE',  ( -4.399999999999998579, 1.649999999999999911, 0.9500000000000031752 ) ) ;
#5566 = LINE ( 'NONE', #7777, #3570 ) ;
#5567 = FACE_OUTER_BOUND ( 'NONE', #9668, .T. ) ;
#5568 = PRESENTATION_LAYER_ASSIGNMENT (  '', '', ( #4563 ) ) ;
#5569 = FILL_AREA_STYLE ('',( #5066 ) ) ;
#5570 = DIRECTION ( 'NONE',  ( 1.361809969397927337E-32, 1.000000000000000000, -1.112002228190260952E-16 ) ) ;
#5571 = EDGE_LOOP ( 'NONE', ( #4535, #8709, #5894, #9515 ) ) ;
#5572 = DIRECTION ( 'NONE',  ( 0.1888473936501247619, 0.9820064469806472074, -9.517214474070428959E-17 ) ) ;
#5573 = EDGE_LOOP ( 'NONE', ( #2160, #7793, #1836, #4985 ) ) ;
#5574 = DIRECTION ( 'NONE',  ( 0.0000000000000000000, -1.000000000000000000, 0.0000000000000000000 ) ) ;
#5575 =( NAMED_UNIT ( * ) SI_UNIT ( $, .STERADIAN. ) SOLID_ANGLE_UNIT ( ) );
#5576 = AXIS2_PLACEMENT_3D ( 'NONE', #6214, #6249, #1728 ) ;
#5577 = CARTESIAN_POINT ( 'NONE',  ( 2.325000000000000178, -4.649999999999998579, 1.500000000000000000 ) ) ;
#5578 = CARTESIAN_POINT ( 'NONE',  ( -2.675000000000000266, -4.749999999999999112, 3.800000000000001155 ) ) ;
#5579 = EDGE_CURVE ( 'NONE', #1955, #8853, #9094, .T. ) ;
#5580 = LINE ( 'NONE', #11, #8291 ) ;
#5581 = AXIS2_PLACEMENT_3D ( 'NONE', #2485, #5949, #3893 ) ;
#5582 = PLANE ( 'NONE',  #6003 ) ;
#5583 = VECTOR ( 'NONE', #4966, 1000.000000000000000 ) ;
#5584 = DIRECTION ( 'NONE',  ( -0.9820064469806473184, 0.1888473936501247896, -1.430109668107681881E-16 ) ) ;
#5585 = UNCERTAINTY_MEASURE_WITH_UNIT (LENGTH_MEASURE( 1.000000000000000082E-05 ), #5393, 'distance_accuracy_value', 'NONE');
#5586 = FACE_OUTER_BOUND ( 'NONE', #2688, .T. ) ;
#5587 = EDGE_CURVE ( 'NONE', #5125, #1415, #3314, .T. ) ;
#5588 = FILL_AREA_STYLE ('',( #4169 ) ) ;
#5589 = LINE ( 'NONE', #6457, #9361 ) ;
#5590 = PRESENTATION_STYLE_ASSIGNMENT (( #2725 ) ) ;
#5591 = ADVANCED_FACE ( 'NONE', ( #8878 ), #9199, .F. ) ;
#5592 =( NAMED_UNIT ( * ) SI_UNIT ( $, .STERADIAN. ) SOLID_ANGLE_UNIT ( ) );
#5593 = COLOUR_RGB ( '',0.2509803921568627416, 0.2509803921568627416, 0.2509803921568627416 ) ;
#5594 = VECTOR ( 'NONE', #5126, 1000.000000000000000 ) ;
#5595 = CARTESIAN_POINT ( 'NONE',  ( -3.299999999999997602, 6.925848040166833641, -0.2250000000000010048 ) ) ;
#5596 = EDGE_CURVE ( 'NONE', #6448, #374, #6855, .T. ) ;
#5597 = VERTEX_POINT ( 'NONE', #2608 ) ;
#5598 = SURFACE_STYLE_FILL_AREA ( #1464 ) ;
#5599 = PRESENTATION_LAYER_ASSIGNMENT (  '', '', ( #5112 ) ) ;
#5600 = EDGE_CURVE ( 'NONE', #6008, #6048, #2844, .T. ) ;
#5601 = ADVANCED_FACE ( 'NONE', ( #1088 ), #9535, .F. ) ;
#5602 = DIRECTION ( 'NONE',  ( -1.000000000000000000, 0.0000000000000000000, 0.0000000000000000000 ) ) ;
#5603 = SURFACE_SIDE_STYLE ('',( #8595 ) ) ;
#5604 =( NAMED_UNIT ( * ) SI_UNIT ( $, .STERADIAN. ) SOLID_ANGLE_UNIT ( ) );
#5605 = FILL_AREA_STYLE ('',( #1017 ) ) ;
#5606 = FILL_AREA_STYLE ('',( #3320 ) ) ;
#5607 = DIRECTION ( 'NONE',  ( 0.0000000000000000000, 0.0000000000000000000, 1.000000000000000000 ) ) ;
#5608 = FILL_AREA_STYLE_COLOUR ( '', #7713 ) ;
#5609 = LINE ( 'NONE', #9422, #3829 ) ;
#5610 = CARTESIAN_POINT ( 'NONE',  ( 4.250000000000013323, 3.649999999999998579, 0.9500000000000011768 ) ) ;
#5611 = CARTESIAN_POINT ( 'NONE',  ( 4.150000000000000355, 0.0000000000000000000, -0.5081345747705631188 ) ) ;
#5612 = EDGE_LOOP ( 'NONE', ( #5675, #6437, #9076, #134 ) ) ;
#5613 = SURFACE_STYLE_USAGE ( .BOTH. , #1297 ) ;
#5614 = DIRECTION ( 'NONE',  ( 0.0000000000000000000, 0.0000000000000000000, -1.000000000000000000 ) ) ;
#5615 = AXIS2_PLACEMENT_3D ( 'NONE', #7424, #2371, #1765 ) ;
#5616 = DIRECTION ( 'NONE',  ( 0.0000000000000000000, 0.0000000000000000000, 1.000000000000000000 ) ) ;
#5617 = ORIENTED_EDGE ( 'NONE', *, *, #5790, .F. ) ;
#5618 = CIRCLE ( 'NONE', #7646, 0.3000000000000007661 ) ;
#5619 = CARTESIAN_POINT ( 'NONE',  ( -3.199999999999997957, 1.750000000000000000, -1.699999999999997513 ) ) ;
#5620 = EDGE_LOOP ( 'NONE', ( #8722, #4507, #9740, #4415 ) ) ;
#5621 = DIRECTION ( 'NONE',  ( 0.0000000000000000000, 0.0000000000000000000, -1.000000000000000000 ) ) ;
#5622 = ORIENTED_EDGE ( 'NONE', *, *, #1904, .F. ) ;
#5623 = DIRECTION ( 'NONE',  ( 0.0000000000000000000, -0.0000000000000000000, 1.000000000000000000 ) ) ;
#5624 = VERTEX_POINT ( 'NONE', #830 ) ;
#5625 = EDGE_CURVE ( 'NONE', #8822, #6828, #8637, .T. ) ;
#5626 = VECTOR ( 'NONE', #8647, 1000.000000000000000 ) ;
#5627 = AXIS2_PLACEMENT_3D ( 'NONE', #565, #4680, #1232 ) ;
#5628 = EDGE_LOOP ( 'NONE', ( #3866, #7134, #147, #4800 ) ) ;
#5629 = EDGE_LOOP ( 'NONE', ( #9685, #8736, #7051, #3019 ) ) ;
#5630 = EDGE_LOOP ( 'NONE', ( #6430, #2859, #1373, #6077 ) ) ;
#5631 = ORIENTED_EDGE ( 'NONE', *, *, #3874, .F. ) ;
#5632 = ORIENTED_EDGE ( 'NONE', *, *, #496, .F. ) ;
#5633 = STYLED_ITEM ( 'NONE', ( #6346 ), #4845 ) ;
#5634 = DIRECTION ( 'NONE',  ( -1.000000000000000000, 0.0000000000000000000, -1.224646799147352961E-16 ) ) ;
#5635 = CARTESIAN_POINT ( 'NONE',  ( -4.499999999999998224, 1.750000000000000000, 0.9500000000000031752 ) ) ;
#5636 = ORIENTED_EDGE ( 'NONE', *, *, #791, .T. ) ;
#5637 = ORIENTED_EDGE ( 'NONE', *, *, #8919, .T. ) ;
#5638 = LINE ( 'NONE', #2613, #9412 ) ;
#5639 = AXIS2_PLACEMENT_3D ( 'NONE', #9669, #5145, #651 ) ;
#5640 = ORIENTED_EDGE ( 'NONE', *, *, #7552, .F. ) ;
#5641 = VECTOR ( 'NONE', #3691, 1000.000000000000000 ) ;
#5642 = FILL_AREA_STYLE_COLOUR ( '', #8990 ) ;
#5643 = LINE ( 'NONE', #3728, #7168 ) ;
#5644 = VERTEX_POINT ( 'NONE', #269 ) ;
#5645 = SURFACE_STYLE_USAGE ( .BOTH. , #2145 ) ;
#5646 = EDGE_CURVE ( 'NONE', #7019, #129, #5322, .T. ) ;
#5647 = CARTESIAN_POINT ( 'NONE',  ( -0.2999999999999999334, -0.8499999999999992006, -1.499999999999999778 ) ) ;
#5648 = DIRECTION ( 'NONE',  ( -1.475294133514422103E-32, -1.000000000000000000, 1.204669080539449837E-16 ) ) ;
#5649 = PRESENTATION_LAYER_ASSIGNMENT (  '', '', ( #4626 ) ) ;
#5651 = MECHANICAL_DESIGN_GEOMETRIC_PRESENTATION_REPRESENTATION (  '', ( #4124 ), #6124 ) ;
#5650 =( NAMED_UNIT ( * ) PLANE_ANGLE_UNIT ( ) SI_UNIT ( $, .RADIAN. ) );
#5652 = VECTOR ( 'NONE', #4474, 1000.000000000000227 ) ;
#5653 = PLANE ( 'NONE',  #193 ) ;
#5654 = DIRECTION ( 'NONE',  ( -0.0000000000000000000, -1.000000000000000000, -0.0000000000000000000 ) ) ;
#5655 = COLOUR_RGB ( '',0.2509803921568627416, 0.2509803921568627416, 0.2509803921568627416 ) ;
#5656 = VERTEX_POINT ( 'NONE', #933 ) ;
#5657 = DIRECTION ( 'NONE',  ( 1.000000000000000000, -0.0000000000000000000, 0.0000000000000000000 ) ) ;
#5658 = ORIENTED_EDGE ( 'NONE', *, *, #66, .T. ) ;
#5659 = EDGE_CURVE ( 'NONE', #4528, #9576, #2591, .T. ) ;
#5660 = CYLINDRICAL_SURFACE ( 'NONE', #5309, 0.02999999999999964501 ) ;
#5661 = SURFACE_STYLE_USAGE ( .BOTH. , #1138 ) ;
#5662 = CARTESIAN_POINT ( 'NONE',  ( -5.221110255092797026, -1.149999999999999911, 1.500000000000000000 ) ) ;
#5663 = VECTOR ( 'NONE', #8955, 1000.000000000000000 ) ;
#5664 = ADVANCED_FACE ( 'NONE', ( #4857 ), #5786, .F. ) ;
#5665 = LINE ( 'NONE', #8087, #8386 ) ;
#5666 = CARTESIAN_POINT ( 'NONE',  ( 1.235990476633409579E-14, 1.649999999999999911, -0.9499999999999437783 ) ) ;
#5667 = VERTEX_POINT ( 'NONE', #865 ) ;
#5668 = EDGE_CURVE ( 'NONE', #7766, #7995, #5692, .T. ) ;
#5669 = SURFACE_STYLE_USAGE ( .BOTH. , #1313 ) ;
#5670 = CARTESIAN_POINT ( 'NONE',  ( -2.200000000000000178, -1.149999999999999911, -1.499999999999999778 ) ) ;
#5671 = DIRECTION ( 'NONE',  ( -0.0000000000000000000, -1.000000000000000000, -0.0000000000000000000 ) ) ;
#5672 = AXIS2_PLACEMENT_3D ( 'NONE', #3541, #9184, #574 ) ;
#5673 = EDGE_CURVE ( 'NONE', #5493, #8107, #3670, .T. ) ;
#5674 = VERTEX_POINT ( 'NONE', #3349 ) ;
#5675 = ORIENTED_EDGE ( 'NONE', *, *, #691, .T. ) ;
#5676 = CARTESIAN_POINT ( 'NONE',  ( 4.150000000000000355, 0.6499999999999989120, 1.500000000000000000 ) ) ;
#5677 = DIRECTION ( 'NONE',  ( 0.0000000000000000000, 0.0000000000000000000, 1.000000000000000000 ) ) ;
#5678 = LINE ( 'NONE', #822, #5419 ) ;
#5679 = DIRECTION ( 'NONE',  ( -0.0000000000000000000, 1.000000000000000000, 0.0000000000000000000 ) ) ;
#5680 = AXIS2_PLACEMENT_3D ( 'NONE', #4137, #8624, #7163 ) ;
#5681 = ORIENTED_EDGE ( 'NONE', *, *, #6763, .T. ) ;
#5682 = DIRECTION ( 'NONE',  ( 1.000000000000000000, -0.0000000000000000000, 1.224646799147352961E-16 ) ) ;
#5683 = EDGE_CURVE ( 'NONE', #709, #8452, #9456, .T. ) ;
#5684 = DIRECTION ( 'NONE',  ( -0.0000000000000000000, -0.0000000000000000000, 1.000000000000000000 ) ) ;
#5685 = CARTESIAN_POINT ( 'NONE',  ( -3.199999999999997513, 1.649999999999999911, 1.800000000000000044 ) ) ;
#5686 = CARTESIAN_POINT ( 'NONE',  ( -4.399999999999998579, 1.649999999999999911, 0.9500000000000031752 ) ) ;
#5687 = CARTESIAN_POINT ( 'NONE',  ( -4.399999999999998579, 1.649999999999999911, 0.0000000000000000000 ) ) ;
#5688 = DIRECTION ( 'NONE',  ( -1.000000000000000000, 0.0000000000000000000, 0.0000000000000000000 ) ) ;
#5689 = CARTESIAN_POINT ( 'NONE',  ( 2.799999999999999378, -1.149999999999999911, -1.800000000000001155 ) ) ;
#5690 = FACE_OUTER_BOUND ( 'NONE', #9285, .T. ) ;
#5691 = ORIENTED_EDGE ( 'NONE', *, *, #6547, .F. ) ;
#5692 = LINE ( 'NONE', #7226, #1646 ) ;
#5693 = PRESENTATION_STYLE_ASSIGNMENT (( #2796 ) ) ;
#5694 = CARTESIAN_POINT ( 'NONE',  ( -4.389493895187376538, 1.750000000000000000, 1.699999999999999956 ) ) ;
#5695 = CARTESIAN_POINT ( 'NONE',  ( -0.2999999999999999334, -1.149999999999999911, 1.499999999999999334 ) ) ;
#5696 = VECTOR ( 'NONE', #5845, 1000.000000000000227 ) ;
#5697 = CARTESIAN_POINT ( 'NONE',  ( 0.2999999999999994893, -1.149999999999999911, 1.800000000000000044 ) ) ;
#5698 = LINE ( 'NONE', #2217, #5440 ) ;
#5699 = CARTESIAN_POINT ( 'NONE',  ( 2.674999999999999378, -4.749999999999999112, 3.800000000000001155 ) ) ;
#5700 = SURFACE_STYLE_USAGE ( .BOTH. , #829 ) ;
#5701 = MECHANICAL_DESIGN_GEOMETRIC_PRESENTATION_REPRESENTATION (  '', ( #4176 ), #6169 ) ;
#5702 = PRESENTATION_STYLE_ASSIGNMENT (( #8241 ) ) ;
#5703 = AXIS2_PLACEMENT_3D ( 'NONE', #3050, #110, #5337 ) ;
#5704 = LINE ( 'NONE', #8402, #192 ) ;
#5705 = LINE ( 'NONE', #9735, #5451 ) ;
#5706 = CARTESIAN_POINT ( 'NONE',  ( 3.199999999999998401, 1.750000000000000000, 1.800000000000000044 ) ) ;
#5707 = EDGE_CURVE ( 'NONE', #5732, #6828, #7452, .T. ) ;
#5708 = VECTOR ( 'NONE', #2193, 1000.000000000000000 ) ;
#5709 = STYLED_ITEM ( 'NONE', ( #3318 ), #7566 ) ;
#5710 = LINE ( 'NONE', #1057, #9724 ) ;
#5711 = ADVANCED_FACE ( 'NONE', ( #7220 ), #4575, .F. ) ;
#5712 = CARTESIAN_POINT ( 'NONE',  ( -4.179999999999999716, 0.6296890111571915583, 1.500000000000000000 ) ) ;
#5713 = SURFACE_STYLE_USAGE ( .BOTH. , #7187 ) ;
#5714 =( NAMED_UNIT ( * ) SI_UNIT ( $, .STERADIAN. ) SOLID_ANGLE_UNIT ( ) );
#5715 = LINE ( 'NONE', #1778, #3451 ) ;
#5716 = LINE ( 'NONE', #1317, #1663 ) ;
#5717 = CARTESIAN_POINT ( 'NONE',  ( -0.2999999999999999334, -0.8499999999999992006, 1.800000000000000044 ) ) ;
#5718 = LINE ( 'NONE', #8848, #3698 ) ;
#5719 = CARTESIAN_POINT ( 'NONE',  ( 4.150000000000000355, 0.6199999999999988853, 0.9500000000000025091 ) ) ;
#5720 = VECTOR ( 'NONE', #6893, 1000.000000000000000 ) ;
#5721 = ORIENTED_EDGE ( 'NONE', *, *, #906, .T. ) ;
#5722 =( NAMED_UNIT ( * ) PLANE_ANGLE_UNIT ( ) SI_UNIT ( $, .RADIAN. ) );
#5723 = UNCERTAINTY_MEASURE_WITH_UNIT (LENGTH_MEASURE( 1.000000000000000082E-05 ), #5247, 'distance_accuracy_value', 'NONE');
#5724 = CARTESIAN_POINT ( 'NONE',  ( -4.399999999999998579, 0.7499999999999996669, 1.500000000000000000 ) ) ;
#5725 = VECTOR ( 'NONE', #208, 1000.000000000000000 ) ;
#5726 = STYLED_ITEM ( 'NONE', ( #5693 ), #2599 ) ;
#5727 = LINE ( 'NONE', #4056, #3703 ) ;
#5728 = VECTOR ( 'NONE', #5572, 1000.000000000000227 ) ;
#5729 = VERTEX_POINT ( 'NONE', #797 ) ;
#5730 = DIRECTION ( 'NONE',  ( 0.0000000000000000000, 0.0000000000000000000, 1.000000000000000000 ) ) ;
#5731 = CARTESIAN_POINT ( 'NONE',  ( -4.150000000000000355, -0.3500000000000005884, 1.500000000000000000 ) ) ;
#5732 = VERTEX_POINT ( 'NONE', #7479 ) ;
#5733 = EDGE_CURVE ( 'NONE', #9524, #7883, #3186, .T. ) ;
#5734 = VECTOR ( 'NONE', #3920, 1000.000000000000000 ) ;
#5735 = DIRECTION ( 'NONE',  ( -0.0000000000000000000, -0.0000000000000000000, 1.000000000000000000 ) ) ;
#5736 = ORIENTED_EDGE ( 'NONE', *, *, #9703, .T. ) ;
#5737 = SURFACE_STYLE_FILL_AREA ( #9674 ) ;
#5738 = FACE_OUTER_BOUND ( 'NONE', #6101, .T. ) ;
#5739 = ORIENTED_EDGE ( 'NONE', *, *, #5596, .T. ) ;
#5740 = AXIS2_PLACEMENT_3D ( 'NONE', #9195, #7675, #2366 ) ;
#5741 = COLOUR_RGB ( '',0.2509803921568627416, 0.2509803921568627416, 0.2509803921568627416 ) ;
#5742 = CARTESIAN_POINT ( 'NONE',  ( -0.2999999999999999334, -1.149999999999999911, -1.499999999999999778 ) ) ;
#5743 = ORIENTED_EDGE ( 'NONE', *, *, #8882, .T. ) ;
#5744 = SURFACE_STYLE_USAGE ( .BOTH. , #497 ) ;
#5745 = LINE ( 'NONE', #241, #7500 ) ;
#5746 = MECHANICAL_DESIGN_GEOMETRIC_PRESENTATION_REPRESENTATION (  '', ( #4220 ), #6216 ) ;
#5747 = ORIENTED_EDGE ( 'NONE', *, *, #4102, .T. ) ;
#5748 = DIRECTION ( 'NONE',  ( -0.0000000000000000000, 0.0000000000000000000, 1.000000000000000000 ) ) ;
#5749 = SURFACE_SIDE_STYLE ('',( #4285 ) ) ;
#5750 = CARTESIAN_POINT ( 'NONE',  ( 4.499999999999999112, 0.7703109888428065766, -0.9500000000000025091 ) ) ;
#5751 =( NAMED_UNIT ( * ) PLANE_ANGLE_UNIT ( ) SI_UNIT ( $, .RADIAN. ) );
#5752 = VECTOR ( 'NONE', #7376, 1000.000000000000000 ) ;
#5753 = CARTESIAN_POINT ( 'NONE',  ( 7.124757133476152414E-16, -1.549999999999999378, 1.149999999999997025 ) ) ;
#5754 = DIRECTION ( 'NONE',  ( 0.0000000000000000000, -1.000000000000000000, 1.204669080539449344E-16 ) ) ;
#5755 = FACE_OUTER_BOUND ( 'NONE', #6458, .T. ) ;
#5756 = CARTESIAN_POINT ( 'NONE',  ( -2.799999999999999822, -4.000000000000000000, 1.499999999999999778 ) ) ;
#5757 = DIRECTION ( 'NONE',  ( 0.0000000000000000000, 0.0000000000000000000, -1.000000000000000000 ) ) ;
#5758 = CARTESIAN_POINT ( 'NONE',  ( 0.1750000000000002387, -4.750000000000000000, -1.800000000000000488 ) ) ;
#5759 = ORIENTED_EDGE ( 'NONE', *, *, #3454, .F. ) ;
#5760 = VERTEX_POINT ( 'NONE', #6 ) ;
#5761 = ORIENTED_EDGE ( 'NONE', *, *, #1309, .T. ) ;
#5762 = VERTEX_POINT ( 'NONE', #9329 ) ;
#5763 = CARTESIAN_POINT ( 'NONE',  ( -1.535953077687793938E-15, 1.750000000000000000, 1.699999999999995959 ) ) ;
#5764 = FILL_AREA_STYLE_COLOUR ( '', #6767 ) ;
#5765 = CARTESIAN_POINT ( 'NONE',  ( -2.799999999999999822, -1.149999999999999911, 1.499999999999999334 ) ) ;
#5766 = AXIS2_PLACEMENT_3D ( 'NONE', #8829, #4866, #9597 ) ;
#5767 = ORIENTED_EDGE ( 'NONE', *, *, #2740, .F. ) ;
#5768 = ADVANCED_FACE ( 'NONE', ( #5214 ), #6629, .F. ) ;
#5769 = VERTEX_POINT ( 'NONE', #9080 ) ;
#5770 = LINE ( 'NONE', #6585, #1710 ) ;
#5771 = VERTEX_POINT ( 'NONE', #711 ) ;
#5772 = CARTESIAN_POINT ( 'NONE',  ( -2.200000000000000178, -4.000000000000001776, -1.499999999999999334 ) ) ;
#5773 = EDGE_CURVE ( 'NONE', #8452, #3899, #3431, .T. ) ;
#5774 =( GEOMETRIC_REPRESENTATION_CONTEXT ( 3 ) GLOBAL_UNCERTAINTY_ASSIGNED_CONTEXT ( ( #6941 ) ) GLOBAL_UNIT_ASSIGNED_CONTEXT ( ( #7115, #2583, #7893 ) ) REPRESENTATION_CONTEXT ( 'NONE', 'WORKASPACE' ) );
#5775 = ORIENTED_EDGE ( 'NONE', *, *, #8119, .F. ) ;
#5776 = PRESENTATION_STYLE_ASSIGNMENT (( #4157 ) ) ;
#5777 = VECTOR ( 'NONE', #8881, 1000.000000000000000 ) ;
#5778 = CARTESIAN_POINT ( 'NONE',  ( 4.150000000000000355, 0.0000000000000000000, 0.0000000000000000000 ) ) ;
#5779 =( GEOMETRIC_REPRESENTATION_CONTEXT ( 3 ) GLOBAL_UNCERTAINTY_ASSIGNED_CONTEXT ( ( #3649 ) ) GLOBAL_UNIT_ASSIGNED_CONTEXT ( ( #5558, #9141, #6068 ) ) REPRESENTATION_CONTEXT ( 'NONE', 'WORKASPACE' ) );
#5780 = CARTESIAN_POINT ( 'NONE',  ( -0.2999999999999999334, -0.8499999999999992006, 1.499999999999999334 ) ) ;
#5781 = CARTESIAN_POINT ( 'NONE',  ( -2.799999999999999822, -0.8499999999999992006, 1.499999999999999334 ) ) ;
#5782 = CARTESIAN_POINT ( 'NONE',  ( 4.499999999999998224, 0.6500000000000000222, 1.800000000000000044 ) ) ;
#5783 = UNCERTAINTY_MEASURE_WITH_UNIT (LENGTH_MEASURE( 1.000000000000000082E-05 ), #8988, 'distance_accuracy_value', 'NONE');
#5784 = FACE_OUTER_BOUND ( 'NONE', #1161, .T. ) ;
#5785 = MECHANICAL_DESIGN_GEOMETRIC_PRESENTATION_REPRESENTATION (  '', ( #4745 ), #6252 ) ;
#5786 = PLANE ( 'NONE',  #5203 ) ;
#5787 = ORIENTED_EDGE ( 'NONE', *, *, #5683, .T. ) ;
#5788 = DIRECTION ( 'NONE',  ( 0.1218693434051548868, -0.9925461516413210949, 1.101091723993757547E-16 ) ) ;
#5789 = EDGE_LOOP ( 'NONE', ( #1592, #8727, #7036, #790 ) ) ;
#5790 = EDGE_CURVE ( 'NONE', #8324, #137, #5434, .T. ) ;
#5791 = CARTESIAN_POINT ( 'NONE',  ( -3.199999999999997957, 1.750000000000000000, -1.699999999999997513 ) ) ;
#5792 = FILL_AREA_STYLE_COLOUR ( '', #4636 ) ;
#5793 = DIRECTION ( 'NONE',  ( -1.445602896647335958E-15, -1.000000000000000000, 1.112002228190258979E-16 ) ) ;
#5794 = CARTESIAN_POINT ( 'NONE',  ( -1.749999999999999778, 1.649999999999999911, 1.800000000000000044 ) ) ;
#5795 = DIRECTION ( 'NONE',  ( 0.0000000000000000000, 0.0000000000000000000, 1.000000000000000000 ) ) ;
#5796 = VECTOR ( 'NONE', #9457, 1000.000000000000000 ) ;
#5797 = VERTEX_POINT ( 'NONE', #5957 ) ;
#5798 = EDGE_CURVE ( 'NONE', #4625, #2925, #9219, .T. ) ;
#5799 = CARTESIAN_POINT ( 'NONE',  ( -4.250000000000000000, -1.084202172485504434E-16, 0.5081345747705628968 ) ) ;
#5800 = ORIENTED_EDGE ( 'NONE', *, *, #1924, .T. ) ;
#5801 = CARTESIAN_POINT ( 'NONE',  ( 0.0000000000000000000, 1.649999999999999911, 0.0000000000000000000 ) ) ;
#5802 = VERTEX_POINT ( 'NONE', #2013 ) ;
#5803 = EDGE_CURVE ( 'NONE', #8382, #9249, #969, .T. ) ;
#5804 = DIRECTION ( 'NONE',  ( 0.0000000000000000000, 1.000000000000000000, 0.0000000000000000000 ) ) ;
#5805 = ORIENTED_EDGE ( 'NONE', *, *, #7035, .F. ) ;
#5806 = VERTEX_POINT ( 'NONE', #5400 ) ;
#5807 = CARTESIAN_POINT ( 'NONE',  ( -2.799999999999999822, -0.8499999999999992006, 1.800000000000000044 ) ) ;
#5808 = PRESENTATION_LAYER_ASSIGNMENT (  '', '', ( #4771 ) ) ;
#5809 = EDGE_CURVE ( 'NONE', #9548, #5760, #2946, .T. ) ;
#5810 = COLOUR_RGB ( '',0.2509803921568627416, 0.2509803921568627416, 0.2509803921568627416 ) ;
#5811 = ORIENTED_EDGE ( 'NONE', *, *, #2214, .T. ) ;
#5812 = LINE ( 'NONE', #7290, #9590 ) ;
#5813 = DIRECTION ( 'NONE',  ( -1.000000000000000000, 0.0000000000000000000, 0.0000000000000000000 ) ) ;
#5814 = ADVANCED_FACE ( 'NONE', ( #2717 ), #7578, .T. ) ;
#5815 = CARTESIAN_POINT ( 'NONE',  ( 3.399999999999997247, -1.750000000000000000, 4.212899870229387644E-15 ) ) ;
#5816 = MECHANICAL_DESIGN_GEOMETRIC_PRESENTATION_REPRESENTATION (  '', ( #4783 ), #6290 ) ;
#5817 = SURFACE_SIDE_STYLE ('',( #6389 ) ) ;
#5818 = PRESENTATION_STYLE_ASSIGNMENT (( #6922 ) ) ;
#5819 = CARTESIAN_POINT ( 'NONE',  ( -2.799999999999999378, -4.750000000000000000, -1.800000000000000266 ) ) ;
#5820 =( NAMED_UNIT ( * ) SI_UNIT ( $, .STERADIAN. ) SOLID_ANGLE_UNIT ( ) );
#5821 = CARTESIAN_POINT ( 'NONE',  ( -2.325000000000000178, -1.149999999999999911, 1.800000000000000266 ) ) ;
#5822 = ORIENTED_EDGE ( 'NONE', *, *, #1151, .T. ) ;
#5823 = CARTESIAN_POINT ( 'NONE',  ( 4.250000000000000000, 0.0000000000000000000, 0.5081345747705630078 ) ) ;
#5824 = CARTESIAN_POINT ( 'NONE',  ( 0.2999999999999994893, -1.149999999999999911, 0.8291796067500618594 ) ) ;
#5825 = VECTOR ( 'NONE', #6236, 1000.000000000000000 ) ;
#5826 = VECTOR ( 'NONE', #6840, 1000.000000000000000 ) ;
#5827 =( NAMED_UNIT ( * ) SI_UNIT ( $, .STERADIAN. ) SOLID_ANGLE_UNIT ( ) );
#5828 = SURFACE_SIDE_STYLE ('',( #2136 ) ) ;
#5829 = MECHANICAL_DESIGN_GEOMETRIC_PRESENTATION_REPRESENTATION (  '', ( #4802 ), #6313 ) ;
#5830 = DIRECTION ( 'NONE',  ( 0.0000000000000000000, 0.9265528178475214149, -0.3761646923075287474 ) ) ;
#5831 = SURFACE_STYLE_FILL_AREA ( #2566 ) ;
#5832 = CARTESIAN_POINT ( 'NONE',  ( 4.499999999999998224, 0.6500000000000000222, -1.800000000000001155 ) ) ;
#5834 = CARTESIAN_POINT ( 'NONE',  ( 2.675000000000000266, -4.649999999999999467, -1.499999999999999112 ) ) ;
#5833 = STYLED_ITEM ( 'NONE', ( #9344 ), #8626 ) ;
#5835 = VECTOR ( 'NONE', #5677, 1000.000000000000000 ) ;
#5836 = EDGE_CURVE ( 'NONE', #5175, #1823, #58, .T. ) ;
#5837 = DIRECTION ( 'NONE',  ( 0.0000000000000000000, 0.0000000000000000000, 1.000000000000000000 ) ) ;
#5838 = CARTESIAN_POINT ( 'NONE',  ( 2.200000000000000178, -0.8499999999999992006, 1.800000000000000044 ) ) ;
#5839 = LINE ( 'NONE', #4996, #9364 ) ;
#5840 =( GEOMETRIC_REPRESENTATION_CONTEXT ( 3 ) GLOBAL_UNCERTAINTY_ASSIGNED_CONTEXT ( ( #9256 ) ) GLOBAL_UNIT_ASSIGNED_CONTEXT ( ( #5911, #1379, #6663 ) ) REPRESENTATION_CONTEXT ( 'NONE', 'WORKASPACE' ) );
#5841 = STYLED_ITEM ( 'NONE', ( #8368 ), #1657 ) ;
#5842 = VECTOR ( 'NONE', #1567, 1000.000000000000000 ) ;
#5843 = CARTESIAN_POINT ( 'NONE',  ( -3.199999999999997957, 1.649999999999999911, -1.699999999999997513 ) ) ;
#5844 = CARTESIAN_POINT ( 'NONE',  ( 4.179999999999999716, 0.6199999999999988853, 0.9500000000000025091 ) ) ;
#5845 = DIRECTION ( 'NONE',  ( 0.1888473936501247619, -0.9820064469806472074, 1.414264159728933706E-16 ) ) ;
#5846 = EDGE_CURVE ( 'NONE', #1490, #1823, #7804, .T. ) ;
#5847 = DIRECTION ( 'NONE',  ( -0.1888473936501247619, -0.9820064469806472074, 0.0000000000000000000 ) ) ;
#5848 = CARTESIAN_POINT ( 'NONE',  ( 3.299999999999997602, -1.549999999999999378, -0.2250000000000001721 ) ) ;
#5849 = DIRECTION ( 'NONE',  ( -1.000000000000000000, 0.0000000000000000000, 2.349104707051925222E-15 ) ) ;
#5850 = VECTOR ( 'NONE', #2234, 1000.000000000000000 ) ;
#5851 = DIRECTION ( 'NONE',  ( 1.000000000000000000, 0.0000000000000000000, 0.0000000000000000000 ) ) ;
#5852 = LINE ( 'NONE', #7833, #1330 ) ;
#5853 = PRESENTATION_STYLE_ASSIGNMENT (( #4898 ) ) ;
#5854 = CARTESIAN_POINT ( 'NONE',  ( -4.399999999999998579, 0.7703109888428066876, 0.9500000000000026201 ) ) ;
#5855 = PLANE ( 'NONE',  #2374 ) ;
#5856 = EDGE_CURVE ( 'NONE', #4933, #5644, #5812, .T. ) ;
#5857 =( NAMED_UNIT ( * ) SI_UNIT ( $, .STERADIAN. ) SOLID_ANGLE_UNIT ( ) );
#5858 = ORIENTED_EDGE ( 'NONE', *, *, #8409, .T. ) ;
#5859 = COLOUR_RGB ( '',0.2509803921568627416, 0.2509803921568627416, 0.2509803921568627416 ) ;
#5860 = LINE ( 'NONE', #1190, #1809 ) ;
#5861 = ADVANCED_FACE ( 'NONE', ( #1999 ), #4442, .T. ) ;
#5862 = ORIENTED_EDGE ( 'NONE', *, *, #7131, .F. ) ;
#5863 = EDGE_CURVE ( 'NONE', #5272, #2771, #5556, .T. ) ;
#5864 = ORIENTED_EDGE ( 'NONE', *, *, #1041, .F. ) ;
#5865 = ORIENTED_EDGE ( 'NONE', *, *, #5449, .T. ) ;
#5866 = LINE ( 'NONE', #407, #8105 ) ;
#5867 = ORIENTED_EDGE ( 'NONE', *, *, #3568, .F. ) ;
#5868 = CARTESIAN_POINT ( 'NONE',  ( -4.399999999999998579, 1.750000000000000000, -0.9500000000000020650 ) ) ;
#5869 = ORIENTED_EDGE ( 'NONE', *, *, #9113, .T. ) ;
#5870 = AXIS2_PLACEMENT_3D ( 'NONE', #9075, #3198, #8037 ) ;
#5871 = EDGE_CURVE ( 'NONE', #662, #4372, #1754, .T. ) ;
#5872 = VECTOR ( 'NONE', #2943, 1000.000000000000000 ) ;
#5873 = VECTOR ( 'NONE', #2631, 1000.000000000000000 ) ;
#5874 = DIRECTION ( 'NONE',  ( 0.0000000000000000000, -1.000000000000000000, 2.891205793294678326E-16 ) ) ;
#5875 = FILL_AREA_STYLE ('',( #5118 ) ) ;
#5876 = VERTEX_POINT ( 'NONE', #2507 ) ;
#5877 = VERTEX_POINT ( 'NONE', #6108 ) ;
#5878 = PLANE ( 'NONE',  #2655 ) ;
#5879 = CARTESIAN_POINT ( 'NONE',  ( 0.0000000000000000000, 0.6499999999999989120, 1.500000000000000000 ) ) ;
#5880 =( NAMED_UNIT ( * ) PLANE_ANGLE_UNIT ( ) SI_UNIT ( $, .RADIAN. ) );
#5881 = VECTOR ( 'NONE', #620, 1000.000000000000000 ) ;
#5882 = ORIENTED_EDGE ( 'NONE', *, *, #7997, .F. ) ;
#5883 = VECTOR ( 'NONE', #4778, 1000.000000000000000 ) ;
#5884 = VERTEX_POINT ( 'NONE', #5843 ) ;
#5885 = CARTESIAN_POINT ( 'NONE',  ( -4.149999999999998579, -1.149999999999999911, 1.499999999999999112 ) ) ;
#5886 = CARTESIAN_POINT ( 'NONE',  ( 4.389493895187377426, 1.750000000000000000, -1.800000000000001155 ) ) ;
#5887 = ORIENTED_EDGE ( 'NONE', *, *, #4078, .F. ) ;
#5888 = DIRECTION ( 'NONE',  ( -1.361809969397927337E-32, -1.000000000000000000, 1.112002228190260952E-16 ) ) ;
#5889 = PRESENTATION_LAYER_ASSIGNMENT (  '', '', ( #4865 ) ) ;
#5890 = VERTEX_POINT ( 'NONE', #3383 ) ;
#5891 = EDGE_LOOP ( 'NONE', ( #6453, #2789, #6979, #8009 ) ) ;
#5892 = EDGE_LOOP ( 'NONE', ( #143, #477, #8200, #2966, #4456, #7682 ) ) ;
#5893 = VECTOR ( 'NONE', #8695, 1000.000000000000000 ) ;
#5894 = ORIENTED_EDGE ( 'NONE', *, *, #6652, .F. ) ;
#5895 = EDGE_CURVE ( 'NONE', #1747, #8564, #3550, .T. ) ;
#5896 = AXIS2_PLACEMENT_3D ( 'NONE', #5235, #5268, #774 ) ;
#5897 = UNCERTAINTY_MEASURE_WITH_UNIT (LENGTH_MEASURE( 1.000000000000000082E-05 ), #4197, 'distance_accuracy_value', 'NONE');
#5898 = CARTESIAN_POINT ( 'NONE',  ( -4.250000000000000000, 0.6499999999999989120, 1.500000000000000000 ) ) ;
#5899 = CARTESIAN_POINT ( 'NONE',  ( 0.8071326676176899806, -1.362910128388017617, -1.800000000000000488 ) ) ;
#5900 = LINE ( 'NONE', #4588, #7441 ) ;
#5901 = VERTEX_POINT ( 'NONE', #6355 ) ;
#5902 = ORIENTED_EDGE ( 'NONE', *, *, #5798, .T. ) ;
#5903 = STYLED_ITEM ( 'NONE', ( #2004 ), #5552 ) ;
#5904 = CARTESIAN_POINT ( 'NONE',  ( -3.199999999999997513, 1.750000000000000000, 1.699999999999999734 ) ) ;
#5905 = ADVANCED_FACE ( 'NONE', ( #5312 ), #7783, .T. ) ;
#5906 = STYLED_ITEM ( 'NONE', ( #845 ), #9514 ) ;
#5907 = DIRECTION ( 'NONE',  ( 1.000000000000000000, 0.0000000000000000000, -2.478176394252583310E-15 ) ) ;
#5908 = DIRECTION ( 'NONE',  ( 0.0000000000000000000, 1.000000000000000000, 0.0000000000000000000 ) ) ;
#5909 = VECTOR ( 'NONE', #2872, 1000.000000000000000 ) ;
#5910 = ORIENTED_EDGE ( 'NONE', *, *, #6384, .F. ) ;
#5911 =( LENGTH_UNIT ( ) NAMED_UNIT ( * ) SI_UNIT ( .MILLI., .METRE. ) );
#5912 = VERTEX_POINT ( 'NONE', #8683 ) ;
#5913 = CARTESIAN_POINT ( 'NONE',  ( 4.250000000000000000, 0.6499999999999982458, -0.9500000000000025091 ) ) ;
#5914 = CARTESIAN_POINT ( 'NONE',  ( 0.1749999999999993783, -4.649999999999998579, 3.800000000000001155 ) ) ;
#5915 = DIRECTION ( 'NONE',  ( 0.0000000000000000000, 3.827625419938115413E-16, -1.000000000000000000 ) ) ;
#5916 = CARTESIAN_POINT ( 'NONE',  ( -4.369999999999999218, 0.7703109888428067986, 0.0000000000000000000 ) ) ;
#5917 = PRESENTATION_STYLE_ASSIGNMENT (( #7354 ) ) ;
#5918 = EDGE_CURVE ( 'NONE', #9188, #6380, #6476, .T. ) ;
#5919 = CARTESIAN_POINT ( 'NONE',  ( 4.150000000000000355, 1.257933187892947391, 0.002564914187279518018 ) ) ;
#5920 = DIRECTION ( 'NONE',  ( -1.000000000000000000, 0.0000000000000000000, 0.0000000000000000000 ) ) ;
#5921 = LINE ( 'NONE', #8544, #4146 ) ;
#5922 = EDGE_CURVE ( 'NONE', #8921, #6951, #2432, .T. ) ;
#5923 = FILL_AREA_STYLE_COLOUR ( '', #6771 ) ;
#5924 = VECTOR ( 'NONE', #3581, 1000.000000000000000 ) ;
#5925 = ORIENTED_EDGE ( 'NONE', *, *, #6968, .T. ) ;
#5926 = MECHANICAL_DESIGN_GEOMETRIC_PRESENTATION_REPRESENTATION (  '', ( #4396 ), #6420 ) ;
#5927 = DIRECTION ( 'NONE',  ( -0.9284766908852573053, -0.3713906763541089395, 0.0000000000000000000 ) ) ;
#5928 = UNCERTAINTY_MEASURE_WITH_UNIT (LENGTH_MEASURE( 1.000000000000000082E-05 ), #3900, 'distance_accuracy_value', 'NONE');
#5929 = FACE_OUTER_BOUND ( 'NONE', #3755, .T. ) ;
#5930 = VECTOR ( 'NONE', #7951, 1000.000000000000000 ) ;
#5931 = SURFACE_SIDE_STYLE ('',( #6254 ) ) ;
#5932 = DIRECTION ( 'NONE',  ( -0.0000000000000000000, 1.000000000000000000, -0.0000000000000000000 ) ) ;
#5933 = DIRECTION ( 'NONE',  ( 1.224646799147352961E-16, 0.0000000000000000000, -1.000000000000000000 ) ) ;
#5934 = VECTOR ( 'NONE', #140, 1000.000000000000000 ) ;
#5935 = CARTESIAN_POINT ( 'NONE',  ( -4.499999999999999112, 0.7703109888428064655, -0.9500000000000023981 ) ) ;
#5936 = DIRECTION ( 'NONE',  ( 1.224646799147352961E-16, -1.204669080539449344E-16, -1.000000000000000000 ) ) ;
#5937 = AXIS2_PLACEMENT_3D ( 'NONE', #4148, #4181, #7180 ) ;
#5938 = DIRECTION ( 'NONE',  ( 0.0000000000000000000, 0.0000000000000000000, -1.000000000000000000 ) ) ;
#5939 = DIRECTION ( 'NONE',  ( 0.0000000000000000000, 0.0000000000000000000, 1.000000000000000000 ) ) ;
#5940 = LINE ( 'NONE', #5838, #3922 ) ;
#5941 = CIRCLE ( 'NONE', #6588, 0.07999999999999998779 ) ;
#5942 = EDGE_CURVE ( 'NONE', #690, #7487, #4469, .T. ) ;
#5943 = CARTESIAN_POINT ( 'NONE',  ( -3.499999999999997780, 6.925848040166833641, -0.2250000000000010048 ) ) ;
#5944 = ADVANCED_FACE ( 'NONE', ( #254 ), #5993, .T. ) ;
#5945 = STYLED_ITEM ( 'NONE', ( #7471 ), #6972 ) ;
#5946 = VECTOR ( 'NONE', #7825, 1000.000000000000000 ) ;
#5947 = PRESENTATION_LAYER_ASSIGNMENT (  '', '', ( #4949 ) ) ;
#5948 = LINE ( 'NONE', #1074, #5728 ) ;
#5949 = DIRECTION ( 'NONE',  ( -6.195440985631453345E-16, 0.0000000000000000000, -1.000000000000000000 ) ) ;
#5950 = VECTOR ( 'NONE', #8308, 1000.000000000000000 ) ;
#5952 = CARTESIAN_POINT ( 'NONE',  ( -0.2999999999999994893, -1.149999999999999911, -1.800000000000000711 ) ) ;
#5951 = STYLED_ITEM ( 'NONE', ( #3319 ), #8916 ) ;
#5953 = EDGE_CURVE ( 'NONE', #4089, #7253, #2188, .T. ) ;
#5954 = STYLED_ITEM ( 'NONE', ( #2546 ), #1977 ) ;
#5955 = LINE ( 'NONE', #1328, #1926 ) ;
#5956 = VERTEX_POINT ( 'NONE', #4874 ) ;
#5957 = CARTESIAN_POINT ( 'NONE',  ( -0.1749999999999993783, -4.750000000000000000, -1.800000000000000488 ) ) ;
#5958 =( NAMED_UNIT ( * ) SI_UNIT ( $, .STERADIAN. ) SOLID_ANGLE_UNIT ( ) );
#5959 = DIRECTION ( 'NONE',  ( 0.0000000000000000000, 1.000000000000000000, 0.0000000000000000000 ) ) ;
#5960 = ORIENTED_EDGE ( 'NONE', *, *, #2811, .F. ) ;
#5961 = EDGE_CURVE ( 'NONE', #4355, #4928, #6207, .T. ) ;
#5962 = FILL_AREA_STYLE ('',( #5531 ) ) ;
#5963 = DIRECTION ( 'NONE',  ( 0.0000000000000000000, 0.0000000000000000000, 1.000000000000000000 ) ) ;
#5964 =( NAMED_UNIT ( * ) SI_UNIT ( $, .STERADIAN. ) SOLID_ANGLE_UNIT ( ) );
#5965 = ORIENTED_EDGE ( 'NONE', *, *, #742, .F. ) ;
#5966 = DIRECTION ( 'NONE',  ( 0.0000000000000000000, 0.0000000000000000000, -1.000000000000000000 ) ) ;
#5967 = DIRECTION ( 'NONE',  ( -0.0000000000000000000, -0.0000000000000000000, 1.000000000000000000 ) ) ;
#5968 = CARTESIAN_POINT ( 'NONE',  ( 3.299999999999997602, -1.699999999999999956, 0.2249999999999994504 ) ) ;
#5969 = CARTESIAN_POINT ( 'NONE',  ( -2.325000000000000622, -4.749999999999999112, 3.800000000000001155 ) ) ;
#5970 = EDGE_CURVE ( 'NONE', #3542, #5381, #3983, .T. ) ;
#5971 = LINE ( 'NONE', #1994, #1942 ) ;
#5972 = AXIS2_PLACEMENT_3D ( 'NONE', #2530, #313, #7127 ) ;
#5973 = ORIENTED_EDGE ( 'NONE', *, *, #82, .T. ) ;
#5974 = EDGE_CURVE ( 'NONE', #1450, #3258, #7767, .T. ) ;
#5975 = EDGE_LOOP ( 'NONE', ( #2402, #2447, #995, #5622 ) ) ;
#5976 = ORIENTED_EDGE ( 'NONE', *, *, #157, .F. ) ;
#5977 = LINE ( 'NONE', #7592, #949 ) ;
#5978 = FILL_AREA_STYLE ('',( #5284 ) ) ;
#5979 = ORIENTED_EDGE ( 'NONE', *, *, #2980, .F. ) ;
#5980 = ORIENTED_EDGE ( 'NONE', *, *, #8710, .T. ) ;
#5981 = PRESENTATION_STYLE_ASSIGNMENT (( #5536 ) ) ;
#5982 = DIRECTION ( 'NONE',  ( 0.0000000000000000000, -1.544312022800115745E-16, 1.000000000000000000 ) ) ;
#5983 = ORIENTED_EDGE ( 'NONE', *, *, #7222, .T. ) ;
#5984 = MECHANICAL_DESIGN_GEOMETRIC_PRESENTATION_REPRESENTATION (  '', ( #4478 ), #6498 ) ;
#5985 = ORIENTED_EDGE ( 'NONE', *, *, #9495, .F. ) ;
#5986 = VERTEX_POINT ( 'NONE', #5030 ) ;
#5987 = FILL_AREA_STYLE ('',( #986 ) ) ;
#5988 = EDGE_CURVE ( 'NONE', #7620, #243, #9550, .T. ) ;
#5989 = ADVANCED_FACE ( 'NONE', ( #1722 ), #7484, .F. ) ;
#5990 = ORIENTED_EDGE ( 'NONE', *, *, #255, .F. ) ;
#5991 = ORIENTED_EDGE ( 'NONE', *, *, #7490, .F. ) ;
#5992 = SURFACE_SIDE_STYLE ('',( #3686 ) ) ;
#5993 = CYLINDRICAL_SURFACE ( 'NONE', #2630, 0.02999999999999964501 ) ;
#5994 = DIRECTION ( 'NONE',  ( 0.0000000000000000000, 0.0000000000000000000, 1.000000000000000000 ) ) ;
#5995 = LINE ( 'NONE', #1135, #936 ) ;
#5996 = DIRECTION ( 'NONE',  ( 1.224646799147352961E-16, -1.204669080539449344E-16, -1.000000000000000000 ) ) ;
#5997 = FILL_AREA_STYLE ('',( #1435 ) ) ;
#5998 = SURFACE_STYLE_USAGE ( .BOTH. , #5603 ) ;
#5999 = STYLED_ITEM ( 'NONE', ( #6800 ), #6342 ) ;
#6000 = ORIENTED_EDGE ( 'NONE', *, *, #1467, .T. ) ;
#6001 = ORIENTED_EDGE ( 'NONE', *, *, #3648, .T. ) ;
#6002 =( LENGTH_UNIT ( ) NAMED_UNIT ( * ) SI_UNIT ( .MILLI., .METRE. ) );
#6003 = AXIS2_PLACEMENT_3D ( 'NONE', #2965, #4134, #6405 ) ;
#6004 = DIRECTION ( 'NONE',  ( -0.0000000000000000000, 3.771137991253929066E-16, -1.000000000000000000 ) ) ;
#6005 = UNCERTAINTY_MEASURE_WITH_UNIT (LENGTH_MEASURE( 1.000000000000000082E-05 ), #3296, 'distance_accuracy_value', 'NONE');
#6006 = VECTOR ( 'NONE', #7264, 1000.000000000000000 ) ;
#6007 = ORIENTED_EDGE ( 'NONE', *, *, #1251, .F. ) ;
#6008 = VERTEX_POINT ( 'NONE', #4325 ) ;
#6009 = DIRECTION ( 'NONE',  ( 1.000000000000000000, 0.0000000000000000000, 2.891205793294677439E-15 ) ) ;
#6010 = EDGE_CURVE ( 'NONE', #4661, #3390, #1051, .T. ) ;
#6011 = MECHANICAL_DESIGN_GEOMETRIC_PRESENTATION_REPRESENTATION (  '', ( #4509 ), #6526 ) ;
#6012 = MECHANICAL_DESIGN_GEOMETRIC_PRESENTATION_REPRESENTATION (  '', ( #8150 ), #6527 ) ;
#6013 = PLANE ( 'NONE',  #1278 ) ;
#6014 = DIRECTION ( 'NONE',  ( 1.224646799147352961E-16, -1.204669080539449344E-16, -1.000000000000000000 ) ) ;
#6015 = COLOUR_RGB ( '',0.7921568627450980005, 0.8196078431372548767, 0.9333333333333333481 ) ;
#6016 = ORIENTED_EDGE ( 'NONE', *, *, #2081, .T. ) ;
#6017 = VERTEX_POINT ( 'NONE', #9353 ) ;
#6018 = FACE_OUTER_BOUND ( 'NONE', #4029, .T. ) ;
#6019 =( NAMED_UNIT ( * ) PLANE_ANGLE_UNIT ( ) SI_UNIT ( $, .RADIAN. ) );
#6020 = DIRECTION ( 'NONE',  ( 1.224646799147352961E-16, -1.204669080539449344E-16, -1.000000000000000000 ) ) ;
#6021 = CARTESIAN_POINT ( 'NONE',  ( 2.324999999999999734, -4.749999999999999112, 3.800000000000001155 ) ) ;
#6022 = ORIENTED_EDGE ( 'NONE', *, *, #2640, .T. ) ;
#6023 = VERTEX_POINT ( 'NONE', #4073 ) ;
#6024 = EDGE_CURVE ( 'NONE', #6352, #1421, #6809, .T. ) ;
#6025 = EDGE_CURVE ( 'NONE', #8912, #7373, #8835, .T. ) ;
#6026 = VECTOR ( 'NONE', #9123, 1000.000000000000000 ) ;
#6027 = SURFACE_SIDE_STYLE ('',( #2919 ) ) ;
#6028 = ORIENTED_EDGE ( 'NONE', *, *, #8555, .T. ) ;
#6029 = LINE ( 'NONE', #6529, #4026 ) ;
#6030 = CARTESIAN_POINT ( 'NONE',  ( -0.2999999999999999334, -1.149999999999999911, 1.499999999999999334 ) ) ;
#6031 = ADVANCED_FACE ( 'NONE', ( #4806 ), #9608, .F. ) ;
#6032 = PRESENTATION_LAYER_ASSIGNMENT (  '', '', ( #5056 ) ) ;
#6033 = DIRECTION ( 'NONE',  ( 1.000000000000000000, -0.0000000000000000000, -0.0000000000000000000 ) ) ;
#6034 = DIRECTION ( 'NONE',  ( 0.0000000000000000000, -1.066845503452556708E-16, 1.000000000000000000 ) ) ;
#6035 = VECTOR ( 'NONE', #7634, 1000.000000000000000 ) ;
#6036 = SURFACE_STYLE_USAGE ( .BOTH. , #5287 ) ;
#6037 = DIRECTION ( 'NONE',  ( 1.000000000000000000, -0.0000000000000000000, -0.0000000000000000000 ) ) ;
#6038 = CIRCLE ( 'NONE', #493, 0.3000000000000007661 ) ;
#6039 =( NAMED_UNIT ( * ) SI_UNIT ( $, .STERADIAN. ) SOLID_ANGLE_UNIT ( ) );
#6040 = VECTOR ( 'NONE', #3202, 1000.000000000000000 ) ;
#6041 = CARTESIAN_POINT ( 'NONE',  ( -5.221110255092797026, -1.149999999999999467, -1.800000000000000488 ) ) ;
#6042 = LINE ( 'NONE', #6111, #8077 ) ;
#6043 = DIRECTION ( 'NONE',  ( -1.000000000000000000, 0.0000000000000000000, -1.224646799147352961E-16 ) ) ;
#6044 = DIRECTION ( 'NONE',  ( 0.0000000000000000000, -1.000000000000000000, 1.112002228190260952E-16 ) ) ;
#6045 = LINE ( 'NONE', #1152, #4042 ) ;
#6046 = LINE ( 'NONE', #3923, #317 ) ;
#6047 = VECTOR ( 'NONE', #9436, 1000.000000000000000 ) ;
#6048 = VERTEX_POINT ( 'NONE', #5750 ) ;
#6049 = STYLED_ITEM ( 'NONE', ( #9490 ), #4016 ) ;
#6050 = FILL_AREA_STYLE_COLOUR ( '', #5655 ) ;
#6051 = LINE ( 'NONE', #3668, #1794 ) ;
#6052 = DIRECTION ( 'NONE',  ( -0.0000000000000000000, -0.0000000000000000000, 1.000000000000000000 ) ) ;
#6053 = VECTOR ( 'NONE', #2042, 1000.000000000000000 ) ;
#6054 = EDGE_CURVE ( 'NONE', #8117, #7883, #2543, .T. ) ;
#6055 = CARTESIAN_POINT ( 'NONE',  ( 4.369999999999999218, 0.7703109888428067986, 0.9500000000000025091 ) ) ;
#6056 = ORIENTED_EDGE ( 'NONE', *, *, #3056, .F. ) ;
#6057 = VECTOR ( 'NONE', #8589, 1000.000000000000000 ) ;
#6058 = MECHANICAL_DESIGN_GEOMETRIC_PRESENTATION_REPRESENTATION (  '', ( #4563 ), #6595 ) ;
#6059 = VECTOR ( 'NONE', #1167, 1000.000000000000000 ) ;
#6060 = CARTESIAN_POINT ( 'NONE',  ( 2.199999999999999734, -1.149999999999999911, 1.800000000000000266 ) ) ;
#6061 = LINE ( 'NONE', #7074, #6308 ) ;
#6062 = VERTEX_POINT ( 'NONE', #4227 ) ;
#6063 = EDGE_CURVE ( 'NONE', #9045, #5306, #4579, .T. ) ;
#6064 = STYLED_ITEM ( 'NONE', ( #815 ), #2411 ) ;
#6065 = ORIENTED_EDGE ( 'NONE', *, *, #6782, .F. ) ;
#6066 = ADVANCED_FACE ( 'NONE', ( #6343 ), #4180, .F. ) ;
#6067 = VECTOR ( 'NONE', #7263, 1000.000000000000000 ) ;
#6068 =( NAMED_UNIT ( * ) SI_UNIT ( $, .STERADIAN. ) SOLID_ANGLE_UNIT ( ) );
#6069 = ORIENTED_EDGE ( 'NONE', *, *, #8887, .F. ) ;
#6070 = EDGE_CURVE ( 'NONE', #491, #3131, #6591, .T. ) ;
#6071 = PLANE ( 'NONE',  #8174 ) ;
#6072 = FACE_OUTER_BOUND ( 'NONE', #5630, .T. ) ;
#6073 = DIRECTION ( 'NONE',  ( -1.000000000000000000, 0.0000000000000000000, -1.224646799147352961E-16 ) ) ;
#6074 = CARTESIAN_POINT ( 'NONE',  ( -2.799999999999999822, -3.999999999999999112, 1.499999999999999556 ) ) ;
#6075 = FACE_OUTER_BOUND ( 'NONE', #8671, .T. ) ;
#6076 = EDGE_LOOP ( 'NONE', ( #9109, #5055, #609, #1239 ) ) ;
#6077 = ORIENTED_EDGE ( 'NONE', *, *, #8563, .T. ) ;
#6078 = FILL_AREA_STYLE_COLOUR ( '', #69 ) ;
#6079 = VERTEX_POINT ( 'NONE', #4843 ) ;
#6080 = EDGE_CURVE ( 'NONE', #5729, #7803, #6086, .T. ) ;
#6081 = CARTESIAN_POINT ( 'NONE',  ( -4.250000000000012434, 0.6499999999999989120, 0.9500000000000011768 ) ) ;
#6082 = MECHANICAL_DESIGN_GEOMETRIC_PRESENTATION_REPRESENTATION (  '', ( #5112 ), #6623 ) ;
#6083 = LINE ( 'NONE', #8405, #8126 ) ;
#6084 = EDGE_CURVE ( 'NONE', #5802, #1180, #358, .T. ) ;
#6085 = VERTEX_POINT ( 'NONE', #365 ) ;
#6086 = LINE ( 'NONE', #4811, #4096 ) ;
#6087 = CARTESIAN_POINT ( 'NONE',  ( -4.381141720290622210, 0.7424566881162492082, -0.9500000000000020650 ) ) ;
#6088 = VERTEX_POINT ( 'NONE', #333 ) ;
#6089 = PLANE ( 'NONE',  #7824 ) ;
#6090 = ORIENTED_EDGE ( 'NONE', *, *, #2065, .F. ) ;
#6091 = SURFACE_STYLE_USAGE ( .BOTH. , #59 ) ;
#6092 =( NAMED_UNIT ( * ) SI_UNIT ( $, .STERADIAN. ) SOLID_ANGLE_UNIT ( ) );
#6093 = CARTESIAN_POINT ( 'NONE',  ( 3.399999999999998579, -1.750000000000000000, -1.149999999999999911 ) ) ;
#6094 = VECTOR ( 'NONE', #4188, 1000.000000000000000 ) ;
#6095 = ORIENTED_EDGE ( 'NONE', *, *, #4593, .F. ) ;
#6096 = LINE ( 'NONE', #8343, #2093 ) ;
#6097 = PLANE ( 'NONE',  #3405 ) ;
#6098 = FILL_AREA_STYLE_COLOUR ( '', #1544 ) ;
#6099 = EDGE_LOOP ( 'NONE', ( #2885, #4683, #6720, #9050 ) ) ;
#6100 = SURFACE_STYLE_USAGE ( .BOTH. , #861 ) ;
#6101 = EDGE_LOOP ( 'NONE', ( #156, #8819, #3669, #721 ) ) ;
#6102 = PLANE ( 'NONE',  #181 ) ;
#6103 = VECTOR ( 'NONE', #2225, 1000.000000000000000 ) ;
#6104 = EDGE_CURVE ( 'NONE', #1880, #7285, #7885, .T. ) ;
#6105 = PRESENTATION_STYLE_ASSIGNMENT (( #5547 ) ) ;
#6106 = PRESENTATION_LAYER_ASSIGNMENT (  '', '', ( #5133 ) ) ;
#6107 = PLANE ( 'NONE',  #3084 ) ;
#6108 = CARTESIAN_POINT ( 'NONE',  ( 4.249999999999993783, 0.6499999999999976907, 0.9500000000000016209 ) ) ;
#6109 = FACE_OUTER_BOUND ( 'NONE', #482, .T. ) ;
#6110 = ORIENTED_EDGE ( 'NONE', *, *, #2711, .F. ) ;
#6111 = CARTESIAN_POINT ( 'NONE',  ( 3.749999999999995559, -1.549999999999999378, 9.293161478447175679E-15 ) ) ;
#6112 = DIRECTION ( 'NONE',  ( 0.0000000000000000000, 1.000000000000000000, 5.656706986880892613E-16 ) ) ;
#6113 = ORIENTED_EDGE ( 'NONE', *, *, #5401, .T. ) ;
#6114 = AXIS2_PLACEMENT_3D ( 'NONE', #177, #77, #2658 ) ;
#6115 = CARTESIAN_POINT ( 'NONE',  ( -4.157921419152776465, 0.6499999999999989120, -0.9500000000000025091 ) ) ;
#6116 = ADVANCED_FACE ( 'NONE', ( #8128 ), #8573, .F. ) ;
#6117 = VECTOR ( 'NONE', #2792, 1000.000000000000000 ) ;
#6118 = STYLED_ITEM ( 'NONE', ( #4278 ), #8775 ) ;
#6119 = DIRECTION ( 'NONE',  ( 1.445602896647335958E-15, 1.000000000000000000, -1.112002228190258979E-16 ) ) ;
#6120 = FACE_OUTER_BOUND ( 'NONE', #4185, .T. ) ;
#6121 = ORIENTED_EDGE ( 'NONE', *, *, #5097, .T. ) ;
#6122 = EDGE_CURVE ( 'NONE', #6352, #8, #3857, .T. ) ;
#6123 = MECHANICAL_DESIGN_GEOMETRIC_PRESENTATION_REPRESENTATION (  '', ( #4626 ), #6654 ) ;
#6124 =( GEOMETRIC_REPRESENTATION_CONTEXT ( 3 ) GLOBAL_UNCERTAINTY_ASSIGNED_CONTEXT ( ( #2059 ) ) GLOBAL_UNIT_ASSIGNED_CONTEXT ( ( #7608, #4110, #8535 ) ) REPRESENTATION_CONTEXT ( 'NONE', 'WORKASPACE' ) );
#6125 = FACE_OUTER_BOUND ( 'NONE', #4856, .T. ) ;
#6126 = EDGE_CURVE ( 'NONE', #1154, #960, #1843, .T. ) ;
#6127 = ORIENTED_EDGE ( 'NONE', *, *, #6024, .F. ) ;
#6128 = CARTESIAN_POINT ( 'NONE',  ( -4.250000000000000000, 0.6499999999999989120, -1.500000000000000000 ) ) ;
#6129 = LINE ( 'NONE', #1997, #184 ) ;
#6130 = DIRECTION ( 'NONE',  ( 0.0000000000000000000, -1.000000000000000000, 0.0000000000000000000 ) ) ;
#6131 = EDGE_CURVE ( 'NONE', #9390, #4439, #136, .T. ) ;
#6132 = LINE ( 'NONE', #4383, #9603 ) ;
#6133 = LINE ( 'NONE', #8395, #9716 ) ;
#6134 = CARTESIAN_POINT ( 'NONE',  ( 2.799999999999999822, -0.8499999999999992006, -0.8291796067500623035 ) ) ;
#6135 = DIRECTION ( 'NONE',  ( -1.000000000000000000, 0.0000000000000000000, -1.224646799147352961E-16 ) ) ;
#6136 = PRESENTATION_LAYER_ASSIGNMENT (  '', '', ( #5162 ) ) ;
#6137 = EDGE_CURVE ( 'NONE', #1162, #733, #5638, .T. ) ;
#6138 = DIRECTION ( 'NONE',  ( 0.0000000000000000000, 0.0000000000000000000, -1.000000000000000000 ) ) ;
#6139 = LINE ( 'NONE', #296, #2133 ) ;
#6140 = CARTESIAN_POINT ( 'NONE',  ( -4.250000000000000000, 0.6499999999999989120, -1.800000000000001377 ) ) ;
#6141 = FILL_AREA_STYLE_COLOUR ( '', #6761 ) ;
#6142 = FILL_AREA_STYLE ('',( #4645 ) ) ;
#6143 = ORIENTED_EDGE ( 'NONE', *, *, #8050, .T. ) ;
#6144 = UNCERTAINTY_MEASURE_WITH_UNIT (LENGTH_MEASURE( 1.000000000000000082E-05 ), #3206, 'distance_accuracy_value', 'NONE');
#6145 = AXIS2_PLACEMENT_3D ( 'NONE', #4337, #1361, #476 ) ;
#6146 = CARTESIAN_POINT ( 'NONE',  ( 3.199999999999997957, 1.750000000000000000, -1.699999999999998401 ) ) ;
#6147 = ORIENTED_EDGE ( 'NONE', *, *, #1715, .T. ) ;
#6148 = LINE ( 'NONE', #1285, #7953 ) ;
#6149 = LINE ( 'NONE', #5315, #430 ) ;
#6150 = EDGE_CURVE ( 'NONE', #9029, #7715, #9660, .T. ) ;
#6151 = CARTESIAN_POINT ( 'NONE',  ( -2.200000000000000622, -1.149999999999999911, 1.800000000000000044 ) ) ;
#6152 = DIRECTION ( 'NONE',  ( 0.0000000000000000000, -1.000000000000000000, -3.469446951953614189E-16 ) ) ;
#6153 = DIRECTION ( 'NONE',  ( -0.0000000000000000000, -1.000000000000000000, -0.0000000000000000000 ) ) ;
#6154 = SURFACE_STYLE_USAGE ( .BOTH. , #911 ) ;
#6155 = CARTESIAN_POINT ( 'NONE',  ( 2.325000000000000622, -4.750000000000000000, -1.800000000000000488 ) ) ;
#6156 = SURFACE_SIDE_STYLE ('',( #4064 ) ) ;
#6157 = SURFACE_SIDE_STYLE ('',( #1662 ) ) ;
#6158 = ADVANCED_FACE ( 'NONE', ( #1385 ), #8634, .F. ) ;
#6159 = ORIENTED_EDGE ( 'NONE', *, *, #2219, .T. ) ;
#6160 = ORIENTED_EDGE ( 'NONE', *, *, #6025, .T. ) ;
#6161 = CARTESIAN_POINT ( 'NONE',  ( 2.200000000000000178, -1.149999999999999911, -1.499999999999999778 ) ) ;
#6162 = UNCERTAINTY_MEASURE_WITH_UNIT (LENGTH_MEASURE( 1.000000000000000082E-05 ), #6375, 'distance_accuracy_value', 'NONE');
#6163 = PRESENTATION_STYLE_ASSIGNMENT (( #8097 ) ) ;
#6164 = AXIS2_PLACEMENT_3D ( 'NONE', #2440, #3557, #8773 ) ;
#6165 = FACE_OUTER_BOUND ( 'NONE', #6678, .T. ) ;
#6166 = DIRECTION ( 'NONE',  ( -1.000000000000000000, 0.0000000000000000000, -2.891205793294677044E-15 ) ) ;
#6167 = CARTESIAN_POINT ( 'NONE',  ( -4.149999999999998579, -1.149999999999999911, 1.500000000000000000 ) ) ;
#6168 = CARTESIAN_POINT ( 'NONE',  ( -4.268858279709376369, 0.6575433118837494817, 0.9500000000000017319 ) ) ;
#6169 =( GEOMETRIC_REPRESENTATION_CONTEXT ( 3 ) GLOBAL_UNCERTAINTY_ASSIGNED_CONTEXT ( ( #5723 ) ) GLOBAL_UNIT_ASSIGNED_CONTEXT ( ( #5247, #760, #2222 ) ) REPRESENTATION_CONTEXT ( 'NONE', 'WORKASPACE' ) );
#6170 = CARTESIAN_POINT ( 'NONE',  ( -4.150000000000000355, -0.3500000000000005884, -1.500000000000000000 ) ) ;
#6171 = EDGE_LOOP ( 'NONE', ( #1600, #1723, #3013, #6001 ) ) ;
#6172 = EDGE_LOOP ( 'NONE', ( #6551, #789, #2191, #3973 ) ) ;
#6173 = PLANE ( 'NONE',  #5376 ) ;
#6174 = DIRECTION ( 'NONE',  ( -1.000000000000000000, 0.0000000000000000000, -2.710505431213760592E-16 ) ) ;
#6175 = SURFACE_STYLE_USAGE ( .BOTH. , #935 ) ;
#6176 = ORIENTED_EDGE ( 'NONE', *, *, #3941, .F. ) ;
#6177 = EDGE_CURVE ( 'NONE', #9185, #5396, #1596, .T. ) ;
#6178 = FILL_AREA_STYLE_COLOUR ( '', #8873 ) ;
#6179 = AXIS2_PLACEMENT_3D ( 'NONE', #4732, #261, #5491 ) ;
#6180 = ORIENTED_EDGE ( 'NONE', *, *, #1584, .F. ) ;
#6181 = CARTESIAN_POINT ( 'NONE',  ( -4.389493895187376538, 1.750000000000000000, -1.700000000000001066 ) ) ;
#6182 = AXIS2_PLACEMENT_3D ( 'NONE', #1551, #6318, #8086 ) ;
#6183 = PLANE ( 'NONE',  #4031 ) ;
#6184 = CARTESIAN_POINT ( 'NONE',  ( 2.199999999999999734, -1.149999999999999911, -1.499999999999999556 ) ) ;
#6185 = VERTEX_POINT ( 'NONE', #3244 ) ;
#6186 = ORIENTED_EDGE ( 'NONE', *, *, #6907, .F. ) ;
#6187 = CARTESIAN_POINT ( 'NONE',  ( -3.199999999999997513, 1.649999999999999911, 1.800000000000000044 ) ) ;
#6188 = VECTOR ( 'NONE', #8032, 1000.000000000000000 ) ;
#6189 = CARTESIAN_POINT ( 'NONE',  ( -2.674999999999999822, -1.149999999999999911, 1.800000000000000266 ) ) ;
#6190 = VERTEX_POINT ( 'NONE', #4869 ) ;
#6191 = ORIENTED_EDGE ( 'NONE', *, *, #6200, .F. ) ;
#6192 = ORIENTED_EDGE ( 'NONE', *, *, #9595, .T. ) ;
#6193 = AXIS2_PLACEMENT_3D ( 'NONE', #2694, #8940, #9503 ) ;
#6194 =( NAMED_UNIT ( * ) PLANE_ANGLE_UNIT ( ) SI_UNIT ( $, .RADIAN. ) );
#6195 = CARTESIAN_POINT ( 'NONE',  ( -4.250000000000000000, 0.3994330636317652283, -0.3459715414450060811 ) ) ;
#6196 = ORIENTED_EDGE ( 'NONE', *, *, #9363, .F. ) ;
#6197 = ORIENTED_EDGE ( 'NONE', *, *, #9327, .T. ) ;
#6198 = VECTOR ( 'NONE', #7841, 1000.000000000000000 ) ;
#6199 = VERTEX_POINT ( 'NONE', #8533 ) ;
#6200 = EDGE_CURVE ( 'NONE', #6918, #1048, #5171, .T. ) ;
#6201 = ORIENTED_EDGE ( 'NONE', *, *, #3959, .F. ) ;
#6202 = ORIENTED_EDGE ( 'NONE', *, *, #7662, .T. ) ;
#6203 = PLANE ( 'NONE',  #6179 ) ;
#6204 = ORIENTED_EDGE ( 'NONE', *, *, #1428, .F. ) ;
#6205 = CARTESIAN_POINT ( 'NONE',  ( -4.150000000000000355, 0.0000000000000000000, -0.5081345747705631188 ) ) ;
#6206 = EDGE_LOOP ( 'NONE', ( #3169, #6325, #855, #5053 ) ) ;
#6207 = LINE ( 'NONE', #3012, #26 ) ;
#6208 = CLOSED_SHELL ( 'NONE', ( #8513, #3767, #2397, #237, #6377, #4403, #586, #857, #9395, #1008 ) ) ;
#6209 = DIRECTION ( 'NONE',  ( 0.0000000000000000000, -2.891205793294678326E-16, -1.000000000000000000 ) ) ;
#6210 = PRESENTATION_LAYER_ASSIGNMENT (  '', '', ( #5222 ) ) ;
#6211 = CARTESIAN_POINT ( 'NONE',  ( -2.799999999999999822, -0.8499999999999992006, -1.499999999999999778 ) ) ;
#6212 = CARTESIAN_POINT ( 'NONE',  ( -4.399999999999998579, 1.750000000000000000, -1.700000000000001066 ) ) ;
#6213 = VERTEX_POINT ( 'NONE', #5120 ) ;
#6214 = CARTESIAN_POINT ( 'NONE',  ( 2.200000000000000178, -1.149999999999999911, 1.499999999999999334 ) ) ;
#6215 = ADVANCED_FACE ( 'NONE', ( #9162 ), #6695, .F. ) ;
#6216 =( GEOMETRIC_REPRESENTATION_CONTEXT ( 3 ) GLOBAL_UNCERTAINTY_ASSIGNED_CONTEXT ( ( #4731 ) ) GLOBAL_UNIT_ASSIGNED_CONTEXT ( ( #3266, #5076, #8891 ) ) REPRESENTATION_CONTEXT ( 'NONE', 'WORKASPACE' ) );
#6217 =( NAMED_UNIT ( * ) PLANE_ANGLE_UNIT ( ) SI_UNIT ( $, .RADIAN. ) );
#6218 = EDGE_LOOP ( 'NONE', ( #814, #6710, #108, #6237, #699 ) ) ;
#6219 = COLOUR_RGB ( '',0.2509803921568627416, 0.2509803921568627416, 0.2509803921568627416 ) ;
#6220 = ORIENTED_EDGE ( 'NONE', *, *, #7104, .T. ) ;
#6221 = CLOSED_SHELL ( 'NONE', ( #3155, #5861, #2243, #1670, #4755, #9718, #5601, #4913, #6441, #5768, #398, #97, #5711, #3212, #7714, #2201, #5591, #1563, #7782, #4556, #1344, #8457, #6740, #335, #6688, #499, #284, #8312, #6158, #7818, #3666, #6281, #2289, #1210, #7771, #3611, #4514, #9570, #1307, #953, #9314, #7432, #5028, #4647, #1095, #5292, #3712, #9048, #253, #5944, #1067, #8267, #8363, #1774, #1611, #3270, #4700, #4791, #544, #4861, #6495, #9000, #4370 ) ) ;
#6222 = FILL_AREA_STYLE ('',( #3773 ) ) ;
#6223 = SURFACE_SIDE_STYLE ('',( #1351 ) ) ;
#6224 = FILL_AREA_STYLE ('',( #7538 ) ) ;
#6225 = SURFACE_STYLE_USAGE ( .BOTH. , #947 ) ;
#6226 = DIRECTION ( 'NONE',  ( 1.000000000000000000, 0.0000000000000000000, 0.0000000000000000000 ) ) ;
#6227 = SURFACE_SIDE_STYLE ('',( #2124 ) ) ;
#6228 = ADVANCED_FACE ( 'NONE', ( #4453 ), #7810, .F. ) ;
#6229 = ORIENTED_EDGE ( 'NONE', *, *, #4436, .F. ) ;
#6230 = VERTEX_POINT ( 'NONE', #326 ) ;
#6231 = COLOUR_RGB ( '',0.2509803921568627416, 0.2509803921568627416, 0.2509803921568627416 ) ;
#6232 = CARTESIAN_POINT ( 'NONE',  ( 3.199999999999997957, 1.649999999999999911, -1.800000000000000933 ) ) ;
#6233 = STYLED_ITEM ( 'NONE', ( #8311 ), #3953 ) ;
#6234 = PRESENTATION_STYLE_ASSIGNMENT (( #6154 ) ) ;
#6235 = UNCERTAINTY_MEASURE_WITH_UNIT (LENGTH_MEASURE( 1.000000000000000082E-05 ), #1028, 'distance_accuracy_value', 'NONE');
#6236 = DIRECTION ( 'NONE',  ( 0.0000000000000000000, 0.0000000000000000000, -1.000000000000000000 ) ) ;
#6237 = ORIENTED_EDGE ( 'NONE', *, *, #6977, .T. ) ;
#6238 = VERTEX_POINT ( 'NONE', #4992 ) ;
#6239 = ORIENTED_EDGE ( 'NONE', *, *, #4846, .F. ) ;
#6240 = PLANE ( 'NONE',  #6309 ) ;
#6241 = EDGE_CURVE ( 'NONE', #9416, #9025, #2419, .T. ) ;
#6242 = STYLED_ITEM ( 'NONE', ( #993 ), #7027 ) ;
#6243 = LINE ( 'NONE', #9463, #2221 ) ;
#6244 = CARTESIAN_POINT ( 'NONE',  ( 0.0000000000000000000, -1.549999999999999378, 0.7999999999999992673 ) ) ;
#6245 = CARTESIAN_POINT ( 'NONE',  ( 4.499999999999999112, -0.3500000000000004774, -0.6502286246418800264 ) ) ;
#6246 = PRESENTATION_STYLE_ASSIGNMENT (( #3903 ) ) ;
#6247 = LINE ( 'NONE', #2877, #2325 ) ;
#6248 = ORIENTED_EDGE ( 'NONE', *, *, #5659, .F. ) ;
#6249 = DIRECTION ( 'NONE',  ( -1.000000000000000000, 0.0000000000000000000, -1.224646799147352961E-16 ) ) ;
#6250 = CARTESIAN_POINT ( 'NONE',  ( -0.1749999999999998224, -4.749999999999999112, 1.800000000000000488 ) ) ;
#6251 = CARTESIAN_POINT ( 'NONE',  ( -3.749999999999997780, -1.549999999999999378, -1.150000000000000577 ) ) ;
#6252 =( GEOMETRIC_REPRESENTATION_CONTEXT ( 3 ) GLOBAL_UNCERTAINTY_ASSIGNED_CONTEXT ( ( #3792 ) ) GLOBAL_UNIT_ASSIGNED_CONTEXT ( ( #4595, #113, #5339 ) ) REPRESENTATION_CONTEXT ( 'NONE', 'WORKASPACE' ) );
#6253 = CARTESIAN_POINT ( 'NONE',  ( -5.221110255092797026, -1.149999999999999911, 1.500000000000000000 ) ) ;
#6254 = SURFACE_STYLE_FILL_AREA ( #682 ) ;
#6255 = DIRECTION ( 'NONE',  ( 0.0000000000000000000, 0.0000000000000000000, -1.000000000000000000 ) ) ;
#6256 = CIRCLE ( 'NONE', #7289, 0.02999999999999997113 ) ;
#6257 = CARTESIAN_POINT ( 'NONE',  ( 3.299999999999997602, -1.700000000000000178, -0.2249999999999995615 ) ) ;
#6258 = FILL_AREA_STYLE ('',( #2680 ) ) ;
#6259 = EDGE_CURVE ( 'NONE', #3663, #7924, #8234, .T. ) ;
#6260 = STYLED_ITEM ( 'NONE', ( #1793 ), #2158 ) ;
#6261 = CARTESIAN_POINT ( 'NONE',  ( -1.637232524964335578, -1.073609129814550478, -1.499999999999999556 ) ) ;
#6262 = LINE ( 'NONE', #5662, #8049 ) ;
#6263 = VECTOR ( 'NONE', #3214, 1000.000000000000000 ) ;
#6264 =( NAMED_UNIT ( * ) PLANE_ANGLE_UNIT ( ) SI_UNIT ( $, .RADIAN. ) );
#6265 = COLOUR_RGB ( '',0.2509803921568627416, 0.2509803921568627416, 0.2509803921568627416 ) ;
#6266 = EDGE_CURVE ( 'NONE', #1747, #7907, #4224, .T. ) ;
#6267 = PLANE ( 'NONE',  #3210 ) ;
#6268 = ORIENTED_EDGE ( 'NONE', *, *, #804, .F. ) ;
#6269 = ADVANCED_FACE ( 'NONE', ( #2181 ), #9737, .T. ) ;
#6270 = FILL_AREA_STYLE ('',( #5453 ) ) ;
#6271 = VECTOR ( 'NONE', #1879, 1000.000000000000000 ) ;
#6272 = EDGE_CURVE ( 'NONE', #3960, #1484, #5271, .T. ) ;
#6273 = COLOUR_RGB ( '',0.2509803921568627416, 0.2509803921568627416, 0.2509803921568627416 ) ;
#6274 = CARTESIAN_POINT ( 'NONE',  ( -2.325000000000000622, -4.649999999999998579, 3.800000000000001155 ) ) ;
#6275 = CARTESIAN_POINT ( 'NONE',  ( -2.799999999999999822, -0.8499999999999992006, -1.499999999999999778 ) ) ;
#6276 = VERTEX_POINT ( 'NONE', #6205 ) ;
#6277 = FACE_OUTER_BOUND ( 'NONE', #4600, .T. ) ;
#6278 = MECHANICAL_DESIGN_GEOMETRIC_PRESENTATION_REPRESENTATION (  '', ( #4771 ), #6792 ) ;
#6279 = EDGE_CURVE ( 'NONE', #8107, #3790, #1269, .T. ) ;
#6280 = VECTOR ( 'NONE', #7247, 1000.000000000000000 ) ;
#6281 = ADVANCED_FACE ( 'NONE', ( #1488 ), #3010, .T. ) ;
#6282 = DIRECTION ( 'NONE',  ( 1.361809969397927337E-32, 1.000000000000000000, -1.112002228190260952E-16 ) ) ;
#6283 = UNCERTAINTY_MEASURE_WITH_UNIT (LENGTH_MEASURE( 1.000000000000000082E-05 ), #8509, 'distance_accuracy_value', 'NONE');
#6284 =( LENGTH_UNIT ( ) NAMED_UNIT ( * ) SI_UNIT ( .MILLI., .METRE. ) );
#6285 = VECTOR ( 'NONE', #7925, 1000.000000000000000 ) ;
#6286 = ORIENTED_EDGE ( 'NONE', *, *, #1780, .F. ) ;
#6287 = FILL_AREA_STYLE ('',( #5557 ) ) ;
#6288 =( LENGTH_UNIT ( ) NAMED_UNIT ( * ) SI_UNIT ( .MILLI., .METRE. ) );
#6289 = PLANE ( 'NONE',  #2600 ) ;
#6290 =( GEOMETRIC_REPRESENTATION_CONTEXT ( 3 ) GLOBAL_UNCERTAINTY_ASSIGNED_CONTEXT ( ( #4559 ) ) GLOBAL_UNIT_ASSIGNED_CONTEXT ( ( #4775, #2621, #8655 ) ) REPRESENTATION_CONTEXT ( 'NONE', 'WORKASPACE' ) );
#6291 = DIRECTION ( 'NONE',  ( 1.000000000000000000, -0.0000000000000000000, 0.0000000000000000000 ) ) ;
#6292 =( NAMED_UNIT ( * ) PLANE_ANGLE_UNIT ( ) SI_UNIT ( $, .RADIAN. ) );
#6293 = SURFACE_STYLE_USAGE ( .BOTH. , #7826 ) ;
#6294 = FACE_OUTER_BOUND ( 'NONE', #1579, .T. ) ;
#6295 = DIRECTION ( 'NONE',  ( -0.1888473936501247619, 0.9820064469806472074, -1.414264159728933213E-16 ) ) ;
#6296 = VECTOR ( 'NONE', #5830, 1000.000000000000114 ) ;
#6297 =( NAMED_UNIT ( * ) PLANE_ANGLE_UNIT ( ) SI_UNIT ( $, .RADIAN. ) );
#6298 = CARTESIAN_POINT ( 'NONE',  ( -4.499999999999998224, 0.4999999999999997780, 0.9500000000000025091 ) ) ;
#6299 = CARTESIAN_POINT ( 'NONE',  ( 4.179999999999999716, 0.6199999999999988853, 1.500000000000000000 ) ) ;
#6300 = ORIENTED_EDGE ( 'NONE', *, *, #1781, .F. ) ;
#6301 = UNCERTAINTY_MEASURE_WITH_UNIT (LENGTH_MEASURE( 1.000000000000000082E-05 ), #676, 'distance_accuracy_value', 'NONE');
#6302 = CIRCLE ( 'NONE', #1909, 0.02999999999999964501 ) ;
#6303 =( NAMED_UNIT ( * ) SI_UNIT ( $, .STERADIAN. ) SOLID_ANGLE_UNIT ( ) );
#6304 = FACE_OUTER_BOUND ( 'NONE', #3159, .T. ) ;
#6305 = CARTESIAN_POINT ( 'NONE',  ( 2.674999999999999378, -4.649999999999998579, 3.800000000000001155 ) ) ;
#6306 = ORIENTED_EDGE ( 'NONE', *, *, #9624, .F. ) ;
#6307 = FACE_OUTER_BOUND ( 'NONE', #4215, .T. ) ;
#6308 = VECTOR ( 'NONE', #6381, 1000.000000000000000 ) ;
#6309 = AXIS2_PLACEMENT_3D ( 'NONE', #1750, #3409, #4377 ) ;
#6310 = ORIENTED_EDGE ( 'NONE', *, *, #6882, .F. ) ;
#6311 = CARTESIAN_POINT ( 'NONE',  ( -0.2999999999999999334, -0.8499999999999992006, -0.8291796067500623035 ) ) ;
#6312 = COLOUR_RGB ( '',0.2509803921568627416, 0.2509803921568627416, 0.2509803921568627416 ) ;
#6313 =( GEOMETRIC_REPRESENTATION_CONTEXT ( 3 ) GLOBAL_UNCERTAINTY_ASSIGNED_CONTEXT ( ( #1576 ) ) GLOBAL_UNIT_ASSIGNED_CONTEXT ( ( #3763, #2062, #1473 ) ) REPRESENTATION_CONTEXT ( 'NONE', 'WORKASPACE' ) );
#6314 = VERTEX_POINT ( 'NONE', #6168 ) ;
#6315 = LINE ( 'NONE', #471, #4329 ) ;
#6316 = ORIENTED_EDGE ( 'NONE', *, *, #5109, .T. ) ;
#6317 = AXIS2_PLACEMENT_3D ( 'NONE', #1921, #7228, #2687 ) ;
#6318 = DIRECTION ( 'NONE',  ( 1.000000000000000000, 0.0000000000000000000, 0.0000000000000000000 ) ) ;
#6319 = DIRECTION ( 'NONE',  ( 0.0000000000000000000, 0.0000000000000000000, -1.000000000000000000 ) ) ;
#6320 = EDGE_CURVE ( 'NONE', #4308, #1365, #7288, .T. ) ;
#6321 = CARTESIAN_POINT ( 'NONE',  ( -2.799999999999999822, -1.149999999999999911, 1.499999999999999334 ) ) ;
#6322 = ADVANCED_FACE ( 'NONE', ( #5059 ), #1884, .F. ) ;
#6324 = AXIS2_PLACEMENT_3D ( 'NONE', #6507, #3890, #3253 ) ;
#6323 = CARTESIAN_POINT ( 'NONE',  ( -4.499999999999998224, 1.750000000000000000, 1.800000000000000044 ) ) ;
#6325 = ORIENTED_EDGE ( 'NONE', *, *, #7891, .F. ) ;
#6326 = ORIENTED_EDGE ( 'NONE', *, *, #580, .T. ) ;
#6327 = CARTESIAN_POINT ( 'NONE',  ( -4.499999999999999112, 1.750000000000000000, -1.800000000000000933 ) ) ;
#6328 =( NAMED_UNIT ( * ) PLANE_ANGLE_UNIT ( ) SI_UNIT ( $, .RADIAN. ) );
#6329 = EDGE_LOOP ( 'NONE', ( #6268, #8242, #6915, #2465, #3217, #1012, #8714, #3875, #8453, #260, #8003, #6836, #7040, #4394, #9294, #6574, #8981, #666, #5256, #4810, #3867, #2253, #4821, #2395, #2187, #1071 ) ) ;
#6330 = DIRECTION ( 'NONE',  ( -1.224646799147352961E-16, 0.0000000000000000000, 1.000000000000000000 ) ) ;
#6331 = EDGE_LOOP ( 'NONE', ( #4604, #7786, #4142, #601 ) ) ;
#6332 = EDGE_LOOP ( 'NONE', ( #712, #2296, #5290, #1954, #57, #236 ) ) ;
#6333 = CARTESIAN_POINT ( 'NONE',  ( 2.799999999999999822, -0.8499999999999993117, -1.499999999999999556 ) ) ;
#6334 = EDGE_CURVE ( 'NONE', #8973, #6692, #3259, .T. ) ;
#6335 = VERTEX_POINT ( 'NONE', #4106 ) ;
#6336 = ORIENTED_EDGE ( 'NONE', *, *, #5974, .F. ) ;
#6337 = DIRECTION ( 'NONE',  ( -1.000000000000000000, 0.0000000000000000000, -0.0000000000000000000 ) ) ;
#6338 = SURFACE_STYLE_USAGE ( .BOTH. , #2904 ) ;
#6339 = VECTOR ( 'NONE', #8931, 1000.000000000000000 ) ;
#6340 = ORIENTED_EDGE ( 'NONE', *, *, #1061, .F. ) ;
#6341 = ORIENTED_EDGE ( 'NONE', *, *, #9315, .T. ) ;
#6342 = ADVANCED_FACE ( 'NONE', ( #4795 ), #1198, .F. ) ;
#6343 = FACE_OUTER_BOUND ( 'NONE', #2679, .T. ) ;
#6344 = ORIENTED_EDGE ( 'NONE', *, *, #6177, .F. ) ;
#6345 = CARTESIAN_POINT ( 'NONE',  ( 4.481141720290622743, 0.7424566881162488752, 0.9500000000000029532 ) ) ;
#6346 = PRESENTATION_STYLE_ASSIGNMENT (( #3787 ) ) ;
#6347 = EDGE_CURVE ( 'NONE', #6017, #1838, #4085, .T. ) ;
#6348 = CARTESIAN_POINT ( 'NONE',  ( -0.1749999999999998224, -4.649999999999998579, 1.500000000000000000 ) ) ;
#6349 = VERTEX_POINT ( 'NONE', #3757 ) ;
#6350 = COLOUR_RGB ( '',0.2509803921568627416, 0.2509803921568627416, 0.2509803921568627416 ) ;
#6351 = EDGE_CURVE ( 'NONE', #6702, #349, #2067, .T. ) ;
#6352 = VERTEX_POINT ( 'NONE', #6565 ) ;
#6353 = VECTOR ( 'NONE', #7093, 1000.000000000000227 ) ;
#6354 =( NAMED_UNIT ( * ) SI_UNIT ( $, .STERADIAN. ) SOLID_ANGLE_UNIT ( ) );
#6355 = CARTESIAN_POINT ( 'NONE',  ( 3.749999999999997780, -1.750000000000000000, -0.7999999999999999334 ) ) ;
#6356 = LINE ( 'NONE', #6827, #1177 ) ;
#6357 = ORIENTED_EDGE ( 'NONE', *, *, #5331, .T. ) ;
#6358 = FILL_AREA_STYLE ('',( #8900 ) ) ;
#6359 = PRESENTATION_LAYER_ASSIGNMENT (  '', '', ( #5343 ) ) ;
#6360 = CARTESIAN_POINT ( 'NONE',  ( -2.200000000000000622, -1.149999999999999911, 0.8291796067500618594 ) ) ;
#6361 = ORIENTED_EDGE ( 'NONE', *, *, #4994, .T. ) ;
#6362 = CARTESIAN_POINT ( 'NONE',  ( -2.674999999999999822, -0.8499999999999992006, 1.499999999999999334 ) ) ;
#6363 = SURFACE_STYLE_USAGE ( .BOTH. , #1094 ) ;
#6364 = LINE ( 'NONE', #2111, #617 ) ;
#6365 = EDGE_CURVE ( 'NONE', #8043, #1440, #125, .T. ) ;
#6366 = CARTESIAN_POINT ( 'NONE',  ( 2.325000000000000178, -1.149999999999999911, 1.800000000000000266 ) ) ;
#6367 = SURFACE_SIDE_STYLE ('',( #9491 ) ) ;
#6368 = CARTESIAN_POINT ( 'NONE',  ( 4.250000000000000000, 0.6296890111571917803, 0.9500000000000018430 ) ) ;
#6369 =( LENGTH_UNIT ( ) NAMED_UNIT ( * ) SI_UNIT ( .MILLI., .METRE. ) );
#6370 = FILL_AREA_STYLE_COLOUR ( '', #8443 ) ;
#6371 = DIRECTION ( 'NONE',  ( 1.000000000000000000, 0.0000000000000000000, 0.0000000000000000000 ) ) ;
#6372 = ORIENTED_EDGE ( 'NONE', *, *, #7860, .T. ) ;
#6373 = ORIENTED_EDGE ( 'NONE', *, *, #2365, .T. ) ;
#6374 = CARTESIAN_POINT ( 'NONE',  ( 0.0000000000000000000, 0.6499999999999989120, -1.500000000000000000 ) ) ;
#6375 =( LENGTH_UNIT ( ) NAMED_UNIT ( * ) SI_UNIT ( .MILLI., .METRE. ) );
#6376 = CIRCLE ( 'NONE', #8256, 0.02999999999999964501 ) ;
#6377 = ADVANCED_FACE ( 'NONE', ( #6075 ), #2091, .F. ) ;
#6378 = MECHANICAL_DESIGN_GEOMETRIC_PRESENTATION_REPRESENTATION (  '', ( #4865 ), #6875 ) ;
#6379 = CARTESIAN_POINT ( 'NONE',  ( -4.150000000000000355, 0.2123238209960886524, 0.4219347130291720704 ) ) ;
#6380 = VERTEX_POINT ( 'NONE', #1717 ) ;
#6381 = DIRECTION ( 'NONE',  ( -0.0000000000000000000, 4.818676322157808222E-16, 1.000000000000000000 ) ) ;
#6382 = VECTOR ( 'NONE', #3882, 1000.000000000000000 ) ;
#6383 = ORIENTED_EDGE ( 'NONE', *, *, #7734, .F. ) ;
#6384 = EDGE_CURVE ( 'NONE', #7019, #3390, #3844, .T. ) ;
#6385 =( NAMED_UNIT ( * ) SI_UNIT ( $, .STERADIAN. ) SOLID_ANGLE_UNIT ( ) );
#6386 = VECTOR ( 'NONE', #2022, 1000.000000000000000 ) ;
#6387 = PRESENTATION_LAYER_ASSIGNMENT (  '', '', ( #5373 ) ) ;
#6388 = ADVANCED_FACE ( 'NONE', ( #1831 ), #351, .F. ) ;
#6389 = SURFACE_STYLE_FILL_AREA ( #558 ) ;
#6390 = CARTESIAN_POINT ( 'NONE',  ( -4.150000000000000355, 0.6499999999999989120, 1.500000000000000000 ) ) ;
#6391 = CARTESIAN_POINT ( 'NONE',  ( 3.749999999999998224, -1.549999999999999378, 1.150000000000000133 ) ) ;
#6392 = FACE_OUTER_BOUND ( 'NONE', #15, .T. ) ;
#6393 = LINE ( 'NONE', #8786, #4388 ) ;
#6394 = AXIS2_PLACEMENT_3D ( 'NONE', #399, #5679, #4549 ) ;
#6395 = SURFACE_STYLE_USAGE ( .BOTH. , #7231 ) ;
#6396 = CARTESIAN_POINT ( 'NONE',  ( -4.399999999999998579, 1.664434642797407049, -1.700000000000001066 ) ) ;
#6397 = SURFACE_STYLE_FILL_AREA ( #3595 ) ;
#6398 = PLANE ( 'NONE',  #3990 ) ;
#6399 = SURFACE_SIDE_STYLE ('',( #4295 ) ) ;
#6400 = FILL_AREA_STYLE ('',( #4231 ) ) ;
#6401 = AXIS2_PLACEMENT_3D ( 'NONE', #1961, #7258, #2723 ) ;
#6402 = DIRECTION ( 'NONE',  ( -1.239088197126290669E-15, 0.0000000000000000000, -1.000000000000000000 ) ) ;
#6403 = DIRECTION ( 'NONE',  ( -1.000000000000000000, 0.0000000000000000000, -1.224646799147352961E-16 ) ) ;
#6404 = STYLED_ITEM ( 'NONE', ( #9589 ), #2506 ) ;
#6405 = DIRECTION ( 'NONE',  ( 0.0000000000000000000, -0.9265528178475214149, 0.3761646923075286364 ) ) ;
#6406 = VECTOR ( 'NONE', #3917, 1000.000000000000000 ) ;
#6407 = VECTOR ( 'NONE', #6446, 1000.000000000000000 ) ;
#6408 = EDGE_CURVE ( 'NONE', #7766, #5876, #2894, .T. ) ;
#6409 =( NAMED_UNIT ( * ) SI_UNIT ( $, .STERADIAN. ) SOLID_ANGLE_UNIT ( ) );
#6410 = LINE ( 'NONE', #1256, #4400 ) ;
#6411 = CARTESIAN_POINT ( 'NONE',  ( -4.149999999999998579, -1.550000000000000044, -1.800000000000001155 ) ) ;
#6412 = DIRECTION ( 'NONE',  ( -1.000000000000000000, 0.0000000000000000000, -1.224646799147352961E-16 ) ) ;
#6413 = FACE_OUTER_BOUND ( 'NONE', #2645, .T. ) ;
#6414 = VECTOR ( 'NONE', #2150, 1000.000000000000000 ) ;
#6415 = EDGE_CURVE ( 'NONE', #6475, #622, #8928, .T. ) ;
#6416 = LINE ( 'NONE', #5328, #4411 ) ;
#6417 = CARTESIAN_POINT ( 'NONE',  ( 0.0000000000000000000, 1.670000000000000151, -1.720000000000001084 ) ) ;
#6418 = LINE ( 'NONE', #1249, #669 ) ;
#6419 = PLANE ( 'NONE',  #7660 ) ;
#6420 =( GEOMETRIC_REPRESENTATION_CONTEXT ( 3 ) GLOBAL_UNCERTAINTY_ASSIGNED_CONTEXT ( ( #238 ) ) GLOBAL_UNIT_ASSIGNED_CONTEXT ( ( #8163, #1573, #2806 ) ) REPRESENTATION_CONTEXT ( 'NONE', 'WORKASPACE' ) );
#6421 = ORIENTED_EDGE ( 'NONE', *, *, #1950, .T. ) ;
#6422 = VECTOR ( 'NONE', #6743, 1000.000000000000000 ) ;
#6423 = FILL_AREA_STYLE_COLOUR ( '', #7905 ) ;
#6424 = FILL_AREA_STYLE_COLOUR ( '', #6265 ) ;
#6425 = VECTOR ( 'NONE', #1653, 1000.000000000000000 ) ;
#6426 = CARTESIAN_POINT ( 'NONE',  ( 2.324999999999999734, -4.649999999999998579, 3.800000000000001155 ) ) ;
#6427 = PLANE ( 'NONE',  #3359 ) ;
#6428 = FACE_OUTER_BOUND ( 'NONE', #6914, .T. ) ;
#6429 = CARTESIAN_POINT ( 'NONE',  ( -4.150000000000000355, 0.6499999999999989120, 1.500000000000000000 ) ) ;
#6430 = ORIENTED_EDGE ( 'NONE', *, *, #1053, .T. ) ;
#6431 = PLANE ( 'NONE',  #9152 ) ;
#6432 = UNCERTAINTY_MEASURE_WITH_UNIT (LENGTH_MEASURE( 1.000000000000000082E-05 ), #8495, 'distance_accuracy_value', 'NONE');
#6433 = DIRECTION ( 'NONE',  ( -0.0000000000000000000, -1.000000000000000000, -0.0000000000000000000 ) ) ;
#6434 = ORIENTED_EDGE ( 'NONE', *, *, #1228, .T. ) ;
#6435 = CARTESIAN_POINT ( 'NONE',  ( -4.499999999999998224, 1.670000000000000151, 0.9500000000000031752 ) ) ;
#6436 = FACE_OUTER_BOUND ( 'NONE', #708, .T. ) ;
#6437 = ORIENTED_EDGE ( 'NONE', *, *, #5961, .F. ) ;
#6438 = PRESENTATION_STYLE_ASSIGNMENT (( #5613 ) ) ;
#6439 = CARTESIAN_POINT ( 'NONE',  ( -0.3000000000000003775, -1.149999999999999911, 1.800000000000000266 ) ) ;
#6440 = VERTEX_POINT ( 'NONE', #7135 ) ;
#6441 = ADVANCED_FACE ( 'NONE', ( #912 ), #6240, .F. ) ;
#6442 = VERTEX_POINT ( 'NONE', #3487 ) ;
#6443 =( LENGTH_UNIT ( ) NAMED_UNIT ( * ) SI_UNIT ( .MILLI., .METRE. ) );
#6444 = ORIENTED_EDGE ( 'NONE', *, *, #2135, .T. ) ;
#6445 = DIRECTION ( 'NONE',  ( -0.0000000000000000000, 1.000000000000000000, -0.0000000000000000000 ) ) ;
#6446 = DIRECTION ( 'NONE',  ( 0.0000000000000000000, 1.000000000000000000, -4.270406254964893746E-14 ) ) ;
#6447 =( NAMED_UNIT ( * ) SI_UNIT ( $, .STERADIAN. ) SOLID_ANGLE_UNIT ( ) );
#6448 = VERTEX_POINT ( 'NONE', #7257 ) ;
#6449 = EDGE_CURVE ( 'NONE', #9576, #3152, #4921, .T. ) ;
#6450 = LINE ( 'NONE', #5824, #4211 ) ;
#6451 = AXIS2_PLACEMENT_3D ( 'NONE', #4662, #3969, #6998 ) ;
#6452 = ORIENTED_EDGE ( 'NONE', *, *, #3639, .F. ) ;
#6453 = ORIENTED_EDGE ( 'NONE', *, *, #8543, .T. ) ;
#6454 = VERTEX_POINT ( 'NONE', #6532 ) ;
#6455 = MECHANICAL_DESIGN_GEOMETRIC_PRESENTATION_REPRESENTATION (  '', ( #4949 ), #6955 ) ;
#6456 = DIRECTION ( 'NONE',  ( 1.000000000000000000, -0.0000000000000000000, -0.0000000000000000000 ) ) ;
#6457 = CARTESIAN_POINT ( 'NONE',  ( -2.800000000000000266, -1.149999999999999911, 1.800000000000000266 ) ) ;
#6458 = EDGE_LOOP ( 'NONE', ( #9052, #1675, #3300, #5617 ) ) ;
#6459 = VERTEX_POINT ( 'NONE', #6501 ) ;
#6460 = AXIS2_PLACEMENT_3D ( 'NONE', #9082, #4578, #99 ) ;
#6461 = CARTESIAN_POINT ( 'NONE',  ( 4.250000000000000000, -1.149999999999999911, -3.617278184538625041 ) ) ;
#6462 = FACE_OUTER_BOUND ( 'NONE', #7663, .T. ) ;
#6463 = FILL_AREA_STYLE_COLOUR ( '', #1542 ) ;
#6464 = ORIENTED_EDGE ( 'NONE', *, *, #9655, .T. ) ;
#6465 = ORIENTED_EDGE ( 'NONE', *, *, #5803, .F. ) ;
#6466 = EDGE_CURVE ( 'NONE', #6454, #7210, #4670, .T. ) ;
#6467 = DIRECTION ( 'NONE',  ( 0.0000000000000000000, 0.0000000000000000000, 1.000000000000000000 ) ) ;
#6468 = CARTESIAN_POINT ( 'NONE',  ( -0.1750000000000002387, -4.749999999999999112, 3.800000000000001155 ) ) ;
#6469 = AXIS2_PLACEMENT_3D ( 'NONE', #2718, #8022, #3477 ) ;
#6471 = AXIS2_PLACEMENT_3D ( 'NONE', #7812, #3709, #1089 ) ;
#6470 = CARTESIAN_POINT ( 'NONE',  ( 4.250000000000000000, 0.6499999999999989120, 1.500000000000000000 ) ) ;
#6472 = CARTESIAN_POINT ( 'NONE',  ( -1.749999999999999778, 1.649999999999999911, 1.800000000000000044 ) ) ;
#6473 = DIRECTION ( 'NONE',  ( -1.361809969397927337E-32, -1.000000000000000000, 1.112002228190260952E-16 ) ) ;
#6474 = VECTOR ( 'NONE', #2764, 1000.000000000000000 ) ;
#6475 = VERTEX_POINT ( 'NONE', #9432 ) ;
#6476 = LINE ( 'NONE', #1534, #492 ) ;
#6477 = CARTESIAN_POINT ( 'NONE',  ( -4.250000000000000000, -1.149999999999999911, -3.617278184538625041 ) ) ;
#6478 = EDGE_CURVE ( 'NONE', #3374, #3380, #8451, .T. ) ;
#6479 = FILL_AREA_STYLE ('',( #8581 ) ) ;
#6480 = FILL_AREA_STYLE ('',( #3538 ) ) ;
#6481 = FACE_OUTER_BOUND ( 'NONE', #633, .T. ) ;
#6482 = FACE_OUTER_BOUND ( 'NONE', #8951, .T. ) ;
#6483 = ORIENTED_EDGE ( 'NONE', *, *, #9212, .T. ) ;
#6484 = EDGE_CURVE ( 'NONE', #8008, #573, #2653, .T. ) ;
#6485 = DIRECTION ( 'NONE',  ( 0.0000000000000000000, -1.000000000000000000, -3.771137991253928573E-16 ) ) ;
#6486 = LINE ( 'NONE', #342, #6722 ) ;
#6487 = LINE ( 'NONE', #737, #4362 ) ;
#6488 = EDGE_CURVE ( 'NONE', #1647, #3137, #468, .T. ) ;
#6489 = VECTOR ( 'NONE', #3964, 1000.000000000000000 ) ;
#6490 = ORIENTED_EDGE ( 'NONE', *, *, #7159, .F. ) ;
#6491 = ORIENTED_EDGE ( 'NONE', *, *, #7144, .T. ) ;
#6492 = DIRECTION ( 'NONE',  ( 1.000000000000000000, 0.0000000000000000000, -0.0000000000000000000 ) ) ;
#6493 =( NAMED_UNIT ( * ) PLANE_ANGLE_UNIT ( ) SI_UNIT ( $, .RADIAN. ) );
#6494 = UNCERTAINTY_MEASURE_WITH_UNIT (LENGTH_MEASURE( 1.000000000000000082E-05 ), #126, 'distance_accuracy_value', 'NONE');
#6495 = ADVANCED_FACE ( 'NONE', ( #8224 ), #1165, .F. ) ;
#6496 = VECTOR ( 'NONE', #3129, 1000.000000000000000 ) ;
#6497 = DIRECTION ( 'NONE',  ( 1.301042606982613367E-14, 0.0000000000000000000, 1.000000000000000000 ) ) ;
#6498 =( GEOMETRIC_REPRESENTATION_CONTEXT ( 3 ) GLOBAL_UNCERTAINTY_ASSIGNED_CONTEXT ( ( #8075 ) ) GLOBAL_UNIT_ASSIGNED_CONTEXT ( ( #379, #6264, #5827 ) ) REPRESENTATION_CONTEXT ( 'NONE', 'WORKASPACE' ) );
#6499 =( LENGTH_UNIT ( ) NAMED_UNIT ( * ) SI_UNIT ( .MILLI., .METRE. ) );
#6500 = VERTEX_POINT ( 'NONE', #5758 ) ;
#6501 = CARTESIAN_POINT ( 'NONE',  ( 4.250000000000000000, 0.6296890111571917803, 0.9500000000000025091 ) ) ;
#6502 = EDGE_CURVE ( 'NONE', #8610, #5877, #2168, .T. ) ;
#6503 = ORIENTED_EDGE ( 'NONE', *, *, #9057, .T. ) ;
#6504 = FILL_AREA_STYLE ('',( #5792 ) ) ;
#6505 = DIRECTION ( 'NONE',  ( -1.734723475976807094E-15, 1.000000000000000000, 0.0000000000000000000 ) ) ;
#6506 = PLANE ( 'NONE',  #5627 ) ;
#6507 = CARTESIAN_POINT ( 'NONE',  ( 4.369999999999999218, 0.7703109888428067986, 0.0000000000000000000 ) ) ;
#6508 = LINE ( 'NONE', #5647, #748 ) ;
#6509 = DIRECTION ( 'NONE',  ( -1.000000000000000000, 0.0000000000000000000, -1.224646799147352961E-16 ) ) ;
#6510 = ORIENTED_EDGE ( 'NONE', *, *, #8280, .T. ) ;
#6511 = DIRECTION ( 'NONE',  ( -1.000000000000000000, 0.0000000000000000000, -0.0000000000000000000 ) ) ;
#6512 = CARTESIAN_POINT ( 'NONE',  ( -4.499999999999999112, 1.750000000000000000, -1.800000000000000933 ) ) ;
#6513 = AXIS2_PLACEMENT_3D ( 'NONE', #5778, #4217, #2830 ) ;
#6514 = DIRECTION ( 'NONE',  ( -6.195440985631453345E-16, 0.0000000000000000000, -1.000000000000000000 ) ) ;
#6515 = CARTESIAN_POINT ( 'NONE',  ( -2.325000000000000622, -4.749999999999999112, 3.800000000000001155 ) ) ;
#6516 = STYLED_ITEM ( 'NONE', ( #8486 ), #4464 ) ;
#6517 = CARTESIAN_POINT ( 'NONE',  ( -2.325000000000000622, -4.749999999999999112, 3.800000000000001155 ) ) ;
#6518 = UNCERTAINTY_MEASURE_WITH_UNIT (LENGTH_MEASURE( 1.000000000000000082E-05 ), #6691, 'distance_accuracy_value', 'NONE');
#6519 = STYLED_ITEM ( 'NONE', ( #8180 ), #8557 ) ;
#6520 = VECTOR ( 'NONE', #3940, 1000.000000000000000 ) ;
#6521 = VECTOR ( 'NONE', #72, 1000.000000000000000 ) ;
#6522 =( NAMED_UNIT ( * ) PLANE_ANGLE_UNIT ( ) SI_UNIT ( $, .RADIAN. ) );
#6523 = EDGE_CURVE ( 'NONE', #2901, #3545, #6450, .T. ) ;
#6524 = DIRECTION ( 'NONE',  ( 0.0000000000000000000, -0.0000000000000000000, 1.000000000000000000 ) ) ;
#6525 = CARTESIAN_POINT ( 'NONE',  ( -4.469999999999998863, 0.7703109888428064655, -1.800000000000000933 ) ) ;
#6526 =( GEOMETRIC_REPRESENTATION_CONTEXT ( 3 ) GLOBAL_UNCERTAINTY_ASSIGNED_CONTEXT ( ( #9688 ) ) GLOBAL_UNIT_ASSIGNED_CONTEXT ( ( #2692, #7988, #3455 ) ) REPRESENTATION_CONTEXT ( 'NONE', 'WORKASPACE' ) );
#6527 =( GEOMETRIC_REPRESENTATION_CONTEXT ( 3 ) GLOBAL_UNCERTAINTY_ASSIGNED_CONTEXT ( ( #1066 ) ) GLOBAL_UNIT_ASSIGNED_CONTEXT ( ( #3995, #8540, #9678 ) ) REPRESENTATION_CONTEXT ( 'NONE', 'WORKASPACE' ) );
#6528 = LINE ( 'NONE', #5094, #4825 ) ;
#6529 = CARTESIAN_POINT ( 'NONE',  ( -4.399999999999997691, 1.750000000000000000, 1.699999999999999956 ) ) ;
#6530 = DIRECTION ( 'NONE',  ( 0.0000000000000000000, 1.000000000000000000, 0.0000000000000000000 ) ) ;
#6531 = CARTESIAN_POINT ( 'NONE',  ( -4.250000000000012434, 1.649999999999999911, 0.9500000000000011768 ) ) ;
#6532 = CARTESIAN_POINT ( 'NONE',  ( 4.250000000000038192, 1.649999999999999911, -0.9500000000000006217 ) ) ;
#6533 = DIRECTION ( 'NONE',  ( 2.478176394252582916E-15, 0.0000000000000000000, 1.000000000000000000 ) ) ;
#6534 = FACE_OUTER_BOUND ( 'NONE', #1274, .T. ) ;
#6535 = CARTESIAN_POINT ( 'NONE',  ( 3.199999999999998401, 1.750000000000000000, 1.699999999999998845 ) ) ;
#6536 = PLANE ( 'NONE',  #7077 ) ;
#6537 = VECTOR ( 'NONE', #7684, 1000.000000000000000 ) ;
#6538 =( NAMED_UNIT ( * ) SI_UNIT ( $, .STERADIAN. ) SOLID_ANGLE_UNIT ( ) );
#6539 = CARTESIAN_POINT ( 'NONE',  ( -2.324999999999999734, -1.149999999999999911, -1.800000000000000711 ) ) ;
#6540 = LINE ( 'NONE', #2677, #6280 ) ;
#6541 = PRESENTATION_STYLE_ASSIGNMENT (( #2888 ) ) ;
#6542 = DIRECTION ( 'NONE',  ( 0.0000000000000000000, -1.066845503452557078E-16, 1.000000000000000000 ) ) ;
#6543 = DIRECTION ( 'NONE',  ( 1.224646799147352961E-16, 0.0000000000000000000, -1.000000000000000000 ) ) ;
#6544 = ORIENTED_EDGE ( 'NONE', *, *, #7915, .T. ) ;
#6545 = EDGE_CURVE ( 'NONE', #36, #3531, #5971, .T. ) ;
#6546 = ADVANCED_FACE ( 'NONE', ( #7742 ), #4968, .F. ) ;
#6547 = EDGE_CURVE ( 'NONE', #6699, #6448, #229, .T. ) ;
#6548 = SURFACE_STYLE_USAGE ( .BOTH. , #5828 ) ;
#6549 = FACE_OUTER_BOUND ( 'NONE', #3752, .T. ) ;
#6550 = FILL_AREA_STYLE ('',( #3544 ) ) ;
#6551 = ORIENTED_EDGE ( 'NONE', *, *, #6351, .T. ) ;
#6552 = COLOUR_RGB ( '',0.2509803921568627416, 0.2509803921568627416, 0.2509803921568627416 ) ;
#6553 = DIRECTION ( 'NONE',  ( 1.224646799147352961E-16, -1.204669080539449344E-16, -1.000000000000000000 ) ) ;
#6554 = LINE ( 'NONE', #5807, #564 ) ;
#6555 = ORIENTED_EDGE ( 'NONE', *, *, #8945, .T. ) ;
#6556 = ORIENTED_EDGE ( 'NONE', *, *, #6025, .F. ) ;
#6557 = MECHANICAL_DESIGN_GEOMETRIC_PRESENTATION_REPRESENTATION (  '', ( #5056 ), #7042 ) ;
#6558 = LINE ( 'NONE', #7238, #4540 ) ;
#6559 = CARTESIAN_POINT ( 'NONE',  ( 3.749999999999998668, -1.549999999999999378, -1.149999999999999689 ) ) ;
#6560 = LINE ( 'NONE', #7146, #336 ) ;
#6561 = VECTOR ( 'NONE', #1119, 1000.000000000000000 ) ;
#6562 = EDGE_LOOP ( 'NONE', ( #5026, #38, #4238, #582 ) ) ;
#6563 = UNCERTAINTY_MEASURE_WITH_UNIT (LENGTH_MEASURE( 1.000000000000000082E-05 ), #4818, 'distance_accuracy_value', 'NONE');
#6564 =( LENGTH_UNIT ( ) NAMED_UNIT ( * ) SI_UNIT ( .MILLI., .METRE. ) );
#6565 = CARTESIAN_POINT ( 'NONE',  ( -4.399999999999998579, 1.750000000000000000, 0.9500000000000031752 ) ) ;
#6566 = CARTESIAN_POINT ( 'NONE',  ( 4.150000000000000355, 0.0000000000000000000, -0.5081345747705631188 ) ) ;
#6567 = SURFACE_STYLE_FILL_AREA ( #515 ) ;
#6568 = CARTESIAN_POINT ( 'NONE',  ( -1.749999999999999778, 0.6499999999999998002, 1.800000000000000044 ) ) ;
#6569 = ORIENTED_EDGE ( 'NONE', *, *, #6919, .F. ) ;
#6570 = VECTOR ( 'NONE', #6473, 1000.000000000000000 ) ;
#6571 =( NAMED_UNIT ( * ) PLANE_ANGLE_UNIT ( ) SI_UNIT ( $, .RADIAN. ) );
#6572 = CARTESIAN_POINT ( 'NONE',  ( 2.199999999999999734, -1.149999999999999911, 1.800000000000000266 ) ) ;
#6573 = CARTESIAN_POINT ( 'NONE',  ( 3.199999999999998401, 1.750000000000000000, 1.800000000000000044 ) ) ;
#6574 = ORIENTED_EDGE ( 'NONE', *, *, #4508, .F. ) ;
#6575 = ORIENTED_EDGE ( 'NONE', *, *, #3824, .F. ) ;
#6576 = CARTESIAN_POINT ( 'NONE',  ( 3.199999999999998401, 1.649999999999999911, 1.800000000000000044 ) ) ;
#6577 = SURFACE_STYLE_FILL_AREA ( #8040 ) ;
#6578 = DIRECTION ( 'NONE',  ( 0.0000000000000000000, -1.000000000000000000, 1.112002228190260952E-16 ) ) ;
#6579 = PRESENTATION_LAYER_ASSIGNMENT (  '', '', ( #6049 ) ) ;
#6580 = ORIENTED_EDGE ( 'NONE', *, *, #9002, .T. ) ;
#6581 = VECTOR ( 'NONE', #9177, 1000.000000000000000 ) ;
#6582 = CARTESIAN_POINT ( 'NONE',  ( -4.250000000000024869, 3.649999999999998579, 5.529431079676138247E-14 ) ) ;
#6583 = ORIENTED_EDGE ( 'NONE', *, *, #7308, .F. ) ;
#6584 = ORIENTED_EDGE ( 'NONE', *, *, #8071, .F. ) ;
#6585 = CARTESIAN_POINT ( 'NONE',  ( -2.675000000000000266, -4.649999999999998579, 3.800000000000001155 ) ) ;
#6586 = EDGE_CURVE ( 'NONE', #7755, #7487, #3, .T. ) ;
#6587 = VECTOR ( 'NONE', #1203, 1000.000000000000000 ) ;
#6588 = AXIS2_PLACEMENT_3D ( 'NONE', #2056, #7357, #2834 ) ;
#6589 = ORIENTED_EDGE ( 'NONE', *, *, #7621, .T. ) ;
#6590 = ORIENTED_EDGE ( 'NONE', *, *, #5773, .F. ) ;
#6591 = LINE ( 'NONE', #8567, #2293 ) ;
#6592 = ORIENTED_EDGE ( 'NONE', *, *, #1118, .F. ) ;
#6593 = UNCERTAINTY_MEASURE_WITH_UNIT (LENGTH_MEASURE( 1.000000000000000082E-05 ), #2831, 'distance_accuracy_value', 'NONE');
#6594 = VECTOR ( 'NONE', #9403, 1000.000000000000114 ) ;
#6595 =( GEOMETRIC_REPRESENTATION_CONTEXT ( 3 ) GLOBAL_UNCERTAINTY_ASSIGNED_CONTEXT ( ( #1882 ) ) GLOBAL_UNIT_ASSIGNED_CONTEXT ( ( #7732, #7836, #8996 ) ) REPRESENTATION_CONTEXT ( 'NONE', 'WORKASPACE' ) );
#6596 = ORIENTED_EDGE ( 'NONE', *, *, #4812, .F. ) ;
#6597 = VERTEX_POINT ( 'NONE', #5510 ) ;
#6598 = ADVANCED_FACE ( 'NONE', ( #5755 ), #8515, .T. ) ;
#6599 = AXIS2_PLACEMENT_3D ( 'NONE', #7014, #299, #5537 ) ;
#6600 = PRESENTATION_STYLE_ASSIGNMENT (( #5998 ) ) ;
#6601 = DIRECTION ( 'NONE',  ( 0.0000000000000000000, 0.0000000000000000000, -1.000000000000000000 ) ) ;
#6602 = ORIENTED_EDGE ( 'NONE', *, *, #4734, .F. ) ;
#6603 = ORIENTED_EDGE ( 'NONE', *, *, #1541, .F. ) ;
#6604 = EDGE_CURVE ( 'NONE', #6921, #2833, #1696, .T. ) ;
#6605 = FILL_AREA_STYLE ('',( #9609 ) ) ;
#6606 = VECTOR ( 'NONE', #8583, 1000.000000000000000 ) ;
#6607 = SURFACE_SIDE_STYLE ('',( #2874 ) ) ;
#6609 = AXIS2_PLACEMENT_3D ( 'NONE', #4999, #3565, #1033 ) ;
#6608 = DIRECTION ( 'NONE',  ( 1.000000000000000000, 0.0000000000000000000, -9.396418828210152667E-15 ) ) ;
#6610 = DIRECTION ( 'NONE',  ( 0.0000000000000000000, 0.0000000000000000000, 1.000000000000000000 ) ) ;
#6611 = ORIENTED_EDGE ( 'NONE', *, *, #7662, .F. ) ;
#6612 = EDGE_CURVE ( 'NONE', #1180, #3835, #8813, .T. ) ;
#6613 = EDGE_LOOP ( 'NONE', ( #3399, #8464, #4019, #4499 ) ) ;
#6614 = DIRECTION ( 'NONE',  ( 0.0000000000000000000, -1.000000000000000000, 0.0000000000000000000 ) ) ;
#6615 = ORIENTED_EDGE ( 'NONE', *, *, #9595, .F. ) ;
#6616 = CARTESIAN_POINT ( 'NONE',  ( 4.499999999999999112, 0.0000000000000000000, -0.5081345747705631188 ) ) ;
#6617 = CARTESIAN_POINT ( 'NONE',  ( -1.749999999999999778, 0.1499999999999999667, 2.395876796297097489 ) ) ;
#6618 = CARTESIAN_POINT ( 'NONE',  ( -0.1749999999999998224, -1.149999999999999911, 1.800000000000000266 ) ) ;
#6619 = ORIENTED_EDGE ( 'NONE', *, *, #8809, .T. ) ;
#6620 = ORIENTED_EDGE ( 'NONE', *, *, #1535, .T. ) ;
#6621 = EDGE_CURVE ( 'NONE', #9493, #6238, #1020, .T. ) ;
#6622 = EDGE_LOOP ( 'NONE', ( #9404, #2117, #3100, #673 ) ) ;
#6623 =( GEOMETRIC_REPRESENTATION_CONTEXT ( 3 ) GLOBAL_UNCERTAINTY_ASSIGNED_CONTEXT ( ( #5454 ) ) GLOBAL_UNIT_ASSIGNED_CONTEXT ( ( #3425, #2586, #2654 ) ) REPRESENTATION_CONTEXT ( 'NONE', 'WORKASPACE' ) );
#6624 = EDGE_CURVE ( 'NONE', #8729, #9559, #6791, .T. ) ;
#6625 = UNCERTAINTY_MEASURE_WITH_UNIT (LENGTH_MEASURE( 1.000000000000000082E-05 ), #395, 'distance_accuracy_value', 'NONE');
#6626 = CARTESIAN_POINT ( 'NONE',  ( -0.2999999999999999334, -4.000000000000000000, 1.499999999999999778 ) ) ;
#6627 = ORIENTED_EDGE ( 'NONE', *, *, #3225, .F. ) ;
#6628 = ORIENTED_EDGE ( 'NONE', *, *, #3796, .T. ) ;
#6629 = PLANE ( 'NONE',  #7230 ) ;
#6630 = PLANE ( 'NONE',  #530 ) ;
#6631 = AXIS2_PLACEMENT_3D ( 'NONE', #5724, #4737, #7053 ) ;
#6632 = PLANE ( 'NONE',  #5639 ) ;
#6633 = VECTOR ( 'NONE', #4452, 1000.000000000000227 ) ;
#6634 = SURFACE_STYLE_FILL_AREA ( #4288 ) ;
#6635 = LINE ( 'NONE', #6429, #7097 ) ;
#6636 = CARTESIAN_POINT ( 'NONE',  ( -0.3000000000000003775, -1.149999999999999911, 1.800000000000000044 ) ) ;
#6637 = DIRECTION ( 'NONE',  ( 1.475294133514421281E-32, 1.000000000000000000, -1.204669080539449344E-16 ) ) ;
#6638 = VECTOR ( 'NONE', #1261, 1000.000000000000000 ) ;
#6639 = SURFACE_SIDE_STYLE ('',( #893 ) ) ;
#6640 = VECTOR ( 'NONE', #7839, 1000.000000000000000 ) ;
#6641 = VECTOR ( 'NONE', #5002, 1000.000000000000000 ) ;
#6642 = FILL_AREA_STYLE ('',( #753 ) ) ;
#6643 = EDGE_CURVE ( 'NONE', #709, #826, #2772, .T. ) ;
#6644 = ADVANCED_FACE ( 'NONE', ( #8326 ), #9505, .F. ) ;
#6645 = MECHANICAL_DESIGN_GEOMETRIC_PRESENTATION_REPRESENTATION (  '', ( #5133 ), #7133 ) ;
#6646 = COLOUR_RGB ( '',0.2509803921568627416, 0.2509803921568627416, 0.2509803921568627416 ) ;
#6647 = PRESENTATION_LAYER_ASSIGNMENT (  '', '', ( #5633 ) ) ;
#6648 = PRESENTATION_STYLE_ASSIGNMENT (( #1848 ) ) ;
#6650 = CARTESIAN_POINT ( 'NONE',  ( 4.389493895187377426, 1.750000000000000000, 1.800000000000000044 ) ) ;
#6649 = PRESENTATION_LAYER_ASSIGNMENT (  '', '', ( #6118 ) ) ;
#6651 = LINE ( 'NONE', #2780, #201 ) ;
#6652 = EDGE_CURVE ( 'NONE', #2833, #6008, #4557, .T. ) ;
#6653 = SURFACE_STYLE_FILL_AREA ( #6504 ) ;
#6654 =( GEOMETRIC_REPRESENTATION_CONTEXT ( 3 ) GLOBAL_UNCERTAINTY_ASSIGNED_CONTEXT ( ( #1741 ) ) GLOBAL_UNIT_ASSIGNED_CONTEXT ( ( #1582, #6871, #2330 ) ) REPRESENTATION_CONTEXT ( 'NONE', 'WORKASPACE' ) );
#6655 = VECTOR ( 'NONE', #3819, 1000.000000000000000 ) ;
#6656 = SURFACE_STYLE_USAGE ( .BOTH. , #7444 ) ;
#6657 = CARTESIAN_POINT ( 'NONE',  ( -4.481141720290622743, 0.7424566881162489862, -0.9500000000000020650 ) ) ;
#6658 = CARTESIAN_POINT ( 'NONE',  ( -4.149999999999998579, -1.550000000000000044, -1.500000000000000444 ) ) ;
#6659 = SURFACE_STYLE_FILL_AREA ( #7010 ) ;
#6660 = EDGE_CURVE ( 'NONE', #8825, #7766, #6315, .T. ) ;
#6661 = CARTESIAN_POINT ( 'NONE',  ( -0.2999999999999999334, -4.749999999999999112, 1.499999999999999778 ) ) ;
#6662 = CARTESIAN_POINT ( 'NONE',  ( 0.2999999999999994893, -1.149999999999999911, 1.800000000000000266 ) ) ;
#6663 =( NAMED_UNIT ( * ) SI_UNIT ( $, .STERADIAN. ) SOLID_ANGLE_UNIT ( ) );
#6664 = LINE ( 'NONE', #3004, #2625 ) ;
#6665 = LINE ( 'NONE', #5418, #881 ) ;
#6666 =( NAMED_UNIT ( * ) SI_UNIT ( $, .STERADIAN. ) SOLID_ANGLE_UNIT ( ) );
#6667 = ORIENTED_EDGE ( 'NONE', *, *, #464, .T. ) ;
#6668 = EDGE_LOOP ( 'NONE', ( #2773, #2213, #671, #1819, #8353, #8844, #6202, #6220 ) ) ;
#6669 = FACE_OUTER_BOUND ( 'NONE', #5106, .T. ) ;
#6670 = FILL_AREA_STYLE_COLOUR ( '', #5554 ) ;
#6671 = LINE ( 'NONE', #5694, #8430 ) ;
#6672 = LINE ( 'NONE', #9506, #4764 ) ;
#6673 = EDGE_CURVE ( 'NONE', #4741, #8349, #578, .T. ) ;
#6674 = ORIENTED_EDGE ( 'NONE', *, *, #1179, .T. ) ;
#6675 = LINE ( 'NONE', #8811, #4655 ) ;
#6676 = PRESENTATION_STYLE_ASSIGNMENT (( #4272 ) ) ;
#6677 = MECHANICAL_DESIGN_GEOMETRIC_PRESENTATION_REPRESENTATION (  '', ( #5162 ), #7174 ) ;
#6678 = EDGE_LOOP ( 'NONE', ( #2108, #3511, #7096, #2138 ) ) ;
#6679 = EDGE_CURVE ( 'NONE', #4094, #1585, #8569, .T. ) ;
#6680 = ORIENTED_EDGE ( 'NONE', *, *, #1578, .T. ) ;
#6681 = LINE ( 'NONE', #7089, #687 ) ;
#6682 = CARTESIAN_POINT ( 'NONE',  ( 3.199999999999998401, 1.750000000000000000, 1.800000000000000044 ) ) ;
#6683 = VERTEX_POINT ( 'NONE', #938 ) ;
#6684 = AXIS2_PLACEMENT_3D ( 'NONE', #1338, #1871, #6543 ) ;
#6685 = CARTESIAN_POINT ( 'NONE',  ( 2.674999999999999378, -4.649999999999998579, 3.800000000000001155 ) ) ;
#6686 = EDGE_CURVE ( 'NONE', #467, #1372, #2058, .T. ) ;
#6687 = ORIENTED_EDGE ( 'NONE', *, *, #2040, .T. ) ;
#6688 = ADVANCED_FACE ( 'NONE', ( #4076 ), #3496, .F. ) ;
#6689 = VECTOR ( 'NONE', #2713, 1000.000000000000000 ) ;
#6690 = FILL_AREA_STYLE ('',( #8606 ) ) ;
#6691 =( LENGTH_UNIT ( ) NAMED_UNIT ( * ) SI_UNIT ( .MILLI., .METRE. ) );
#6692 = VERTEX_POINT ( 'NONE', #9208 ) ;
#6693 = ORIENTED_EDGE ( 'NONE', *, *, #448, .T. ) ;
#6694 = ORIENTED_EDGE ( 'NONE', *, *, #2579, .T. ) ;
#6695 = PLANE ( 'NONE',  #2434 ) ;
#6696 = PLANE ( 'NONE',  #618 ) ;
#6697 = DIRECTION ( 'NONE',  ( 0.0000000000000000000, 0.0000000000000000000, 1.000000000000000000 ) ) ;
#6698 = ORIENTED_EDGE ( 'NONE', *, *, #7176, .T. ) ;
#6699 = VERTEX_POINT ( 'NONE', #6572 ) ;
#6700 = CARTESIAN_POINT ( 'NONE',  ( -5.221110255092797026, -1.149999999999999911, 1.500000000000000000 ) ) ;
#6701 = PRODUCT_DEFINITION_CONTEXT ( 'detailed design', #8584, 'design' ) ;
#6702 = VERTEX_POINT ( 'NONE', #4746 ) ;
#6703 = DIRECTION ( 'NONE',  ( 1.807003620809169455E-16, 0.0000000000000000000, -1.000000000000000000 ) ) ;
#6704 = COLOUR_RGB ( '',0.7921568627450980005, 0.8196078431372548767, 0.9333333333333333481 ) ;
#6705 = ORIENTED_EDGE ( 'NONE', *, *, #1976, .F. ) ;
#6706 = PLANE ( 'NONE',  #423 ) ;
#6707 = VERTEX_POINT ( 'NONE', #212 ) ;
#6708 = CARTESIAN_POINT ( 'NONE',  ( -2.799999999999999822, -4.000000000000000000, -1.499999999999999334 ) ) ;
#6709 = ORIENTED_EDGE ( 'NONE', *, *, #4581, .F. ) ;
#6710 = ORIENTED_EDGE ( 'NONE', *, *, #2791, .T. ) ;
#6711 = ORIENTED_EDGE ( 'NONE', *, *, #2909, .T. ) ;
#6712 = AXIS2_PLACEMENT_3D ( 'NONE', #2339, #3118, #8408 ) ;
#6713 = FACE_OUTER_BOUND ( 'NONE', #6719, .T. ) ;
#6714 = ORIENTED_EDGE ( 'NONE', *, *, #6736, .T. ) ;
#6715 = EDGE_CURVE ( 'NONE', #734, #7755, #5866, .T. ) ;
#6716 = PRESENTATION_LAYER_ASSIGNMENT (  '', '', ( #5709 ) ) ;
#6717 = DIRECTION ( 'NONE',  ( 0.0000000000000000000, -4.270406254964893746E-14, -1.000000000000000000 ) ) ;
#6718 = DIRECTION ( 'NONE',  ( -0.0000000000000000000, 1.000000000000000000, 1.544312022800115745E-16 ) ) ;
#6719 = EDGE_LOOP ( 'NONE', ( #6286, #6361, #5991, #6229 ) ) ;
#6720 = ORIENTED_EDGE ( 'NONE', *, *, #8827, .T. ) ;
#6721 = STYLED_ITEM ( 'NONE', ( #6744 ), #5814 ) ;
#6722 = VECTOR ( 'NONE', #4060, 1000.000000000000000 ) ;
#6723 = AXIS2_PLACEMENT_3D ( 'NONE', #8450, #3929, #9215 ) ;
#6724 = CARTESIAN_POINT ( 'NONE',  ( 4.150000000000000355, 0.6499999999999986899, 1.500000000000000000 ) ) ;
#6725 = FILL_AREA_STYLE_COLOUR ( '', #7426 ) ;
#6726 = CARTESIAN_POINT ( 'NONE',  ( 2.799999999999999822, -1.149999999999999911, -1.499999999999999778 ) ) ;
#6727 = FACE_OUTER_BOUND ( 'NONE', #3771, .T. ) ;
#6728 = ORIENTED_EDGE ( 'NONE', *, *, #616, .T. ) ;
#6729 = PLANE ( 'NONE',  #3609 ) ;
#6730 = ORIENTED_EDGE ( 'NONE', *, *, #5097, .F. ) ;
#6732 = PRESENTATION_LAYER_ASSIGNMENT (  '', '', ( #5726 ) ) ;
#6731 = CARTESIAN_POINT ( 'NONE',  ( -2.674999999999999822, -4.649999999999998579, 1.800000000000000711 ) ) ;
#6733 = CARTESIAN_POINT ( 'NONE',  ( -7.124757133476158331E-16, -1.549999999999999378, 1.149999999999997913 ) ) ;
#6734 = CARTESIAN_POINT ( 'NONE',  ( 4.399999999999998579, 1.649999999999999911, -1.700000000000001288 ) ) ;
#6735 = LINE ( 'NONE', #8416, #4257 ) ;
#6736 = EDGE_CURVE ( 'NONE', #8043, #349, #7864, .T. ) ;
#6737 = LINE ( 'NONE', #644, #8753 ) ;
#6738 = ORIENTED_EDGE ( 'NONE', *, *, #749, .T. ) ;
#6739 = CARTESIAN_POINT ( 'NONE',  ( -3.199999999999997957, 1.670000000000000151, -1.720000000000001084 ) ) ;
#6740 = ADVANCED_FACE ( 'NONE', ( #3833 ), #6506, .F. ) ;
#6741 = MANIFOLD_SOLID_BREP ( 'Cut-Extrude23[2]', #9541 ) ;
#6742 = MECHANICAL_DESIGN_GEOMETRIC_PRESENTATION_REPRESENTATION (  '', ( #5222 ), #7251 ) ;
#6743 = DIRECTION ( 'NONE',  ( -1.000000000000000000, -0.0000000000000000000, -0.0000000000000000000 ) ) ;
#6744 = PRESENTATION_STYLE_ASSIGNMENT (( #1820 ) ) ;
#6745 = EDGE_LOOP ( 'NONE', ( #6580, #310, #5543, #4672 ) ) ;
#6746 = PLANE ( 'NONE',  #1042 ) ;
#6747 = CARTESIAN_POINT ( 'NONE',  ( 4.499999999999999112, 1.750000000000000000, -1.800000000000001155 ) ) ;
#6748 = DIRECTION ( 'NONE',  ( 1.000000000000000000, -0.0000000000000000000, -0.0000000000000000000 ) ) ;
#6749 = FILL_AREA_STYLE ('',( #7978 ) ) ;
#6750 = ORIENTED_EDGE ( 'NONE', *, *, #4324, .T. ) ;
#6751 = CARTESIAN_POINT ( 'NONE',  ( -3.199999999999997513, 1.670000000000000151, 1.800000000000000044 ) ) ;
#6752 =( LENGTH_UNIT ( ) NAMED_UNIT ( * ) SI_UNIT ( .MILLI., .METRE. ) );
#6753 = VECTOR ( 'NONE', #7702, 1000.000000000000000 ) ;
#6754 = SURFACE_SIDE_STYLE ('',( #5598 ) ) ;
#6755 = VECTOR ( 'NONE', #1494, 1000.000000000000000 ) ;
#6756 = CARTESIAN_POINT ( 'NONE',  ( -5.221110255092797026, -1.149999999999999467, -1.800000000000000488 ) ) ;
#6757 = VECTOR ( 'NONE', #1266, 1000.000000000000000 ) ;
#6758 = AXIS2_PLACEMENT_3D ( 'NONE', #7970, #8045, #1940 ) ;
#6759 = LINE ( 'NONE', #5333, #3195 ) ;
#6760 =( NAMED_UNIT ( * ) SI_UNIT ( $, .STERADIAN. ) SOLID_ANGLE_UNIT ( ) );
#6761 = COLOUR_RGB ( '',0.2509803921568627416, 0.2509803921568627416, 0.2509803921568627416 ) ;
#6762 = FACE_OUTER_BOUND ( 'NONE', #2813, .T. ) ;
#6763 = EDGE_CURVE ( 'NONE', #8904, #1354, #2278, .T. ) ;
#6764 = PRESENTATION_LAYER_ASSIGNMENT (  '', '', ( #6242 ) ) ;
#6765 = DIRECTION ( 'NONE',  ( -0.0000000000000000000, 1.000000000000000000, -0.0000000000000000000 ) ) ;
#6766 = PRESENTATION_STYLE_ASSIGNMENT (( #3205 ) ) ;
#6767 = COLOUR_RGB ( '',0.2509803921568627416, 0.2509803921568627416, 0.2509803921568627416 ) ;
#6768 = ORIENTED_EDGE ( 'NONE', *, *, #6545, .T. ) ;
#6769 = PLANE ( 'NONE',  #3278 ) ;
#6770 = DIRECTION ( 'NONE',  ( 0.0000000000000000000, -0.6427876096865436928, 0.7660444431189743497 ) ) ;
#6771 = COLOUR_RGB ( '',0.2509803921568627416, 0.2509803921568627416, 0.2509803921568627416 ) ;
#6772 = CARTESIAN_POINT ( 'NONE',  ( -4.157921419152776465, 0.6499999999999989120, 1.500000000000000000 ) ) ;
#6773 = CARTESIAN_POINT ( 'NONE',  ( 0.0000000000000000000, 0.0000000000000000000, 1.500000000000000000 ) ) ;
#6774 = LINE ( 'NONE', #7333, #2746 ) ;
#6775 = EDGE_CURVE ( 'NONE', #6335, #834, #5618, .T. ) ;
#6777 = EDGE_LOOP ( 'NONE', ( #7764, #2487, #2331, #2907, #8630, #5024, #8816, #3830 ) ) ;
#6776 = AXIS2_PLACEMENT_3D ( 'NONE', #6932, #7693, #5514 ) ;
#6778 = LINE ( 'NONE', #1432, #3820 ) ;
#6779 = VECTOR ( 'NONE', #1908, 1000.000000000000000 ) ;
#6780 = ADVANCED_FACE ( 'NONE', ( #7618 ), #6431, .F. ) ;
#6781 = ORIENTED_EDGE ( 'NONE', *, *, #2745, .T. ) ;
#6782 = EDGE_CURVE ( 'NONE', #3506, #5912, #901, .T. ) ;
#6783 = CARTESIAN_POINT ( 'NONE',  ( 4.399999999999998579, 3.295974604355942847E-16, -0.9500000000000027311 ) ) ;
#6784 = LINE ( 'NONE', #2581, #8803 ) ;
#6785 =( NAMED_UNIT ( * ) PLANE_ANGLE_UNIT ( ) SI_UNIT ( $, .RADIAN. ) );
#6786 = ORIENTED_EDGE ( 'NONE', *, *, #2960, .T. ) ;
#6787 = ORIENTED_EDGE ( 'NONE', *, *, #130, .T. ) ;
#6788 = EDGE_CURVE ( 'NONE', #4661, #8005, #4910, .T. ) ;
#6789 = SURFACE_SIDE_STYLE ('',( #996 ) ) ;
#6790 = DIRECTION ( 'NONE',  ( -1.000000000000000000, 0.0000000000000000000, -1.224646799147352961E-16 ) ) ;
#6791 = LINE ( 'NONE', #436, #6570 ) ;
#6792 =( GEOMETRIC_REPRESENTATION_CONTEXT ( 3 ) GLOBAL_UNCERTAINTY_ASSIGNED_CONTEXT ( ( #8970 ) ) GLOBAL_UNIT_ASSIGNED_CONTEXT ( ( #2699, #3051, #2282 ) ) REPRESENTATION_CONTEXT ( 'NONE', 'WORKASPACE' ) );
#6793 = ORIENTED_EDGE ( 'NONE', *, *, #353, .F. ) ;
#6794 = EDGE_CURVE ( 'NONE', #4794, #3506, #6681, .T. ) ;
#6795 = ORIENTED_EDGE ( 'NONE', *, *, #4102, .F. ) ;
#6797 = DIRECTION ( 'NONE',  ( -0.0000000000000000000, -0.0000000000000000000, 1.000000000000000000 ) ) ;
#6796 =( NAMED_UNIT ( * ) PLANE_ANGLE_UNIT ( ) SI_UNIT ( $, .RADIAN. ) );
#6798 = ORIENTED_EDGE ( 'NONE', *, *, #9507, .T. ) ;
#6799 = DIRECTION ( 'NONE',  ( -0.0000000000000000000, 1.000000000000000000, -0.0000000000000000000 ) ) ;
#6800 = PRESENTATION_STYLE_ASSIGNMENT (( #5645 ) ) ;
#6801 = DIRECTION ( 'NONE',  ( -1.000000000000000000, 0.0000000000000000000, -1.224646799147352961E-16 ) ) ;
#6802 = LINE ( 'NONE', #1342, #3745 ) ;
#6803 = ORIENTED_EDGE ( 'NONE', *, *, #8361, .T. ) ;
#6804 = ORIENTED_EDGE ( 'NONE', *, *, #5809, .T. ) ;
#6805 = DIRECTION ( 'NONE',  ( -1.000000000000000000, -0.0000000000000000000, -0.0000000000000000000 ) ) ;
#6806 = ORIENTED_EDGE ( 'NONE', *, *, #440, .F. ) ;
#6807 = VERTEX_POINT ( 'NONE', #2455 ) ;
#6808 = SURFACE_SIDE_STYLE ('',( #759 ) ) ;
#6809 = LINE ( 'NONE', #4252, #8587 ) ;
#6810 = LINE ( 'NONE', #631, #1054 ) ;
#6811 = CARTESIAN_POINT ( 'NONE',  ( -3.299999999999997602, -1.549999999999999378, 0.2249999999999989786 ) ) ;
#6812 = ORIENTED_EDGE ( 'NONE', *, *, #6788, .T. ) ;
#6813 = CARTESIAN_POINT ( 'NONE',  ( 0.1749999999999998224, -4.649999999999998579, 1.500000000000000000 ) ) ;
#6814 = VERTEX_POINT ( 'NONE', #4164 ) ;
#6815 = CARTESIAN_POINT ( 'NONE',  ( 0.1749999999999998224, -0.8499999999999992006, 1.499999999999999334 ) ) ;
#6816 = EDGE_LOOP ( 'NONE', ( #2550, #1139, #3035, #7845 ) ) ;
#6817 = FILL_AREA_STYLE_COLOUR ( '', #7692 ) ;
#6818 = CARTESIAN_POINT ( 'NONE',  ( -2.200000000000000178, -0.8499999999999992006, -1.499999999999999778 ) ) ;
#6819 = VECTOR ( 'NONE', #6833, 1000.000000000000000 ) ;
#6820 = ORIENTED_EDGE ( 'NONE', *, *, #9730, .F. ) ;
#6821 = DIRECTION ( 'NONE',  ( -1.000000000000000000, 0.0000000000000000000, 0.0000000000000000000 ) ) ;
#6822 = ADVANCED_FACE ( 'NONE', ( #8700 ), #8784, .F. ) ;
#6823 = VECTOR ( 'NONE', #1423, 1000.000000000000227 ) ;
#6824 = CARTESIAN_POINT ( 'NONE',  ( -1.749999999999999778, 0.6499999999999998002, 1.800000000000000044 ) ) ;
#6825 = PRESENTATION_LAYER_ASSIGNMENT (  '', '', ( #5833 ) ) ;
#6826 = LINE ( 'NONE', #8806, #7039 ) ;
#6827 = CARTESIAN_POINT ( 'NONE',  ( -2.799999999999999822, -0.8499999999999992006, 0.8291796067500618594 ) ) ;
#6828 = VERTEX_POINT ( 'NONE', #5577 ) ;
#6829 = EDGE_CURVE ( 'NONE', #1748, #2660, #7731, .T. ) ;
#6830 = STYLED_ITEM ( 'NONE', ( #2500 ), #7884 ) ;
#6831 = CARTESIAN_POINT ( 'NONE',  ( -2.675000000000000266, -4.649999999999998579, 3.800000000000001155 ) ) ;
#6832 = MECHANICAL_DESIGN_GEOMETRIC_PRESENTATION_REPRESENTATION (  '', ( #5841 ), #7351 ) ;
#6833 = DIRECTION ( 'NONE',  ( 1.000000000000000000, -0.0000000000000000000, -0.0000000000000000000 ) ) ;
#6834 = CARTESIAN_POINT ( 'NONE',  ( -4.399999999999998579, 1.664434642797401942, 0.9500000000000031752 ) ) ;
#6835 = SURFACE_STYLE_FILL_AREA ( #7741 ) ;
#6836 = ORIENTED_EDGE ( 'NONE', *, *, #3108, .F. ) ;
#6837 = EDGE_CURVE ( 'NONE', #8904, #1250, #9757, .T. ) ;
#6838 = ORIENTED_EDGE ( 'NONE', *, *, #3077, .T. ) ;
#6839 = DIRECTION ( 'NONE',  ( 0.0000000000000000000, 0.0000000000000000000, -1.000000000000000000 ) ) ;
#6840 = DIRECTION ( 'NONE',  ( 1.445602896647335761E-15, 1.000000000000000000, -1.112002228190259226E-16 ) ) ;
#6841 = LINE ( 'NONE', #1991, #5102 ) ;
#6842 = LINE ( 'NONE', #6995, #267 ) ;
#6843 = DIRECTION ( 'NONE',  ( -0.0000000000000000000, -0.0000000000000000000, 1.000000000000000000 ) ) ;
#6844 = DIRECTION ( 'NONE',  ( 1.000000000000000000, -0.0000000000000000000, 1.239088197126291655E-15 ) ) ;
#6845 = EDGE_CURVE ( 'NONE', #2897, #252, #5745, .T. ) ;
#6846 = PLANE ( 'NONE',  #8868 ) ;
#6847 = DIRECTION ( 'NONE',  ( -0.0000000000000000000, 1.000000000000000000, -0.0000000000000000000 ) ) ;
#6848 = EDGE_CURVE ( 'NONE', #622, #573, #9510, .T. ) ;
#6849 = UNCERTAINTY_MEASURE_WITH_UNIT (LENGTH_MEASURE( 1.000000000000000082E-05 ), #90, 'distance_accuracy_value', 'NONE');
#6850 = LINE ( 'NONE', #3219, #410 ) ;
#6851 = CARTESIAN_POINT ( 'NONE',  ( 4.179999999999999716, 0.6199999999999988853, 1.500000000000000000 ) ) ;
#6852 = FILL_AREA_STYLE_COLOUR ( '', #4382 ) ;
#6853 = CARTESIAN_POINT ( 'NONE',  ( -4.499999999999998224, 0.6499999999999989120, -1.800000000000000933 ) ) ;
#6854 = ORIENTED_EDGE ( 'NONE', *, *, #4994, .F. ) ;
#6855 = LINE ( 'NONE', #2120, #5111 ) ;
#6856 = VERTEX_POINT ( 'NONE', #194 ) ;
#6857 = DIRECTION ( 'NONE',  ( 0.0000000000000000000, 1.000000000000000000, -4.818676322157808222E-16 ) ) ;
#6858 = MECHANICAL_DESIGN_GEOMETRIC_PRESENTATION_REPRESENTATION (  '', ( #5343 ), #7377 ) ;
#6859 = CARTESIAN_POINT ( 'NONE',  ( -4.250000000000000000, -0.3500000000000006439, 1.500000000000000000 ) ) ;
#6860 = EDGE_CURVE ( 'NONE', #6023, #6475, #9269, .T. ) ;
#6861 = DIRECTION ( 'NONE',  ( 0.0000000000000000000, -0.9265528178475217480, -0.3761646923075278592 ) ) ;
#6862 =( LENGTH_UNIT ( ) NAMED_UNIT ( * ) SI_UNIT ( .MILLI., .METRE. ) );
#6863 =( NAMED_UNIT ( * ) SI_UNIT ( $, .STERADIAN. ) SOLID_ANGLE_UNIT ( ) );
#6864 = CYLINDRICAL_SURFACE ( 'NONE', #4505, 0.3000000000000007661 ) ;
#6865 = SURFACE_STYLE_FILL_AREA ( #3808 ) ;
#6866 = CARTESIAN_POINT ( 'NONE',  ( -2.674999999999999378, -0.8499999999999992006, -1.499999999999999778 ) ) ;
#6867 = ADVANCED_FACE ( 'NONE', ( #1686 ), #6097, .F. ) ;
#6868 = CARTESIAN_POINT ( 'NONE',  ( 3.199999999999997957, 1.649999999999999911, 0.0000000000000000000 ) ) ;
#6869 = FILL_AREA_STYLE ('',( #6098 ) ) ;
#6870 = AXIS2_PLACEMENT_3D ( 'NONE', #1919, #4774, #1458 ) ;
#6871 =( NAMED_UNIT ( * ) PLANE_ANGLE_UNIT ( ) SI_UNIT ( $, .RADIAN. ) );
#6872 = DIRECTION ( 'NONE',  ( 0.0000000000000000000, -0.0000000000000000000, -1.000000000000000000 ) ) ;
#6873 = SURFACE_STYLE_FILL_AREA ( #7501 ) ;
#6874 = VECTOR ( 'NONE', #1666, 1000.000000000000000 ) ;
#6875 =( GEOMETRIC_REPRESENTATION_CONTEXT ( 3 ) GLOBAL_UNCERTAINTY_ASSIGNED_CONTEXT ( ( #7463 ) ) GLOBAL_UNIT_ASSIGNED_CONTEXT ( ( #4564, #8319, #4654 ) ) REPRESENTATION_CONTEXT ( 'NONE', 'WORKASPACE' ) );
#6876 = CARTESIAN_POINT ( 'NONE',  ( 4.499999999999998224, 0.6500000000000000222, -0.9500000000000041744 ) ) ;
#6877 = LINE ( 'NONE', #6298, #3095 ) ;
#6878 = PLANE ( 'NONE',  #4309 ) ;
#6879 = CARTESIAN_POINT ( 'NONE',  ( -5.221110255092797026, -1.149999999999999911, 1.500000000000000000 ) ) ;
#6880 = PLANE ( 'NONE',  #6712 ) ;
#6881 = LINE ( 'NONE', #6783, #5850 ) ;
#6882 = EDGE_CURVE ( 'NONE', #3545, #681, #3236, .T. ) ;
#6883 = PLANE ( 'NONE',  #1515 ) ;
#6884 = MECHANICAL_DESIGN_GEOMETRIC_PRESENTATION_REPRESENTATION (  '', ( #5373 ), #7402 ) ;
#6885 = ORIENTED_EDGE ( 'NONE', *, *, #3608, .T. ) ;
#6886 = LINE ( 'NONE', #1142, #3105 ) ;
#6887 = DIRECTION ( 'NONE',  ( 0.1218693434051553726, 0.9925461516413209839, -2.936244597316699350E-18 ) ) ;
#6888 = CARTESIAN_POINT ( 'NONE',  ( -1.235990476633410999E-14, 0.6500000000000000222, 0.9499999999999447775 ) ) ;
#6889 = PRESENTATION_LAYER_ASSIGNMENT (  '', '', ( #5903 ) ) ;
#6890 = CARTESIAN_POINT ( 'NONE',  ( -3.399999999999998135, 6.925848040166833641, 0.0000000000000000000 ) ) ;
#6891 = CARTESIAN_POINT ( 'NONE',  ( 4.150000000000000355, 0.6499999999999989120, -1.500000000000000000 ) ) ;
#6892 = VECTOR ( 'NONE', #3529, 1000.000000000000000 ) ;
#6893 = DIRECTION ( 'NONE',  ( 0.0000000000000000000, -0.9265528178475213039, 0.3761646923075291360 ) ) ;
#6894 = VECTOR ( 'NONE', #2153, 1000.000000000000000 ) ;
#6895 = SURFACE_STYLE_USAGE ( .BOTH. , #765 ) ;
#6897 =( NAMED_UNIT ( * ) PLANE_ANGLE_UNIT ( ) SI_UNIT ( $, .RADIAN. ) );
#6896 = PRESENTATION_LAYER_ASSIGNMENT (  '', '', ( #5906 ) ) ;
#6898 = ORIENTED_EDGE ( 'NONE', *, *, #3947, .F. ) ;
#6899 = VECTOR ( 'NONE', #5402, 1000.000000000000227 ) ;
#6900 = AXIS2_PLACEMENT_3D ( 'NONE', #7360, #1897, #406 ) ;
#6901 = VECTOR ( 'NONE', #1731, 1000.000000000000227 ) ;
#6902 = ADVANCED_BREP_SHAPE_REPRESENTATION ( 'JS202011AQN', ( #9526, #1459, #8490, #6741, #7026, #489, #3211, #5000, #4008, #1965 ), #7235 ) ;
#6903 = ORIENTED_EDGE ( 'NONE', *, *, #8104, .T. ) ;
#6904 = UNCERTAINTY_MEASURE_WITH_UNIT (LENGTH_MEASURE( 1.000000000000000082E-05 ), #2619, 'distance_accuracy_value', 'NONE');
#6905 = CARTESIAN_POINT ( 'NONE',  ( -4.168858279709376724, 0.6575433118837494817, -0.9500000000000025091 ) ) ;
#6906 = VERTEX_POINT ( 'NONE', #7730 ) ;
#6907 = EDGE_CURVE ( 'NONE', #4265, #2298, #9020, .T. ) ;
#6908 = ORIENTED_EDGE ( 'NONE', *, *, #6715, .T. ) ;
#6909 = PLANE ( 'NONE',  #3156 ) ;
#6910 = ORIENTED_EDGE ( 'NONE', *, *, #7108, .T. ) ;
#6911 = VERTEX_POINT ( 'NONE', #9139 ) ;
#6912 = DIRECTION ( 'NONE',  ( 1.224646799147352961E-16, -1.112002228190260705E-16, -1.000000000000000000 ) ) ;
#6913 = VECTOR ( 'NONE', #3979, 1000.000000000000000 ) ;
#6914 = EDGE_LOOP ( 'NONE', ( #958, #8699, #3498, #4971 ) ) ;
#6915 = ORIENTED_EDGE ( 'NONE', *, *, #2984, .F. ) ;
#6916 = DIRECTION ( 'NONE',  ( 1.224646799147352961E-16, -1.204669080539449344E-16, -1.000000000000000000 ) ) ;
#6917 = ORIENTED_EDGE ( 'NONE', *, *, #1093, .T. ) ;
#6918 = VERTEX_POINT ( 'NONE', #7633 ) ;
#6919 = EDGE_CURVE ( 'NONE', #252, #5597, #1257, .T. ) ;
#6920 = DIRECTION ( 'NONE',  ( 0.0000000000000000000, -0.0000000000000000000, 1.000000000000000000 ) ) ;
#6921 = VERTEX_POINT ( 'NONE', #7030 ) ;
#6922 = SURFACE_STYLE_USAGE ( .BOTH. , #1628 ) ;
#6923 = ADVANCED_FACE ( 'NONE', ( #1465 ), #7697, .F. ) ;
#6924 = FILL_AREA_STYLE_COLOUR ( '', #4395 ) ;
#6925 = VERTEX_POINT ( 'NONE', #4699 ) ;
#6926 = DIRECTION ( 'NONE',  ( 1.000000000000000000, -0.0000000000000000000, 2.478176394252583310E-15 ) ) ;
#6927 = VECTOR ( 'NONE', #6445, 1000.000000000000000 ) ;
#6928 = ORIENTED_EDGE ( 'NONE', *, *, #1528, .F. ) ;
#6929 = ORIENTED_EDGE ( 'NONE', *, *, #866, .T. ) ;
#6930 = ORIENTED_EDGE ( 'NONE', *, *, #3989, .T. ) ;
#6931 = PLANE ( 'NONE',  #4502 ) ;
#6932 = CARTESIAN_POINT ( 'NONE',  ( -0.2999999999999999334, -0.8499999999999992006, 0.8291796067500618594 ) ) ;
#6933 =( NAMED_UNIT ( * ) PLANE_ANGLE_UNIT ( ) SI_UNIT ( $, .RADIAN. ) );
#6934 = FILL_AREA_STYLE ('',( #7124 ) ) ;
#6935 = VECTOR ( 'NONE', #3350, 1000.000000000000000 ) ;
#6936 = VECTOR ( 'NONE', #8125, 999.9999999999998863 ) ;
#6937 = VECTOR ( 'NONE', #2335, 1000.000000000000114 ) ;
#6938 =( NAMED_UNIT ( * ) SI_UNIT ( $, .STERADIAN. ) SOLID_ANGLE_UNIT ( ) );
#6939 = AXIS2_PLACEMENT_3D ( 'NONE', #6417, #3411, #4218 ) ;
#6940 = ORIENTED_EDGE ( 'NONE', *, *, #8354, .T. ) ;
#6941 = UNCERTAINTY_MEASURE_WITH_UNIT (LENGTH_MEASURE( 1.000000000000000082E-05 ), #7115, 'distance_accuracy_value', 'NONE');
#6942 = ORIENTED_EDGE ( 'NONE', *, *, #8865, .T. ) ;
#6943 = CARTESIAN_POINT ( 'NONE',  ( 3.399999999999998135, -1.750000000000000000, -0.8000000000000001554 ) ) ;
#6944 = VECTOR ( 'NONE', #1044, 1000.000000000000000 ) ;
#6945 = CARTESIAN_POINT ( 'NONE',  ( 4.150000000000000355, 0.0000000000000000000, 0.5081345747705630078 ) ) ;
#6946 = EDGE_CURVE ( 'NONE', #2623, #7510, #3695, .T. ) ;
#6947 =( LENGTH_UNIT ( ) NAMED_UNIT ( * ) SI_UNIT ( .MILLI., .METRE. ) );
#6948 = PRESENTATION_LAYER_ASSIGNMENT (  '', '', ( #5945 ) ) ;
#6949 = DIRECTION ( 'NONE',  ( -0.0000000000000000000, -1.000000000000000000, -0.0000000000000000000 ) ) ;
#6950 = ORIENTED_EDGE ( 'NONE', *, *, #7939, .F. ) ;
#6951 = VERTEX_POINT ( 'NONE', #4629 ) ;
#6952 = DIRECTION ( 'NONE',  ( -1.000000000000000000, 0.0000000000000000000, -1.301042606982613367E-14 ) ) ;
#6953 =( NAMED_UNIT ( * ) PLANE_ANGLE_UNIT ( ) SI_UNIT ( $, .RADIAN. ) );
#6954 = VERTEX_POINT ( 'NONE', #221 ) ;
#6955 =( GEOMETRIC_REPRESENTATION_CONTEXT ( 3 ) GLOBAL_UNCERTAINTY_ASSIGNED_CONTEXT ( ( #3948 ) ) GLOBAL_UNIT_ASSIGNED_CONTEXT ( ( #8795, #1246, #8073 ) ) REPRESENTATION_CONTEXT ( 'NONE', 'WORKASPACE' ) );
#6956 = CARTESIAN_POINT ( 'NONE',  ( 4.399999999999998579, 1.649999999999999911, 0.9500000000000027311 ) ) ;
#6957 = LINE ( 'NONE', #3654, #4717 ) ;
#6958 = PRESENTATION_LAYER_ASSIGNMENT (  '', '', ( #5951 ) ) ;
#6959 = FILL_AREA_STYLE ('',( #9304 ) ) ;
#6960 = CARTESIAN_POINT ( 'NONE',  ( -3.749999999999997780, -1.750000000000000000, 0.7999999999999992673 ) ) ;
#6961 = VECTOR ( 'NONE', #1526, 1000.000000000000000 ) ;
#6962 = ORIENTED_EDGE ( 'NONE', *, *, #2450, .T. ) ;
#6963 = EDGE_CURVE ( 'NONE', #1645, #1880, #5715, .T. ) ;
#6964 = VERTEX_POINT ( 'NONE', #6128 ) ;
#6965 = PRESENTATION_LAYER_ASSIGNMENT (  '', '', ( #5954 ) ) ;
#6966 = CARTESIAN_POINT ( 'NONE',  ( -4.399999999999998579, 1.649999999999999911, -0.9500000000000009548 ) ) ;
#6967 = PLANE ( 'NONE',  #7725 ) ;
#6968 = EDGE_CURVE ( 'NONE', #5063, #622, #5457, .T. ) ;
#6969 = VECTOR ( 'NONE', #70, 1000.000000000000000 ) ;
#6970 = ORIENTED_EDGE ( 'NONE', *, *, #5019, .T. ) ;
#6971 = FILL_AREA_STYLE_COLOUR ( '', #1009 ) ;
#6972 = ADVANCED_FACE ( 'NONE', ( #1438 ), #8526, .T. ) ;
#6973 = SURFACE_STYLE_USAGE ( .BOTH. , #4143 ) ;
#6974 = PLANE ( 'NONE',  #2386 ) ;
#6975 = FACE_OUTER_BOUND ( 'NONE', #1268, .T. ) ;
#6976 = FILL_AREA_STYLE ('',( #8466 ) ) ;
#6977 = EDGE_CURVE ( 'NONE', #5806, #19, #6665, .T. ) ;
#6978 = CARTESIAN_POINT ( 'NONE',  ( 4.179999999999999716, 0.6499999999999989120, -1.800000000000000933 ) ) ;
#6979 = ORIENTED_EDGE ( 'NONE', *, *, #6122, .F. ) ;
#6980 = LINE ( 'NONE', #3872, #6263 ) ;
#6981 = AXIS2_PLACEMENT_3D ( 'NONE', #4659, #3933, #9345 ) ;
#6982 = EDGE_CURVE ( 'NONE', #8610, #9582, #2866, .T. ) ;
#6983 = ADVANCED_FACE ( 'NONE', ( #8676 ), #6267, .F. ) ;
#6984 = DIRECTION ( 'NONE',  ( -1.239088197126291458E-15, 0.0000000000000000000, 1.000000000000000000 ) ) ;
#6985 = PRESENTATION_STYLE_ASSIGNMENT (( #7141 ) ) ;
#6986 = CARTESIAN_POINT ( 'NONE',  ( -4.499999999999998224, 1.750000000000000000, 1.800000000000000044 ) ) ;
#6987 = DIRECTION ( 'NONE',  ( -1.000000000000000000, 0.0000000000000000000, -1.224646799147352961E-16 ) ) ;
#6988 = DIRECTION ( 'NONE',  ( 0.0000000000000000000, 1.000000000000000000, -0.0000000000000000000 ) ) ;
#6989 = SURFACE_STYLE_FILL_AREA ( #8458 ) ;
#6990 = DIRECTION ( 'NONE',  ( -0.1888473936501247619, -0.9820064469806472074, 9.517214474070424028E-17 ) ) ;
#6992 = FILL_AREA_STYLE ('',( #5764 ) ) ;
#6991 = FACE_OUTER_BOUND ( 'NONE', #8347, .T. ) ;
#6993 = EDGE_CURVE ( 'NONE', #4441, #5288, #9741, .T. ) ;
#6994 = DIRECTION ( 'NONE',  ( -1.224646799147352961E-16, 1.204669080539449344E-16, 1.000000000000000000 ) ) ;
#6995 = CARTESIAN_POINT ( 'NONE',  ( 4.150000000000000355, -0.3500000000000005884, 1.500000000000000000 ) ) ;
#6996 = VECTOR ( 'NONE', #6637, 1000.000000000000000 ) ;
#6997 = COLOUR_RGB ( '',0.2509803921568627416, 0.2509803921568627416, 0.2509803921568627416 ) ;
#6998 = DIRECTION ( 'NONE',  ( -1.000000000000000000, 0.0000000000000000000, -0.0000000000000000000 ) ) ;
#6999 = ORIENTED_EDGE ( 'NONE', *, *, #7298, .T. ) ;
#7000 = ORIENTED_EDGE ( 'NONE', *, *, #4979, .F. ) ;
#7001 = DIRECTION ( 'NONE',  ( 1.000000000000000000, 0.0000000000000000000, -0.0000000000000000000 ) ) ;
#7002 = LINE ( 'NONE', #5128, #8792 ) ;
#7003 = VECTOR ( 'NONE', #7962, 1000.000000000000000 ) ;
#7004 = CARTESIAN_POINT ( 'NONE',  ( 4.399999999999998579, 1.664434642797410602, -1.700000000000001288 ) ) ;
#7005 = PRESENTATION_STYLE_ASSIGNMENT (( #3504 ) ) ;
#7006 = AXIS2_PLACEMENT_3D ( 'NONE', #1571, #3331, #4752 ) ;
#7007 = ORIENTED_EDGE ( 'NONE', *, *, #5320, .T. ) ;
#7008 = SURFACE_STYLE_FILL_AREA ( #3398 ) ;
#7009 = AXIS2_PLACEMENT_3D ( 'NONE', #4041, #9330, #4808 ) ;
#7010 = FILL_AREA_STYLE ('',( #689 ) ) ;
#7011 = CARTESIAN_POINT ( 'NONE',  ( -0.2999999999999999334, -1.149999999999999911, -1.499999999999999778 ) ) ;
#7012 = COLOUR_RGB ( '',0.2509803921568627416, 0.2509803921568627416, 0.2509803921568627416 ) ;
#7013 = EDGE_CURVE ( 'NONE', #6088, #8459, #5948, .T. ) ;
#7014 = CARTESIAN_POINT ( 'NONE',  ( 2.200000000000000178, -4.749999999999999112, 1.499999999999999778 ) ) ;
#7015 = ADVANCED_FACE ( 'NONE', ( #1674 ), #2552, .F. ) ;
#7016 = VECTOR ( 'NONE', #4758, 1000.000000000000227 ) ;
#7017 = DIRECTION ( 'NONE',  ( -0.0000000000000000000, -0.0000000000000000000, 1.000000000000000000 ) ) ;
#7018 = FILL_AREA_STYLE_COLOUR ( '', #25 ) ;
#7019 = VERTEX_POINT ( 'NONE', #7085 ) ;
#7020 = ORIENTED_EDGE ( 'NONE', *, *, #4846, .T. ) ;
#7021 = FILL_AREA_STYLE_COLOUR ( '', #8424 ) ;
#7022 = VECTOR ( 'NONE', #3598, 1000.000000000000000 ) ;
#7023 = CARTESIAN_POINT ( 'NONE',  ( -4.399999999999998579, 1.664434642797405495, -0.9500000000000009548 ) ) ;
#7024 = ORIENTED_EDGE ( 'NONE', *, *, #6545, .F. ) ;
#7025 = CARTESIAN_POINT ( 'NONE',  ( 0.0000000000000000000, 0.0000000000000000000, 0.0000000000000000000 ) ) ;
#7026 = MANIFOLD_SOLID_BREP ( 'LPattern1[1]', #6208 ) ;
#7027 = ADVANCED_FACE ( 'NONE', ( #5023 ), #3323, .F. ) ;
#7028 = ORIENTED_EDGE ( 'NONE', *, *, #8493, .F. ) ;
#7029 = ORIENTED_EDGE ( 'NONE', *, *, #4352, .T. ) ;
#7030 = CARTESIAN_POINT ( 'NONE',  ( 4.481141720290622743, 0.7424566881162489862, -0.9500000000000020650 ) ) ;
#7031 = CARTESIAN_POINT ( 'NONE',  ( -4.250000000000000000, -0.3500000000000006439, -1.500000000000000000 ) ) ;
#7032 = EDGE_CURVE ( 'NONE', #5273, #6707, #4300, .T. ) ;
#7033 = ORIENTED_EDGE ( 'NONE', *, *, #6643, .T. ) ;
#7034 = SURFACE_STYLE_FILL_AREA ( #1960 ) ;
#7035 = EDGE_CURVE ( 'NONE', #4086, #2449, #318, .T. ) ;
#7036 = ORIENTED_EDGE ( 'NONE', *, *, #1309, .F. ) ;
#7037 = ORIENTED_EDGE ( 'NONE', *, *, #7915, .F. ) ;
#7038 = DIRECTION ( 'NONE',  ( 1.224646799147352961E-16, -1.204669080539449344E-16, -1.000000000000000000 ) ) ;
#7039 = VECTOR ( 'NONE', #4536, 1000.000000000000000 ) ;
#7040 = ORIENTED_EDGE ( 'NONE', *, *, #6612, .T. ) ;
#7041 = VERTEX_POINT ( 'NONE', #5685 ) ;
#7042 =( GEOMETRIC_REPRESENTATION_CONTEXT ( 3 ) GLOBAL_UNCERTAINTY_ASSIGNED_CONTEXT ( ( #878 ) ) GLOBAL_UNIT_ASSIGNED_CONTEXT ( ( #7983, #9573, #5958 ) ) REPRESENTATION_CONTEXT ( 'NONE', 'WORKASPACE' ) );
#7043 = SURFACE_STYLE_USAGE ( .BOTH. , #1753 ) ;
#7044 = ORIENTED_EDGE ( 'NONE', *, *, #1757, .T. ) ;
#7045 = CARTESIAN_POINT ( 'NONE',  ( 4.499999999999998224, 0.6500000000000000222, -3.617278184538625041 ) ) ;
#7046 = SURFACE_STYLE_USAGE ( .BOTH. , #1761 ) ;
#7047 = DIRECTION ( 'NONE',  ( -0.1888473936501247619, 0.9820064469806472074, -1.414264159728933213E-16 ) ) ;
#7048 = CARTESIAN_POINT ( 'NONE',  ( -1.235990476633410999E-14, 1.649999999999999911, 0.9499999999999447775 ) ) ;
#7049 = FILL_AREA_STYLE ('',( #6370 ) ) ;
#7050 = VECTOR ( 'NONE', #8207, 1000.000000000000000 ) ;
#7051 = ORIENTED_EDGE ( 'NONE', *, *, #6054, .T. ) ;
#7052 = LINE ( 'NONE', #1639, #5188 ) ;
#7053 = DIRECTION ( 'NONE',  ( 0.9284766908852573053, -0.3713906763541089395, 0.0000000000000000000 ) ) ;
#7054 = ORIENTED_EDGE ( 'NONE', *, *, #1041, .T. ) ;
#7055 = CARTESIAN_POINT ( 'NONE',  ( 0.2999999999999999334, -4.000000000000001776, -1.499999999999999334 ) ) ;
#7056 = LINE ( 'NONE', #9406, #4823 ) ;
#7057 = CARTESIAN_POINT ( 'NONE',  ( 4.150000000000000355, 3.295974604355942847E-16, -0.9500000000000027311 ) ) ;
#7058 = DIRECTION ( 'NONE',  ( 0.0000000000000000000, 1.000000000000000000, -4.270406254964893746E-14 ) ) ;
#7059 = DIRECTION ( 'NONE',  ( 0.0000000000000000000, -0.9265528178475217480, -0.3761646923075278592 ) ) ;
#7060 = CYLINDRICAL_SURFACE ( 'NONE', #8691, 0.02999999999999964501 ) ;
#7061 = ORIENTED_EDGE ( 'NONE', *, *, #8603, .F. ) ;
#7062 = CARTESIAN_POINT ( 'NONE',  ( -3.199999999999997513, 1.649999999999999911, 1.800000000000000044 ) ) ;
#7063 = ORIENTED_EDGE ( 'NONE', *, *, #6946, .T. ) ;
#7064 = DIRECTION ( 'NONE',  ( 0.0000000000000000000, -0.0000000000000000000, 1.000000000000000000 ) ) ;
#7065 = ADVANCED_FACE ( 'NONE', ( #4046 ), #8690, .F. ) ;
#7066 = COLOUR_RGB ( '',0.2509803921568627416, 0.2509803921568627416, 0.2509803921568627416 ) ;
#7067 = MECHANICAL_DESIGN_GEOMETRIC_PRESENTATION_REPRESENTATION (  '', ( #6049 ), #7573 ) ;
#7068 = VECTOR ( 'NONE', #4725, 1000.000000000000000 ) ;
#7069 = CARTESIAN_POINT ( 'NONE',  ( -4.150000000000000355, 0.2123238209960880973, 0.4219347130291718484 ) ) ;
#7070 = VERTEX_POINT ( 'NONE', #1168 ) ;
#7071 = ORIENTED_EDGE ( 'NONE', *, *, #3404, .T. ) ;
#7072 = EDGE_LOOP ( 'NONE', ( #2916, #2125, #210, #3003 ) ) ;
#7073 = CARTESIAN_POINT ( 'NONE',  ( 2.200000000000000178, -0.8499999999999992006, -1.499999999999999778 ) ) ;
#7074 = CARTESIAN_POINT ( 'NONE',  ( 3.499999999999997780, -1.700000000000000178, 4.156516970968325672E-15 ) ) ;
#7075 = EDGE_CURVE ( 'NONE', #7924, #3152, #2250, .T. ) ;
#7076 = PLANE ( 'NONE',  #4627 ) ;
#7077 = AXIS2_PLACEMENT_3D ( 'NONE', #9583, #5068, #563 ) ;
#7078 = ADVANCED_FACE ( 'NONE', ( #8081 ), #1791, .T. ) ;
#7079 = LINE ( 'NONE', #4263, #9083 ) ;
#7080 = CARTESIAN_POINT ( 'NONE',  ( -0.2499999999999997780, 1.649999999999999689, 3.799999999999999822 ) ) ;
#7081 = DIRECTION ( 'NONE',  ( -1.734723475976807094E-15, 1.000000000000000000, 0.0000000000000000000 ) ) ;
#7082 = VERTEX_POINT ( 'NONE', #5719 ) ;
#7083 = ORIENTED_EDGE ( 'NONE', *, *, #1306, .T. ) ;
#7084 = DIRECTION ( 'NONE',  ( 1.000000000000000000, -0.0000000000000000000, 0.0000000000000000000 ) ) ;
#7085 = CARTESIAN_POINT ( 'NONE',  ( 3.399999999999998135, -1.549999999999999378, 1.149999999999999911 ) ) ;
#7086 = PLANE ( 'NONE',  #1856 ) ;
#7087 = DIRECTION ( 'NONE',  ( -0.1888473936501247619, -0.9820064469806472074, 0.0000000000000000000 ) ) ;
#7088 = PRESENTATION_LAYER_ASSIGNMENT (  '', '', ( #8114 ) ) ;
#7089 = CARTESIAN_POINT ( 'NONE',  ( -0.2499999999999997780, 1.649999999999999911, 1.699999999999999956 ) ) ;
#7090 = LINE ( 'NONE', #209, #1319 ) ;
#7091 = EDGE_CURVE ( 'NONE', #3114, #4926, #2031, .T. ) ;
#7092 = PRESENTATION_LAYER_ASSIGNMENT (  '', '', ( #6064 ) ) ;
#7093 = DIRECTION ( 'NONE',  ( 0.1888473936501247619, 0.9820064469806472074, -8.607220009787353829E-17 ) ) ;
#7094 = ORIENTED_EDGE ( 'NONE', *, *, #6782, .T. ) ;
#7095 = VECTOR ( 'NONE', #5748, 1000.000000000000000 ) ;
#7096 = ORIENTED_EDGE ( 'NONE', *, *, #227, .F. ) ;
#7097 = VECTOR ( 'NONE', #7992, 1000.000000000000000 ) ;
#7098 = EDGE_CURVE ( 'NONE', #7620, #3430, #3812, .T. ) ;
#7099 = CARTESIAN_POINT ( 'NONE',  ( -4.399999999999998579, 1.750000000000000000, -0.9500000000000020650 ) ) ;
#7100 = ORIENTED_EDGE ( 'NONE', *, *, #6686, .T. ) ;
#7101 = PRESENTATION_STYLE_ASSIGNMENT (( #9254 ) ) ;
#7102 = CARTESIAN_POINT ( 'NONE',  ( 4.179999999999999716, 0.6199999999999988853, -1.500000000000000000 ) ) ;
#7103 = FACE_OUTER_BOUND ( 'NONE', #7459, .T. ) ;
#7104 = EDGE_CURVE ( 'NONE', #8966, #271, #7589, .T. ) ;
#7105 = LINE ( 'NONE', #3005, #8656 ) ;
#7106 = DIRECTION ( 'NONE',  ( 0.0000000000000000000, 1.000000000000000000, -0.0000000000000000000 ) ) ;
#7107 =( NAMED_UNIT ( * ) SI_UNIT ( $, .STERADIAN. ) SOLID_ANGLE_UNIT ( ) );
#7108 = EDGE_CURVE ( 'NONE', #7875, #8164, #5839, .T. ) ;
#7109 =( NAMED_UNIT ( * ) PLANE_ANGLE_UNIT ( ) SI_UNIT ( $, .RADIAN. ) );
#7110 = DIRECTION ( 'NONE',  ( 1.445602896647335761E-15, 1.000000000000000000, 0.0000000000000000000 ) ) ;
#7111 = DIRECTION ( 'NONE',  ( 0.0000000000000000000, 0.0000000000000000000, -1.000000000000000000 ) ) ;
#7112 =( NAMED_UNIT ( * ) PLANE_ANGLE_UNIT ( ) SI_UNIT ( $, .RADIAN. ) );
#7113 = LINE ( 'NONE', #1545, #1112 ) ;
#7114 = ADVANCED_FACE ( 'NONE', ( #5347 ), #510, .T. ) ;
#7115 =( LENGTH_UNIT ( ) NAMED_UNIT ( * ) SI_UNIT ( .MILLI., .METRE. ) );
#7116 = VECTOR ( 'NONE', #2226, 999.9999999999998863 ) ;
#7117 = SURFACE_STYLE_USAGE ( .BOTH. , #8756 ) ;
#7118 = CARTESIAN_POINT ( 'NONE',  ( -7.124757133476189885E-16, -1.750000000000000000, -1.150000000000003020 ) ) ;
#7119 = DIRECTION ( 'NONE',  ( -1.239088197126291655E-15, 0.0000000000000000000, 1.000000000000000000 ) ) ;
#7120 = DIRECTION ( 'NONE',  ( -1.000000000000000000, 0.0000000000000000000, 1.301042606982613525E-14 ) ) ;
#7121 = DIRECTION ( 'NONE',  ( 1.000000000000000000, -0.0000000000000000000, 1.224646799147352961E-16 ) ) ;
#7122 = ORIENTED_EDGE ( 'NONE', *, *, #3208, .T. ) ;
#7123 = PRESENTATION_STYLE_ASSIGNMENT (( #5474 ) ) ;
#7124 = FILL_AREA_STYLE_COLOUR ( '', #6015 ) ;
#7125 = ADVANCED_FACE ( 'NONE', ( #871 ), #6536, .T. ) ;
#7126 = FACE_OUTER_BOUND ( 'NONE', #9149, .T. ) ;
#7127 = DIRECTION ( 'NONE',  ( 0.0000000000000000000, -0.0000000000000000000, 1.000000000000000000 ) ) ;
#7128 = CARTESIAN_POINT ( 'NONE',  ( -1.749999999999999778, 0.0000000000000000000, 0.0000000000000000000 ) ) ;
#7129 = LINE ( 'NONE', #5753, #6892 ) ;
#7130 = CARTESIAN_POINT ( 'NONE',  ( -2.200000000000000178, -1.149999999999999467, -1.500000000000000444 ) ) ;
#7131 = EDGE_CURVE ( 'NONE', #3022, #3179, #3925, .T. ) ;
#7132 = CIRCLE ( 'NONE', #7966, 0.02999999999999997113 ) ;
#7133 =( GEOMETRIC_REPRESENTATION_CONTEXT ( 3 ) GLOBAL_UNCERTAINTY_ASSIGNED_CONTEXT ( ( #17 ) ) GLOBAL_UNIT_ASSIGNED_CONTEXT ( ( #8652, #6217, #8447 ) ) REPRESENTATION_CONTEXT ( 'NONE', 'WORKASPACE' ) );
#7134 = ORIENTED_EDGE ( 'NONE', *, *, #6272, .F. ) ;
#7135 = CARTESIAN_POINT ( 'NONE',  ( 3.199999999999998401, 1.750000000000000000, 1.719999999999999973 ) ) ;
#7136 = MECHANICAL_DESIGN_GEOMETRIC_PRESENTATION_REPRESENTATION (  '', ( #5633 ), #7651 ) ;
#7137 = SURFACE_SIDE_STYLE ('',( #9402 ) ) ;
#7138 = EDGE_LOOP ( 'NONE', ( #347, #6908, #115, #8712 ) ) ;
#7139 = MECHANICAL_DESIGN_GEOMETRIC_PRESENTATION_REPRESENTATION (  '', ( #6118 ), #7652 ) ;
#7140 = ORIENTED_EDGE ( 'NONE', *, *, #5274, .T. ) ;
#7141 = SURFACE_STYLE_USAGE ( .BOTH. , #1859 ) ;
#7142 = ORIENTED_EDGE ( 'NONE', *, *, #8290, .F. ) ;
#7143 = CARTESIAN_POINT ( 'NONE',  ( 4.400000000000002132, 0.7500000000000012212, -0.9500000000000020650 ) ) ;
#7144 = EDGE_CURVE ( 'NONE', #2534, #9478, #202, .T. ) ;
#7145 = DIRECTION ( 'NONE',  ( 0.0000000000000000000, -1.000000000000000000, 1.204669080539449344E-16 ) ) ;
#7146 = CARTESIAN_POINT ( 'NONE',  ( 2.799999999999999822, -0.8499999999999992006, 0.8291796067500618594 ) ) ;
#7148 = PRESENTATION_LAYER_ASSIGNMENT (  '', '', ( #8175 ) ) ;
#7147 = DIRECTION ( 'NONE',  ( -1.000000000000000000, 0.0000000000000000000, 0.0000000000000000000 ) ) ;
#7149 = ORIENTED_EDGE ( 'NONE', *, *, #7035, .T. ) ;
#7150 = FILL_AREA_STYLE_COLOUR ( '', #2244 ) ;
#7151 = DIRECTION ( 'NONE',  ( -0.9925461516413210949, 0.1218693434051553864, 2.391379319781437649E-16 ) ) ;
#7152 = ORIENTED_EDGE ( 'NONE', *, *, #2614, .F. ) ;
#7153 = SURFACE_STYLE_USAGE ( .BOTH. , #7653 ) ;
#7154 = UNCERTAINTY_MEASURE_WITH_UNIT (LENGTH_MEASURE( 1.000000000000000082E-05 ), #5223, 'distance_accuracy_value', 'NONE');
#7155 = DIRECTION ( 'NONE',  ( 0.0000000000000000000, 0.0000000000000000000, 1.000000000000000000 ) ) ;
#7156 = SURFACE_STYLE_USAGE ( .BOTH. , #3597 ) ;
#7157 = ORIENTED_EDGE ( 'NONE', *, *, #5164, .F. ) ;
#7158 = VERTEX_POINT ( 'NONE', #2795 ) ;
#7159 = EDGE_CURVE ( 'NONE', #1400, #2660, #5718, .T. ) ;
#7160 = ORIENTED_EDGE ( 'NONE', *, *, #5502, .T. ) ;
#7161 = CARTESIAN_POINT ( 'NONE',  ( -3.299999999999997602, -1.700000000000000178, 4.156516970968325672E-15 ) ) ;
#7162 = DIRECTION ( 'NONE',  ( 1.000000000000000000, 0.0000000000000000000, -2.409338161078899735E-17 ) ) ;
#7163 = DIRECTION ( 'NONE',  ( -1.445602896647335958E-15, -1.000000000000000000, 0.0000000000000000000 ) ) ;
#7164 = ORIENTED_EDGE ( 'NONE', *, *, #8069, .F. ) ;
#7165 = COLOUR_RGB ( '',0.2509803921568627416, 0.2509803921568627416, 0.2509803921568627416 ) ;
#7166 = VERTEX_POINT ( 'NONE', #595 ) ;
#7167 = PLANE ( 'NONE',  #5672 ) ;
#7168 = VECTOR ( 'NONE', #2928, 1000.000000000000000 ) ;
#7169 = ORIENTED_EDGE ( 'NONE', *, *, #2257, .F. ) ;
#7170 = EDGE_LOOP ( 'NONE', ( #6491, #5518, #940, #3772 ) ) ;
#7171 = EDGE_CURVE ( 'NONE', #372, #1248, #5941, .T. ) ;
#7172 = DIRECTION ( 'NONE',  ( 1.224646799147352961E-16, -1.204669080539449344E-16, -1.000000000000000000 ) ) ;
#7173 = PLANE ( 'NONE',  #4253 ) ;
#7174 =( GEOMETRIC_REPRESENTATION_CONTEXT ( 3 ) GLOBAL_UNCERTAINTY_ASSIGNED_CONTEXT ( ( #9709 ) ) GLOBAL_UNIT_ASSIGNED_CONTEXT ( ( #6443, #4935, #6409 ) ) REPRESENTATION_CONTEXT ( 'NONE', 'WORKASPACE' ) );
#7175 = FACE_OUTER_BOUND ( 'NONE', #9307, .T. ) ;
#7176 = EDGE_CURVE ( 'NONE', #244, #1162, #1906, .T. ) ;
#7177 = ORIENTED_EDGE ( 'NONE', *, *, #4324, .F. ) ;
#7178 = ORIENTED_EDGE ( 'NONE', *, *, #8300, .T. ) ;
#7179 = CARTESIAN_POINT ( 'NONE',  ( 3.399999999999998135, 6.925848040166833641, 1.149999999999999911 ) ) ;
#7180 = DIRECTION ( 'NONE',  ( 0.0000000000000000000, 0.0000000000000000000, -1.000000000000000000 ) ) ;
#7181 = DIRECTION ( 'NONE',  ( 0.0000000000000000000, 0.0000000000000000000, 1.000000000000000000 ) ) ;
#7182 = CARTESIAN_POINT ( 'NONE',  ( -0.1750000000000002387, -4.749999999999999112, 3.800000000000001155 ) ) ;
#7183 = ADVANCED_FACE ( 'NONE', ( #7704 ), #3592, .T. ) ;
#7184 = DIRECTION ( 'NONE',  ( -1.000000000000000000, 0.0000000000000000000, -1.224646799147352961E-16 ) ) ;
#7185 = FACE_OUTER_BOUND ( 'NONE', #1466, .T. ) ;
#7186 = ORIENTED_EDGE ( 'NONE', *, *, #7581, .T. ) ;
#7187 = SURFACE_SIDE_STYLE ('',( #5071 ) ) ;
#7188 = STYLED_ITEM ( 'NONE', ( #5042 ), #769 ) ;
#7189 = CARTESIAN_POINT ( 'NONE',  ( 4.250000000000000000, 0.6296890111571917803, 0.9500000000000025091 ) ) ;
#7190 = VERTEX_POINT ( 'NONE', #8123 ) ;
#7191 = CARTESIAN_POINT ( 'NONE',  ( -2.200000000000000178, -0.8499999999999992006, 1.499999999999999334 ) ) ;
#7192 = CARTESIAN_POINT ( 'NONE',  ( -2.325000000000000622, -4.649999999999998579, 3.800000000000001155 ) ) ;
#7193 = LINE ( 'NONE', #9242, #6944 ) ;
#7194 = EDGE_CURVE ( 'NONE', #6454, #2896, #8782, .T. ) ;
#7195 = CARTESIAN_POINT ( 'NONE',  ( 1.671469329529243319, -1.251640513552068734, 1.800000000000000266 ) ) ;
#7196 = DIRECTION ( 'NONE',  ( 1.000000000000000000, 0.0000000000000000000, 1.224646799147352961E-16 ) ) ;
#7197 = CARTESIAN_POINT ( 'NONE',  ( 4.469999999999998863, 0.7703109888428065766, -0.9500000000000020650 ) ) ;
#7198 = DIRECTION ( 'NONE',  ( 1.000000000000000000, -0.0000000000000000000, 1.224646799147352961E-16 ) ) ;
#7199 = LINE ( 'NONE', #629, #3059 ) ;
#7200 = LINE ( 'NONE', #7362, #1299 ) ;
#7201 = VERTEX_POINT ( 'NONE', #8903 ) ;
#7202 = VERTEX_POINT ( 'NONE', #9675 ) ;
#7203 = VECTOR ( 'NONE', #3798, 1000.000000000000000 ) ;
#7204 = PLANE ( 'NONE',  #646 ) ;
#7205 = UNCERTAINTY_MEASURE_WITH_UNIT (LENGTH_MEASURE( 1.000000000000000082E-05 ), #102, 'distance_accuracy_value', 'NONE');
#7206 = AXIS2_PLACEMENT_3D ( 'NONE', #6426, #9325, #4035 ) ;
#7207 =( NAMED_UNIT ( * ) SI_UNIT ( $, .STERADIAN. ) SOLID_ANGLE_UNIT ( ) );
#7208 = ORIENTED_EDGE ( 'NONE', *, *, #650, .T. ) ;
#7209 = DIRECTION ( 'NONE',  ( 1.224646799147352961E-16, -1.204669080539449344E-16, -1.000000000000000000 ) ) ;
#7210 = VERTEX_POINT ( 'NONE', #5913 ) ;
#7211 = ORIENTED_EDGE ( 'NONE', *, *, #4959, .T. ) ;
#7212 = STYLED_ITEM ( 'NONE', ( #1304 ), #4277 ) ;
#7213 = DIRECTION ( 'NONE',  ( 1.000000000000000000, 0.0000000000000000000, 1.011922027653231451E-14 ) ) ;
#7214 = CYLINDRICAL_SURFACE ( 'NONE', #8618, 0.3000000000000007661 ) ;
#7215 = STYLED_ITEM ( 'NONE', ( #2739 ), #8474 ) ;
#7216 = LINE ( 'NONE', #8261, #1643 ) ;
#7217 = DIRECTION ( 'NONE',  ( 0.0000000000000000000, -0.0000000000000000000, 1.000000000000000000 ) ) ;
#7218 = ORIENTED_EDGE ( 'NONE', *, *, #9058, .F. ) ;
#7219 = CARTESIAN_POINT ( 'NONE',  ( 2.799999999999999822, -0.8499999999999992006, -1.499999999999999778 ) ) ;
#7220 = FACE_OUTER_BOUND ( 'NONE', #627, .T. ) ;
#7221 = VERTEX_POINT ( 'NONE', #5150 ) ;
#7222 = EDGE_CURVE ( 'NONE', #48, #9755, #984, .T. ) ;
#7223 = DIRECTION ( 'NONE',  ( -0.0000000000000000000, 1.000000000000000000, -1.204669080539449837E-16 ) ) ;
#7224 = MECHANICAL_DESIGN_GEOMETRIC_PRESENTATION_REPRESENTATION (  '', ( #5709 ), #7716 ) ;
#7225 = UNCERTAINTY_MEASURE_WITH_UNIT (LENGTH_MEASURE( 1.000000000000000082E-05 ), #4998, 'distance_accuracy_value', 'NONE');
#7226 = CARTESIAN_POINT ( 'NONE',  ( 4.399999999999998579, 0.0000000000000000000, 0.9500000000000025091 ) ) ;
#7227 = FACE_OUTER_BOUND ( 'NONE', #6172, .T. ) ;
#7228 = DIRECTION ( 'NONE',  ( 0.0000000000000000000, 0.0000000000000000000, -1.000000000000000000 ) ) ;
#7229 = FACE_OUTER_BOUND ( 'NONE', #3502, .T. ) ;
#7230 = AXIS2_PLACEMENT_3D ( 'NONE', #2913, #2721, #5209 ) ;
#7231 = SURFACE_SIDE_STYLE ('',( #7626 ) ) ;
#7232 = SURFACE_STYLE_USAGE ( .BOTH. , #1925 ) ;
#7233 = DIRECTION ( 'NONE',  ( 1.000000000000000000, -0.0000000000000000000, 1.224646799147352961E-16 ) ) ;
#7234 = PLANE ( 'NONE',  #9248 ) ;
#7235 =( GEOMETRIC_REPRESENTATION_CONTEXT ( 3 ) GLOBAL_UNCERTAINTY_ASSIGNED_CONTEXT ( ( #5167 ) ) GLOBAL_UNIT_ASSIGNED_CONTEXT ( ( #9276, #2486, #7799 ) ) REPRESENTATION_CONTEXT ( 'NONE', 'WORKASPACE' ) );
#7236 = LINE ( 'NONE', #8644, #1431 ) ;
#7237 = MECHANICAL_DESIGN_GEOMETRIC_PRESENTATION_REPRESENTATION (  '', ( #5726 ), #7728 ) ;
#7238 = CARTESIAN_POINT ( 'NONE',  ( -3.384165477888731566, -0.9623395149786015956, 1.499999999999999334 ) ) ;
#7239 = ORIENTED_EDGE ( 'NONE', *, *, #726, .F. ) ;
#7240 = CIRCLE ( 'NONE', #7787, 0.3000000000000007661 ) ;
#7241 = ADVANCED_FACE ( 'NONE', ( #6762 ), #8184, .F. ) ;
#7242 = EDGE_CURVE ( 'NONE', #1840, #989, #4523, .T. ) ;
#7243 = DIRECTION ( 'NONE',  ( -0.0000000000000000000, 3.469446951953614189E-16, -1.000000000000000000 ) ) ;
#7244 = COLOUR_RGB ( '',0.2509803921568627416, 0.2509803921568627416, 0.2509803921568627416 ) ;
#7245 = VERTEX_POINT ( 'NONE', #5182 ) ;
#7246 = LINE ( 'NONE', #150, #9479 ) ;
#7247 = DIRECTION ( 'NONE',  ( -1.000000000000000000, -0.0000000000000000000, -0.0000000000000000000 ) ) ;
#7248 = PRESENTATION_STYLE_ASSIGNMENT (( #7117 ) ) ;
#7249 = UNCERTAINTY_MEASURE_WITH_UNIT (LENGTH_MEASURE( 1.000000000000000082E-05 ), #4957, 'distance_accuracy_value', 'NONE');
#7250 = LINE ( 'NONE', #438, #1000 ) ;
#7251 =( GEOMETRIC_REPRESENTATION_CONTEXT ( 3 ) GLOBAL_UNCERTAINTY_ASSIGNED_CONTEXT ( ( #9651 ) ) GLOBAL_UNIT_ASSIGNED_CONTEXT ( ( #2048, #1469, #6760 ) ) REPRESENTATION_CONTEXT ( 'NONE', 'WORKASPACE' ) );
#7252 = VECTOR ( 'NONE', #198, 1000.000000000000000 ) ;
#7253 = VERTEX_POINT ( 'NONE', #1410 ) ;
#7254 = ORIENTED_EDGE ( 'NONE', *, *, #3769, .T. ) ;
#7255 = VECTOR ( 'NONE', #8883, 1000.000000000000000 ) ;
#7256 =( NAMED_UNIT ( * ) SI_UNIT ( $, .STERADIAN. ) SOLID_ANGLE_UNIT ( ) );
#7257 = CARTESIAN_POINT ( 'NONE',  ( 2.200000000000000178, -0.8499999999999992006, 1.499999999999999334 ) ) ;
#7258 = DIRECTION ( 'NONE',  ( -0.0000000000000000000, 1.000000000000000000, 0.0000000000000000000 ) ) ;
#7259 = LINE ( 'NONE', #5549, #1247 ) ;
#7260 = DIRECTION ( 'NONE',  ( 1.224646799147352961E-16, -1.204669080539449344E-16, -1.000000000000000000 ) ) ;
#7261 = SURFACE_SIDE_STYLE ('',( #1556 ) ) ;
#7262 =( NAMED_UNIT ( * ) PLANE_ANGLE_UNIT ( ) SI_UNIT ( $, .RADIAN. ) );
#7263 = DIRECTION ( 'NONE',  ( 1.239088197126290669E-15, 0.0000000000000000000, -1.000000000000000000 ) ) ;
#7264 = DIRECTION ( 'NONE',  ( 1.000000000000000000, -0.0000000000000000000, 1.224646799147352961E-16 ) ) ;
#7265 = VECTOR ( 'NONE', #9217, 1000.000000000000000 ) ;
#7266 = DIRECTION ( 'NONE',  ( 0.0000000000000000000, -1.000000000000000000, 0.0000000000000000000 ) ) ;
#7267 = CARTESIAN_POINT ( 'NONE',  ( 2.325000000000000178, -4.749999999999999112, 1.800000000000000488 ) ) ;
#7268 = LINE ( 'NONE', #1176, #5246 ) ;
#7269 = VECTOR ( 'NONE', #7805, 1000.000000000000000 ) ;
#7270 =( LENGTH_UNIT ( ) NAMED_UNIT ( * ) SI_UNIT ( .MILLI., .METRE. ) );
#7271 = CARTESIAN_POINT ( 'NONE',  ( -0.2999999999999999334, -0.8499999999999992006, 1.499999999999999334 ) ) ;
#7272 = PRESENTATION_LAYER_ASSIGNMENT (  '', '', ( #6233 ) ) ;
#7273 = VECTOR ( 'NONE', #2748, 1000.000000000000227 ) ;
#7274 = ORIENTED_EDGE ( 'NONE', *, *, #981, .F. ) ;
#7275 = ORIENTED_EDGE ( 'NONE', *, *, #5587, .F. ) ;
#7276 = LINE ( 'NONE', #1396, #1739 ) ;
#7277 = LINE ( 'NONE', #5899, #5258 ) ;
#7278 = EDGE_CURVE ( 'NONE', #1943, #7521, #2484, .T. ) ;
#7279 = MECHANICAL_DESIGN_GEOMETRIC_PRESENTATION_REPRESENTATION (  '', ( #6242 ), #7781 ) ;
#7280 = ORIENTED_EDGE ( 'NONE', *, *, #1691, .F. ) ;
#7281 = ORIENTED_EDGE ( 'NONE', *, *, #5146, .T. ) ;
#7282 = AXIS2_PLACEMENT_3D ( 'NONE', #4608, #4830, #4068 ) ;
#7283 = SURFACE_SIDE_STYLE ('',( #325 ) ) ;
#7284 = DIRECTION ( 'NONE',  ( 1.000000000000000000, 0.0000000000000000000, 0.0000000000000000000 ) ) ;
#7285 = VERTEX_POINT ( 'NONE', #8212 ) ;
#7286 = VERTEX_POINT ( 'NONE', #2921 ) ;
#7287 = ADVANCED_FACE ( 'NONE', ( #6534 ), #4410, .F. ) ;
#7288 = LINE ( 'NONE', #263, #1031 ) ;
#7289 = AXIS2_PLACEMENT_3D ( 'NONE', #180, #5404, #899 ) ;
#7290 = CARTESIAN_POINT ( 'NONE',  ( -4.150000000000000355, -0.3500000000000005884, 1.500000000000000000 ) ) ;
#7291 = FACE_OUTER_BOUND ( 'NONE', #6562, .T. ) ;
#7292 = CARTESIAN_POINT ( 'NONE',  ( 0.2999999999999999334, -0.8499999999999992006, -1.800000000000001155 ) ) ;
#7293 = FILL_AREA_STYLE_COLOUR ( '', #4384 ) ;
#7294 = ORIENTED_EDGE ( 'NONE', *, *, #420, .T. ) ;
#7295 = VERTEX_POINT ( 'NONE', #6731 ) ;
#7296 = VERTEX_POINT ( 'NONE', #8994 ) ;
#7297 =( NAMED_UNIT ( * ) SI_UNIT ( $, .STERADIAN. ) SOLID_ANGLE_UNIT ( ) );
#7298 = EDGE_CURVE ( 'NONE', #5160, #3274, #3575, .T. ) ;
#7299 = DIRECTION ( 'NONE',  ( 9.035018104045868969E-16, 0.0000000000000000000, -1.000000000000000000 ) ) ;
#7300 = ORIENTED_EDGE ( 'NONE', *, *, #6010, .F. ) ;
#7302 = PRESENTATION_LAYER_ASSIGNMENT (  '', '', ( #6260 ) ) ;
#7301 = SURFACE_SIDE_STYLE ('',( #6653 ) ) ;
#7303 =( NAMED_UNIT ( * ) SI_UNIT ( $, .STERADIAN. ) SOLID_ANGLE_UNIT ( ) );
#7304 = ORIENTED_EDGE ( 'NONE', *, *, #119, .F. ) ;
#7305 = ORIENTED_EDGE ( 'NONE', *, *, #6502, .F. ) ;
#7306 = EDGE_LOOP ( 'NONE', ( #9565, #9647, #7186, #1953, #9732, #641, #6316, #9694, #6999, #5364, #1472, #7178 ) ) ;
#7307 = CARTESIAN_POINT ( 'NONE',  ( 4.250000000000000000, 0.0000000000000000000, -0.5081345747705631188 ) ) ;
#7308 = EDGE_CURVE ( 'NONE', #1700, #2069, #5580, .T. ) ;
#7309 = PLANE ( 'NONE',  #1225 ) ;
#7310 = DIRECTION ( 'NONE',  ( -0.0000000000000000000, -0.0000000000000000000, 1.000000000000000000 ) ) ;
#7311 = LINE ( 'NONE', #6512, #5909 ) ;
#7312 = DIRECTION ( 'NONE',  ( -1.000000000000000000, 0.0000000000000000000, 1.301042606982613209E-14 ) ) ;
#7313 = EDGE_LOOP ( 'NONE', ( #6619, #3543, #3002, #598, #9527 ) ) ;
#7314 = EDGE_CURVE ( 'NONE', #6707, #6951, #546, .T. ) ;
#7315 = LINE ( 'NONE', #4785, #8846 ) ;
#7316 = EDGE_CURVE ( 'NONE', #4665, #4094, #7579, .T. ) ;
#7317 = LINE ( 'NONE', #4545, #3396 ) ;
#7318 = UNCERTAINTY_MEASURE_WITH_UNIT (LENGTH_MEASURE( 1.000000000000000082E-05 ), #2376, 'distance_accuracy_value', 'NONE');
#7319 = ORIENTED_EDGE ( 'NONE', *, *, #860, .T. ) ;
#7320 = EDGE_LOOP ( 'NONE', ( #2070, #4025, #5721, #5775, #2479, #2167, #3286, #2414 ) ) ;
#7321 = DIRECTION ( 'NONE',  ( -0.0000000000000000000, -1.000000000000000000, -0.0000000000000000000 ) ) ;
#7322 = VECTOR ( 'NONE', #7499, 1000.000000000000227 ) ;
#7323 = VECTOR ( 'NONE', #1667, 1000.000000000000000 ) ;
#7324 = DIRECTION ( 'NONE',  ( 0.0000000000000000000, -1.000000000000000000, 0.0000000000000000000 ) ) ;
#7325 = DIRECTION ( 'NONE',  ( 1.000000000000000000, 0.0000000000000000000, 1.224646799147352961E-16 ) ) ;
#7326 =( NAMED_UNIT ( * ) SI_UNIT ( $, .STERADIAN. ) SOLID_ANGLE_UNIT ( ) );
#7327 = ORIENTED_EDGE ( 'NONE', *, *, #496, .T. ) ;
#7328 = DIRECTION ( 'NONE',  ( 0.0000000000000000000, -0.9265528178475217480, -0.3761646923075278592 ) ) ;
#7329 = PLANE ( 'NONE',  #4317 ) ;
#7330 = VERTEX_POINT ( 'NONE', #4519 ) ;
#7331 = DIRECTION ( 'NONE',  ( -1.000000000000000000, -0.0000000000000000000, -0.0000000000000000000 ) ) ;
#7332 = CARTESIAN_POINT ( 'NONE',  ( -4.381141720290622210, 0.7424566881162490972, 0.9500000000000030642 ) ) ;
#7333 = CARTESIAN_POINT ( 'NONE',  ( -5.221110255092797026, -1.149999999999999467, -1.800000000000000488 ) ) ;
#7334 = DIRECTION ( 'NONE',  ( -1.000000000000000000, -0.0000000000000000000, 2.409338161078899427E-17 ) ) ;
#7335 = EDGE_LOOP ( 'NONE', ( #7529, #8629, #1537, #392 ) ) ;
#7336 = COLOUR_RGB ( '',0.2509803921568627416, 0.2509803921568627416, 0.2509803921568627416 ) ;
#7337 = ADVANCED_FACE ( 'NONE', ( #1334 ), #9019, .F. ) ;
#7338 = AXIS2_PLACEMENT_3D ( 'NONE', #5438, #9337, #1204 ) ;
#7339 = CARTESIAN_POINT ( 'NONE',  ( -3.199999999999997513, 1.750000000000000000, 1.699999999999999734 ) ) ;
#7340 = CARTESIAN_POINT ( 'NONE',  ( 4.381141720290622210, 0.7424566881162490972, 0.9500000000000029532 ) ) ;
#7341 = STYLED_ITEM ( 'NONE', ( #4697 ), #4742 ) ;
#7342 = ORIENTED_EDGE ( 'NONE', *, *, #1568, .F. ) ;
#7343 = UNCERTAINTY_MEASURE_WITH_UNIT (LENGTH_MEASURE( 1.000000000000000082E-05 ), #718, 'distance_accuracy_value', 'NONE');
#7345 = DIRECTION ( 'NONE',  ( 1.000000000000000000, -1.445602896647335761E-15, 0.0000000000000000000 ) ) ;
#7344 = MECHANICAL_DESIGN_GEOMETRIC_PRESENTATION_REPRESENTATION (  '', ( #5833 ), #7847 ) ;
#7346 = VECTOR ( 'NONE', #287, 999.9999999999998863 ) ;
#7347 = VECTOR ( 'NONE', #5358, 1000.000000000000000 ) ;
#7348 = EDGE_CURVE ( 'NONE', #8510, #842, #9107, .T. ) ;
#7349 = VERTEX_POINT ( 'NONE', #2235 ) ;
#7350 = AXIS2_PLACEMENT_3D ( 'NONE', #7418, #2880, #8183 ) ;
#7351 =( GEOMETRIC_REPRESENTATION_CONTEXT ( 3 ) GLOBAL_UNCERTAINTY_ASSIGNED_CONTEXT ( ( #5585 ) ) GLOBAL_UNIT_ASSIGNED_CONTEXT ( ( #5393, #6785, #3944 ) ) REPRESENTATION_CONTEXT ( 'NONE', 'WORKASPACE' ) );
#7352 =( LENGTH_UNIT ( ) NAMED_UNIT ( * ) SI_UNIT ( .MILLI., .METRE. ) );
#7353 = EDGE_CURVE ( 'NONE', #8473, #2987, #3083, .T. ) ;
#7354 = SURFACE_STYLE_USAGE ( .BOTH. , #2053 ) ;
#7355 = VECTOR ( 'NONE', #7514, 1000.000000000000000 ) ;
#7356 =( LENGTH_UNIT ( ) NAMED_UNIT ( * ) SI_UNIT ( .MILLI., .METRE. ) );
#7357 = DIRECTION ( 'NONE',  ( -0.0000000000000000000, -5.656706986880892613E-16, 1.000000000000000000 ) ) ;
#7358 = EDGE_LOOP ( 'NONE', ( #7100, #6917, #3803, #6196, #5260, #5681, #585, #8857 ) ) ;
#7359 = SURFACE_STYLE_FILL_AREA ( #4651 ) ;
#7360 = CARTESIAN_POINT ( 'NONE',  ( 3.749999999999996891, 6.925848040166833641, -4.646580739223586262E-15 ) ) ;
#7361 = VECTOR ( 'NONE', #1707, 1000.000000000000114 ) ;
#7362 = CARTESIAN_POINT ( 'NONE',  ( -3.299999999999997602, 6.925848040166833641, 0.2249999999999989786 ) ) ;
#7363 = DIRECTION ( 'NONE',  ( -0.0000000000000000000, 1.000000000000000000, -1.204669080539449837E-16 ) ) ;
#7364 = ORIENTED_EDGE ( 'NONE', *, *, #80, .T. ) ;
#7365 = SURFACE_STYLE_FILL_AREA ( #4987 ) ;
#7366 = EDGE_CURVE ( 'NONE', #9524, #5054, #5122, .T. ) ;
#7367 = COLOUR_RGB ( '',0.2509803921568627416, 0.2509803921568627416, 0.2509803921568627416 ) ;
#7368 = DIRECTION ( 'NONE',  ( 0.0000000000000000000, 0.0000000000000000000, 1.000000000000000000 ) ) ;
#7369 = EDGE_CURVE ( 'NONE', #4012, #9417, #8889, .T. ) ;
#7370 = VECTOR ( 'NONE', #7858, 1000.000000000000000 ) ;
#7371 = SURFACE_STYLE_FILL_AREA ( #2716 ) ;
#7372 = COLOUR_RGB ( '',0.2509803921568627416, 0.2509803921568627416, 0.2509803921568627416 ) ;
#7373 = VERTEX_POINT ( 'NONE', #8302 ) ;
#7374 = ORIENTED_EDGE ( 'NONE', *, *, #9714, .T. ) ;
#7375 = DIRECTION ( 'NONE',  ( -1.000000000000000000, 0.0000000000000000000, 0.0000000000000000000 ) ) ;
#7376 = DIRECTION ( 'NONE',  ( 1.445602896647335958E-15, 1.000000000000000000, -1.112002228190258979E-16 ) ) ;
#7377 =( GEOMETRIC_REPRESENTATION_CONTEXT ( 3 ) GLOBAL_UNCERTAINTY_ASSIGNED_CONTEXT ( ( #2473 ) ) GLOBAL_UNIT_ASSIGNED_CONTEXT ( ( #3231, #6897, #3743 ) ) REPRESENTATION_CONTEXT ( 'NONE', 'WORKASPACE' ) );
#7378 = LINE ( 'NONE', #9407, #2637 ) ;
#7379 = EDGE_CURVE ( 'NONE', #3313, #7296, #7105, .T. ) ;
#7380 = LINE ( 'NONE', #5919, #1363 ) ;
#7381 = ADVANCED_FACE ( 'NONE', ( #869 ), #2265, .F. ) ;
#7382 = ORIENTED_EDGE ( 'NONE', *, *, #6177, .T. ) ;
#7383 = FILL_AREA_STYLE ('',( #6078 ) ) ;
#7384 = SURFACE_STYLE_USAGE ( .BOTH. , #2087 ) ;
#7385 = CARTESIAN_POINT ( 'NONE',  ( -4.150000000000000355, 0.6499999999999986899, 1.500000000000000000 ) ) ;
#7386 = VECTOR ( 'NONE', #4824, 1000.000000000000000 ) ;
#7387 = DIRECTION ( 'NONE',  ( -0.0000000000000000000, -0.0000000000000000000, 1.000000000000000000 ) ) ;
#7388 = DIRECTION ( 'NONE',  ( -6.195440985631461234E-16, 0.0000000000000000000, 1.000000000000000000 ) ) ;
#7389 = ORIENTED_EDGE ( 'NONE', *, *, #1881, .F. ) ;
#7390 = FILL_AREA_STYLE_COLOUR ( '', #9328 ) ;
#7391 = EDGE_LOOP ( 'NONE', ( #9544, #796, #5761, #1734 ) ) ;
#7392 = CARTESIAN_POINT ( 'NONE',  ( 2.200000000000000178, -4.749999999999999112, 1.499999999999999778 ) ) ;
#7393 = AXIS2_PLACEMENT_3D ( 'NONE', #78, #7184, #3985 ) ;
#7394 = ORIENTED_EDGE ( 'NONE', *, *, #4897, .F. ) ;
#7395 = DIRECTION ( 'NONE',  ( 0.0000000000000000000, -0.9265528178475217480, -0.3761646923075279147 ) ) ;
#7396 = FILL_AREA_STYLE ('',( #4125 ) ) ;
#7397 = PLANE ( 'NONE',  #6684 ) ;
#7398 = VERTEX_POINT ( 'NONE', #8336 ) ;
#7399 = ORIENTED_EDGE ( 'NONE', *, *, #5464, .T. ) ;
#7400 = DIRECTION ( 'NONE',  ( -1.224646799147352961E-16, 1.112002228190260952E-16, 1.000000000000000000 ) ) ;
#7401 = EDGE_CURVE ( 'NONE', #8564, #35, #2134, .T. ) ;
#7402 =( GEOMETRIC_REPRESENTATION_CONTEXT ( 3 ) GLOBAL_UNCERTAINTY_ASSIGNED_CONTEXT ( ( #7205 ) ) GLOBAL_UNIT_ASSIGNED_CONTEXT ( ( #102, #5330, #835 ) ) REPRESENTATION_CONTEXT ( 'NONE', 'WORKASPACE' ) );
#7403 = LINE ( 'NONE', #9105, #7811 ) ;
#7404 = ORIENTED_EDGE ( 'NONE', *, *, #7379, .T. ) ;
#7405 = ORIENTED_EDGE ( 'NONE', *, *, #5348, .F. ) ;
#7406 = DIRECTION ( 'NONE',  ( 0.0000000000000000000, 0.0000000000000000000, -1.000000000000000000 ) ) ;
#7407 = SURFACE_STYLE_FILL_AREA ( #5605 ) ;
#7408 = SURFACE_SIDE_STYLE ('',( #2605 ) ) ;
#7409 = LINE ( 'NONE', #1103, #5390 ) ;
#7410 = ORIENTED_EDGE ( 'NONE', *, *, #2529, .T. ) ;
#7411 = MECHANICAL_DESIGN_GEOMETRIC_PRESENTATION_REPRESENTATION (  '', ( #5903 ), #7920 ) ;
#7412 = ORIENTED_EDGE ( 'NONE', *, *, #803, .T. ) ;
#7413 = MECHANICAL_DESIGN_GEOMETRIC_PRESENTATION_REPRESENTATION (  '', ( #5906 ), #7929 ) ;
#7414 = PLANE ( 'NONE',  #9431 ) ;
#7415 = VECTOR ( 'NONE', #3038, 1000.000000000000000 ) ;
#7416 = DIRECTION ( 'NONE',  ( -0.0000000000000000000, -0.0000000000000000000, -1.000000000000000000 ) ) ;
#7417 = ORIENTED_EDGE ( 'NONE', *, *, #6478, .F. ) ;
#7418 = CARTESIAN_POINT ( 'NONE',  ( -5.596732734143892607, -1.084202172485504434E-16, 0.5081345747705628968 ) ) ;
#7420 = PRESENTATION_LAYER_ASSIGNMENT (  '', '', ( #6404 ) ) ;
#7419 = DIRECTION ( 'NONE',  ( 1.000000000000000000, -0.0000000000000000000, -0.0000000000000000000 ) ) ;
#7421 = SURFACE_STYLE_USAGE ( .BOTH. , #4414 ) ;
#7422 = FACE_OUTER_BOUND ( 'NONE', #9024, .T. ) ;
#7423 = PLANE ( 'NONE',  #4527 ) ;
#7424 = CARTESIAN_POINT ( 'NONE',  ( 1.235990476633412419E-14, 1.649999999999999911, 0.9499999999999458877 ) ) ;
#7425 = FACE_OUTER_BOUND ( 'NONE', #8877, .T. ) ;
#7426 = COLOUR_RGB ( '',0.2509803921568627416, 0.2509803921568627416, 0.2509803921568627416 ) ;
#7427 = EDGE_CURVE ( 'NONE', #1484, #8912, #7946, .T. ) ;
#7428 = CARTESIAN_POINT ( 'NONE',  ( -4.499999999999999112, 1.750000000000000000, -1.800000000000000933 ) ) ;
#7429 = ORIENTED_EDGE ( 'NONE', *, *, #3098, .F. ) ;
#7430 = DIRECTION ( 'NONE',  ( -6.195440985631453345E-16, 0.0000000000000000000, 1.000000000000000000 ) ) ;
#7431 = LINE ( 'NONE', #7057, #1619 ) ;
#7432 = ADVANCED_FACE ( 'NONE', ( #1901 ), #6102, .F. ) ;
#7433 = EDGE_CURVE ( 'NONE', #2544, #3114, #5704, .T. ) ;
#7434 = ORIENTED_EDGE ( 'NONE', *, *, #5218, .F. ) ;
#7435 = SURFACE_SIDE_STYLE ('',( #3815 ) ) ;
#7436 = LINE ( 'NONE', #2283, #1411 ) ;
#7437 = STYLED_ITEM ( 'NONE', ( #9473 ), #3367 ) ;
#7438 = CARTESIAN_POINT ( 'NONE',  ( -3.199999999999997957, 1.649999999999999911, -1.800000000000000933 ) ) ;
#7439 =( LENGTH_UNIT ( ) NAMED_UNIT ( * ) SI_UNIT ( .MILLI., .METRE. ) );
#7440 = LINE ( 'NONE', #5170, #5663 ) ;
#7441 = VECTOR ( 'NONE', #6847, 1000.000000000000000 ) ;
#7442 = ORIENTED_EDGE ( 'NONE', *, *, #9518, .T. ) ;
#7443 = VERTEX_POINT ( 'NONE', #862 ) ;
#7444 = SURFACE_SIDE_STYLE ('',( #1531 ) ) ;
#7445 =( NAMED_UNIT ( * ) SI_UNIT ( $, .STERADIAN. ) SOLID_ANGLE_UNIT ( ) );
#7446 = VECTOR ( 'NONE', #1790, 1000.000000000000000 ) ;
#7447 = DIRECTION ( 'NONE',  ( -0.9284766908852571943, -0.3713906763541088840, -1.610650312575939492E-15 ) ) ;
#7448 = CARTESIAN_POINT ( 'NONE',  ( 4.150000000000000355, 0.6499999999999976907, 0.9500000000000016209 ) ) ;
#7449 = SURFACE_SIDE_STYLE ('',( #8549 ) ) ;
#7450 = FILL_AREA_STYLE_COLOUR ( '', #6273 ) ;
#7451 = ORIENTED_EDGE ( 'NONE', *, *, #3153, .F. ) ;
#7452 = LINE ( 'NONE', #3848, #1422 ) ;
#7453 = AXIS2_PLACEMENT_3D ( 'NONE', #1358, #8186, #9588 ) ;
#7454 = DIRECTION ( 'NONE',  ( 0.0000000000000000000, 1.000000000000000000, 0.0000000000000000000 ) ) ;
#7455 = VECTOR ( 'NONE', #6601, 1000.000000000000000 ) ;
#7456 = CARTESIAN_POINT ( 'NONE',  ( -4.150000000000000355, -0.3500000000000005884, 1.500000000000000000 ) ) ;
#7457 = VECTOR ( 'NONE', #778, 1000.000000000000000 ) ;
#7458 = DIRECTION ( 'NONE',  ( 1.000000000000000000, -0.0000000000000000000, -0.0000000000000000000 ) ) ;
#7459 = EDGE_LOOP ( 'NONE', ( #1982, #5503, #7774, #9663 ) ) ;
#7460 = EDGE_CURVE ( 'NONE', #1749, #6199, #1655, .T. ) ;
#7461 = CARTESIAN_POINT ( 'NONE',  ( -1.749999999999999778, 0.6499999999999998002, 1.800000000000000044 ) ) ;
#7462 = MECHANICAL_DESIGN_GEOMETRIC_PRESENTATION_REPRESENTATION (  '', ( #5945 ), #7973 ) ;
#7463 = UNCERTAINTY_MEASURE_WITH_UNIT (LENGTH_MEASURE( 1.000000000000000082E-05 ), #4564, 'distance_accuracy_value', 'NONE');
#7464 = SURFACE_STYLE_FILL_AREA ( #2361 ) ;
#7465 = PRESENTATION_STYLE_ASSIGNMENT (( #1460 ) ) ;
#7466 = SURFACE_STYLE_USAGE ( .BOTH. , #9754 ) ;
#7467 = LINE ( 'NONE', #5293, #5455 ) ;
#7468 = CARTESIAN_POINT ( 'NONE',  ( 2.799999999999999822, -0.8499999999999992006, 1.499999999999999556 ) ) ;
#7469 = CARTESIAN_POINT ( 'NONE',  ( 7.124757133476183969E-16, -1.750000000000000000, -1.150000000000002132 ) ) ;
#7470 = MECHANICAL_DESIGN_GEOMETRIC_PRESENTATION_REPRESENTATION (  '', ( #5951 ), #7981 ) ;
#7471 = PRESENTATION_STYLE_ASSIGNMENT (( #4729 ) ) ;
#7472 = FACE_OUTER_BOUND ( 'NONE', #3482, .T. ) ;
#7473 = EDGE_CURVE ( 'NONE', #6702, #1749, #9721, .T. ) ;
#7474 = COLOUR_RGB ( '',0.2509803921568627416, 0.2509803921568627416, 0.2509803921568627416 ) ;
#7475 = MECHANICAL_DESIGN_GEOMETRIC_PRESENTATION_REPRESENTATION (  '', ( #5954 ), #7990 ) ;
#7476 = ORIENTED_EDGE ( 'NONE', *, *, #4554, .T. ) ;
#7477 = ADVANCED_FACE ( 'NONE', ( #7695 ), #6909, .T. ) ;
#7478 = CIRCLE ( 'NONE', #4596, 0.02999999999999997113 ) ;
#7479 = CARTESIAN_POINT ( 'NONE',  ( 2.325000000000000178, -4.749999999999999112, 1.499999999999999556 ) ) ;
#7480 = CARTESIAN_POINT ( 'NONE',  ( 2.200000000000000178, -3.999999999999999112, 1.499999999999999556 ) ) ;
#7481 = DIRECTION ( 'NONE',  ( 0.0000000000000000000, 0.0000000000000000000, -1.000000000000000000 ) ) ;
#7482 = VECTOR ( 'NONE', #6291, 1000.000000000000000 ) ;
#7483 = EDGE_CURVE ( 'NONE', #2577, #5, #2731, .T. ) ;
#7484 = PLANE ( 'NONE',  #5185 ) ;
#7485 = DIRECTION ( 'NONE',  ( -1.000000000000000000, 1.445602896647335958E-15, 2.409338161078899427E-17 ) ) ;
#7486 = LINE ( 'NONE', #1650, #9250 ) ;
#7487 = VERTEX_POINT ( 'NONE', #6943 ) ;
#7488 = DIRECTION ( 'NONE',  ( 1.000000000000000000, 0.0000000000000000000, 0.0000000000000000000 ) ) ;
#7489 = CARTESIAN_POINT ( 'NONE',  ( 0.0000000000000000000, 0.0000000000000000000, 1.500000000000000000 ) ) ;
#7490 = EDGE_CURVE ( 'NONE', #3734, #3101, #8524, .T. ) ;
#7491 = VECTOR ( 'NONE', #5129, 1000.000000000000000 ) ;
#7492 = PRESENTATION_STYLE_ASSIGNMENT (( #654 ) ) ;
#7493 = DIRECTION ( 'NONE',  ( 0.0000000000000000000, 0.0000000000000000000, -1.000000000000000000 ) ) ;
#7494 = AXIS2_PLACEMENT_3D ( 'NONE', #344, #8623, #4929 ) ;
#7495 = ORIENTED_EDGE ( 'NONE', *, *, #2392, .F. ) ;
#7496 = EDGE_CURVE ( 'NONE', #3846, #5802, #758, .T. ) ;
#7497 = VECTOR ( 'NONE', #5049, 1000.000000000000000 ) ;
#7498 = FACE_OUTER_BOUND ( 'NONE', #3238, .T. ) ;
#7499 = DIRECTION ( 'NONE',  ( 0.1888473936501247619, 0.9820064469806472074, -9.517214474070428959E-17 ) ) ;
#7500 = VECTOR ( 'NONE', #1797, 1000.000000000000000 ) ;
#7501 = FILL_AREA_STYLE ('',( #851 ) ) ;
#7502 = CARTESIAN_POINT ( 'NONE',  ( -4.250000000000036415, 0.6499999999999991340, -0.9500000000000006217 ) ) ;
#7503 = CARTESIAN_POINT ( 'NONE',  ( 2.799999999999999822, -1.149999999999999467, -1.500000000000000444 ) ) ;
#7504 = FILL_AREA_STYLE ('',( #4788 ) ) ;
#7505 = EDGE_LOOP ( 'NONE', ( #8527, #2563, #1944, #9591 ) ) ;
#7506 = ORIENTED_EDGE ( 'NONE', *, *, #3113, .T. ) ;
#7507 = ORIENTED_EDGE ( 'NONE', *, *, #3620, .F. ) ;
#7508 = PRESENTATION_STYLE_ASSIGNMENT (( #7153 ) ) ;
#7509 =( NAMED_UNIT ( * ) SI_UNIT ( $, .STERADIAN. ) SOLID_ANGLE_UNIT ( ) );
#7510 = VERTEX_POINT ( 'NONE', #957 ) ;
#7511 = ORIENTED_EDGE ( 'NONE', *, *, #7032, .T. ) ;
#7512 = ORIENTED_EDGE ( 'NONE', *, *, #1893, .T. ) ;
#7513 =( LENGTH_UNIT ( ) NAMED_UNIT ( * ) SI_UNIT ( .MILLI., .METRE. ) );
#7514 = DIRECTION ( 'NONE',  ( 1.000000000000000000, -0.0000000000000000000, -0.0000000000000000000 ) ) ;
#7515 = ORIENTED_EDGE ( 'NONE', *, *, #3816, .F. ) ;
#7516 = UNCERTAINTY_MEASURE_WITH_UNIT (LENGTH_MEASURE( 1.000000000000000082E-05 ), #9131, 'distance_accuracy_value', 'NONE');
#7517 = EDGE_LOOP ( 'NONE', ( #7071, #1850, #6786, #4538 ) ) ;
#7518 = DIRECTION ( 'NONE',  ( -0.0000000000000000000, 1.000000000000000000, -0.0000000000000000000 ) ) ;
#7519 =( LENGTH_UNIT ( ) NAMED_UNIT ( * ) SI_UNIT ( .MILLI., .METRE. ) );
#7520 = AXIS2_PLACEMENT_3D ( 'NONE', #5529, #8745, #8808 ) ;
#7521 = VERTEX_POINT ( 'NONE', #226 ) ;
#7522 = ORIENTED_EDGE ( 'NONE', *, *, #157, .T. ) ;
#7523 = FILL_AREA_STYLE_COLOUR ( '', #8730 ) ;
#7524 = PRESENTATION_LAYER_ASSIGNMENT (  '', '', ( #6516 ) ) ;
#7525 = CARTESIAN_POINT ( 'NONE',  ( 0.2999999999999999334, -1.149999999999999467, -1.500000000000000444 ) ) ;
#7526 = ADVANCED_FACE ( 'NONE', ( #4738 ), #6203, .T. ) ;
#7527 = SURFACE_STYLE_FILL_AREA ( #838 ) ;
#7528 = ORIENTED_EDGE ( 'NONE', *, *, #9212, .F. ) ;
#7529 = ORIENTED_EDGE ( 'NONE', *, *, #197, .T. ) ;
#7530 = VECTOR ( 'NONE', #9359, 1000.000000000000000 ) ;
#7531 = PRESENTATION_LAYER_ASSIGNMENT (  '', '', ( #6519 ) ) ;
#7532 = ORIENTED_EDGE ( 'NONE', *, *, #1419, .T. ) ;
#7533 = SURFACE_STYLE_FILL_AREA ( #9026 ) ;
#7534 = DIRECTION ( 'NONE',  ( 0.0000000000000000000, 0.0000000000000000000, -1.000000000000000000 ) ) ;
#7535 = EDGE_CURVE ( 'NONE', #3730, #1985, #3793, .T. ) ;
#7536 =( LENGTH_UNIT ( ) NAMED_UNIT ( * ) SI_UNIT ( .MILLI., .METRE. ) );
#7537 = STYLED_ITEM ( 'NONE', ( #9622 ), #1459 ) ;
#7538 = FILL_AREA_STYLE_COLOUR ( '', #508 ) ;
#7539 =( LENGTH_UNIT ( ) NAMED_UNIT ( * ) SI_UNIT ( .MILLI., .METRE. ) );
#7540 = CARTESIAN_POINT ( 'NONE',  ( 0.0000000000000000000, 6.925848040166833641, 0.2249999999999989786 ) ) ;
#7541 = DIRECTION ( 'NONE',  ( 1.000000000000000000, 0.0000000000000000000, 1.224646799147352961E-16 ) ) ;
#7542 = ORIENTED_EDGE ( 'NONE', *, *, #4757, .F. ) ;
#7543 = ORIENTED_EDGE ( 'NONE', *, *, #6502, .T. ) ;
#7544 = ORIENTED_EDGE ( 'NONE', *, *, #2257, .T. ) ;
#7545 = LINE ( 'NONE', #8285, #1736 ) ;
#7546 = DIRECTION ( 'NONE',  ( 0.0000000000000000000, -1.000000000000000000, 0.0000000000000000000 ) ) ;
#7547 = DIRECTION ( 'NONE',  ( 0.0000000000000000000, 1.000000000000000000, 5.656706986880892613E-16 ) ) ;
#7548 = CARTESIAN_POINT ( 'NONE',  ( 4.179999999999999716, 0.6499999999999989120, 1.500000000000000000 ) ) ;
#7549 = LINE ( 'NONE', #361, #3982 ) ;
#7550 = PLANE ( 'NONE',  #5140 ) ;
#7551 = VERTEX_POINT ( 'NONE', #1714 ) ;
#7552 = EDGE_CURVE ( 'NONE', #834, #3029, #5566, .T. ) ;
#7553 = EDGE_CURVE ( 'NONE', #9317, #7398, #9600, .T. ) ;
#7554 = VECTOR ( 'NONE', #4690, 1000.000000000000000 ) ;
#7555 = EDGE_CURVE ( 'NONE', #2080, #6921, #1775, .T. ) ;
#7556 = PLANE ( 'NONE',  #7842 ) ;
#7557 = ORIENTED_EDGE ( 'NONE', *, *, #5953, .T. ) ;
#7558 = VERTEX_POINT ( 'NONE', #1015 ) ;
#7559 = SURFACE_STYLE_USAGE ( .BOTH. , #6789 ) ;
#7560 = ORIENTED_EDGE ( 'NONE', *, *, #8231, .T. ) ;
#7561 = DIRECTION ( 'NONE',  ( -2.409338161078899427E-17, -0.0000000000000000000, -1.000000000000000000 ) ) ;
#7562 = FACE_OUTER_BOUND ( 'NONE', #5099, .T. ) ;
#7563 = VECTOR ( 'NONE', #6805, 1000.000000000000000 ) ;
#7564 = ORIENTED_EDGE ( 'NONE', *, *, #5087, .F. ) ;
#7565 = CARTESIAN_POINT ( 'NONE',  ( -0.2499999999999997780, 0.1499999999999997446, 3.800000000000000266 ) ) ;
#7566 = ADVANCED_FACE ( 'NONE', ( #5327 ), #3241, .F. ) ;
#7567 = CARTESIAN_POINT ( 'NONE',  ( -4.150000000000000355, -0.3500000000000005884, 1.500000000000000000 ) ) ;
#7568 = SURFACE_STYLE_USAGE ( .BOTH. , #2973 ) ;
#7569 =( LENGTH_UNIT ( ) NAMED_UNIT ( * ) SI_UNIT ( .MILLI., .METRE. ) );
#7570 = VECTOR ( 'NONE', #4765, 1000.000000000000000 ) ;
#7571 = VECTOR ( 'NONE', #7604, 1000.000000000000000 ) ;
#7572 = DIRECTION ( 'NONE',  ( 1.000000000000000000, -0.0000000000000000000, 1.224646799147352961E-16 ) ) ;
#7573 =( GEOMETRIC_REPRESENTATION_CONTEXT ( 3 ) GLOBAL_UNCERTAINTY_ASSIGNED_CONTEXT ( ( #6005 ) ) GLOBAL_UNIT_ASSIGNED_CONTEXT ( ( #3296, #4685, #8484 ) ) REPRESENTATION_CONTEXT ( 'NONE', 'WORKASPACE' ) );
#7574 = DIRECTION ( 'NONE',  ( 0.0000000000000000000, 1.000000000000000000, 0.0000000000000000000 ) ) ;
#7575 =( NAMED_UNIT ( * ) PLANE_ANGLE_UNIT ( ) SI_UNIT ( $, .RADIAN. ) );
#7576 = UNCERTAINTY_MEASURE_WITH_UNIT (LENGTH_MEASURE( 1.000000000000000082E-05 ), #2016, 'distance_accuracy_value', 'NONE');
#7577 = CARTESIAN_POINT ( 'NONE',  ( 4.389493895187377426, 1.750000000000000444, -1.700000000000001288 ) ) ;
#7578 = PLANE ( 'NONE',  #6870 ) ;
#7579 = LINE ( 'NONE', #2975, #3330 ) ;
#7580 = DIRECTION ( 'NONE',  ( -0.0000000000000000000, 4.818676322157808222E-16, 1.000000000000000000 ) ) ;
#7581 = EDGE_CURVE ( 'NONE', #1055, #7558, #2595, .T. ) ;
#7582 = PLANE ( 'NONE',  #7790 ) ;
#7583 = STYLED_ITEM ( 'NONE', ( #5460 ), #7183 ) ;
#7584 = COLOUR_RGB ( '',0.2509803921568627416, 0.2509803921568627416, 0.2509803921568627416 ) ;
#7585 = DIRECTION ( 'NONE',  ( -1.000000000000000000, -5.421010862427508365E-16, 0.0000000000000000000 ) ) ;
#7586 = CARTESIAN_POINT ( 'NONE',  ( 4.179999999999999716, 0.6499999999999989120, -0.9500000000000025091 ) ) ;
#7587 = ORIENTED_EDGE ( 'NONE', *, *, #5157, .F. ) ;
#7588 = LINE ( 'NONE', #4951, #3810 ) ;
#7589 = LINE ( 'NONE', #7989, #3584 ) ;
#7590 = FILL_AREA_STYLE_COLOUR ( '', #4122 ) ;
#7591 = SURFACE_STYLE_FILL_AREA ( #3861 ) ;
#7592 = CARTESIAN_POINT ( 'NONE',  ( -4.150000000000000355, 0.6499999999999986899, 1.500000000000000000 ) ) ;
#7593 = FACE_OUTER_BOUND ( 'NONE', #5196, .T. ) ;
#7594 = DIRECTION ( 'NONE',  ( 0.0000000000000000000, 0.0000000000000000000, -1.000000000000000000 ) ) ;
#7596 = CARTESIAN_POINT ( 'NONE',  ( -4.250000000000000000, -0.3500000000000006439, 1.500000000000000000 ) ) ;
#7595 = AXIS2_PLACEMENT_3D ( 'NONE', #9299, #3288, #8574 ) ;
#7597 = EDGE_CURVE ( 'NONE', #4895, #7330, #8645, .T. ) ;
#7599 = ORIENTED_EDGE ( 'NONE', *, *, #6794, .T. ) ;
#7598 = MECHANICAL_DESIGN_GEOMETRIC_PRESENTATION_REPRESENTATION (  '', ( #6064 ), #8124 ) ;
#7600 = FACE_OUTER_BOUND ( 'NONE', #483, .T. ) ;
#7601 = ORIENTED_EDGE ( 'NONE', *, *, #3108, .T. ) ;
#7602 = DIRECTION ( 'NONE',  ( 0.0000000000000000000, 1.066845503452556708E-16, -1.000000000000000000 ) ) ;
#7603 = DIRECTION ( 'NONE',  ( 0.0000000000000000000, -1.000000000000000000, 1.112002228190260952E-16 ) ) ;
#7604 = DIRECTION ( 'NONE',  ( 1.000000000000000000, -0.0000000000000000000, -0.0000000000000000000 ) ) ;
#7605 = EDGE_CURVE ( 'NONE', #5251, #9068, #4621, .T. ) ;
#7606 = CARTESIAN_POINT ( 'NONE',  ( 4.250000000000013323, 1.649999999999999911, 0.9500000000000011768 ) ) ;
#7607 = LINE ( 'NONE', #7428, #9382 ) ;
#7608 =( LENGTH_UNIT ( ) NAMED_UNIT ( * ) SI_UNIT ( .MILLI., .METRE. ) );
#7609 = DIRECTION ( 'NONE',  ( 1.000000000000000000, -0.0000000000000000000, -0.0000000000000000000 ) ) ;
#7610 = EDGE_LOOP ( 'NONE', ( #8342, #3048, #502, #1453 ) ) ;
#7611 = VERTEX_POINT ( 'NONE', #9351 ) ;
#7612 = CARTESIAN_POINT ( 'NONE',  ( -0.2999999999999999334, -0.8499999999999992006, -1.499999999999999778 ) ) ;
#7613 = EDGE_CURVE ( 'NONE', #5189, #3960, #5043, .T. ) ;
#7614 = LINE ( 'NONE', #6618, #9634 ) ;
#7615 = ORIENTED_EDGE ( 'NONE', *, *, #4702, .T. ) ;
#7616 = DIRECTION ( 'NONE',  ( 1.000000000000000000, -0.0000000000000000000, 1.224646799147352961E-16 ) ) ;
#7617 = ADVANCED_FACE ( 'NONE', ( #6392 ), #8598, .F. ) ;
#7618 = FACE_OUTER_BOUND ( 'NONE', #5244, .T. ) ;
#7619 = PRESENTATION_LAYER_ASSIGNMENT (  '', '', ( #8640 ) ) ;
#7620 = VERTEX_POINT ( 'NONE', #1084 ) ;
#7621 = EDGE_CURVE ( 'NONE', #3526, #1987, #4780, .T. ) ;
#7622 = DIRECTION ( 'NONE',  ( 0.0000000000000000000, 5.656706986880892613E-16, -1.000000000000000000 ) ) ;
#7623 = EDGE_LOOP ( 'NONE', ( #3779, #5467, #453, #3749 ) ) ;
#7624 = DIRECTION ( 'NONE',  ( 0.0000000000000000000, 0.0000000000000000000, 1.000000000000000000 ) ) ;
#7625 = SURFACE_SIDE_STYLE ('',( #7591 ) ) ;
#7626 = SURFACE_STYLE_FILL_AREA ( #393 ) ;
#7627 = CARTESIAN_POINT ( 'NONE',  ( 4.150000000000000355, -0.3500000000000005884, 1.500000000000000000 ) ) ;
#7628 = VECTOR ( 'NONE', #9228, 1000.000000000000000 ) ;
#7629 = AXIS2_PLACEMENT_3D ( 'NONE', #6146, #2456, #4747 ) ;
#7630 = ORIENTED_EDGE ( 'NONE', *, *, #8315, .F. ) ;
#7631 = ORIENTED_EDGE ( 'NONE', *, *, #8373, .F. ) ;
#7632 = EDGE_LOOP ( 'NONE', ( #7020, #1709, #5038, #1314 ) ) ;
#7633 = CARTESIAN_POINT ( 'NONE',  ( 3.199999999999998401, 1.649999999999999911, 1.699999999999998845 ) ) ;
#7634 = DIRECTION ( 'NONE',  ( 0.0000000000000000000, 0.0000000000000000000, -1.000000000000000000 ) ) ;
#7635 = SURFACE_STYLE_USAGE ( .BOTH. , #8148 ) ;
#7636 = CLOSED_SHELL ( 'NONE', ( #8959, #2957, #6322, #7666, #9097, #6644, #2463, #1478, #8177, #1109 ) ) ;
#7637 = STYLED_ITEM ( 'NONE', ( #4307 ), #3521 ) ;
#7638 = UNCERTAINTY_MEASURE_WITH_UNIT (LENGTH_MEASURE( 1.000000000000000082E-05 ), #1796, 'distance_accuracy_value', 'NONE');
#7639 = EDGE_LOOP ( 'NONE', ( #6186, #7239, #7901, #8807, #1740, #4789 ) ) ;
#7640 = SURFACE_STYLE_USAGE ( .BOTH. , #2328 ) ;
#7641 = VECTOR ( 'NONE', #1125, 1000.000000000000000 ) ;
#7642 = LINE ( 'NONE', #4548, #8590 ) ;
#7643 = ORIENTED_EDGE ( 'NONE', *, *, #6466, .T. ) ;
#7644 = EDGE_CURVE ( 'NONE', #9416, #2850, #6784, .T. ) ;
#7645 = CARTESIAN_POINT ( 'NONE',  ( 3.399999999999998135, -1.549999999999999378, 0.8000000000000001554 ) ) ;
#7646 = AXIS2_PLACEMENT_3D ( 'NONE', #5407, #1036, #1661 ) ;
#7647 = PRESENTATION_STYLE_ASSIGNMENT (( #4546 ) ) ;
#7648 = EDGE_LOOP ( 'NONE', ( #8713, #2646, #4381, #9421 ) ) ;
#7649 = CARTESIAN_POINT ( 'NONE',  ( -2.200000000000000178, -3.999999999999999112, 1.800000000000000488 ) ) ;
#7650 = LINE ( 'NONE', #2155, #5893 ) ;
#7651 =( GEOMETRIC_REPRESENTATION_CONTEXT ( 3 ) GLOBAL_UNCERTAINTY_ASSIGNED_CONTEXT ( ( #7898 ) ) GLOBAL_UNIT_ASSIGNED_CONTEXT ( ( #9645, #1590, #8187 ) ) REPRESENTATION_CONTEXT ( 'NONE', 'WORKASPACE' ) );
#7652 =( GEOMETRIC_REPRESENTATION_CONTEXT ( 3 ) GLOBAL_UNCERTAINTY_ASSIGNED_CONTEXT ( ( #6518 ) ) GLOBAL_UNIT_ASSIGNED_CONTEXT ( ( #6691, #2144, #7445 ) ) REPRESENTATION_CONTEXT ( 'NONE', 'WORKASPACE' ) );
#7653 = SURFACE_SIDE_STYLE ('',( #9522 ) ) ;
#7654 = LINE ( 'NONE', #3725, #5881 ) ;
#7655 = DIRECTION ( 'NONE',  ( -5.421010862427508365E-16, -1.000000000000000000, 0.0000000000000000000 ) ) ;
#7656 = ORIENTED_EDGE ( 'NONE', *, *, #9720, .F. ) ;
#7657 = EDGE_CURVE ( 'NONE', #1400, #5237, #8560, .T. ) ;
#7658 = AXIS2_PLACEMENT_3D ( 'NONE', #7669, #3142, #8433 ) ;
#7659 =( NAMED_UNIT ( * ) PLANE_ANGLE_UNIT ( ) SI_UNIT ( $, .RADIAN. ) );
#7660 = AXIS2_PLACEMENT_3D ( 'NONE', #963, #3147, #8436 ) ;
#7661 = ORIENTED_EDGE ( 'NONE', *, *, #1780, .T. ) ;
#7662 = EDGE_CURVE ( 'NONE', #8822, #8966, #2765, .T. ) ;
#7663 = EDGE_LOOP ( 'NONE', ( #4233, #5197, #8209, #251, #6795, #7211, #5477, #3727 ) ) ;
#7664 = CARTESIAN_POINT ( 'NONE',  ( -3.199999999999997513, 1.670000000000000151, 1.800000000000000044 ) ) ;
#7665 = EDGE_LOOP ( 'NONE', ( #6854, #7743, #2519, #732 ) ) ;
#7666 = ADVANCED_FACE ( 'NONE', ( #6307 ), #6398, .F. ) ;
#7667 = CARTESIAN_POINT ( 'NONE',  ( 2.799999999999999822, -4.000000000000001776, -1.499999999999999334 ) ) ;
#7668 = UNCERTAINTY_MEASURE_WITH_UNIT (LENGTH_MEASURE( 1.000000000000000082E-05 ), #8030, 'distance_accuracy_value', 'NONE');
#7669 = CARTESIAN_POINT ( 'NONE',  ( -4.469999999999997975, 0.7703109888428062435, 0.9500000000000018430 ) ) ;
#7670 = SURFACE_SIDE_STYLE ('',( #7464 ) ) ;
#7671 = EDGE_LOOP ( 'NONE', ( #1197, #7587, #4071, #2908, #2086, #3977, #7560, #1486, #6750, #6687, #2400, #8392 ) ) ;
#7672 = EDGE_CURVE ( 'NONE', #2760, #6008, #4319, .T. ) ;
#7673 = EDGE_LOOP ( 'NONE', ( #4694, #6728, #412, #1265, #7029, #2315, #7140, #7412, #1035, #6804, #8251, #220 ) ) ;
#7674 = CARTESIAN_POINT ( 'NONE',  ( 3.399999999999998579, 6.925848040166833641, -1.149999999999999911 ) ) ;
#7675 = DIRECTION ( 'NONE',  ( 1.000000000000000000, 0.0000000000000000000, -2.409338161078898194E-16 ) ) ;
#7676 = EDGE_CURVE ( 'NONE', #2197, #7935, #6560, .T. ) ;
#7677 = LINE ( 'NONE', #4044, #7446 ) ;
#7678 = DIRECTION ( 'NONE',  ( 0.0000000000000000000, 0.0000000000000000000, -1.000000000000000000 ) ) ;
#7679 = DIRECTION ( 'NONE',  ( -0.1888473936501247619, 0.9820064469806472074, 0.0000000000000000000 ) ) ;
#7680 = EDGE_LOOP ( 'NONE', ( #6113, #698, #4675, #9190 ) ) ;
#7681 = VECTOR ( 'NONE', #9571, 1000.000000000000000 ) ;
#7682 = ORIENTED_EDGE ( 'NONE', *, *, #4373, .F. ) ;
#7683 =( NAMED_UNIT ( * ) PLANE_ANGLE_UNIT ( ) SI_UNIT ( $, .RADIAN. ) );
#7684 = DIRECTION ( 'NONE',  ( 0.0000000000000000000, 0.0000000000000000000, -1.000000000000000000 ) ) ;
#7685 = DIRECTION ( 'NONE',  ( 2.409338161078898194E-16, 0.0000000000000000000, 1.000000000000000000 ) ) ;
#7686 = LINE ( 'NONE', #4323, #3433 ) ;
#7687 = PRESENTATION_LAYER_ASSIGNMENT (  '', '', ( #7188 ) ) ;
#7688 =( NAMED_UNIT ( * ) SI_UNIT ( $, .STERADIAN. ) SOLID_ANGLE_UNIT ( ) );
#7689 = LINE ( 'NONE', #7461, #9713 ) ;
#7690 = EDGE_CURVE ( 'NONE', #8005, #1941, #8321, .T. ) ;
#7691 = DIRECTION ( 'NONE',  ( 1.000000000000000000, -0.0000000000000000000, -0.0000000000000000000 ) ) ;
#7692 = COLOUR_RGB ( '',0.2509803921568627416, 0.2509803921568627416, 0.2509803921568627416 ) ;
#7693 = DIRECTION ( 'NONE',  ( -1.000000000000000000, 1.445602896647335761E-15, 0.0000000000000000000 ) ) ;
#7694 = CARTESIAN_POINT ( 'NONE',  ( 2.799999999999999822, -3.999999999999999112, 1.499999999999999778 ) ) ;
#7695 = FACE_OUTER_BOUND ( 'NONE', #4103, .T. ) ;
#7696 = LINE ( 'NONE', #4444, #1656 ) ;
#7697 = PLANE ( 'NONE',  #6451 ) ;
#7698 = SURFACE_STYLE_FILL_AREA ( #7396 ) ;
#7699 = CARTESIAN_POINT ( 'NONE',  ( -4.469999999999998863, 0.7703109888428063545, -0.9500000000000023981 ) ) ;
#7700 = LINE ( 'NONE', #8558, #1660 ) ;
#7701 = CARTESIAN_POINT ( 'NONE',  ( -2.799999999999999822, -4.749999999999999112, 1.499999999999999778 ) ) ;
#7702 = DIRECTION ( 'NONE',  ( 1.224646799147352961E-16, -1.204669080539449344E-16, -1.000000000000000000 ) ) ;
#7703 = LINE ( 'NONE', #8345, #9727 ) ;
#7704 = FACE_OUTER_BOUND ( 'NONE', #1260, .T. ) ;
#7705 = DIRECTION ( 'NONE',  ( 0.0000000000000000000, 0.9265528178475215260, -0.3761646923075286364 ) ) ;
#7706 = VECTOR ( 'NONE', #6153, 1000.000000000000000 ) ;
#7707 = AXIS2_PLACEMENT_3D ( 'NONE', #4529, #1482, #6009 ) ;
#7708 = SURFACE_SIDE_STYLE ('',( #6835 ) ) ;
#7709 = VECTOR ( 'NONE', #4852, 1000.000000000000000 ) ;
#7710 = AXIS2_PLACEMENT_3D ( 'NONE', #4643, #6920, #2372 ) ;
#7711 = EDGE_CURVE ( 'NONE', #5674, #8822, #8099, .T. ) ;
#7712 = FILL_AREA_STYLE ('',( #6178 ) ) ;
#7713 = COLOUR_RGB ( '',0.7921568627450980005, 0.8196078431372548767, 0.9333333333333333481 ) ;
#7714 = ADVANCED_FACE ( 'NONE', ( #7853 ), #2649, .F. ) ;
#7715 = VERTEX_POINT ( 'NONE', #8688 ) ;
#7716 =( GEOMETRIC_REPRESENTATION_CONTEXT ( 3 ) GLOBAL_UNCERTAINTY_ASSIGNED_CONTEXT ( ( #4716 ) ) GLOBAL_UNIT_ASSIGNED_CONTEXT ( ( #8565, #4033, #9321 ) ) REPRESENTATION_CONTEXT ( 'NONE', 'WORKASPACE' ) );
#7717 = VERTEX_POINT ( 'NONE', #465 ) ;
#7718 = CARTESIAN_POINT ( 'NONE',  ( 0.8627674750356644218, -1.073609129814550478, -1.499999999999999556 ) ) ;
#7719 = VECTOR ( 'NONE', #5657, 1000.000000000000000 ) ;
#7720 = PRESENTATION_LAYER_ASSIGNMENT (  '', '', ( #6721 ) ) ;
#7721 = PLANE ( 'NONE',  #9087 ) ;
#7722 = EDGE_LOOP ( 'NONE', ( #2898, #743, #9410, #1076 ) ) ;
#7723 = LINE ( 'NONE', #626, #9751 ) ;
#7724 = VECTOR ( 'NONE', #2028, 1000.000000000000000 ) ;
#7725 = AXIS2_PLACEMENT_3D ( 'NONE', #3962, #977, #6226 ) ;
#7726 = ADVANCED_FACE ( 'NONE', ( #1808 ), #1200, .F. ) ;
#7727 = VECTOR ( 'NONE', #2390, 999.9999999999998863 ) ;
#7728 =( GEOMETRIC_REPRESENTATION_CONTEXT ( 3 ) GLOBAL_UNCERTAINTY_ASSIGNED_CONTEXT ( ( #5169 ) ) GLOBAL_UNIT_ASSIGNED_CONTEXT ( ( #512, #5722, #4361 ) ) REPRESENTATION_CONTEXT ( 'NONE', 'WORKASPACE' ) );
#7729 = EDGE_LOOP ( 'NONE', ( #6383, #7964, #7382, #5065 ) ) ;
#7730 = CARTESIAN_POINT ( 'NONE',  ( 1.750000000000001998, 0.6500000000000000222, 1.699999999999999956 ) ) ;
#7731 = LINE ( 'NONE', #4925, #3721 ) ;
#7732 =( LENGTH_UNIT ( ) NAMED_UNIT ( * ) SI_UNIT ( .MILLI., .METRE. ) );
#7733 = VERTEX_POINT ( 'NONE', #4229 ) ;
#7734 = EDGE_CURVE ( 'NONE', #3313, #8454, #103, .T. ) ;
#7735 = SURFACE_SIDE_STYLE ('',( #8787 ) ) ;
#7736 = SURFACE_STYLE_USAGE ( .BOTH. , #2438 ) ;
#7737 = LINE ( 'NONE', #9682, #7727 ) ;
#7738 =( NAMED_UNIT ( * ) SI_UNIT ( $, .STERADIAN. ) SOLID_ANGLE_UNIT ( ) );
#7739 = EDGE_LOOP ( 'NONE', ( #8460, #8826, #5425, #4203 ) ) ;
#7740 = ORIENTED_EDGE ( 'NONE', *, *, #6604, .T. ) ;
#7741 = FILL_AREA_STYLE ('',( #9194 ) ) ;
#7742 = FACE_OUTER_BOUND ( 'NONE', #473, .T. ) ;
#7743 = ORIENTED_EDGE ( 'NONE', *, *, #4572, .T. ) ;
#7744 = EDGE_LOOP ( 'NONE', ( #1978, #5384, #2829, #1381 ) ) ;
#7745 = CARTESIAN_POINT ( 'NONE',  ( 2.799999999999999378, -1.149999999999999911, 1.800000000000000266 ) ) ;
#7746 = ORIENTED_EDGE ( 'NONE', *, *, #3568, .T. ) ;
#7747 = SURFACE_SIDE_STYLE ('',( #2015 ) ) ;
#7748 = DIRECTION ( 'NONE',  ( 1.000000000000000000, 5.421010862427508365E-16, -0.0000000000000000000 ) ) ;
#7749 = ORIENTED_EDGE ( 'NONE', *, *, #843, .T. ) ;
#7750 = ORIENTED_EDGE ( 'NONE', *, *, #8130, .F. ) ;
#7751 = ORIENTED_EDGE ( 'NONE', *, *, #925, .F. ) ;
#7752 = SURFACE_STYLE_FILL_AREA ( #1214 ) ;
#7753 = SURFACE_SIDE_STYLE ('',( #5015 ) ) ;
#7754 = ORIENTED_EDGE ( 'NONE', *, *, #6484, .F. ) ;
#7755 = VERTEX_POINT ( 'NONE', #8029 ) ;
#7756 = SURFACE_SIDE_STYLE ('',( #519 ) ) ;
#7757 = SURFACE_STYLE_USAGE ( .BOTH. , #245 ) ;
#7758 = SURFACE_SIDE_STYLE ('',( #4482 ) ) ;
#7759 = SURFACE_SIDE_STYLE ('',( #203 ) ) ;
#7760 = CARTESIAN_POINT ( 'NONE',  ( 3.199999999999998401, 1.750000000000000000, 1.699999999999998845 ) ) ;
#7761 = CARTESIAN_POINT ( 'NONE',  ( -4.399999999999999467, 1.649999999999999911, 5.088522196198655706E-15 ) ) ;
#7762 =( NAMED_UNIT ( * ) PLANE_ANGLE_UNIT ( ) SI_UNIT ( $, .RADIAN. ) );
#7763 = UNCERTAINTY_MEASURE_WITH_UNIT (LENGTH_MEASURE( 1.000000000000000082E-05 ), #8000, 'distance_accuracy_value', 'NONE');
#7764 = ORIENTED_EDGE ( 'NONE', *, *, #7850, .T. ) ;
#7765 = FACE_OUTER_BOUND ( 'NONE', #9244, .T. ) ;
#7766 = VERTEX_POINT ( 'NONE', #2724 ) ;
#7767 = LINE ( 'NONE', #8507, #3754 ) ;
#7768 = ORIENTED_EDGE ( 'NONE', *, *, #3175, .F. ) ;
#7769 = CARTESIAN_POINT ( 'NONE',  ( 4.250000000000000000, 0.0000000000000000000, -0.5081345747705631188 ) ) ;
#7770 = FACE_OUTER_BOUND ( 'NONE', #608, .T. ) ;
#7771 = ADVANCED_FACE ( 'NONE', ( #3827 ), #1962, .F. ) ;
#7772 = FILL_AREA_STYLE_COLOUR ( '', #8886 ) ;
#7773 = MECHANICAL_DESIGN_GEOMETRIC_PRESENTATION_REPRESENTATION (  '', ( #6233 ), #8274 ) ;
#7774 = ORIENTED_EDGE ( 'NONE', *, *, #3756, .F. ) ;
#7775 = EDGE_LOOP ( 'NONE', ( #8162, #6674, #6310, #1377 ) ) ;
#7776 = ORIENTED_EDGE ( 'NONE', *, *, #4182, .F. ) ;
#7777 = CARTESIAN_POINT ( 'NONE',  ( -2.799999999999999378, -1.149999999999999911, -1.800000000000000711 ) ) ;
#7778 = CARTESIAN_POINT ( 'NONE',  ( 3.299999999999997602, 6.925848040166833641, 0.0000000000000000000 ) ) ;
#7779 = EDGE_CURVE ( 'NONE', #5174, #7201, #5142, .T. ) ;
#7780 = DIRECTION ( 'NONE',  ( 0.0000000000000000000, -1.000000000000000000, 1.204669080539449344E-16 ) ) ;
#7781 =( GEOMETRIC_REPRESENTATION_CONTEXT ( 3 ) GLOBAL_UNCERTAINTY_ASSIGNED_CONTEXT ( ( #693 ) ) GLOBAL_UNIT_ASSIGNED_CONTEXT ( ( #405, #5650, #1128 ) ) REPRESENTATION_CONTEXT ( 'NONE', 'WORKASPACE' ) );
#7782 = ADVANCED_FACE ( 'NONE', ( #4901 ), #1263, .F. ) ;
#7783 = PLANE ( 'NONE',  #1615 ) ;
#7784 = ORIENTED_EDGE ( 'NONE', *, *, #7242, .T. ) ;
#7785 = CARTESIAN_POINT ( 'NONE',  ( 2.325000000000000178, -4.750000000000000000, -1.499999999999999556 ) ) ;
#7786 = ORIENTED_EDGE ( 'NONE', *, *, #668, .T. ) ;
#7787 = AXIS2_PLACEMENT_3D ( 'NONE', #6161, #6412, #5324 ) ;
#7788 = FILL_AREA_STYLE_COLOUR ( '', #3332 ) ;
#7789 = FILL_AREA_STYLE_COLOUR ( '', #5107 ) ;
#7790 = AXIS2_PLACEMENT_3D ( 'NONE', #1561, #6857, #2310 ) ;
#7791 = DIRECTION ( 'NONE',  ( 1.000000000000000000, 0.0000000000000000000, 1.224646799147352961E-16 ) ) ;
#7793 = ORIENTED_EDGE ( 'NONE', *, *, #6478, .T. ) ;
#7792 =( NAMED_UNIT ( * ) SI_UNIT ( $, .STERADIAN. ) SOLID_ANGLE_UNIT ( ) );
#7794 = EDGE_LOOP ( 'NONE', ( #1626, #4347, #6584, #1507 ) ) ;
#7795 = EDGE_CURVE ( 'NONE', #4665, #8118, #7129, .T. ) ;
#7796 = CLOSED_SHELL ( 'NONE', ( #9348, #1393, #293, #195, #994, #4607, #9411, #5115, #728, #3201 ) ) ;
#7797 = MECHANICAL_DESIGN_GEOMETRIC_PRESENTATION_REPRESENTATION (  '', ( #6260 ), #8292 ) ;
#7798 = CARTESIAN_POINT ( 'NONE',  ( 4.150000000000000355, -0.3500000000000003109, 0.6502286246418802484 ) ) ;
#7799 =( NAMED_UNIT ( * ) SI_UNIT ( $, .STERADIAN. ) SOLID_ANGLE_UNIT ( ) );
#7800 = FACE_OUTER_BOUND ( 'NONE', #1280, .T. ) ;
#7801 = EDGE_CURVE ( 'NONE', #112, #525, #8914, .T. ) ;
#7802 = FACE_OUTER_BOUND ( 'NONE', #8337, .T. ) ;
#7803 = VERTEX_POINT ( 'NONE', #4294 ) ;
#7804 = LINE ( 'NONE', #7567, #3785 ) ;
#7805 = DIRECTION ( 'NONE',  ( 1.361809969397927063E-32, 1.000000000000000000, -1.112002228190260705E-16 ) ) ;
#7806 = CARTESIAN_POINT ( 'NONE',  ( 4.150000000000000355, -2.168404344971008868E-16, 1.500000000000000000 ) ) ;
#7807 = SURFACE_STYLE_FILL_AREA ( #6142 ) ;
#7808 = SURFACE_SIDE_STYLE ('',( #9346 ) ) ;
#7809 = EDGE_CURVE ( 'NONE', #1840, #6088, #891, .T. ) ;
#7810 = PLANE ( 'NONE',  #3467 ) ;
#7811 = VECTOR ( 'NONE', #5044, 1000.000000000000000 ) ;
#7812 = CARTESIAN_POINT ( 'NONE',  ( -0.2499999999999997780, 1.649999999999999911, 1.800000000000000044 ) ) ;
#7813 = EDGE_CURVE ( 'NONE', #2771, #7041, #6675, .T. ) ;
#7814 = FILL_AREA_STYLE_COLOUR ( '', #7336 ) ;
#7815 =( NAMED_UNIT ( * ) PLANE_ANGLE_UNIT ( ) SI_UNIT ( $, .RADIAN. ) );
#7816 = SURFACE_STYLE_FILL_AREA ( #6869 ) ;
#7817 = DIRECTION ( 'NONE',  ( -1.224646799147352961E-16, 1.204669080539449344E-16, 1.000000000000000000 ) ) ;
#7818 = ADVANCED_FACE ( 'NONE', ( #6428 ), #2793, .T. ) ;
#7819 = PRESENTATION_STYLE_ASSIGNMENT (( #5669 ) ) ;
#7820 =( NAMED_UNIT ( * ) PLANE_ANGLE_UNIT ( ) SI_UNIT ( $, .RADIAN. ) );
#7821 = PLANE ( 'NONE',  #8140 ) ;
#7822 = SURFACE_SIDE_STYLE ('',( #2220 ) ) ;
#7823 = DIRECTION ( 'NONE',  ( -0.0000000000000000000, 1.000000000000000000, -1.112002228190260705E-16 ) ) ;
#7824 = AXIS2_PLACEMENT_3D ( 'NONE', #1233, #3392, #6952 ) ;
#7825 = DIRECTION ( 'NONE',  ( 1.445602896647335958E-15, 1.000000000000000000, -1.112002228190258979E-16 ) ) ;
#7826 = SURFACE_SIDE_STYLE ('',( #4412 ) ) ;
#7827 = CARTESIAN_POINT ( 'NONE',  ( -4.956352788505187920E-16, 6.925848040166833641, -0.8000000000000030420 ) ) ;
#7828 = DIRECTION ( 'NONE',  ( 1.000000000000000000, 0.0000000000000000000, 0.0000000000000000000 ) ) ;
#7829 = DIRECTION ( 'NONE',  ( -1.445602896647335761E-15, -1.000000000000000000, 0.0000000000000000000 ) ) ;
#7830 = CARTESIAN_POINT ( 'NONE',  ( 4.250000000000000000, -0.3500000000000006439, 1.500000000000000000 ) ) ;
#7831 = LINE ( 'NONE', #7806, #9613 ) ;
#7832 = ADVANCED_FACE ( 'NONE', ( #8435 ), #7329, .F. ) ;
#7833 = CARTESIAN_POINT ( 'NONE',  ( -4.168858279709376724, 0.6575433118837492596, 1.500000000000000000 ) ) ;
#7834 = LINE ( 'NONE', #2641, #3582 ) ;
#7835 = VECTOR ( 'NONE', #4160, 1000.000000000000000 ) ;
#7836 =( NAMED_UNIT ( * ) PLANE_ANGLE_UNIT ( ) SI_UNIT ( $, .RADIAN. ) );
#7837 = PRESENTATION_STYLE_ASSIGNMENT (( #2275 ) ) ;
#7838 = AXIS2_PLACEMENT_3D ( 'NONE', #3327, #4200, #305 ) ;
#7839 = DIRECTION ( 'NONE',  ( 0.0000000000000000000, -1.066845503452556708E-16, 1.000000000000000000 ) ) ;
#7840 = ORIENTED_EDGE ( 'NONE', *, *, #5895, .F. ) ;
#7841 = DIRECTION ( 'NONE',  ( 1.000000000000000000, -0.0000000000000000000, -0.0000000000000000000 ) ) ;
#7842 = AXIS2_PLACEMENT_3D ( 'NONE', #661, #7430, #4591 ) ;
#7843 = VECTOR ( 'NONE', #4488, 1000.000000000000000 ) ;
#7844 =( LENGTH_UNIT ( ) NAMED_UNIT ( * ) SI_UNIT ( .MILLI., .METRE. ) );
#7845 = ORIENTED_EDGE ( 'NONE', *, *, #7401, .T. ) ;
#7846 = FACE_OUTER_BOUND ( 'NONE', #1833, .T. ) ;
#7847 =( GEOMETRIC_REPRESENTATION_CONTEXT ( 3 ) GLOBAL_UNCERTAINTY_ASSIGNED_CONTEXT ( ( #4754 ) ) GLOBAL_UNIT_ASSIGNED_CONTEXT ( ( #6499, #1956, #7256 ) ) REPRESENTATION_CONTEXT ( 'NONE', 'WORKASPACE' ) );
#7848 = FILL_AREA_STYLE_COLOUR ( '', #191 ) ;
#7849 = SURFACE_STYLE_FILL_AREA ( #4531 ) ;
#7850 = EDGE_CURVE ( 'NONE', #1838, #7611, #7723, .T. ) ;
#7851 = PRESENTATION_LAYER_ASSIGNMENT (  '', '', ( #6830 ) ) ;
#7852 = CARTESIAN_POINT ( 'NONE',  ( 2.200000000000000178, -4.750000000000000000, -1.499999999999999334 ) ) ;
#7853 = FACE_OUTER_BOUND ( 'NONE', #470, .T. ) ;
#7854 = VECTOR ( 'NONE', #4983, 1000.000000000000000 ) ;
#7855 = SURFACE_STYLE_USAGE ( .BOTH. , #1832 ) ;
#7856 = DIRECTION ( 'NONE',  ( -1.301042606982613367E-14, 0.0000000000000000000, 1.000000000000000000 ) ) ;
#7857 = ORIENTED_EDGE ( 'NONE', *, *, #7104, .F. ) ;
#7858 = DIRECTION ( 'NONE',  ( 1.000000000000000000, 0.0000000000000000000, 0.0000000000000000000 ) ) ;
#7859 = ORIENTED_EDGE ( 'NONE', *, *, #9379, .T. ) ;
#7860 = EDGE_CURVE ( 'NONE', #8853, #1007, #3710, .T. ) ;
#7861 = CARTESIAN_POINT ( 'NONE',  ( -5.221110255092797026, -1.549999999999999600, -1.500000000000000444 ) ) ;
#7862 = ORIENTED_EDGE ( 'NONE', *, *, #5348, .T. ) ;
#7863 = ORIENTED_EDGE ( 'NONE', *, *, #1924, .F. ) ;
#7864 = LINE ( 'NONE', #6253, #1816 ) ;
#7865 = FILL_AREA_STYLE_COLOUR ( '', #9621 ) ;
#7866 = CARTESIAN_POINT ( 'NONE',  ( -4.499999999999998224, 0.8499999999999993117, 0.9500000000000043965 ) ) ;
#7867 = ORIENTED_EDGE ( 'NONE', *, *, #3249, .T. ) ;
#7868 = FILL_AREA_STYLE ('',( #7789 ) ) ;
#7869 = ORIENTED_EDGE ( 'NONE', *, *, #7379, .F. ) ;
#7870 = EDGE_CURVE ( 'NONE', #6906, #2996, #1677, .T. ) ;
#7871 = ADVANCED_FACE ( 'NONE', ( #1457 ), #3622, .F. ) ;
#7872 = SURFACE_STYLE_USAGE ( .BOTH. , #1779 ) ;
#7873 = VECTOR ( 'NONE', #8780, 1000.000000000000000 ) ;
#7874 = EDGE_CURVE ( 'NONE', #3258, #4086, #777, .T. ) ;
#7875 = VERTEX_POINT ( 'NONE', #8938 ) ;
#7876 = ORIENTED_EDGE ( 'NONE', *, *, #2864, .F. ) ;
#7877 = DIRECTION ( 'NONE',  ( -1.000000000000000000, 0.0000000000000000000, 0.0000000000000000000 ) ) ;
#7878 = ORIENTED_EDGE ( 'NONE', *, *, #6241, .T. ) ;
#7879 = VERTEX_POINT ( 'NONE', #4379 ) ;
#7880 = VERTEX_POINT ( 'NONE', #5935 ) ;
#7881 = CARTESIAN_POINT ( 'NONE',  ( 2.799999999999999378, -1.149999999999999911, 0.8291796067500618594 ) ) ;
#7882 = FACE_OUTER_BOUND ( 'NONE', #8304, .T. ) ;
#7883 = VERTEX_POINT ( 'NONE', #3655 ) ;
#7884 = ADVANCED_FACE ( 'NONE', ( #4533 ), #6696, .F. ) ;
#7885 = LINE ( 'NONE', #6362, #2076 ) ;
#7886 = DIRECTION ( 'NONE',  ( 0.0000000000000000000, 1.000000000000000000, -2.891205793294678326E-16 ) ) ;
#7887 = CARTESIAN_POINT ( 'NONE',  ( 3.749999999999998668, -1.750000000000000000, -1.149999999999999689 ) ) ;
#7888 = CARTESIAN_POINT ( 'NONE',  ( 4.399999999999998579, 1.750000000000000000, 0.9500000000000027311 ) ) ;
#7889 = ORIENTED_EDGE ( 'NONE', *, *, #7657, .T. ) ;
#7890 = VERTEX_POINT ( 'NONE', #9738 ) ;
#7891 = EDGE_CURVE ( 'NONE', #1594, #21, #6778, .T. ) ;
#7892 = DIRECTION ( 'NONE',  ( -0.0000000000000000000, -1.000000000000000000, -0.0000000000000000000 ) ) ;
#7893 =( NAMED_UNIT ( * ) SI_UNIT ( $, .STERADIAN. ) SOLID_ANGLE_UNIT ( ) );
#7894 = DIRECTION ( 'NONE',  ( -1.000000000000000000, 0.0000000000000000000, 2.349104707051925222E-15 ) ) ;
#7895 = PLANE ( 'NONE',  #2857 ) ;
#7896 =( LENGTH_UNIT ( ) NAMED_UNIT ( * ) SI_UNIT ( .MILLI., .METRE. ) );
#7897 = ORIENTED_EDGE ( 'NONE', *, *, #1303, .F. ) ;
#7898 = UNCERTAINTY_MEASURE_WITH_UNIT (LENGTH_MEASURE( 1.000000000000000082E-05 ), #9645, 'distance_accuracy_value', 'NONE');
#7899 = CARTESIAN_POINT ( 'NONE',  ( -4.499999999999998224, 0.7703109888428062435, 0.9500000000000026201 ) ) ;
#7900 = CARTESIAN_POINT ( 'NONE',  ( -4.150000000000000355, -2.168404344971008868E-16, 1.500000000000000000 ) ) ;
#7901 = ORIENTED_EDGE ( 'NONE', *, *, #5320, .F. ) ;
#7902 = COLOUR_RGB ( '',0.2509803921568627416, 0.2509803921568627416, 0.2509803921568627416 ) ;
#7903 = PLANE ( 'NONE',  #7006 ) ;
#7904 = AXIS2_PLACEMENT_3D ( 'NONE', #2085, #5563, #840 ) ;
#7905 = COLOUR_RGB ( '',0.2509803921568627416, 0.2509803921568627416, 0.2509803921568627416 ) ;
#7906 = DIRECTION ( 'NONE',  ( 0.0000000000000000000, 0.0000000000000000000, -1.000000000000000000 ) ) ;
#7907 = VERTEX_POINT ( 'NONE', #3718 ) ;
#7908 = SURFACE_SIDE_STYLE ('',( #707 ) ) ;
#7909 =( NAMED_UNIT ( * ) SI_UNIT ( $, .STERADIAN. ) SOLID_ANGLE_UNIT ( ) );
#7910 = STYLED_ITEM ( 'NONE', ( #2363 ), #4111 ) ;
#7911 = CARTESIAN_POINT ( 'NONE',  ( -3.399999999999997691, 6.925848040166833641, -1.150000000000000799 ) ) ;
#7912 = LINE ( 'NONE', #3130, #1492 ) ;
#7913 = ORIENTED_EDGE ( 'NONE', *, *, #1910, .T. ) ;
#7914 = ORIENTED_EDGE ( 'NONE', *, *, #915, .T. ) ;
#7915 = EDGE_CURVE ( 'NONE', #695, #8837, #2755, .T. ) ;
#7916 = CARTESIAN_POINT ( 'NONE',  ( -2.800000000000000266, -1.149999999999999911, 1.800000000000000266 ) ) ;
#7917 = CARTESIAN_POINT ( 'NONE',  ( -0.2999999999999999334, -0.8499999999999992006, 1.800000000000000044 ) ) ;
#7918 = VECTOR ( 'NONE', #1378, 1000.000000000000000 ) ;
#7919 =( NAMED_UNIT ( * ) PLANE_ANGLE_UNIT ( ) SI_UNIT ( $, .RADIAN. ) );
#7920 =( GEOMETRIC_REPRESENTATION_CONTEXT ( 3 ) GLOBAL_UNCERTAINTY_ASSIGNED_CONTEXT ( ( #5526 ) ) GLOBAL_UNIT_ASSIGNED_CONTEXT ( ( #1581, #2202, #3817 ) ) REPRESENTATION_CONTEXT ( 'NONE', 'WORKASPACE' ) );
#7921 = ORIENTED_EDGE ( 'NONE', *, *, #9446, .F. ) ;
#7922 = CARTESIAN_POINT ( 'NONE',  ( -2.325000000000000622, -4.649999999999998579, 3.800000000000001155 ) ) ;
#7923 = DIRECTION ( 'NONE',  ( -1.000000000000000000, 0.0000000000000000000, -1.224646799147352961E-16 ) ) ;
#7924 = VERTEX_POINT ( 'NONE', #2176 ) ;
#7925 = DIRECTION ( 'NONE',  ( -1.445602896647335761E-15, -1.000000000000000000, 0.0000000000000000000 ) ) ;
#7926 = ORIENTED_EDGE ( 'NONE', *, *, #7657, .F. ) ;
#7927 = FILL_AREA_STYLE_COLOUR ( '', #433 ) ;
#7928 = FILL_AREA_STYLE_COLOUR ( '', #3991 ) ;
#7929 =( GEOMETRIC_REPRESENTATION_CONTEXT ( 3 ) GLOBAL_UNCERTAINTY_ASSIGNED_CONTEXT ( ( #8333 ) ) GLOBAL_UNIT_ASSIGNED_CONTEXT ( ( #5067, #560, #5820 ) ) REPRESENTATION_CONTEXT ( 'NONE', 'WORKASPACE' ) );
#7930 = DIRECTION ( 'NONE',  ( -0.0000000000000000000, -0.0000000000000000000, 1.000000000000000000 ) ) ;
#7931 = DIRECTION ( 'NONE',  ( 0.0000000000000000000, 0.0000000000000000000, -1.000000000000000000 ) ) ;
#7932 = CARTESIAN_POINT ( 'NONE',  ( 4.499999999999999112, -0.3500000000000003109, 0.6502286246418802484 ) ) ;
#7933 = VECTOR ( 'NONE', #2511, 1000.000000000000000 ) ;
#7934 = MECHANICAL_DESIGN_GEOMETRIC_PRESENTATION_REPRESENTATION (  '', ( #6404 ), #8421 ) ;
#7935 = VERTEX_POINT ( 'NONE', #9 ) ;
#7936 = VERTEX_POINT ( 'NONE', #750 ) ;
#7937 = ADVANCED_FACE ( 'NONE', ( #7600 ), #6729, .T. ) ;
#7938 = SURFACE_STYLE_FILL_AREA ( #7868 ) ;
#7939 = EDGE_CURVE ( 'NONE', #5876, #5597, #6881, .T. ) ;
#7940 = FACE_OUTER_BOUND ( 'NONE', #577, .T. ) ;
#7941 = EDGE_LOOP ( 'NONE', ( #6603, #3607, #615, #5282 ) ) ;
#7942 = CARTESIAN_POINT ( 'NONE',  ( -4.268858279709376369, 0.6575433118837494817, 0.9500000000000018430 ) ) ;
#7943 = VECTOR ( 'NONE', #500, 1000.000000000000000 ) ;
#7944 = FACE_OUTER_BOUND ( 'NONE', #3499, .T. ) ;
#7945 = EDGE_CURVE ( 'NONE', #3626, #2994, #9623, .T. ) ;
#7946 = LINE ( 'NONE', #4612, #5934 ) ;
#7947 = CARTESIAN_POINT ( 'NONE',  ( 4.499999999999999112, 1.670000000000000151, -0.9500000000000021760 ) ) ;
#7948 = DIRECTION ( 'NONE',  ( 1.000000000000000000, -0.0000000000000000000, 1.224646799147352961E-16 ) ) ;
#7949 = AXIS2_PLACEMENT_3D ( 'NONE', #8133, #6717, #7058 ) ;
#7950 = UNCERTAINTY_MEASURE_WITH_UNIT (LENGTH_MEASURE( 1.000000000000000082E-05 ), #5010, 'distance_accuracy_value', 'NONE');
#7951 = DIRECTION ( 'NONE',  ( 1.000000000000000000, 6.195440985631450387E-17, 0.0000000000000000000 ) ) ;
#7952 = DIRECTION ( 'NONE',  ( 0.0000000000000000000, 0.0000000000000000000, -1.000000000000000000 ) ) ;
#7953 = VECTOR ( 'NONE', #7321, 1000.000000000000000 ) ;
#7954 = DIRECTION ( 'NONE',  ( -0.0000000000000000000, -0.0000000000000000000, 1.000000000000000000 ) ) ;
#7955 = VECTOR ( 'NONE', #7331, 1000.000000000000000 ) ;
#7956 = DIRECTION ( 'NONE',  ( 0.1888473936501247619, -0.9820064469806472074, 1.414264159728933706E-16 ) ) ;
#7957 = CARTESIAN_POINT ( 'NONE',  ( 2.200000000000000178, -1.149999999999999911, 1.499999999999999334 ) ) ;
#7958 = LINE ( 'NONE', #6966, #1343 ) ;
#7959 = DIRECTION ( 'NONE',  ( 1.000000000000000000, -0.0000000000000000000, -0.0000000000000000000 ) ) ;
#7960 = DIRECTION ( 'NONE',  ( -0.9820064469806473184, 0.1888473936501247896, -1.430109668107681881E-16 ) ) ;
#7961 = CARTESIAN_POINT ( 'NONE',  ( 0.2999999999999999334, -1.149999999999999911, 1.499999999999999334 ) ) ;
#7962 = DIRECTION ( 'NONE',  ( 0.0000000000000000000, 1.066845503452556955E-16, -1.000000000000000000 ) ) ;
#7963 = LINE ( 'NONE', #1725, #4532 ) ;
#7964 = ORIENTED_EDGE ( 'NONE', *, *, #971, .F. ) ;
#7965 = PLANE ( 'NONE',  #460 ) ;
#7966 = AXIS2_PLACEMENT_3D ( 'NONE', #2803, #1301, #6614 ) ;
#7967 = COLOUR_RGB ( '',0.2509803921568627416, 0.2509803921568627416, 0.2509803921568627416 ) ;
#7968 = CARTESIAN_POINT ( 'NONE',  ( -4.179999999999999716, 0.6296890111571915583, 1.500000000000000000 ) ) ;
#7969 = LINE ( 'NONE', #7392, #2632 ) ;
#7970 = CARTESIAN_POINT ( 'NONE',  ( -2.799999999999999822, -1.149999999999999911, -1.499999999999999778 ) ) ;
#7971 = EDGE_CURVE ( 'NONE', #1354, #8789, #8905, .T. ) ;
#7972 = LINE ( 'NONE', #2762, #2157 ) ;
#7973 =( GEOMETRIC_REPRESENTATION_CONTEXT ( 3 ) GLOBAL_UNCERTAINTY_ASSIGNED_CONTEXT ( ( #4170 ) ) GLOBAL_UNIT_ASSIGNED_CONTEXT ( ( #4004, #6194, #6938 ) ) REPRESENTATION_CONTEXT ( 'NONE', 'WORKASPACE' ) );
#7974 = ORIENTED_EDGE ( 'NONE', *, *, #2152, .F. ) ;
#7975 = LINE ( 'NONE', #8142, #4784 ) ;
#7976 = CARTESIAN_POINT ( 'NONE',  ( -5.596732734143892607, 0.0000000000000000000, -0.5081345747705631188 ) ) ;
#7977 = ORIENTED_EDGE ( 'NONE', *, *, #4271, .T. ) ;
#7978 = FILL_AREA_STYLE_COLOUR ( '', #3615 ) ;
#7979 = CARTESIAN_POINT ( 'NONE',  ( -5.221110255092797026, -1.149999999999999467, -1.500000000000000444 ) ) ;
#7980 = ADVANCED_FACE ( 'NONE', ( #8673 ), #7550, .F. ) ;
#7981 =( GEOMETRIC_REPRESENTATION_CONTEXT ( 3 ) GLOBAL_UNCERTAINTY_ASSIGNED_CONTEXT ( ( #9053 ) ) GLOBAL_UNIT_ASSIGNED_CONTEXT ( ( #3104, #8396, #3873 ) ) REPRESENTATION_CONTEXT ( 'NONE', 'WORKASPACE' ) );
#7982 = VERTEX_POINT ( 'NONE', #802 ) ;
#7983 =( LENGTH_UNIT ( ) NAMED_UNIT ( * ) SI_UNIT ( .MILLI., .METRE. ) );
#7984 = DIRECTION ( 'NONE',  ( -0.0000000000000000000, 1.000000000000000000, -1.112002228190260705E-16 ) ) ;
#7985 = EDGE_LOOP ( 'NONE', ( #7254, #1503, #4569, #1959 ) ) ;
#7986 = EDGE_CURVE ( 'NONE', #1930, #9065, #6664, .T. ) ;
#7987 = CARTESIAN_POINT ( 'NONE',  ( 4.399999999999998579, 0.7703109888428067986, -0.9500000000000025091 ) ) ;
#7988 =( NAMED_UNIT ( * ) PLANE_ANGLE_UNIT ( ) SI_UNIT ( $, .RADIAN. ) );
#7990 =( GEOMETRIC_REPRESENTATION_CONTEXT ( 3 ) GLOBAL_UNCERTAINTY_ASSIGNED_CONTEXT ( ( #6625 ) ) GLOBAL_UNIT_ASSIGNED_CONTEXT ( ( #395, #9627, #2684 ) ) REPRESENTATION_CONTEXT ( 'NONE', 'WORKASPACE' ) );
#7989 = CARTESIAN_POINT ( 'NONE',  ( 2.199999999999999734, -4.749999999999999112, 1.800000000000000711 ) ) ;
#7991 = VECTOR ( 'NONE', #5039, 1000.000000000000000 ) ;
#7992 = DIRECTION ( 'NONE',  ( 1.000000000000000000, -0.0000000000000000000, -0.0000000000000000000 ) ) ;
#7993 = CARTESIAN_POINT ( 'NONE',  ( -0.2999999999999999334, -0.8499999999999992006, -1.499999999999999778 ) ) ;
#7994 = ORIENTED_EDGE ( 'NONE', *, *, #2845, .T. ) ;
#7995 = VERTEX_POINT ( 'NONE', #3042 ) ;
#7996 = ORIENTED_EDGE ( 'NONE', *, *, #3558, .T. ) ;
#7997 = EDGE_CURVE ( 'NONE', #4665, #6349, #2865, .T. ) ;
#7998 = DIRECTION ( 'NONE',  ( -1.239088197126290669E-15, 0.0000000000000000000, -1.000000000000000000 ) ) ;
#7999 = ORIENTED_EDGE ( 'NONE', *, *, #6484, .T. ) ;
#8000 =( LENGTH_UNIT ( ) NAMED_UNIT ( * ) SI_UNIT ( .MILLI., .METRE. ) );
#8001 = PLANE ( 'NONE',  #1193 ) ;
#8002 = ORIENTED_EDGE ( 'NONE', *, *, #1767, .T. ) ;
#8003 = ORIENTED_EDGE ( 'NONE', *, *, #8377, .F. ) ;
#8004 = COLOUR_RGB ( '',0.2509803921568627416, 0.2509803921568627416, 0.2509803921568627416 ) ;
#8005 = VERTEX_POINT ( 'NONE', #9084 ) ;
#8006 = FACE_OUTER_BOUND ( 'NONE', #9504, .T. ) ;
#8007 = DIRECTION ( 'NONE',  ( -1.000000000000000000, -5.421010862427508365E-16, 0.0000000000000000000 ) ) ;
#8008 = VERTEX_POINT ( 'NONE', #4583 ) ;
#8009 = ORIENTED_EDGE ( 'NONE', *, *, #6024, .T. ) ;
#8010 = EDGE_CURVE ( 'NONE', #3531, #4842, #6416, .T. ) ;
#8011 =( NAMED_UNIT ( * ) SI_UNIT ( $, .STERADIAN. ) SOLID_ANGLE_UNIT ( ) );
#8012 = AXIS2_PLACEMENT_3D ( 'NONE', #4336, #3701, #7534 ) ;
#8013 = EDGE_CURVE ( 'NONE', #3299, #7875, #4891, .T. ) ;
#8014 = ORIENTED_EDGE ( 'NONE', *, *, #9192, .T. ) ;
#8015 = ORIENTED_EDGE ( 'NONE', *, *, #5047, .F. ) ;
#8016 = SURFACE_STYLE_FILL_AREA ( #5962 ) ;
#8017 = ORIENTED_EDGE ( 'NONE', *, *, #8300, .F. ) ;
#8018 = VECTOR ( 'NONE', #146, 1000.000000000000000 ) ;
#8019 = PLANE ( 'NONE',  #5937 ) ;
#8020 = ORIENTED_EDGE ( 'NONE', *, *, #4653, .T. ) ;
#8021 = CARTESIAN_POINT ( 'NONE',  ( -2.674999999999999822, -4.749999999999999112, 1.499999999999999556 ) ) ;
#8022 = DIRECTION ( 'NONE',  ( 0.0000000000000000000, -0.3761646923075291915, -0.9265528178475213039 ) ) ;
#8023 = ORIENTED_EDGE ( 'NONE', *, *, #440, .T. ) ;
#8024 = AXIS2_PLACEMENT_3D ( 'NONE', #5077, #6718, #5982 ) ;
#8025 = CARTESIAN_POINT ( 'NONE',  ( -4.250000000000000000, 0.6499999999999989120, -3.617278184538625041 ) ) ;
#8026 = VERTEX_POINT ( 'NONE', #6811 ) ;
#8027 = VERTEX_POINT ( 'NONE', #7606 ) ;
#8028 = DIRECTION ( 'NONE',  ( -0.0000000000000000000, 1.000000000000000000, -1.204669080539449837E-16 ) ) ;
#8029 = CARTESIAN_POINT ( 'NONE',  ( 3.399999999999998135, -1.549999999999999378, -0.8000000000000001554 ) ) ;
#8030 =( LENGTH_UNIT ( ) NAMED_UNIT ( * ) SI_UNIT ( .MILLI., .METRE. ) );
#8031 = VERTEX_POINT ( 'NONE', #9114 ) ;
#8032 = DIRECTION ( 'NONE',  ( -0.0000000000000000000, -0.0000000000000000000, 1.000000000000000000 ) ) ;
#8033 = ORIENTED_EDGE ( 'NONE', *, *, #1691, .T. ) ;
#8034 = CARTESIAN_POINT ( 'NONE',  ( 4.150000000000000355, -0.3500000000000003109, 0.6502286246418802484 ) ) ;
#8035 = ORIENTED_EDGE ( 'NONE', *, *, #246, .T. ) ;
#8036 =( NAMED_UNIT ( * ) SI_UNIT ( $, .STERADIAN. ) SOLID_ANGLE_UNIT ( ) );
#8037 = DIRECTION ( 'NONE',  ( 0.0000000000000000000, 0.0000000000000000000, 1.000000000000000000 ) ) ;
#8038 = ADVANCED_FACE ( 'NONE', ( #8197 ), #6071, .F. ) ;
#8039 = AXIS2_PLACEMENT_3D ( 'NONE', #6661, #3683, #7217 ) ;
#8040 = FILL_AREA_STYLE ('',( #4207 ) ) ;
#8041 = ORIENTED_EDGE ( 'NONE', *, *, #5961, .T. ) ;
#8042 = CARTESIAN_POINT ( 'NONE',  ( -2.199999999999999734, -4.000000000000001776, -1.800000000000000266 ) ) ;
#8043 = VERTEX_POINT ( 'NONE', #3839 ) ;
#8044 = MECHANICAL_DESIGN_GEOMETRIC_PRESENTATION_REPRESENTATION (  '', ( #6516 ), #8534 ) ;
#8045 = DIRECTION ( 'NONE',  ( 1.000000000000000000, -0.0000000000000000000, 1.224646799147352961E-16 ) ) ;
#8046 = LINE ( 'NONE', #2648, #282 ) ;
#8047 = MECHANICAL_DESIGN_GEOMETRIC_PRESENTATION_REPRESENTATION (  '', ( #6519 ), #8539 ) ;
#8048 = FACE_OUTER_BOUND ( 'NONE', #5629, .T. ) ;
#8049 = VECTOR ( 'NONE', #4303, 1000.000000000000000 ) ;
#8050 = EDGE_CURVE ( 'NONE', #4371, #129, #1671, .T. ) ;
#8051 = DIRECTION ( 'NONE',  ( 0.0000000000000000000, 0.0000000000000000000, -1.000000000000000000 ) ) ;
#8052 = AXIS2_PLACEMENT_3D ( 'NONE', #9497, #4995, #509 ) ;
#8053 = AXIS2_PLACEMENT_3D ( 'NONE', #2127, #4054, #9369 ) ;
#8054 = DIRECTION ( 'NONE',  ( 0.0000000000000000000, 0.0000000000000000000, -1.000000000000000000 ) ) ;
#8055 =( NAMED_UNIT ( * ) SI_UNIT ( $, .STERADIAN. ) SOLID_ANGLE_UNIT ( ) );
#8056 = DIRECTION ( 'NONE',  ( 0.0000000000000000000, -1.000000000000000000, 1.204669080539449344E-16 ) ) ;
#8057 = COLOUR_RGB ( '',0.2509803921568627416, 0.2509803921568627416, 0.2509803921568627416 ) ;
#8058 =( LENGTH_UNIT ( ) NAMED_UNIT ( * ) SI_UNIT ( .MILLI., .METRE. ) );
#8059 = EDGE_LOOP ( 'NONE', ( #7094, #5960, #9557, #7599 ) ) ;
#8060 = FACE_OUTER_BOUND ( 'NONE', #4972, .T. ) ;
#8061 = CARTESIAN_POINT ( 'NONE',  ( -2.799999999999999822, -0.8499999999999992006, -1.800000000000001155 ) ) ;
#8062 = DIRECTION ( 'NONE',  ( 0.0000000000000000000, 0.0000000000000000000, -1.000000000000000000 ) ) ;
#8063 = CARTESIAN_POINT ( 'NONE',  ( -0.2999999999999999334, -1.149999999999999911, -1.499999999999999778 ) ) ;
#8064 = UNCERTAINTY_MEASURE_WITH_UNIT (LENGTH_MEASURE( 1.000000000000000082E-05 ), #4840, 'distance_accuracy_value', 'NONE');
#8065 = CARTESIAN_POINT ( 'NONE',  ( 4.499999999999999112, -1.084202172485504434E-16, 0.5081345747705631188 ) ) ;
#8066 = EDGE_CURVE ( 'NONE', #4704, #1594, #9488, .T. ) ;
#8067 = CARTESIAN_POINT ( 'NONE',  ( 1.750000000000001998, 0.6500000000000000222, 1.800000000000000044 ) ) ;
#8068 = DIRECTION ( 'NONE',  ( -1.000000000000000000, 0.0000000000000000000, -1.224646799147352961E-16 ) ) ;
#8069 = EDGE_CURVE ( 'NONE', #9077, #9138, #3461, .T. ) ;
#8070 = LINE ( 'NONE', #7667, #5332 ) ;
#8071 = EDGE_CURVE ( 'NONE', #5760, #8974, #3702, .T. ) ;
#8072 = COLOUR_RGB ( '',0.7921568627450980005, 0.8196078431372548767, 0.9333333333333333481 ) ;
#8073 =( NAMED_UNIT ( * ) SI_UNIT ( $, .STERADIAN. ) SOLID_ANGLE_UNIT ( ) );
#8074 = CARTESIAN_POINT ( 'NONE',  ( 2.674999999999999378, -4.749999999999999112, 3.800000000000001155 ) ) ;
#8075 = UNCERTAINTY_MEASURE_WITH_UNIT (LENGTH_MEASURE( 1.000000000000000082E-05 ), #379, 'distance_accuracy_value', 'NONE');
#8076 = VECTOR ( 'NONE', #1937, 1000.000000000000000 ) ;
#8077 = VECTOR ( 'NONE', #9614, 1000.000000000000000 ) ;
#8078 = STYLED_ITEM ( 'NONE', ( #3018 ), #384 ) ;
#8079 = LINE ( 'NONE', #7917, #2029 ) ;
#8080 = PRESENTATION_STYLE_ASSIGNMENT (( #1485 ) ) ;
#8081 = FACE_OUTER_BOUND ( 'NONE', #9274, .T. ) ;
#8082 = EDGE_LOOP ( 'NONE', ( #9071, #1369, #6806, #7528 ) ) ;
#8083 = FACE_OUTER_BOUND ( 'NONE', #1713, .T. ) ;
#8084 = ADVANCED_FACE ( 'NONE', ( #3218 ), #9004, .T. ) ;
#8085 = VECTOR ( 'NONE', #8585, 1000.000000000000000 ) ;
#8086 = DIRECTION ( 'NONE',  ( 0.0000000000000000000, 0.0000000000000000000, -1.000000000000000000 ) ) ;
#8087 = CARTESIAN_POINT ( 'NONE',  ( -1.749999999999999778, 1.649999999999999689, 3.799999999999999822 ) ) ;
#8088 = CARTESIAN_POINT ( 'NONE',  ( 0.2999999999999994893, -1.149999999999999911, 0.8291796067500618594 ) ) ;
#8089 = LINE ( 'NONE', #9232, #2035 ) ;
#8090 = CARTESIAN_POINT ( 'NONE',  ( -0.2499999999999997780, 0.1499999999999999667, 2.395876796297097489 ) ) ;
#8091 = LINE ( 'NONE', #6189, #6053 ) ;
#8092 = DIRECTION ( 'NONE',  ( -0.0000000000000000000, -1.000000000000000000, -0.0000000000000000000 ) ) ;
#8093 = COLOUR_RGB ( '',0.2509803921568627416, 0.2509803921568627416, 0.2509803921568627416 ) ;
#8094 = CARTESIAN_POINT ( 'NONE',  ( -4.250000000000000000, 0.6499999999999989120, 0.9500000000000016209 ) ) ;
#8095 = FACE_OUTER_BOUND ( 'NONE', #5892, .T. ) ;
#8096 = LINE ( 'NONE', #7718, #6899 ) ;
#8097 = SURFACE_STYLE_USAGE ( .BOTH. , #1772 ) ;
#8098 = DIRECTION ( 'NONE',  ( -0.1888473936501247619, -0.9820064469806472074, 9.517214474070424028E-17 ) ) ;
#8099 = LINE ( 'NONE', #7195, #2044 ) ;
#8100 = LINE ( 'NONE', #1222, #7854 ) ;
#8101 = ORIENTED_EDGE ( 'NONE', *, *, #8231, .F. ) ;
#8102 = CARTESIAN_POINT ( 'NONE',  ( 2.674999999999999378, -4.749999999999999112, 3.800000000000001155 ) ) ;
#8103 = ORIENTED_EDGE ( 'NONE', *, *, #4057, .T. ) ;
#8104 = EDGE_CURVE ( 'NONE', #5884, #3942, #7486, .T. ) ;
#8105 = VECTOR ( 'NONE', #7119, 1000.000000000000000 ) ;
#8106 = PRESENTATION_LAYER_ASSIGNMENT (  '', '', ( #7583 ) ) ;
#8107 = VERTEX_POINT ( 'NONE', #2401 ) ;
#8108 = CARTESIAN_POINT ( 'NONE',  ( -4.419999999999998153, 1.750000000000000000, -0.9500000000000020650 ) ) ;
#8109 = DIRECTION ( 'NONE',  ( 0.0000000000000000000, 1.000000000000000000, -0.0000000000000000000 ) ) ;
#8110 = ORIENTED_EDGE ( 'NONE', *, *, #5426, .F. ) ;
#8111 = AXIS2_PLACEMENT_3D ( 'NONE', #6879, #8930, #9112 ) ;
#8112 = ORIENTED_EDGE ( 'NONE', *, *, #8621, .F. ) ;
#8113 = VECTOR ( 'NONE', #7705, 999.9999999999998863 ) ;
#8114 = STYLED_ITEM ( 'NONE', ( #1420 ), #9357 ) ;
#8115 = VECTOR ( 'NONE', #2503, 1000.000000000000000 ) ;
#8116 =( NAMED_UNIT ( * ) PLANE_ANGLE_UNIT ( ) SI_UNIT ( $, .RADIAN. ) );
#8117 = VERTEX_POINT ( 'NONE', #3176 ) ;
#8118 = VERTEX_POINT ( 'NONE', #3939 ) ;
#8119 = EDGE_CURVE ( 'NONE', #1880, #989, #2976, .T. ) ;
#8120 =( NAMED_UNIT ( * ) PLANE_ANGLE_UNIT ( ) SI_UNIT ( $, .RADIAN. ) );
#8121 =( NAMED_UNIT ( * ) SI_UNIT ( $, .STERADIAN. ) SOLID_ANGLE_UNIT ( ) );
#8122 = ORIENTED_EDGE ( 'NONE', *, *, #803, .F. ) ;
#8124 =( GEOMETRIC_REPRESENTATION_CONTEXT ( 3 ) GLOBAL_UNCERTAINTY_ASSIGNED_CONTEXT ( ( #7638 ) ) GLOBAL_UNIT_ASSIGNED_CONTEXT ( ( #1796, #2095, #6538 ) ) REPRESENTATION_CONTEXT ( 'NONE', 'WORKASPACE' ) );
#8123 = CARTESIAN_POINT ( 'NONE',  ( -4.150000000000000355, 0.6296890111571915583, 1.500000000000000000 ) ) ;
#8125 = DIRECTION ( 'NONE',  ( -0.9284766908852578604, 0.3713906763541075517, 5.234613515871784615E-15 ) ) ;
#8126 = VECTOR ( 'NONE', #7081, 1000.000000000000000 ) ;
#8127 = EDGE_LOOP ( 'NONE', ( #5637, #6143, #1288, #7280 ) ) ;
#8128 = FACE_OUTER_BOUND ( 'NONE', #1014, .T. ) ;
#8129 =( LENGTH_UNIT ( ) NAMED_UNIT ( * ) SI_UNIT ( .MILLI., .METRE. ) );
#8130 = EDGE_CURVE ( 'NONE', #4571, #7082, #5236, .T. ) ;
#8131 = DIRECTION ( 'NONE',  ( 1.445602896647335958E-15, 1.000000000000000000, 0.0000000000000000000 ) ) ;
#8132 = ORIENTED_EDGE ( 'NONE', *, *, #3769, .F. ) ;
#8133 = CARTESIAN_POINT ( 'NONE',  ( 4.150000000000000355, 0.6296890111571917803, 0.9500000000000025091 ) ) ;
#8134 = ADVANCED_FACE ( 'NONE', ( #5018 ), #6974, .F. ) ;
#8135 = ORIENTED_EDGE ( 'NONE', *, *, #8485, .F. ) ;
#8136 = ORIENTED_EDGE ( 'NONE', *, *, #5313, .T. ) ;
#8137 = ORIENTED_EDGE ( 'NONE', *, *, #3756, .T. ) ;
#8138 = EDGE_CURVE ( 'NONE', #3101, #6199, #314, .T. ) ;
#8139 = LINE ( 'NONE', #9748, #4105 ) ;
#8140 = AXIS2_PLACEMENT_3D ( 'NONE', #9207, #8514, #1729 ) ;
#8141 = EDGE_CURVE ( 'NONE', #9426, #2449, #8079, .T. ) ;
#8142 = CARTESIAN_POINT ( 'NONE',  ( 4.150000000000000355, 0.6296890111571917803, 0.9500000000000025091 ) ) ;
#8143 = LINE ( 'NONE', #6134, #4114 ) ;
#8144 = ORIENTED_EDGE ( 'NONE', *, *, #5146, .F. ) ;
#8145 = ORIENTED_EDGE ( 'NONE', *, *, #1900, .F. ) ;
#8146 = LINE ( 'NONE', #6888, #6103 ) ;
#8147 = SURFACE_STYLE_FILL_AREA ( #4786 ) ;
#8148 = SURFACE_SIDE_STYLE ('',( #6634 ) ) ;
#8149 = DIRECTION ( 'NONE',  ( 0.0000000000000000000, 0.0000000000000000000, -1.000000000000000000 ) ) ;
#8150 = STYLED_ITEM ( 'NONE', ( #6541 ), #1429 ) ;
#8151 =( NAMED_UNIT ( * ) PLANE_ANGLE_UNIT ( ) SI_UNIT ( $, .RADIAN. ) );
#8152 = LINE ( 'NONE', #6626, #390 ) ;
#8153 = ORIENTED_EDGE ( 'NONE', *, *, #2536, .F. ) ;
#8154 = DIRECTION ( 'NONE',  ( -1.000000000000000000, 0.0000000000000000000, 0.0000000000000000000 ) ) ;
#8155 = CARTESIAN_POINT ( 'NONE',  ( 1.750000000000001998, 0.6500000000000000222, 1.699999999999999956 ) ) ;
#8156 = ORIENTED_EDGE ( 'NONE', *, *, #9495, .T. ) ;
#8157 = CARTESIAN_POINT ( 'NONE',  ( -8.926597886799275689E-15, 1.649999999999999911, -0.9499999999999607647 ) ) ;
#8158 = PLANE ( 'NONE',  #6609 ) ;
#8159 = AXIS2_PLACEMENT_3D ( 'NONE', #7540, #62, #6337 ) ;
#8160 =( NAMED_UNIT ( * ) PLANE_ANGLE_UNIT ( ) SI_UNIT ( $, .RADIAN. ) );
#8161 = VERTEX_POINT ( 'NONE', #7004 ) ;
#8162 = ORIENTED_EDGE ( 'NONE', *, *, #548, .T. ) ;
#8163 =( LENGTH_UNIT ( ) NAMED_UNIT ( * ) SI_UNIT ( .MILLI., .METRE. ) );
#8164 = VERTEX_POINT ( 'NONE', #3378 ) ;
#8165 = EDGE_CURVE ( 'NONE', #5174, #2896, #86, .T. ) ;
#8166 = LINE ( 'NONE', #9268, #2122 ) ;
#8167 = DIRECTION ( 'NONE',  ( -0.0000000000000000000, -1.000000000000000000, -0.0000000000000000000 ) ) ;
#8168 = ORIENTED_EDGE ( 'NONE', *, *, #3924, .T. ) ;
#8169 = FACE_OUTER_BOUND ( 'NONE', #3921, .T. ) ;
#8170 = DIRECTION ( 'NONE',  ( -0.1888473936501247619, -0.9820064469806472074, 0.0000000000000000000 ) ) ;
#8171 = PLANE ( 'NONE',  #5870 ) ;
#8172 = LINE ( 'NONE', #5799, #4156 ) ;
#8173 = EDGE_CURVE ( 'NONE', #775, #8638, #6045, .T. ) ;
#8174 = AXIS2_PLACEMENT_3D ( 'NONE', #3107, #8400, #3876 ) ;
#8175 = STYLED_ITEM ( 'NONE', ( #8461 ), #1805 ) ;
#8176 = LINE ( 'NONE', #746, #2352 ) ;
#8177 = ADVANCED_FACE ( 'NONE', ( #9615 ), #1888, .F. ) ;
#8178 = CARTESIAN_POINT ( 'NONE',  ( 2.324999999999999734, -4.649999999999998579, 3.800000000000001155 ) ) ;
#8179 = FILL_AREA_STYLE_COLOUR ( '', #532 ) ;
#8180 = PRESENTATION_STYLE_ASSIGNMENT (( #9360 ) ) ;
#8181 = EDGE_CURVE ( 'NONE', #9706, #4213, #7588, .T. ) ;
#8182 = DIRECTION ( 'NONE',  ( 1.000000000000000000, -0.0000000000000000000, 1.224646799147352961E-16 ) ) ;
#8183 = DIRECTION ( 'NONE',  ( 0.0000000000000000000, 1.066845503452556955E-16, -1.000000000000000000 ) ) ;
#8184 = PLANE ( 'NONE',  #1817 ) ;
#8185 = CARTESIAN_POINT ( 'NONE',  ( -3.499999999999997780, 6.925848040166833641, 0.2249999999999989786 ) ) ;
#8186 = DIRECTION ( 'NONE',  ( 0.0000000000000000000, 1.000000000000000000, -0.0000000000000000000 ) ) ;
#8187 =( NAMED_UNIT ( * ) SI_UNIT ( $, .STERADIAN. ) SOLID_ANGLE_UNIT ( ) );
#8188 = CYLINDRICAL_SURFACE ( 'NONE', #4178, 0.02999999999999964501 ) ;
#8189 = EDGE_CURVE ( 'NONE', #833, #4480, #7834, .T. ) ;
#8190 = SURFACE_STYLE_FILL_AREA ( #2252 ) ;
#8191 = VECTOR ( 'NONE', #4689, 1000.000000000000000 ) ;
#8192 = PRESENTATION_STYLE_ASSIGNMENT (( #7855 ) ) ;
#8193 = AXIS2_PLACEMENT_3D ( 'NONE', #1244, #7243, #3434 ) ;
#8194 = EDGE_CURVE ( 'NONE', #6856, #1747, #5589, .T. ) ;
#8195 = UNCERTAINTY_MEASURE_WITH_UNIT (LENGTH_MEASURE( 1.000000000000000082E-05 ), #7519, 'distance_accuracy_value', 'NONE');
#8196 = ORIENTED_EDGE ( 'NONE', *, *, #7870, .T. ) ;
#8197 = FACE_OUTER_BOUND ( 'NONE', #1491, .T. ) ;
#8198 = VERTEX_POINT ( 'NONE', #1914 ) ;
#8199 = ORIENTED_EDGE ( 'NONE', *, *, #3811, .T. ) ;
#8200 = ORIENTED_EDGE ( 'NONE', *, *, #321, .F. ) ;
#8201 = FACE_OUTER_BOUND ( 'NONE', #8831, .T. ) ;
#8202 = CARTESIAN_POINT ( 'NONE',  ( 0.1749999999999993783, -4.649999999999998579, 3.800000000000001155 ) ) ;
#8203 = MECHANICAL_DESIGN_GEOMETRIC_PRESENTATION_REPRESENTATION (  '', ( #7188 ), #8718 ) ;
#8204 = CYLINDRICAL_SURFACE ( 'NONE', #3067, 0.08000000000000020983 ) ;
#8205 = EDGE_CURVE ( 'NONE', #3832, #8921, #1555, .T. ) ;
#8206 = DIRECTION ( 'NONE',  ( 1.000000000000000000, 0.0000000000000000000, 0.0000000000000000000 ) ) ;
#8207 = DIRECTION ( 'NONE',  ( -1.000000000000000000, -0.0000000000000000000, -0.0000000000000000000 ) ) ;
#8208 = CARTESIAN_POINT ( 'NONE',  ( 2.200000000000000178, -0.8499999999999992006, 0.8291796067500618594 ) ) ;
#8209 = ORIENTED_EDGE ( 'NONE', *, *, #8621, .T. ) ;
#8210 = VECTOR ( 'NONE', #4476, 1000.000000000000000 ) ;
#8211 =( LENGTH_UNIT ( ) NAMED_UNIT ( * ) SI_UNIT ( .MILLI., .METRE. ) );
#8212 = CARTESIAN_POINT ( 'NONE',  ( -2.674999999999999822, -4.649999999999998579, 1.500000000000000000 ) ) ;
#8213 = ORIENTED_EDGE ( 'NONE', *, *, #391, .T. ) ;
#8214 = ORIENTED_EDGE ( 'NONE', *, *, #3249, .F. ) ;
#8215 = DIRECTION ( 'NONE',  ( 0.0000000000000000000, -0.0000000000000000000, 1.000000000000000000 ) ) ;
#8216 = DIRECTION ( 'NONE',  ( -1.475294133514421281E-32, -1.000000000000000000, 1.204669080539449344E-16 ) ) ;
#8217 = AXIS2_PLACEMENT_3D ( 'NONE', #4083, #7817, #4835 ) ;
#8218 = FILL_AREA_STYLE ('',( #5187 ) ) ;
#8219 = ORIENTED_EDGE ( 'NONE', *, *, #6080, .F. ) ;
#8220 = PRESENTATION_LAYER_ASSIGNMENT (  '', '', ( #7212 ) ) ;
#8221 = ORIENTED_EDGE ( 'NONE', *, *, #7098, .T. ) ;
#8222 = PLANE ( 'NONE',  #2720 ) ;
#8223 = ADVANCED_FACE ( 'NONE', ( #3336 ), #8716, .F. ) ;
#8224 = FACE_OUTER_BOUND ( 'NONE', #567, .T. ) ;
#8225 = VERTEX_POINT ( 'NONE', #3447 ) ;
#8226 = ORIENTED_EDGE ( 'NONE', *, *, #6126, .F. ) ;
#8227 = PRESENTATION_LAYER_ASSIGNMENT (  '', '', ( #7215 ) ) ;
#8228 = ORIENTED_EDGE ( 'NONE', *, *, #5334, .T. ) ;
#8229 = ORIENTED_EDGE ( 'NONE', *, *, #9577, .T. ) ;
#8230 = CARTESIAN_POINT ( 'NONE',  ( 1.750000000000001998, 0.6500000000000000222, 1.699999999999999956 ) ) ;
#8231 = EDGE_CURVE ( 'NONE', #7082, #9524, #2612, .T. ) ;
#8232 = EDGE_LOOP ( 'NONE', ( #4727, #5397, #2088, #6510 ) ) ;
#8233 = DIRECTION ( 'NONE',  ( 1.000000000000000000, 0.0000000000000000000, 0.0000000000000000000 ) ) ;
#8234 = LINE ( 'NONE', #7073, #1156 ) ;
#8235 = CARTESIAN_POINT ( 'NONE',  ( -0.2499999999999997780, 0.6499999999999998002, 1.699999999999999956 ) ) ;
#8236 = ORIENTED_EDGE ( 'NONE', *, *, #3234, .T. ) ;
#8237 = ORIENTED_EDGE ( 'NONE', *, *, #2337, .T. ) ;
#8238 = ORIENTED_EDGE ( 'NONE', *, *, #8010, .F. ) ;
#8239 = MECHANICAL_DESIGN_GEOMETRIC_PRESENTATION_REPRESENTATION (  '', ( #6721 ), #8752 ) ;
#8240 = CARTESIAN_POINT ( 'NONE',  ( 4.250000000000000000, 0.6296890111571917803, -0.9500000000000025091 ) ) ;
#8241 = SURFACE_STYLE_USAGE ( .BOTH. , #3680 ) ;
#8242 = ORIENTED_EDGE ( 'NONE', *, *, #7801, .F. ) ;
#8243 = CARTESIAN_POINT ( 'NONE',  ( -4.399999999999998579, 1.649999999999999911, -1.700000000000001066 ) ) ;
#8244 = VECTOR ( 'NONE', #4353, 1000.000000000000114 ) ;
#8245 = DIRECTION ( 'NONE',  ( 1.000000000000000000, -0.0000000000000000000, 1.224646799147352961E-16 ) ) ;
#8246 = DIRECTION ( 'NONE',  ( 0.0000000000000000000, -0.0000000000000000000, -1.000000000000000000 ) ) ;
#8247 = VERTEX_POINT ( 'NONE', #5022 ) ;
#8248 = UNCERTAINTY_MEASURE_WITH_UNIT (LENGTH_MEASURE( 1.000000000000000082E-05 ), #7439, 'distance_accuracy_value', 'NONE');
#8249 = SURFACE_STYLE_USAGE ( .BOTH. , #2300 ) ;
#8250 = EDGE_CURVE ( 'NONE', #3613, #2760, #6410, .T. ) ;
#8251 = ORIENTED_EDGE ( 'NONE', *, *, #8071, .T. ) ;
#8252 = ORIENTED_EDGE ( 'NONE', *, *, #5401, .F. ) ;
#8253 = FACE_OUTER_BOUND ( 'NONE', #7505, .T. ) ;
#8254 = DIRECTION ( 'NONE',  ( 0.0000000000000000000, 0.0000000000000000000, 1.000000000000000000 ) ) ;
#8255 = EDGE_LOOP ( 'NONE', ( #7996, #5640, #4099, #4904 ) ) ;
#8256 = AXIS2_PLACEMENT_3D ( 'NONE', #5844, #8149, #9700 ) ;
#8257 = ORIENTED_EDGE ( 'NONE', *, *, #1235, .F. ) ;
#8258 = CARTESIAN_POINT ( 'NONE',  ( 0.8071326676176893145, -1.362910128388017617, 1.800000000000000488 ) ) ;
#8259 = LINE ( 'NONE', #9033, #4256 ) ;
#8260 =( NAMED_UNIT ( * ) SI_UNIT ( $, .STERADIAN. ) SOLID_ANGLE_UNIT ( ) );
#8261 = CARTESIAN_POINT ( 'NONE',  ( 3.499999999999997780, 6.925848040166833641, -0.2250000000000001166 ) ) ;
#8262 = FACE_OUTER_BOUND ( 'NONE', #6171, .T. ) ;
#8263 = LINE ( 'NONE', #127, #1886 ) ;
#8264 = ORIENTED_EDGE ( 'NONE', *, *, #8697, .F. ) ;
#8265 = ORIENTED_EDGE ( 'NONE', *, *, #5218, .T. ) ;
#8266 = ORIENTED_EDGE ( 'NONE', *, *, #3636, .T. ) ;
#8267 = ADVANCED_FACE ( 'NONE', ( #2362 ), #8188, .T. ) ;
#8268 = VECTOR ( 'NONE', #4163, 1000.000000000000000 ) ;
#8269 = CARTESIAN_POINT ( 'NONE',  ( 0.0000000000000000000, 1.750000000000000000, 0.0000000000000000000 ) ) ;
#8270 = VECTOR ( 'NONE', #7145, 1000.000000000000000 ) ;
#8271 =( NAMED_UNIT ( * ) SI_UNIT ( $, .STERADIAN. ) SOLID_ANGLE_UNIT ( ) );
#8272 = DIRECTION ( 'NONE',  ( 0.9284766908852571943, 0.3713906763541088840, 5.234613515871801970E-15 ) ) ;
#8273 = COLOUR_RGB ( '',0.2509803921568627416, 0.2509803921568627416, 0.2509803921568627416 ) ;
#8274 =( GEOMETRIC_REPRESENTATION_CONTEXT ( 3 ) GLOBAL_UNCERTAINTY_ASSIGNED_CONTEXT ( ( #937 ) ) GLOBAL_UNIT_ASSIGNED_CONTEXT ( ( #1279, #8705, #6447 ) ) REPRESENTATION_CONTEXT ( 'NONE', 'WORKASPACE' ) );
#8275 = CARTESIAN_POINT ( 'NONE',  ( -2.325000000000000178, -4.749999999999999112, 1.800000000000000488 ) ) ;
#8276 = FACE_OUTER_BOUND ( 'NONE', #5573, .T. ) ;
#8277 = VECTOR ( 'NONE', #7616, 1000.000000000000000 ) ;
#8278 = DIRECTION ( 'NONE',  ( -1.475294133514421281E-32, -1.000000000000000000, 1.204669080539449344E-16 ) ) ;
#8279 = FACE_OUTER_BOUND ( 'NONE', #2578, .T. ) ;
#8280 = EDGE_CURVE ( 'NONE', #5769, #7202, #663, .T. ) ;
#8281 = CARTESIAN_POINT ( 'NONE',  ( -4.150000000000000355, -1.084202172485504434E-16, 0.5081345747705628968 ) ) ;
#8282 = LINE ( 'NONE', #3450, #5564 ) ;
#8283 = AXIS2_PLACEMENT_3D ( 'NONE', #4006, #4792, #2398 ) ;
#8284 = CARTESIAN_POINT ( 'NONE',  ( -4.389493895187376538, 1.750000000000000000, -0.9500000000000016209 ) ) ;
#8285 = CARTESIAN_POINT ( 'NONE',  ( 0.1749999999999998224, -1.149999999999999911, 1.800000000000000266 ) ) ;
#8286 = DIRECTION ( 'NONE',  ( -1.361809969397927063E-32, -1.000000000000000000, 1.112002228190260705E-16 ) ) ;
#8287 = SURFACE_STYLE_USAGE ( .BOTH. , #7408 ) ;
#8289 = CARTESIAN_POINT ( 'NONE',  ( 4.369999999999999218, 0.7703109888428067986, -0.9500000000000025091 ) ) ;
#8288 = STYLED_ITEM ( 'NONE', ( #5818 ), #9205 ) ;
#8290 = EDGE_CURVE ( 'NONE', #7070, #243, #428, .T. ) ;
#8291 = VECTOR ( 'NONE', #4490, 1000.000000000000000 ) ;
#8292 =( GEOMETRIC_REPRESENTATION_CONTEXT ( 3 ) GLOBAL_UNCERTAINTY_ASSIGNED_CONTEXT ( ( #1355 ) ) GLOBAL_UNIT_ASSIGNED_CONTEXT ( ( #7539, #2995, #787 ) ) REPRESENTATION_CONTEXT ( 'NONE', 'WORKASPACE' ) );
#8293 = VERTEX_POINT ( 'NONE', #3520 ) ;
#8294 = VECTOR ( 'NONE', #3887, 1000.000000000000000 ) ;
#8295 = CARTESIAN_POINT ( 'NONE',  ( 4.250000000000000000, -0.3500000000000006439, 1.500000000000000000 ) ) ;
#8296 = CARTESIAN_POINT ( 'NONE',  ( 2.799999999999999822, -0.8499999999999992006, -1.800000000000001155 ) ) ;
#8297 = LINE ( 'NONE', #2633, #2245 ) ;
#8298 = CARTESIAN_POINT ( 'NONE',  ( 0.2999999999999999334, -1.149999999999999911, -1.499999999999999778 ) ) ;
#8299 = VECTOR ( 'NONE', #4130, 1000.000000000000000 ) ;
#8300 = EDGE_CURVE ( 'NONE', #6964, #5175, #6148, .T. ) ;
#8301 = CARTESIAN_POINT ( 'NONE',  ( -0.1750000000000002387, -4.649999999999998579, 3.800000000000001155 ) ) ;
#8303 = ORIENTED_EDGE ( 'NONE', *, *, #3419, .F. ) ;
#8302 = CARTESIAN_POINT ( 'NONE',  ( 4.250000000000000000, 0.6296890111571917803, -0.9500000000000025091 ) ) ;
#8304 = EDGE_LOOP ( 'NONE', ( #7768, #6201, #187, #636 ) ) ;
#8305 =( NAMED_UNIT ( * ) SI_UNIT ( $, .STERADIAN. ) SOLID_ANGLE_UNIT ( ) );
#8306 = EDGE_CURVE ( 'NONE', #9012, #8562, #6651, .T. ) ;
#8307 = LINE ( 'NONE', #1870, #2499 ) ;
#8308 = DIRECTION ( 'NONE',  ( 1.000000000000000000, 0.0000000000000000000, 0.0000000000000000000 ) ) ;
#8309 = VERTEX_POINT ( 'NONE', #2008 ) ;
#8310 = CARTESIAN_POINT ( 'NONE',  ( 3.199999999999998401, 1.649999999999999911, 1.699999999999998845 ) ) ;
#8311 = PRESENTATION_STYLE_ASSIGNMENT (( #1145 ) ) ;
#8312 = ADVANCED_FACE ( 'NONE', ( #2140 ), #3552, .F. ) ;
#8313 = AXIS2_PLACEMENT_3D ( 'NONE', #8230, #5307, #1509 ) ;
#8314 = ORIENTED_EDGE ( 'NONE', *, *, #7939, .T. ) ;
#8315 = EDGE_CURVE ( 'NONE', #7935, #3380, #5940, .T. ) ;
#8316 = LINE ( 'NONE', #1902, #9016 ) ;
#8317 = VECTOR ( 'NONE', #9376, 1000.000000000000000 ) ;
#8318 = SURFACE_STYLE_USAGE ( .BOTH. , #1799 ) ;
#8319 =( NAMED_UNIT ( * ) PLANE_ANGLE_UNIT ( ) SI_UNIT ( $, .RADIAN. ) );
#8320 = DIRECTION ( 'NONE',  ( -1.000000000000000000, 0.0000000000000000000, 0.0000000000000000000 ) ) ;
#8321 = LINE ( 'NONE', #3387, #6059 ) ;
#8322 = CARTESIAN_POINT ( 'NONE',  ( -4.419999999999998153, 1.670000000000000151, 1.064927467196872499E-15 ) ) ;
#8323 = VECTOR ( 'NONE', #9531, 1000.000000000000227 ) ;
#8324 = VERTEX_POINT ( 'NONE', #6559 ) ;
#8325 = FACE_OUTER_BOUND ( 'NONE', #5506, .T. ) ;
#8326 = FACE_OUTER_BOUND ( 'NONE', #8545, .T. ) ;
#8327 = CARTESIAN_POINT ( 'NONE',  ( -4.250000000000000000, 0.6296890111571917803, 0.9500000000000026201 ) ) ;
#8328 = VERTEX_POINT ( 'NONE', #1536 ) ;
#8329 =( LENGTH_UNIT ( ) NAMED_UNIT ( * ) SI_UNIT ( .MILLI., .METRE. ) );
#8330 =( NAMED_UNIT ( * ) SI_UNIT ( $, .STERADIAN. ) SOLID_ANGLE_UNIT ( ) );
#8331 = ORIENTED_EDGE ( 'NONE', *, *, #2205, .T. ) ;
#8332 = ORIENTED_EDGE ( 'NONE', *, *, #7813, .T. ) ;
#8333 = UNCERTAINTY_MEASURE_WITH_UNIT (LENGTH_MEASURE( 1.000000000000000082E-05 ), #5067, 'distance_accuracy_value', 'NONE');
#8334 = ORIENTED_EDGE ( 'NONE', *, *, #2542, .T. ) ;
#8335 = DIRECTION ( 'NONE',  ( 1.000000000000000000, 0.0000000000000000000, 2.891205793294677044E-15 ) ) ;
#8336 = CARTESIAN_POINT ( 'NONE',  ( 3.499999999999997780, -1.699999999999999956, 0.2249999999999994504 ) ) ;
#8337 = EDGE_LOOP ( 'NONE', ( #5513, #4338, #604, #6730 ) ) ;
#8338 = ORIENTED_EDGE ( 'NONE', *, *, #7597, .F. ) ;
#8339 = CARTESIAN_POINT ( 'NONE',  ( -2.799999999999999822, -0.8499999999999992006, 0.8291796067500618594 ) ) ;
#8340 = AXIS2_PLACEMENT_3D ( 'NONE', #1075, #1134, #4232 ) ;
#8341 = ORIENTED_EDGE ( 'NONE', *, *, #130, .F. ) ;
#8342 = ORIENTED_EDGE ( 'NONE', *, *, #4385, .T. ) ;
#8343 = CARTESIAN_POINT ( 'NONE',  ( 4.399999999999998579, 1.750000000000000000, 1.699999999999999956 ) ) ;
#8344 = ORIENTED_EDGE ( 'NONE', *, *, #1065, .T. ) ;
#8345 = CARTESIAN_POINT ( 'NONE',  ( -1.235990476633410999E-14, 0.6500000000000000222, -0.9499999999999447775 ) ) ;
#8346 = PRESENTATION_LAYER_ASSIGNMENT (  '', '', ( #7341 ) ) ;
#8347 = EDGE_LOOP ( 'NONE', ( #4344, #4147, #2709, #8112 ) ) ;
#8348 = VECTOR ( 'NONE', #7447, 1000.000000000000227 ) ;
#8349 = VERTEX_POINT ( 'NONE', #6818 ) ;
#8350 = COLOUR_RGB ( '',0.2509803921568627416, 0.2509803921568627416, 0.2509803921568627416 ) ;
#8351 = DIRECTION ( 'NONE',  ( 1.000000000000000000, -0.0000000000000000000, -0.0000000000000000000 ) ) ;
#8352 = ORIENTED_EDGE ( 'NONE', *, *, #6408, .T. ) ;
#8353 = ORIENTED_EDGE ( 'NONE', *, *, #9483, .F. ) ;
#8354 = EDGE_CURVE ( 'NONE', #1851, #7210, #7703, .T. ) ;
#8355 = MECHANICAL_DESIGN_GEOMETRIC_PRESENTATION_REPRESENTATION (  '', ( #6830 ), #8867 ) ;
#8356 = DIRECTION ( 'NONE',  ( 1.224646799147352961E-16, -1.204669080539449344E-16, -1.000000000000000000 ) ) ;
#8357 = DIRECTION ( 'NONE',  ( -1.224646799147352961E-16, 1.204669080539449344E-16, 1.000000000000000000 ) ) ;
#8358 = DIRECTION ( 'NONE',  ( 1.475294133514422103E-32, 1.000000000000000000, -1.204669080539449837E-16 ) ) ;
#8359 = ORIENTED_EDGE ( 'NONE', *, *, #8387, .T. ) ;
#8360 = EDGE_LOOP ( 'NONE', ( #2758, #2899, #8596, #8228 ) ) ;
#8361 = EDGE_CURVE ( 'NONE', #8118, #4355, #5716, .T. ) ;
#8362 = LINE ( 'NONE', #909, #375 ) ;
#8363 = ADVANCED_FACE ( 'NONE', ( #7472 ), #3452, .F. ) ;
#8364 = CARTESIAN_POINT ( 'NONE',  ( -2.200000000000000178, -0.8499999999999992006, -1.800000000000001155 ) ) ;
#8365 = CARTESIAN_POINT ( 'NONE',  ( 4.499999999999999112, 0.7703109888428065766, 0.0000000000000000000 ) ) ;
#8366 = UNCERTAINTY_MEASURE_WITH_UNIT (LENGTH_MEASURE( 1.000000000000000082E-05 ), #6947, 'distance_accuracy_value', 'NONE');
#8367 = CARTESIAN_POINT ( 'NONE',  ( -3.199999999999997957, 1.750000000000000000, -1.800000000000000933 ) ) ;
#8368 = PRESENTATION_STYLE_ASSIGNMENT (( #1855 ) ) ;
#8369 = ORIENTED_EDGE ( 'NONE', *, *, #9658, .F. ) ;
#8370 = ORIENTED_EDGE ( 'NONE', *, *, #8181, .F. ) ;
#8371 = VERTEX_POINT ( 'NONE', #2306 ) ;
#8372 = CARTESIAN_POINT ( 'NONE',  ( -2.799999999999999822, -0.8499999999999992006, 1.499999999999999334 ) ) ;
#8373 = EDGE_CURVE ( 'NONE', #8608, #7041, #3697, .T. ) ;
#8374 = CIRCLE ( 'NONE', #486, 0.3000000000000007661 ) ;
#8375 = PLANE ( 'NONE',  #3424 ) ;
#8376 = CARTESIAN_POINT ( 'NONE',  ( 4.419999999999998153, 1.670000000000000151, 0.9500000000000025091 ) ) ;
#8377 = EDGE_CURVE ( 'NONE', #7733, #1647, #5458, .T. ) ;
#8378 = CARTESIAN_POINT ( 'NONE',  ( -3.499999999999997780, -1.700000000000000178, -0.2249999999999995615 ) ) ;
#8379 = ORIENTED_EDGE ( 'NONE', *, *, #9714, .F. ) ;
#8380 = EDGE_LOOP ( 'NONE', ( #3251, #4459, #1698, #8438 ) ) ;
#8381 = CARTESIAN_POINT ( 'NONE',  ( 4.149999999999999467, -1.149999999999999911, 1.500000000000000000 ) ) ;
#8382 = VERTEX_POINT ( 'NONE', #3851 ) ;
#8383 = DIRECTION ( 'NONE',  ( -2.478176394252582916E-15, 0.0000000000000000000, 1.000000000000000000 ) ) ;
#8384 = DIRECTION ( 'NONE',  ( -0.1888473936501247619, -0.9820064469806472074, 8.607220009787356294E-17 ) ) ;
#8385 = AXIS2_PLACEMENT_3D ( 'NONE', #8289, #8884, #5006 ) ;
#8386 = VECTOR ( 'NONE', #5874, 1000.000000000000000 ) ;
#8387 = EDGE_CURVE ( 'NONE', #6199, #349, #5229, .T. ) ;
#8388 = ORIENTED_EDGE ( 'NONE', *, *, #3574, .F. ) ;
#8389 = PLANE ( 'NONE',  #3750 ) ;
#8390 = CARTESIAN_POINT ( 'NONE',  ( -3.299999999999997602, -1.549999999999999378, -0.2250000000000010048 ) ) ;
#8391 = CARTESIAN_POINT ( 'NONE',  ( 2.799999999999999378, -1.149999999999999911, 0.8291796067500618594 ) ) ;
#8392 = ORIENTED_EDGE ( 'NONE', *, *, #668, .F. ) ;
#8393 = PRESENTATION_STYLE_ASSIGNMENT (( #7635 ) ) ;
#8394 = DIRECTION ( 'NONE',  ( 1.000000000000000000, -0.0000000000000000000, -0.0000000000000000000 ) ) ;
#8395 = CARTESIAN_POINT ( 'NONE',  ( -0.2999999999999999334, -4.750000000000000000, -1.499999999999999334 ) ) ;
#8396 =( NAMED_UNIT ( * ) PLANE_ANGLE_UNIT ( ) SI_UNIT ( $, .RADIAN. ) );
#8397 = STYLED_ITEM ( 'NONE', ( #3306 ), #5905 ) ;
#8398 = VECTOR ( 'NONE', #8056, 1000.000000000000000 ) ;
#8399 = VECTOR ( 'NONE', #9289, 1000.000000000000000 ) ;
#8400 = DIRECTION ( 'NONE',  ( -1.000000000000000000, 0.0000000000000000000, -0.0000000000000000000 ) ) ;
#8401 = FACE_OUTER_BOUND ( 'NONE', #4109, .T. ) ;
#8402 = CARTESIAN_POINT ( 'NONE',  ( -3.749999999999994671, -1.549999999999999378, 9.293161478447172524E-15 ) ) ;
#8403 = AXIS2_PLACEMENT_3D ( 'NONE', #5377, #3825, #8414 ) ;
#8404 = CARTESIAN_POINT ( 'NONE',  ( 4.469999999999998863, 0.7703109888428065766, 1.500000000000000000 ) ) ;
#8405 = CARTESIAN_POINT ( 'NONE',  ( 1.750000000000001998, 0.6500000000000000222, 1.800000000000000044 ) ) ;
#8406 = CARTESIAN_POINT ( 'NONE',  ( -3.399999999999997691, -1.549999999999999378, -1.150000000000000799 ) ) ;
#8407 = CARTESIAN_POINT ( 'NONE',  ( 4.150000000000000355, 0.6499999999999989120, 1.500000000000000000 ) ) ;
#8408 = DIRECTION ( 'NONE',  ( 1.224646799147352961E-16, 0.0000000000000000000, -1.000000000000000000 ) ) ;
#8409 = EDGE_CURVE ( 'NONE', #3730, #1421, #7246, .T. ) ;
#8410 = ADVANCED_FACE ( 'NONE', ( #6991 ), #6880, .T. ) ;
#8411 = FACE_OUTER_BOUND ( 'NONE', #4235, .T. ) ;
#8412 = LINE ( 'NONE', #8631, #6407 ) ;
#8413 = VECTOR ( 'NONE', #5057, 1000.000000000000000 ) ;
#8414 = DIRECTION ( 'NONE',  ( 0.0000000000000000000, 0.0000000000000000000, 1.000000000000000000 ) ) ;
#8415 = CARTESIAN_POINT ( 'NONE',  ( -4.499999999999999112, 0.7703109888428064655, -1.800000000000000933 ) ) ;
#8416 = CARTESIAN_POINT ( 'NONE',  ( 4.399999999999998579, 0.7703109888428067986, 0.0000000000000000000 ) ) ;
#8417 = LINE ( 'NONE', #9366, #5463 ) ;
#8418 = PLANE ( 'NONE',  #3261 ) ;
#8419 = VECTOR ( 'NONE', #1866, 1000.000000000000000 ) ;
#8420 = CARTESIAN_POINT ( 'NONE',  ( -3.384165477888731122, -0.9623395149786014846, -1.499999999999999778 ) ) ;
#8422 = EDGE_LOOP ( 'NONE', ( #2458, #7033, #6000, #6590 ) ) ;
#8421 =( GEOMETRIC_REPRESENTATION_CONTEXT ( 3 ) GLOBAL_UNCERTAINTY_ASSIGNED_CONTEXT ( ( #657 ) ) GLOBAL_UNIT_ASSIGNED_CONTEXT ( ( #304, #6571, #9438 ) ) REPRESENTATION_CONTEXT ( 'NONE', 'WORKASPACE' ) );
#8423 = VECTOR ( 'NONE', #101, 1000.000000000000000 ) ;
#8424 = COLOUR_RGB ( '',0.2509803921568627416, 0.2509803921568627416, 0.2509803921568627416 ) ;
#8425 = ORIENTED_EDGE ( 'NONE', *, *, #7308, .T. ) ;
#8426 = ORIENTED_EDGE ( 'NONE', *, *, #1118, .T. ) ;
#8427 = CARTESIAN_POINT ( 'NONE',  ( -3.199999999999997513, 1.649999999999999911, 1.699999999999999734 ) ) ;
#8428 = CARTESIAN_POINT ( 'NONE',  ( -4.400000000000002132, 0.7500000000000012212, -0.9500000000000020650 ) ) ;
#8429 = ORIENTED_EDGE ( 'NONE', *, *, #7427, .T. ) ;
#8430 = VECTOR ( 'NONE', #9723, 1000.000000000000227 ) ;
#8431 = EDGE_CURVE ( 'NONE', #4086, #2288, #9241, .T. ) ;
#8432 = LINE ( 'NONE', #409, #4652 ) ;
#8433 = DIRECTION ( 'NONE',  ( 0.0000000000000000000, 1.000000000000000000, 0.0000000000000000000 ) ) ;
#8434 =( LENGTH_UNIT ( ) NAMED_UNIT ( * ) SI_UNIT ( .MILLI., .METRE. ) );
#8435 = FACE_OUTER_BOUND ( 'NONE', #4793, .T. ) ;
#8436 = DIRECTION ( 'NONE',  ( 1.000000000000000000, 6.195440985631450387E-17, 0.0000000000000000000 ) ) ;
#8437 = PLANE ( 'NONE',  #5740 ) ;
#8438 = ORIENTED_EDGE ( 'NONE', *, *, #4905, .F. ) ;
#8439 = DIRECTION ( 'NONE',  ( -2.409338161078899427E-17, -0.0000000000000000000, -1.000000000000000000 ) ) ;
#8440 = STYLED_ITEM ( 'NONE', ( #7647 ), #2 ) ;
#8441 = CARTESIAN_POINT ( 'NONE',  ( 3.199999999999998401, 1.649999999999999911, 1.699999999999998845 ) ) ;
#8442 = EDGE_LOOP ( 'NONE', ( #8849, #9005, #7840, #8502 ) ) ;
#8443 = COLOUR_RGB ( '',0.2509803921568627416, 0.2509803921568627416, 0.2509803921568627416 ) ;
#8444 = PRESENTATION_LAYER_ASSIGNMENT (  '', '', ( #7437 ) ) ;
#8445 = ORIENTED_EDGE ( 'NONE', *, *, #7986, .F. ) ;
#8446 = CARTESIAN_POINT ( 'NONE',  ( 4.280000000000000249, 0.6296890111571917803, -0.9500000000000020650 ) ) ;
#8447 =( NAMED_UNIT ( * ) SI_UNIT ( $, .STERADIAN. ) SOLID_ANGLE_UNIT ( ) );
#8448 = DIRECTION ( 'NONE',  ( 1.000000000000000000, 0.0000000000000000000, 0.0000000000000000000 ) ) ;
#8449 = ORIENTED_EDGE ( 'NONE', *, *, #4812, .T. ) ;
#8450 = CARTESIAN_POINT ( 'NONE',  ( 3.199999999999997957, 1.649999999999999911, 0.0000000000000000000 ) ) ;
#8451 = LINE ( 'NONE', #2052, #2407 ) ;
#8452 = VERTEX_POINT ( 'NONE', #5403 ) ;
#8453 = ORIENTED_EDGE ( 'NONE', *, *, #1335, .F. ) ;
#8454 = VERTEX_POINT ( 'NONE', #178 ) ;
#8455 = ORIENTED_EDGE ( 'NONE', *, *, #8505, .F. ) ;
#8456 = ORIENTED_EDGE ( 'NONE', *, *, #6279, .T. ) ;
#8457 = ADVANCED_FACE ( 'NONE', ( #5011 ), #1625, .F. ) ;
#8458 = FILL_AREA_STYLE ('',( #1907 ) ) ;
#8459 = VERTEX_POINT ( 'NONE', #7649 ) ;
#8460 = ORIENTED_EDGE ( 'NONE', *, *, #3547, .T. ) ;
#8461 = PRESENTATION_STYLE_ASSIGNMENT (( #8604 ) ) ;
#8462 = PRESENTATION_STYLE_ASSIGNMENT (( #1983 ) ) ;
#8463 = DIRECTION ( 'NONE',  ( 1.000000000000000000, -0.0000000000000000000, 1.224646799147352961E-16 ) ) ;
#8464 = ORIENTED_EDGE ( 'NONE', *, *, #9379, .F. ) ;
#8465 = EDGE_LOOP ( 'NONE', ( #8264, #5636, #8761, #8168, #7656 ) ) ;
#8466 = FILL_AREA_STYLE_COLOUR ( '', #4516 ) ;
#8467 = ORIENTED_EDGE ( 'NONE', *, *, #6794, .F. ) ;
#8468 = DIRECTION ( 'NONE',  ( -0.0000000000000000000, -0.0000000000000000000, 1.000000000000000000 ) ) ;
#8469 = EDGE_CURVE ( 'NONE', #9116, #8825, #983, .T. ) ;
#8470 = CARTESIAN_POINT ( 'NONE',  ( 2.799999999999999822, -3.999999999999999112, 1.499999999999999778 ) ) ;
#8471 = SURFACE_STYLE_FILL_AREA ( #4603 ) ;
#8472 = FACE_OUTER_BOUND ( 'NONE', #3501, .T. ) ;
#8473 = VERTEX_POINT ( 'NONE', #9202 ) ;
#8474 = ADVANCED_FACE ( 'NONE', ( #4748 ), #5431, .T. ) ;
#8475 = VECTOR ( 'NONE', #8439, 1000.000000000000000 ) ;
#8476 = FILL_AREA_STYLE_COLOUR ( '', #4040 ) ;
#8477 = CARTESIAN_POINT ( 'NONE',  ( -6.098637220230931626E-17, 6.925848040166833641, 0.2249999999999989231 ) ) ;
#8478 = AXIS2_PLACEMENT_3D ( 'NONE', #9519, #5804, #5050 ) ;
#8479 = EDGE_LOOP ( 'NONE', ( #8798, #2676, #9063, #2046 ) ) ;
#8480 = PLANE ( 'NONE',  #4077 ) ;
#8481 = CARTESIAN_POINT ( 'NONE',  ( 2.200000000000000178, -1.149999999999999911, -1.499999999999999778 ) ) ;
#8482 = LINE ( 'NONE', #6650, #9408 ) ;
#8483 = CARTESIAN_POINT ( 'NONE',  ( -4.250000000000000000, -1.626303258728256651E-16, 0.5081345747705628968 ) ) ;
#8484 =( NAMED_UNIT ( * ) SI_UNIT ( $, .STERADIAN. ) SOLID_ANGLE_UNIT ( ) );
#8485 = EDGE_CURVE ( 'NONE', #7907, #1154, #6038, .T. ) ;
#8486 = PRESENTATION_STYLE_ASSIGNMENT (( #5317 ) ) ;
#8487 = DIRECTION ( 'NONE',  ( -0.0000000000000000000, -1.000000000000000000, -0.0000000000000000000 ) ) ;
#8488 = DIRECTION ( 'NONE',  ( 1.000000000000000000, -0.0000000000000000000, -0.0000000000000000000 ) ) ;
#8489 = CARTESIAN_POINT ( 'NONE',  ( 3.199999999999998401, 1.670000000000000151, 1.719999999999999973 ) ) ;
#8490 = MANIFOLD_SOLID_BREP ( 'Cut-Extrude23[1]', #7796 ) ;
#8491 = VECTOR ( 'NONE', #5215, 1000.000000000000227 ) ;
#8492 = VECTOR ( 'NONE', #6530, 1000.000000000000000 ) ;
#8493 = EDGE_CURVE ( 'NONE', #6238, #3942, #5336, .T. ) ;
#8494 = ORIENTED_EDGE ( 'NONE', *, *, #3429, .F. ) ;
#8495 =( LENGTH_UNIT ( ) NAMED_UNIT ( * ) SI_UNIT ( .MILLI., .METRE. ) );
#8496 = LINE ( 'NONE', #7448, #8750 ) ;
#8497 =( LENGTH_UNIT ( ) NAMED_UNIT ( * ) SI_UNIT ( .MILLI., .METRE. ) );
#8498 =( NAMED_UNIT ( * ) PLANE_ANGLE_UNIT ( ) SI_UNIT ( $, .RADIAN. ) );
#8499 = ORIENTED_EDGE ( 'NONE', *, *, #9060, .T. ) ;
#8500 = EDGE_CURVE ( 'NONE', #1955, #5877, #8779, .T. ) ;
#8501 = ORIENTED_EDGE ( 'NONE', *, *, #3505, .T. ) ;
#8502 = ORIENTED_EDGE ( 'NONE', *, *, #6266, .T. ) ;
#8503 = FILL_AREA_STYLE_COLOUR ( '', #1374 ) ;
#8504 = STYLED_ITEM ( 'NONE', ( #6163 ), #2999 ) ;
#8505 = EDGE_CURVE ( 'NONE', #1490, #7551, #1333, .T. ) ;
#8506 = LINE ( 'NONE', #366, #2464 ) ;
#8507 = CARTESIAN_POINT ( 'NONE',  ( -2.200000000000000622, -1.149999999999999911, 1.499999999999999556 ) ) ;
#8508 = DIRECTION ( 'NONE',  ( 0.9820064469806473184, 0.1888473936501247896, 9.751124359661473979E-17 ) ) ;
#8509 =( LENGTH_UNIT ( ) NAMED_UNIT ( * ) SI_UNIT ( .MILLI., .METRE. ) );
#8510 = VERTEX_POINT ( 'NONE', #7785 ) ;
#8511 = COLOUR_RGB ( '',0.2509803921568627416, 0.2509803921568627416, 0.2509803921568627416 ) ;
#8512 = CARTESIAN_POINT ( 'NONE',  ( 4.150000000000000355, -0.3500000000000005884, -1.500000000000000000 ) ) ;
#8513 = ADVANCED_FACE ( 'NONE', ( #7103 ), #6864, .T. ) ;
#8514 = DIRECTION ( 'NONE',  ( 0.0000000000000000000, 1.000000000000000000, 0.0000000000000000000 ) ) ;
#8515 = PLANE ( 'NONE',  #2068 ) ;
#8516 = STYLED_ITEM ( 'NONE', ( #4067 ), #965 ) ;
#8517 = CARTESIAN_POINT ( 'NONE',  ( -4.150000000000000355, -0.3500000000000005884, 1.500000000000000000 ) ) ;
#8518 = PLANE ( 'NONE',  #2299 ) ;
#8519 = DIRECTION ( 'NONE',  ( -1.224646799147352961E-16, 0.0000000000000000000, 1.000000000000000000 ) ) ;
#8520 = ORIENTED_EDGE ( 'NONE', *, *, #2805, .F. ) ;
#8521 = DIRECTION ( 'NONE',  ( 1.000000000000000000, -0.0000000000000000000, 1.224646799147352961E-16 ) ) ;
#8522 =( NAMED_UNIT ( * ) PLANE_ANGLE_UNIT ( ) SI_UNIT ( $, .RADIAN. ) );
#8523 = ADVANCED_FACE ( 'NONE', ( #1104 ), #1025, .F. ) ;
#8524 = LINE ( 'NONE', #6167, #6520 ) ;
#8525 = PRESENTATION_STYLE_ASSIGNMENT (( #2261 ) ) ;
#8526 = PLANE ( 'NONE',  #9485 ) ;
#8527 = ORIENTED_EDGE ( 'NONE', *, *, #3671, .T. ) ;
#8528 = DIRECTION ( 'NONE',  ( 1.475294133514421281E-32, 1.000000000000000000, -1.204669080539449344E-16 ) ) ;
#8529 = EDGE_LOOP ( 'NONE', ( #6940, #6340, #2537, #1187, #5165, #4275, #9486 ) ) ;
#8530 = PRESENTATION_LAYER_ASSIGNMENT (  '', '', ( #5999 ) ) ;
#8531 = DIRECTION ( 'NONE',  ( 1.000000000000000000, -0.0000000000000000000, 1.224646799147352961E-16 ) ) ;
#8532 = VECTOR ( 'NONE', #7419, 1000.000000000000000 ) ;
#8533 = CARTESIAN_POINT ( 'NONE',  ( 4.149999999999998579, -1.549999999999998934, 1.499999999999999112 ) ) ;
#8534 =( GEOMETRIC_REPRESENTATION_CONTEXT ( 3 ) GLOBAL_UNCERTAINTY_ASSIGNED_CONTEXT ( ( #6849 ) ) GLOBAL_UNIT_ASSIGNED_CONTEXT ( ( #90, #9213, #186 ) ) REPRESENTATION_CONTEXT ( 'NONE', 'WORKASPACE' ) );
#8535 =( NAMED_UNIT ( * ) SI_UNIT ( $, .STERADIAN. ) SOLID_ANGLE_UNIT ( ) );
#8536 = VECTOR ( 'NONE', #2693, 1000.000000000000000 ) ;
#8537 = LINE ( 'NONE', #2814, #772 ) ;
#8538 = LINE ( 'NONE', #5001, #6996 ) ;
#8539 =( GEOMETRIC_REPRESENTATION_CONTEXT ( 3 ) GLOBAL_UNCERTAINTY_ASSIGNED_CONTEXT ( ( #8064 ) ) GLOBAL_UNIT_ASSIGNED_CONTEXT ( ( #4840, #362, #5604 ) ) REPRESENTATION_CONTEXT ( 'NONE', 'WORKASPACE' ) );
#8540 =( NAMED_UNIT ( * ) PLANE_ANGLE_UNIT ( ) SI_UNIT ( $, .RADIAN. ) );
#8541 = DIRECTION ( 'NONE',  ( 1.807003620809169455E-16, 0.0000000000000000000, -1.000000000000000000 ) ) ;
#8542 = ORIENTED_EDGE ( 'NONE', *, *, #3015, .T. ) ;
#8543 = EDGE_CURVE ( 'NONE', #1421, #380, #422, .T. ) ;
#8544 = CARTESIAN_POINT ( 'NONE',  ( -0.2499999999999997780, 0.1499999999999997446, 3.800000000000000266 ) ) ;
#8545 = EDGE_LOOP ( 'NONE', ( #3462, #3348, #1716, #6592 ) ) ;
#8546 = PRESENTATION_LAYER_ASSIGNMENT (  '', '', ( #7537 ) ) ;
#8547 = CARTESIAN_POINT ( 'NONE',  ( 1.750000000000001998, 0.6500000000000000222, 1.699999999999999956 ) ) ;
#8548 = FILL_AREA_STYLE ('',( #7021 ) ) ;
#8549 = SURFACE_STYLE_FILL_AREA ( #2147 ) ;
#8550 = LINE ( 'NONE', #8769, #6779 ) ;
#8551 = APPLICATION_PROTOCOL_DEFINITION ( 'draft international standard', 'automotive_design', 1998, #9313 ) ;
#8552 = ORIENTED_EDGE ( 'NONE', *, *, #2249, .F. ) ;
#8553 = CARTESIAN_POINT ( 'NONE',  ( -2.674999999999999378, -4.649999999999999467, -1.499999999999999112 ) ) ;
#8554 = VECTOR ( 'NONE', #7310, 1000.000000000000000 ) ;
#8555 = EDGE_CURVE ( 'NONE', #5396, #9417, #6139, .T. ) ;
#8556 = FILL_AREA_STYLE_COLOUR ( '', #7244 ) ;
#8557 = ADVANCED_FACE ( 'NONE', ( #7944 ), #2548, .F. ) ;
#8558 = CARTESIAN_POINT ( 'NONE',  ( -1.749999999999999778, 0.6499999999999998002, 1.699999999999999956 ) ) ;
#8559 = EDGE_CURVE ( 'NONE', #6911, #1052, #7236, .T. ) ;
#8560 = LINE ( 'NONE', #8649, #4543 ) ;
#8561 = LINE ( 'NONE', #8746, #4320 ) ;
#8562 = VERTEX_POINT ( 'NONE', #7888 ) ;
#8563 = EDGE_CURVE ( 'NONE', #3268, #5797, #9231, .T. ) ;
#8564 = VERTEX_POINT ( 'NONE', #9393 ) ;
#8565 =( LENGTH_UNIT ( ) NAMED_UNIT ( * ) SI_UNIT ( .MILLI., .METRE. ) );
#8566 = CIRCLE ( 'NONE', #6145, 0.07999999999999998779 ) ;
#8567 = CARTESIAN_POINT ( 'NONE',  ( -4.399999999999998579, 1.750000000000000000, -0.9500000000000020650 ) ) ;
#8568 = CARTESIAN_POINT ( 'NONE',  ( -2.799999999999999378, -1.149999999999999911, -1.800000000000000711 ) ) ;
#8569 = LINE ( 'NONE', #340, #6067 ) ;
#8570 = ADVANCED_FACE ( 'NONE', ( #3443 ), #4876, .F. ) ;
#8571 = ORIENTED_EDGE ( 'NONE', *, *, #5659, .T. ) ;
#8572 = AXIS2_PLACEMENT_3D ( 'NONE', #2143, #8777, #4443 ) ;
#8573 = PLANE ( 'NONE',  #8217 ) ;
#8574 = DIRECTION ( 'NONE',  ( -1.000000000000000000, 0.0000000000000000000, -0.0000000000000000000 ) ) ;
#8575 = CARTESIAN_POINT ( 'NONE',  ( -4.399999999999999467, 1.664434642797396613, 4.980889644667132676E-15 ) ) ;
#8576 = DIRECTION ( 'NONE',  ( 0.0000000000000000000, 0.0000000000000000000, 1.000000000000000000 ) ) ;
#8577 = FILL_AREA_STYLE ('',( #9238 ) ) ;
#8578 =( LENGTH_UNIT ( ) NAMED_UNIT ( * ) SI_UNIT ( .MILLI., .METRE. ) );
#8579 = EDGE_LOOP ( 'NONE', ( #4733, #6611, #8933, #5204 ) ) ;
#8580 = ORIENTED_EDGE ( 'NONE', *, *, #2614, .T. ) ;
#8581 = FILL_AREA_STYLE_COLOUR ( '', #7372 ) ;
#8582 = ORIENTED_EDGE ( 'NONE', *, *, #6848, .F. ) ;
#8583 = DIRECTION ( 'NONE',  ( 1.000000000000000000, 0.0000000000000000000, 1.224646799147352961E-16 ) ) ;
#8584 = APPLICATION_CONTEXT ( 'automotive_design' ) ;
#8585 = DIRECTION ( 'NONE',  ( -2.409338161078899427E-17, -0.0000000000000000000, -1.000000000000000000 ) ) ;
#8586 = VERTEX_POINT ( 'NONE', #6391 ) ;
#8587 = VECTOR ( 'NONE', #9261, 1000.000000000000000 ) ;
#8588 = COLOUR_RGB ( '',0.2509803921568627416, 0.2509803921568627416, 0.2509803921568627416 ) ;
#8589 = DIRECTION ( 'NONE',  ( 1.000000000000000000, 0.0000000000000000000, 1.301042606982613525E-14 ) ) ;
#8590 = VECTOR ( 'NONE', #7458, 1000.000000000000000 ) ;
#8591 = ORIENTED_EDGE ( 'NONE', *, *, #8013, .T. ) ;
#8592 = CARTESIAN_POINT ( 'NONE',  ( 4.499999999999999112, 1.750000000000000000, -1.800000000000001155 ) ) ;
#8593 = ORIENTED_EDGE ( 'NONE', *, *, #559, .T. ) ;
#8594 = STYLED_ITEM ( 'NONE', ( #8788 ), #4047 ) ;
#8595 = SURFACE_STYLE_FILL_AREA ( #6358 ) ;
#8596 = ORIENTED_EDGE ( 'NONE', *, *, #4970, .F. ) ;
#8597 = ORIENTED_EDGE ( 'NONE', *, *, #8431, .F. ) ;
#8598 = PLANE ( 'NONE',  #2963 ) ;
#8599 = VECTOR ( 'NONE', #2351, 1000.000000000000000 ) ;
#8600 = CARTESIAN_POINT ( 'NONE',  ( 4.499999999999999112, 0.0000000000000000000, 0.9500000000000025091 ) ) ;
#8601 = CARTESIAN_POINT ( 'NONE',  ( -1.637232524964335800, -1.073609129814550256, 1.499999999999999556 ) ) ;
#8602 = ORIENTED_EDGE ( 'NONE', *, *, #8641, .T. ) ;
#8603 = EDGE_CURVE ( 'NONE', #8324, #734, #3199, .T. ) ;
#8604 = SURFACE_STYLE_USAGE ( .BOTH. , #7708 ) ;
#8605 = MECHANICAL_DESIGN_GEOMETRIC_PRESENTATION_REPRESENTATION (  '', ( #7583 ), #9098 ) ;
#8606 = FILL_AREA_STYLE_COLOUR ( '', #8511 ) ;
#8607 = VECTOR ( 'NONE', #2939, 1000.000000000000000 ) ;
#8608 = VERTEX_POINT ( 'NONE', #1890 ) ;
#8609 = FILL_AREA_STYLE ('',( #7848 ) ) ;
#8610 = VERTEX_POINT ( 'NONE', #7189 ) ;
#8611 = STYLED_ITEM ( 'NONE', ( #5702 ), #5484 ) ;
#8612 = SURFACE_SIDE_STYLE ('',( #479 ) ) ;
#8613 = DIRECTION ( 'NONE',  ( 1.000000000000000000, -0.0000000000000000000, 1.224646799147352961E-16 ) ) ;
#8614 = ADVANCED_FACE ( 'NONE', ( #2233 ), #3417, .T. ) ;
#8615 = DIRECTION ( 'NONE',  ( 0.0000000000000000000, 1.000000000000000000, 0.0000000000000000000 ) ) ;
#8616 = SURFACE_STYLE_USAGE ( .BOTH. , #6399 ) ;
#8617 = SURFACE_SIDE_STYLE ('',( #9067 ) ) ;
#8618 = AXIS2_PLACEMENT_3D ( 'NONE', #6321, #8613, #4813 ) ;
#8619 = ORIENTED_EDGE ( 'NONE', *, *, #945, .F. ) ;
#8620 = ORIENTED_EDGE ( 'NONE', *, *, #3208, .F. ) ;
#8621 = EDGE_CURVE ( 'NONE', #2286, #6079, #8282, .T. ) ;
#8622 = ORIENTED_EDGE ( 'NONE', *, *, #5918, .F. ) ;
#8623 = DIRECTION ( 'NONE',  ( 0.0000000000000000000, -3.469446951953614189E-16, 1.000000000000000000 ) ) ;
#8624 = DIRECTION ( 'NONE',  ( -1.000000000000000000, 1.445602896647335958E-15, 2.409338161078899427E-17 ) ) ;
#8625 = LINE ( 'NONE', #8850, #8268 ) ;
#8626 = ADVANCED_FACE ( 'NONE', ( #3567 ), #4990, .F. ) ;
#8627 = EDGE_CURVE ( 'NONE', #6442, #8247, #8642, .T. ) ;
#8628 = CARTESIAN_POINT ( 'NONE',  ( 3.499999999999997780, 6.925848040166833641, 0.0000000000000000000 ) ) ;
#8629 = ORIENTED_EDGE ( 'NONE', *, *, #9291, .F. ) ;
#8630 = ORIENTED_EDGE ( 'NONE', *, *, #9058, .T. ) ;
#8631 = CARTESIAN_POINT ( 'NONE',  ( 4.250000000000000000, 0.6296890111571917803, 0.9500000000000025091 ) ) ;
#8632 = SURFACE_SIDE_STYLE ('',( #2347 ) ) ;
#8633 = EDGE_CURVE ( 'NONE', #4842, #5288, #4862, .T. ) ;
#8634 = PLANE ( 'NONE',  #9221 ) ;
#8635 = ORIENTED_EDGE ( 'NONE', *, *, #4639, .F. ) ;
#8636 = FILL_AREA_STYLE_COLOUR ( '', #5253 ) ;
#8637 = LINE ( 'NONE', #8178, #4619 ) ;
#8638 = VERTEX_POINT ( 'NONE', #6531 ) ;
#8639 = CARTESIAN_POINT ( 'NONE',  ( 2.200000000000000178, -4.750000000000000000, -1.499999999999999334 ) ) ;
#8640 = STYLED_ITEM ( 'NONE', ( #311 ), #3309 ) ;
#8641 = EDGE_CURVE ( 'NONE', #3299, #7286, #645, .T. ) ;
#8642 = LINE ( 'NONE', #533, #2848 ) ;
#8643 = DIRECTION ( 'NONE',  ( 0.0000000000000000000, 1.000000000000000000, 0.0000000000000000000 ) ) ;
#8644 = CARTESIAN_POINT ( 'NONE',  ( 2.675000000000000266, -0.8499999999999992006, -1.499999999999999778 ) ) ;
#8645 = LINE ( 'NONE', #6311, #8399 ) ;
#8646 = CIRCLE ( 'NONE', #8983, 0.07999999999999998779 ) ;
#8647 = DIRECTION ( 'NONE',  ( -0.0000000000000000000, -1.000000000000000000, -0.0000000000000000000 ) ) ;
#8648 = DIRECTION ( 'NONE',  ( -1.000000000000000000, 0.0000000000000000000, -0.0000000000000000000 ) ) ;
#8649 = CARTESIAN_POINT ( 'NONE',  ( -2.799999999999999822, -0.8499999999999992006, -0.8291796067500623035 ) ) ;
#8650 = CARTESIAN_POINT ( 'NONE',  ( -5.221110255092797026, -1.149999999999999911, 1.800000000000000044 ) ) ;
#8651 = VECTOR ( 'NONE', #426, 1000.000000000000114 ) ;
#8652 =( LENGTH_UNIT ( ) NAMED_UNIT ( * ) SI_UNIT ( .MILLI., .METRE. ) );
#8653 = CARTESIAN_POINT ( 'NONE',  ( 2.675000000000000266, -1.149999999999999911, -1.800000000000000711 ) ) ;
#8654 = AXIS2_PLACEMENT_3D ( 'NONE', #3459, #1298, #7791 ) ;
#8655 =( NAMED_UNIT ( * ) SI_UNIT ( $, .STERADIAN. ) SOLID_ANGLE_UNIT ( ) );
#8656 = VECTOR ( 'NONE', #7572, 1000.000000000000000 ) ;
#8657 = DIRECTION ( 'NONE',  ( -1.000000000000000000, 0.0000000000000000000, -1.224646799147352961E-16 ) ) ;
#8658 = FILL_AREA_STYLE ('',( #6924 ) ) ;
#8659 = CARTESIAN_POINT ( 'NONE',  ( -2.325000000000000178, -4.749999999999999112, 1.499999999999999556 ) ) ;
#8660 = PRESENTATION_LAYER_ASSIGNMENT (  '', '', ( #7637 ) ) ;
#8661 = VECTOR ( 'NONE', #3372, 1000.000000000000000 ) ;
#8662 =( LENGTH_UNIT ( ) NAMED_UNIT ( * ) SI_UNIT ( .MILLI., .METRE. ) );
#8663 = ORIENTED_EDGE ( 'NONE', *, *, #7278, .F. ) ;
#8664 =( NAMED_UNIT ( * ) SI_UNIT ( $, .STERADIAN. ) SOLID_ANGLE_UNIT ( ) );
#8665 = PRESENTATION_STYLE_ASSIGNMENT (( #2753 ) ) ;
#8666 = LINE ( 'NONE', #5898, #2364 ) ;
#8667 = EDGE_CURVE ( 'NONE', #2876, #3640, #2593, .T. ) ;
#8668 = LINE ( 'NONE', #640, #6655 ) ;
#8669 = STYLED_ITEM ( 'NONE', ( #6438 ), #6822 ) ;
#8670 = COLOUR_RGB ( '',0.2509803921568627416, 0.2509803921568627416, 0.2509803921568627416 ) ;
#8671 = EDGE_LOOP ( 'NONE', ( #9429, #2079, #4577, #8137 ) ) ;
#8672 = DIRECTION ( 'NONE',  ( 0.0000000000000000000, 0.0000000000000000000, -1.000000000000000000 ) ) ;
#8673 = FACE_OUTER_BOUND ( 'NONE', #590, .T. ) ;
#8674 = CARTESIAN_POINT ( 'NONE',  ( -4.250000000000000000, 0.6499999999999989120, 1.500000000000000000 ) ) ;
#8675 = DIRECTION ( 'NONE',  ( -1.445602896647335761E-15, -1.000000000000000000, 0.0000000000000000000 ) ) ;
#8676 = FACE_OUTER_BOUND ( 'NONE', #1276, .T. ) ;
#8677 = UNCERTAINTY_MEASURE_WITH_UNIT (LENGTH_MEASURE( 1.000000000000000082E-05 ), #1640, 'distance_accuracy_value', 'NONE');
#8678 = ORIENTED_EDGE ( 'NONE', *, *, #5523, .F. ) ;
#8679 = UNCERTAINTY_MEASURE_WITH_UNIT (LENGTH_MEASURE( 1.000000000000000082E-05 ), #4849, 'distance_accuracy_value', 'NONE');
#8680 = ADVANCED_FACE ( 'NONE', ( #859 ), #5062, .F. ) ;
#8681 = LINE ( 'NONE', #2992, #445 ) ;
#8682 = AXIS2_PLACEMENT_3D ( 'NONE', #6726, #2172, #7481 ) ;
#8683 = CARTESIAN_POINT ( 'NONE',  ( -1.749999999999999778, 1.649999999999999689, 3.799999999999999822 ) ) ;
#8684 = CARTESIAN_POINT ( 'NONE',  ( -3.199999999999997957, 1.750000000000000000, -1.699999999999997513 ) ) ;
#8685 = FACE_OUTER_BOUND ( 'NONE', #6332, .T. ) ;
#8686 = EDGE_CURVE ( 'NONE', #5762, #9185, #1648, .T. ) ;
#8687 = PLANE ( 'NONE',  #2323 ) ;
#8688 = CARTESIAN_POINT ( 'NONE',  ( 4.150000000000000355, 0.6296890111571917803, -0.9500000000000025091 ) ) ;
#8689 = PRESENTATION_LAYER_ASSIGNMENT (  '', '', ( #9172 ) ) ;
#8691 = AXIS2_PLACEMENT_3D ( 'NONE', #8404, #7181, #1255 ) ;
#8690 = PLANE ( 'NONE',  #550 ) ;
#8692 = VECTOR ( 'NONE', #562, 1000.000000000000000 ) ;
#8693 = COLOUR_RGB ( '',0.2509803921568627416, 0.2509803921568627416, 0.2509803921568627416 ) ;
#8694 = CARTESIAN_POINT ( 'NONE',  ( 0.0000000000000000000, 1.750000000000000000, 0.0000000000000000000 ) ) ;
#8695 = DIRECTION ( 'NONE',  ( -0.0000000000000000000, -0.0000000000000000000, -1.000000000000000000 ) ) ;
#8696 = CARTESIAN_POINT ( 'NONE',  ( 4.419999999999998153, 1.670000000000000151, 0.0000000000000000000 ) ) ;
#8697 = EDGE_CURVE ( 'NONE', #6440, #4363, #3674, .T. ) ;
#8698 = VECTOR ( 'NONE', #1605, 1000.000000000000000 ) ;
#8699 = ORIENTED_EDGE ( 'NONE', *, *, #5600, .T. ) ;
#8700 = FACE_OUTER_BOUND ( 'NONE', #1617, .T. ) ;
#8701 = CARTESIAN_POINT ( 'NONE',  ( 3.399999999999998579, -1.549999999999999378, -1.149999999999999911 ) ) ;
#8702 = EDGE_LOOP ( 'NONE', ( #584, #81, #9604, #7157 ) ) ;
#8703 = FILL_AREA_STYLE_COLOUR ( '', #5245 ) ;
#8704 = EDGE_CURVE ( 'NONE', #9521, #6459, #7686, .T. ) ;
#8705 =( NAMED_UNIT ( * ) PLANE_ANGLE_UNIT ( ) SI_UNIT ( $, .RADIAN. ) );
#8706 = ORIENTED_EDGE ( 'NONE', *, *, #7348, .T. ) ;
#8707 = VECTOR ( 'NONE', #404, 1000.000000000000000 ) ;
#8708 = AXIS2_PLACEMENT_3D ( 'NONE', #545, #6514, #2704 ) ;
#8709 = ORIENTED_EDGE ( 'NONE', *, *, #5600, .F. ) ;
#8710 = EDGE_CURVE ( 'NONE', #2797, #9317, #9460, .T. ) ;
#8711 = ORIENTED_EDGE ( 'NONE', *, *, #3853, .F. ) ;
#8712 = ORIENTED_EDGE ( 'NONE', *, *, #1401, .F. ) ;
#8713 = ORIENTED_EDGE ( 'NONE', *, *, #8409, .F. ) ;
#8714 = ORIENTED_EDGE ( 'NONE', *, *, #2590, .F. ) ;
#8715 = SURFACE_SIDE_STYLE ('',( #7371 ) ) ;
#8716 = PLANE ( 'NONE',  #6469 ) ;
#8717 = ORIENTED_EDGE ( 'NONE', *, *, #3476, .T. ) ;
#8718 =( GEOMETRIC_REPRESENTATION_CONTEXT ( 3 ) GLOBAL_UNCERTAINTY_ASSIGNED_CONTEXT ( ( #5280 ) ) GLOBAL_UNIT_ASSIGNED_CONTEXT ( ( #2701, #9646, #1547 ) ) REPRESENTATION_CONTEXT ( 'NONE', 'WORKASPACE' ) );
#8719 = FILL_AREA_STYLE ('',( #6424 ) ) ;
#8720 = UNCERTAINTY_MEASURE_WITH_UNIT (LENGTH_MEASURE( 1.000000000000000082E-05 ), #628, 'distance_accuracy_value', 'NONE');
#8721 = VECTOR ( 'NONE', #7209, 1000.000000000000000 ) ;
#8722 = ORIENTED_EDGE ( 'NONE', *, *, #1366, .F. ) ;
#8723 = VERTEX_POINT ( 'NONE', #8872 ) ;
#8724 = DIRECTION ( 'NONE',  ( -0.9820064469806473184, 0.1888473936501247896, -1.430109668107681881E-16 ) ) ;
#8725 = EDGE_CURVE ( 'NONE', #6335, #8349, #5217, .T. ) ;
#8726 = FILL_AREA_STYLE ('',( #4962 ) ) ;
#8727 = ORIENTED_EDGE ( 'NONE', *, *, #2152, .T. ) ;
#8728 = CARTESIAN_POINT ( 'NONE',  ( -4.250000000000000000, 0.6499999999999989120, 1.800000000000000044 ) ) ;
#8729 = VERTEX_POINT ( 'NONE', #9633 ) ;
#8730 = COLOUR_RGB ( '',0.2509803921568627416, 0.2509803921568627416, 0.2509803921568627416 ) ;
#8731 =( NAMED_UNIT ( * ) PLANE_ANGLE_UNIT ( ) SI_UNIT ( $, .RADIAN. ) );
#8732 = ADVANCED_FACE ( 'NONE', ( #7227 ), #6632, .F. ) ;
#8733 = STYLED_ITEM ( 'NONE', ( #8943 ), #6215 ) ;
#8734 = EDGE_LOOP ( 'NONE', ( #2639, #1058, #7515, #7913, #1316, #9030, #3472, #3878 ) ) ;
#8735 = VECTOR ( 'NONE', #1738, 1000.000000000000000 ) ;
#8736 = ORIENTED_EDGE ( 'NONE', *, *, #2536, .T. ) ;
#8737 = CARTESIAN_POINT ( 'NONE',  ( -4.150000000000000355, 0.6499999999999989120, -1.500000000000000000 ) ) ;
#8738 = VECTOR ( 'NONE', #9038, 1000.000000000000000 ) ;
#8739 = DIRECTION ( 'NONE',  ( -1.000000000000000000, 0.0000000000000000000, 0.0000000000000000000 ) ) ;
#8740 = MECHANICAL_DESIGN_GEOMETRIC_PRESENTATION_REPRESENTATION (  '', ( #7212 ), #9226 ) ;
#8741 = MECHANICAL_DESIGN_GEOMETRIC_PRESENTATION_REPRESENTATION (  '', ( #7215 ), #9229 ) ;
#8742 = LINE ( 'NONE', #1690, #6006 ) ;
#8743 = PRESENTATION_STYLE_ASSIGNMENT (( #2354 ) ) ;
#8744 = ORIENTED_EDGE ( 'NONE', *, *, #8976, .T. ) ;
#8745 = DIRECTION ( 'NONE',  ( 1.000000000000000000, 0.0000000000000000000, 0.0000000000000000000 ) ) ;
#8746 = CARTESIAN_POINT ( 'NONE',  ( 0.2999999999999994893, -1.149999999999999911, 1.499999999999999556 ) ) ;
#8747 = EDGE_CURVE ( 'NONE', #6230, #4571, #5439, .T. ) ;
#8748 = DIRECTION ( 'NONE',  ( 1.000000000000000000, -0.0000000000000000000, -0.0000000000000000000 ) ) ;
#8749 = AXIS2_PLACEMENT_3D ( 'NONE', #7102, #2569, #7877 ) ;
#8750 = VECTOR ( 'NONE', #2918, 1000.000000000000000 ) ;
#8751 = DIRECTION ( 'NONE',  ( 0.0000000000000000000, 0.0000000000000000000, 1.000000000000000000 ) ) ;
#8752 =( GEOMETRIC_REPRESENTATION_CONTEXT ( 3 ) GLOBAL_UNCERTAINTY_ASSIGNED_CONTEXT ( ( #306 ) ) GLOBAL_UNIT_ASSIGNED_CONTEXT ( ( #3949, #3788, #3252 ) ) REPRESENTATION_CONTEXT ( 'NONE', 'WORKASPACE' ) );
#8753 = VECTOR ( 'NONE', #4391, 1000.000000000000000 ) ;
#8754 = VERTEX_POINT ( 'NONE', #6658 ) ;
#8755 = ORIENTED_EDGE ( 'NONE', *, *, #5459, .T. ) ;
#8756 = SURFACE_SIDE_STYLE ('',( #1445 ) ) ;
#8757 = CARTESIAN_POINT ( 'NONE',  ( 2.199999999999999734, -1.149999999999999911, -1.499999999999999778 ) ) ;
#8758 = STYLED_ITEM ( 'NONE', ( #6105 ), #6902 ) ;
#8759 = CARTESIAN_POINT ( 'NONE',  ( -0.2999999999999999334, -0.8499999999999992006, -1.499999999999999778 ) ) ;
#8760 = STYLED_ITEM ( 'NONE', ( #3553 ), #2607 ) ;
#8761 = ORIENTED_EDGE ( 'NONE', *, *, #3574, .T. ) ;
#8762 = VECTOR ( 'NONE', #6497, 1000.000000000000000 ) ;
#8763 =( NAMED_UNIT ( * ) PLANE_ANGLE_UNIT ( ) SI_UNIT ( $, .RADIAN. ) );
#8764 = DIRECTION ( 'NONE',  ( 1.445602896647335958E-15, 1.000000000000000000, 0.0000000000000000000 ) ) ;
#8765 =( NAMED_UNIT ( * ) SI_UNIT ( $, .STERADIAN. ) SOLID_ANGLE_UNIT ( ) );
#8766 = EDGE_CURVE ( 'NONE', #8925, #9188, #2469, .T. ) ;
#8767 =( NAMED_UNIT ( * ) PLANE_ANGLE_UNIT ( ) SI_UNIT ( $, .RADIAN. ) );
#8768 = CARTESIAN_POINT ( 'NONE',  ( 3.362767475035664422, -1.073609129814550256, 1.499999999999999556 ) ) ;
#8769 = CARTESIAN_POINT ( 'NONE',  ( -0.2499999999999997780, 0.6499999999999998002, 1.699999999999999956 ) ) ;
#8770 = AXIS2_PLACEMENT_3D ( 'NONE', #3660, #3628, #5216 ) ;
#8771 = VECTOR ( 'NONE', #9225, 1000.000000000000000 ) ;
#8772 = LINE ( 'NONE', #4515, #6755 ) ;
#8773 = DIRECTION ( 'NONE',  ( -1.000000000000000000, 0.0000000000000000000, -1.224646799147352961E-16 ) ) ;
#8774 = LINE ( 'NONE', #1514, #6757 ) ;
#8775 = ADVANCED_FACE ( 'NONE', ( #8276 ), #3651, .F. ) ;
#8776 = CARTESIAN_POINT ( 'NONE',  ( -1.749999999999999778, 0.6499999999999998002, 1.699999999999999956 ) ) ;
#8777 = DIRECTION ( 'NONE',  ( -1.000000000000000000, 0.0000000000000000000, -1.239088197126290669E-15 ) ) ;
#8778 = DIRECTION ( 'NONE',  ( 0.0000000000000000000, 0.0000000000000000000, -1.000000000000000000 ) ) ;
#8779 = LINE ( 'NONE', #4712, #9106 ) ;
#8780 = DIRECTION ( 'NONE',  ( -0.0000000000000000000, -0.0000000000000000000, 1.000000000000000000 ) ) ;
#8781 = CARTESIAN_POINT ( 'NONE',  ( -1.749999999999999778, 0.6499999999999998002, 1.800000000000000044 ) ) ;
#8782 = LINE ( 'NONE', #8157, #2741 ) ;
#8783 =( NAMED_UNIT ( * ) SI_UNIT ( $, .STERADIAN. ) SOLID_ANGLE_UNIT ( ) );
#8784 = PLANE ( 'NONE',  #2368 ) ;
#8785 = CARTESIAN_POINT ( 'NONE',  ( -4.250000000000003553, 0.6500000000000003553, -0.9500000000000025091 ) ) ;
#8786 = CARTESIAN_POINT ( 'NONE',  ( 4.150000000000000355, 0.6499999999999989120, 1.500000000000000000 ) ) ;
#8787 = SURFACE_STYLE_FILL_AREA ( #2436 ) ;
#8788 = PRESENTATION_STYLE_ASSIGNMENT (( #7757 ) ) ;
#8789 = VERTEX_POINT ( 'NONE', #8932 ) ;
#8790 = FILL_AREA_STYLE_COLOUR ( '', #4058 ) ;
#8791 = DIRECTION ( 'NONE',  ( 1.445602896647335761E-15, 1.000000000000000000, 0.0000000000000000000 ) ) ;
#8792 = VECTOR ( 'NONE', #6797, 1000.000000000000000 ) ;
#8793 = SURFACE_STYLE_USAGE ( .BOTH. , #2769 ) ;
#8794 = FACE_OUTER_BOUND ( 'NONE', #3423, .T. ) ;
#8795 =( LENGTH_UNIT ( ) NAMED_UNIT ( * ) SI_UNIT ( .MILLI., .METRE. ) );
#8796 = EDGE_CURVE ( 'NONE', #6079, #7875, #9722, .T. ) ;
#8797 = LINE ( 'NONE', #4941, #4769 ) ;
#8798 = ORIENTED_EDGE ( 'NONE', *, *, #9034, .T. ) ;
#8799 = STYLED_ITEM ( 'NONE', ( #980 ), #5340 ) ;
#8800 = DIRECTION ( 'NONE',  ( -0.0000000000000000000, 1.000000000000000000, -0.0000000000000000000 ) ) ;
#8801 = PRESENTATION_STYLE_ASSIGNMENT (( #3870 ) ) ;
#8802 = EDGE_LOOP ( 'NONE', ( #5058, #7218, #2785, #8622, #1148, #7152, #8975, #1936 ) ) ;
#8803 = VECTOR ( 'NONE', #1828, 1000.000000000000000 ) ;
#8804 = PRESENTATION_LAYER_ASSIGNMENT (  '', '', ( #8288 ) ) ;
#8805 = ORIENTED_EDGE ( 'NONE', *, *, #1976, .T. ) ;
#8806 = CARTESIAN_POINT ( 'NONE',  ( -4.419999999999998153, 1.750000000000000000, 1.064927467196872499E-15 ) ) ;
#8807 = ORIENTED_EDGE ( 'NONE', *, *, #6643, .F. ) ;
#8808 = DIRECTION ( 'NONE',  ( 0.0000000000000000000, 0.0000000000000000000, -1.000000000000000000 ) ) ;
#8809 = EDGE_CURVE ( 'NONE', #9280, #5189, #7696, .T. ) ;
#8810 = FILL_AREA_STYLE ('',( #1262 ) ) ;
#8811 = CARTESIAN_POINT ( 'NONE',  ( -3.199999999999997513, 1.750000000000000000, 1.800000000000000044 ) ) ;
#8812 =( NAMED_UNIT ( * ) SI_UNIT ( $, .STERADIAN. ) SOLID_ANGLE_UNIT ( ) );
#8813 = LINE ( 'NONE', #3919, #4787 ) ;
#8814 = CARTESIAN_POINT ( 'NONE',  ( 4.250000000000000000, -0.3500000000000003109, 0.6502286246418802484 ) ) ;
#8815 = VERTEX_POINT ( 'NONE', #1430 ) ;
#8816 = ORIENTED_EDGE ( 'NONE', *, *, #1588, .T. ) ;
#8817 = EDGE_CURVE ( 'NONE', #8638, #2925, #5705, .T. ) ;
#8818 = CARTESIAN_POINT ( 'NONE',  ( 3.199999999999997957, 1.649999999999999911, -1.800000000000000933 ) ) ;
#8819 = ORIENTED_EDGE ( 'NONE', *, *, #7075, .T. ) ;
#8820 = ADVANCED_FACE ( 'NONE', ( #9472 ), #5232, .T. ) ;
#8821 = VECTOR ( 'NONE', #7111, 1000.000000000000000 ) ;
#8822 = VERTEX_POINT ( 'NONE', #2942 ) ;
#8823 = LINE ( 'NONE', #5021, #2285 ) ;
#8824 = CARTESIAN_POINT ( 'NONE',  ( -0.2499999999999997780, 1.649999999999999689, 3.799999999999999822 ) ) ;
#8825 = VERTEX_POINT ( 'NONE', #39 ) ;
#8826 = ORIENTED_EDGE ( 'NONE', *, *, #4460, .T. ) ;
#8827 = EDGE_CURVE ( 'NONE', #3526, #8026, #8772, .T. ) ;
#8828 = DIRECTION ( 'NONE',  ( -1.000000000000000000, 0.0000000000000000000, -1.224646799147352961E-16 ) ) ;
#8829 = CARTESIAN_POINT ( 'NONE',  ( 2.200000000000000178, -0.8499999999999992006, -0.8291796067500623035 ) ) ;
#8830 = AXIS2_PLACEMENT_3D ( 'NONE', #2312, #7622, #3087 ) ;
#8831 = EDGE_LOOP ( 'NONE', ( #1602, #3722, #3968, #8494, #6341, #6028, #703, #5040 ) ) ;
#8832 = EDGE_CURVE ( 'NONE', #5656, #930, #4739, .T. ) ;
#8833 = ORIENTED_EDGE ( 'NONE', *, *, #3924, .F. ) ;
#8834 = VECTOR ( 'NONE', #4967, 1000.000000000000000 ) ;
#8835 = LINE ( 'NONE', #985, #816 ) ;
#8836 = CARTESIAN_POINT ( 'NONE',  ( 4.499999999999999112, -1.084202172485504434E-16, 0.5081345747705631188 ) ) ;
#8837 = VERTEX_POINT ( 'NONE', #5261 ) ;
#8838 = LINE ( 'NONE', #6815, #818 ) ;
#8839 = CARTESIAN_POINT ( 'NONE',  ( 4.499999999999999112, 3.295974604355942847E-16, -0.9500000000000027311 ) ) ;
#8840 = ORIENTED_EDGE ( 'NONE', *, *, #5668, .T. ) ;
#8841 = AXIS2_PLACEMENT_3D ( 'NONE', #5916, #6610, #6371 ) ;
#8842 = DIRECTION ( 'NONE',  ( 1.445602896647335761E-15, 1.000000000000000000, 0.0000000000000000000 ) ) ;
#8843 = ORIENTED_EDGE ( 'NONE', *, *, #9566, .F. ) ;
#8844 = ORIENTED_EDGE ( 'NONE', *, *, #7711, .T. ) ;
#8845 = CARTESIAN_POINT ( 'NONE',  ( 4.150000000000000355, 0.6499999999999989120, 0.9500000000000016209 ) ) ;
#8846 = VECTOR ( 'NONE', #1839, 1000.000000000000000 ) ;
#8847 = FILL_AREA_STYLE_COLOUR ( '', #4423 ) ;
#8848 = CARTESIAN_POINT ( 'NONE',  ( -2.800000000000000266, -1.149999999999999911, -1.499999999999999778 ) ) ;
#8849 = ORIENTED_EDGE ( 'NONE', *, *, #8485, .T. ) ;
#8850 = CARTESIAN_POINT ( 'NONE',  ( -2.325000000000000622, -4.649999999999998579, 3.800000000000001155 ) ) ;
#8851 = CARTESIAN_POINT ( 'NONE',  ( -4.250000000000000000, 0.0000000000000000000, -0.5081345747705631188 ) ) ;
#8852 = COLOUR_RGB ( '',0.2509803921568627416, 0.2509803921568627416, 0.2509803921568627416 ) ;
#8853 = VERTEX_POINT ( 'NONE', #7548 ) ;
#8854 = PLANE ( 'NONE',  #8024 ) ;
#8855 = VECTOR ( 'NONE', #4000, 1000.000000000000000 ) ;
#8856 = STYLED_ITEM ( 'NONE', ( #7508 ), #6598 ) ;
#8857 = ORIENTED_EDGE ( 'NONE', *, *, #5476, .T. ) ;
#8858 = ORIENTED_EDGE ( 'NONE', *, *, #1235, .T. ) ;
#8859 = MECHANICAL_DESIGN_GEOMETRIC_PRESENTATION_REPRESENTATION (  '', ( #7341 ), #9354 ) ;
#8860 = VECTOR ( 'NONE', #8028, 1000.000000000000000 ) ;
#8861 = FILL_AREA_STYLE ('',( #8790 ) ) ;
#8863 = CARTESIAN_POINT ( 'NONE',  ( 0.0000000000000000000, -1.750000000000000000, 0.7999999999999992673 ) ) ;
#8862 = STYLED_ITEM ( 'NONE', ( #2346 ), #8680 ) ;
#8864 = ORIENTED_EDGE ( 'NONE', *, *, #6673, .T. ) ;
#8865 = EDGE_CURVE ( 'NONE', #7210, #8293, #2733, .T. ) ;
#8866 = CARTESIAN_POINT ( 'NONE',  ( -4.149999999999998579, -1.149999999999999911, -1.500000000000000444 ) ) ;
#8867 =( GEOMETRIC_REPRESENTATION_CONTEXT ( 3 ) GLOBAL_UNCERTAINTY_ASSIGNED_CONTEXT ( ( #2947 ) ) GLOBAL_UNIT_ASSIGNED_CONTEXT ( ( #8211, #3685, #8965 ) ) REPRESENTATION_CONTEXT ( 'NONE', 'WORKASPACE' ) );
#8868 = AXIS2_PLACEMENT_3D ( 'NONE', #3583, #4492, #3346 ) ;
#8869 = ADVANCED_FACE ( 'NONE', ( #2478 ), #5295, .T. ) ;
#8870 = FILL_AREA_STYLE ('',( #2972 ) ) ;
#8871 =( LENGTH_UNIT ( ) NAMED_UNIT ( * ) SI_UNIT ( .MILLI., .METRE. ) );
#8872 = CARTESIAN_POINT ( 'NONE',  ( 4.150000000000000355, -0.3500000000000004774, -0.6502286246418800264 ) ) ;
#8873 = COLOUR_RGB ( '',0.2509803921568627416, 0.2509803921568627416, 0.2509803921568627416 ) ;
#8874 = EDGE_CURVE ( 'NONE', #9021, #3374, #1776, .T. ) ;
#8875 = DIRECTION ( 'NONE',  ( 0.0000000000000000000, -1.962248464596451268E-15, 1.000000000000000000 ) ) ;
#8876 = CARTESIAN_POINT ( 'NONE',  ( 0.2999999999999999334, -0.8499999999999992006, -0.8291796067500623035 ) ) ;
#8877 = EDGE_LOOP ( 'NONE', ( #5535, #541, #8864, #4668, #3563, #6781, #7063, #4927 ) ) ;
#8878 = FACE_OUTER_BOUND ( 'NONE', #9680, .T. ) ;
#8879 = DIRECTION ( 'NONE',  ( -0.0000000000000000000, 1.000000000000000000, -0.0000000000000000000 ) ) ;
#8880 = DIRECTION ( 'NONE',  ( -1.445602896647335958E-15, -1.000000000000000000, 0.0000000000000000000 ) ) ;
#8881 = DIRECTION ( 'NONE',  ( 0.0000000000000000000, 0.0000000000000000000, -1.000000000000000000 ) ) ;
#8882 = EDGE_CURVE ( 'NONE', #1607, #3542, #3794, .T. ) ;
#8883 = DIRECTION ( 'NONE',  ( -0.0000000000000000000, 1.000000000000000000, -0.0000000000000000000 ) ) ;
#8884 = DIRECTION ( 'NONE',  ( 0.0000000000000000000, -3.469446951953614189E-16, 1.000000000000000000 ) ) ;
#8885 = EDGE_LOOP ( 'NONE', ( #8344, #4500, #4695, #543 ) ) ;
#8886 = COLOUR_RGB ( '',0.2509803921568627416, 0.2509803921568627416, 0.2509803921568627416 ) ;
#8887 = EDGE_CURVE ( 'NONE', #2109, #4842, #9601, .T. ) ;
#8888 = SURFACE_STYLE_FILL_AREA ( #9296 ) ;
#8889 = LINE ( 'NONE', #5299, #4868 ) ;
#8890 = ORIENTED_EDGE ( 'NONE', *, *, #6365, .F. ) ;
#8891 =( NAMED_UNIT ( * ) SI_UNIT ( $, .STERADIAN. ) SOLID_ANGLE_UNIT ( ) );
#8892 = AXIS2_PLACEMENT_3D ( 'NONE', #5801, #3432, #4692 ) ;
#8893 = VERTEX_POINT ( 'NONE', #8367 ) ;
#8894 = PRESENTATION_STYLE_ASSIGNMENT (( #6091 ) ) ;
#8895 = EDGE_CURVE ( 'NONE', #4213, #8904, #9347, .T. ) ;
#8896 = LINE ( 'NONE', #5012, #4880 ) ;
#8897 = ORIENTED_EDGE ( 'NONE', *, *, #634, .F. ) ;
#8898 = LINE ( 'NONE', #1368, #2617 ) ;
#8899 = DIRECTION ( 'NONE',  ( 1.000000000000000000, -0.0000000000000000000, -0.0000000000000000000 ) ) ;
#8900 = FILL_AREA_STYLE_COLOUR ( '', #9200 ) ;
#8901 = PLANE ( 'NONE',  #3679 ) ;
#8902 = FILL_AREA_STYLE_COLOUR ( '', #3471 ) ;
#8904 = VERTEX_POINT ( 'NONE', #135 ) ;
#8903 = CARTESIAN_POINT ( 'NONE',  ( 3.199999999999997957, 1.649999999999999911, -1.699999999999998401 ) ) ;
#8905 = LINE ( 'NONE', #8301, #880 ) ;
#8906 = SURFACE_SIDE_STYLE ('',( #4117 ) ) ;
#8907 = ORIENTED_EDGE ( 'NONE', *, *, #6200, .T. ) ;
#8908 = CARTESIAN_POINT ( 'NONE',  ( 2.324999999999999734, -4.749999999999999112, 3.800000000000001155 ) ) ;
#8909 = VECTOR ( 'NONE', #6765, 1000.000000000000000 ) ;
#8910 = PRESENTATION_LAYER_ASSIGNMENT (  '', '', ( #8397 ) ) ;
#8911 = LINE ( 'NONE', #3215, #3223 ) ;
#8912 = VERTEX_POINT ( 'NONE', #831 ) ;
#8913 = PRESENTATION_LAYER_ASSIGNMENT (  '', '', ( #7910 ) ) ;
#8914 = LINE ( 'NONE', #9581, #8692 ) ;
#8915 = LINE ( 'NONE', #8785, #3110 ) ;
#8916 = ADVANCED_FACE ( 'NONE', ( #5567 ), #858, .F. ) ;
#8917 = UNCERTAINTY_MEASURE_WITH_UNIT (LENGTH_MEASURE( 1.000000000000000082E-05 ), #6002, 'distance_accuracy_value', 'NONE');
#8918 = VECTOR ( 'NONE', #3150, 1000.000000000000000 ) ;
#8919 = EDGE_CURVE ( 'NONE', #8586, #4371, #4623, .T. ) ;
#8920 = AXIS2_PLACEMENT_3D ( 'NONE', #1554, #6844, #2297 ) ;
#8921 = VERTEX_POINT ( 'NONE', #1614 ) ;
#8922 = CARTESIAN_POINT ( 'NONE',  ( 2.200000000000000178, -4.000000000000000000, -1.499999999999999334 ) ) ;
#8923 = PLANE ( 'NONE',  #5680 ) ;
#8924 = ORIENTED_EDGE ( 'NONE', *, *, #623, .F. ) ;
#8925 = VERTEX_POINT ( 'NONE', #6905 ) ;
#8926 = AXIS2_PLACEMENT_3D ( 'NONE', #9631, #8899, #360 ) ;
#8927 = ORIENTED_EDGE ( 'NONE', *, *, #4572, .F. ) ;
#8928 = LINE ( 'NONE', #7922, #8707 ) ;
#8929 = STYLED_ITEM ( 'NONE', ( #5917 ), #9526 ) ;
#8930 = DIRECTION ( 'NONE',  ( 0.0000000000000000000, 1.000000000000000000, -0.0000000000000000000 ) ) ;
#8931 = DIRECTION ( 'NONE',  ( -0.0000000000000000000, -1.000000000000000000, -0.0000000000000000000 ) ) ;
#8932 = CARTESIAN_POINT ( 'NONE',  ( -0.1749999999999993783, -4.649999999999999467, -1.800000000000000266 ) ) ;
#8933 = ORIENTED_EDGE ( 'NONE', *, *, #5625, .T. ) ;
#8934 = ORIENTED_EDGE ( 'NONE', *, *, #5047, .T. ) ;
#8935 = VERTEX_POINT ( 'NONE', #3460 ) ;
#8936 = CARTESIAN_POINT ( 'NONE',  ( -4.150000000000000355, -0.3500000000000005884, 1.500000000000000000 ) ) ;
#8937 = CARTESIAN_POINT ( 'NONE',  ( 2.324999999999999734, -4.749999999999999112, 3.800000000000001155 ) ) ;
#8938 = CARTESIAN_POINT ( 'NONE',  ( 2.800000000000000266, -1.149999999999999911, -1.800000000000000711 ) ) ;
#8939 = DIRECTION ( 'NONE',  ( 0.0000000000000000000, -0.0000000000000000000, 1.000000000000000000 ) ) ;
#8940 = DIRECTION ( 'NONE',  ( 0.0000000000000000000, 1.000000000000000000, -4.818676322157808222E-16 ) ) ;
#8941 = ORIENTED_EDGE ( 'NONE', *, *, #6624, .F. ) ;
#8942 = ORIENTED_EDGE ( 'NONE', *, *, #7801, .T. ) ;
#8943 = PRESENTATION_STYLE_ASSIGNMENT (( #2510 ) ) ;
#8944 =( NAMED_UNIT ( * ) PLANE_ANGLE_UNIT ( ) SI_UNIT ( $, .RADIAN. ) );
#8945 = EDGE_CURVE ( 'NONE', #8974, #8328, #2596, .T. ) ;
#8946 = CARTESIAN_POINT ( 'NONE',  ( -3.399999999999998135, -1.549999999999999378, 0.7999999999999992673 ) ) ;
#8947 = VECTOR ( 'NONE', #3634, 1000.000000000000227 ) ;
#8948 = ORIENTED_EDGE ( 'NONE', *, *, #268, .F. ) ;
#8949 = ORIENTED_EDGE ( 'NONE', *, *, #9370, .T. ) ;
#8950 = DIRECTION ( 'NONE',  ( -0.0000000000000000000, 1.000000000000000000, 1.066845503452556708E-16 ) ) ;
#8951 = EDGE_LOOP ( 'NONE', ( #1852, #5195, #5399, #4530, #5490, #8110, #9282, #3178, #1830, #2742, #3408, #1049, #8833, #1470, #7631, #1252 ) ) ;
#8952 = ORIENTED_EDGE ( 'NONE', *, *, #3369, .F. ) ;
#8953 = PRESENTATION_LAYER_ASSIGNMENT (  '', '', ( #8440 ) ) ;
#8954 = MECHANICAL_DESIGN_GEOMETRIC_PRESENTATION_REPRESENTATION (  '', ( #7437 ), #9458 ) ;
#8955 = DIRECTION ( 'NONE',  ( 1.000000000000000000, 0.0000000000000000000, -6.195440985631453345E-16 ) ) ;
#8956 = ORIENTED_EDGE ( 'NONE', *, *, #5579, .T. ) ;
#8957 = ORIENTED_EDGE ( 'NONE', *, *, #8704, .T. ) ;
#8958 = LINE ( 'NONE', #762, #8738 ) ;
#8959 = ADVANCED_FACE ( 'NONE', ( #8401 ), #2348, .T. ) ;
#8960 = CARTESIAN_POINT ( 'NONE',  ( -3.749999999999994671, 6.925848040166833641, 9.293161478447172524E-15 ) ) ;
#8961 = DIRECTION ( 'NONE',  ( -1.445602896647335761E-15, -1.000000000000000000, 0.0000000000000000000 ) ) ;
#8962 = LINE ( 'NONE', #5635, #5796 ) ;
#8963 = ORIENTED_EDGE ( 'NONE', *, *, #8998, .T. ) ;
#8964 = DIRECTION ( 'NONE',  ( 0.0000000000000000000, -1.000000000000000000, 1.204669080539449344E-16 ) ) ;
#8965 =( NAMED_UNIT ( * ) SI_UNIT ( $, .STERADIAN. ) SOLID_ANGLE_UNIT ( ) );
#8966 = VERTEX_POINT ( 'NONE', #7267 ) ;
#8967 = FILL_AREA_STYLE ('',( #7450 ) ) ;
#8968 = PRESENTATION_STYLE_ASSIGNMENT (( #8318 ) ) ;
#8969 = STYLED_ITEM ( 'NONE', ( #6676 ), #3804 ) ;
#8970 = UNCERTAINTY_MEASURE_WITH_UNIT (LENGTH_MEASURE( 1.000000000000000082E-05 ), #2699, 'distance_accuracy_value', 'NONE');
#8971 = LINE ( 'NONE', #4378, #955 ) ;
#8972 = SURFACE_STYLE_USAGE ( .BOTH. , #1329 ) ;
#8973 = VERTEX_POINT ( 'NONE', #2732 ) ;
#8974 = VERTEX_POINT ( 'NONE', #8034 ) ;
#8975 = ORIENTED_EDGE ( 'NONE', *, *, #7945, .F. ) ;
#8976 = EDGE_CURVE ( 'NONE', #9548, #7620, #6393, .T. ) ;
#8977 = CARTESIAN_POINT ( 'NONE',  ( 3.199999999999997957, 1.750000000000000000, -1.699999999999998401 ) ) ;
#8978 = AXIS2_PLACEMENT_3D ( 'NONE', #301, #5540, #1029 ) ;
#8979 = CARTESIAN_POINT ( 'NONE',  ( 4.399999999999998579, 1.664434642797410602, 0.9500000000000020650 ) ) ;
#8980 = SURFACE_STYLE_FILL_AREA ( #6690 ) ;
#8981 = ORIENTED_EDGE ( 'NONE', *, *, #454, .T. ) ;
#8982 = DIRECTION ( 'NONE',  ( 1.000000000000000000, 0.0000000000000000000, -1.807003620809173892E-16 ) ) ;
#8983 = AXIS2_PLACEMENT_3D ( 'NONE', #6739, #2186, #7493 ) ;
#8984 = PRESENTATION_STYLE_ASSIGNMENT (( #7384 ) ) ;
#8985 = VECTOR ( 'NONE', #4555, 1000.000000000000114 ) ;
#8986 = EDGE_CURVE ( 'NONE', #474, #7221, #648, .T. ) ;
#8987 = FACE_OUTER_BOUND ( 'NONE', #8529, .T. ) ;
#8988 =( LENGTH_UNIT ( ) NAMED_UNIT ( * ) SI_UNIT ( .MILLI., .METRE. ) );
#8989 = UNCERTAINTY_MEASURE_WITH_UNIT (LENGTH_MEASURE( 1.000000000000000082E-05 ), #2611, 'distance_accuracy_value', 'NONE');
#8990 = COLOUR_RGB ( '',0.2509803921568627416, 0.2509803921568627416, 0.2509803921568627416 ) ;
#8991 = EDGE_CURVE ( 'NONE', #1415, #1618, #8172, .T. ) ;
#8992 = FILL_AREA_STYLE_COLOUR ( '', #2786 ) ;
#8993 = CARTESIAN_POINT ( 'NONE',  ( -0.3000000000000003775, -1.149999999999999911, 1.800000000000000266 ) ) ;
#8994 = CARTESIAN_POINT ( 'NONE',  ( 0.1749999999999998224, -4.749999999999999112, 1.800000000000000488 ) ) ;
#8995 = VECTOR ( 'NONE', #3102, 1000.000000000000000 ) ;
#8996 =( NAMED_UNIT ( * ) SI_UNIT ( $, .STERADIAN. ) SOLID_ANGLE_UNIT ( ) );
#8997 = VECTOR ( 'NONE', #9157, 1000.000000000000000 ) ;
#8998 = EDGE_CURVE ( 'NONE', #5527, #7982, #6129, .T. ) ;
#8999 = VECTOR ( 'NONE', #8487, 1000.000000000000000 ) ;
#9000 = ADVANCED_FACE ( 'NONE', ( #5929 ), #7309, .F. ) ;
#9001 = AXIS2_PLACEMENT_3D ( 'NONE', #475, #7400, #2839 ) ;
#9002 = EDGE_CURVE ( 'NONE', #239, #4937, #3904, .T. ) ;
#9003 = COLOUR_RGB ( '',0.2509803921568627416, 0.2509803921568627416, 0.2509803921568627416 ) ;
#9004 = CYLINDRICAL_SURFACE ( 'NONE', #9696, 0.3000000000000007661 ) ;
#9005 = ORIENTED_EDGE ( 'NONE', *, *, #1844, .F. ) ;
#9006 = CARTESIAN_POINT ( 'NONE',  ( -4.150000000000000355, -0.3500000000000005884, 1.500000000000000000 ) ) ;
#9007 = VECTOR ( 'NONE', #7829, 1000.000000000000000 ) ;
#9008 = CARTESIAN_POINT ( 'NONE',  ( -5.221110255092797026, -1.149999999999999911, 1.500000000000000000 ) ) ;
#9009 = AXIS2_PLACEMENT_3D ( 'NONE', #6773, #1933, #2737 ) ;
#9010 = LINE ( 'NONE', #2415, #5946 ) ;
#9011 = FACE_OUTER_BOUND ( 'NONE', #5975, .T. ) ;
#9012 = VERTEX_POINT ( 'NONE', #696 ) ;
#9013 = DIRECTION ( 'NONE',  ( -0.1888473936501247619, 0.9820064469806472074, 0.0000000000000000000 ) ) ;
#9014 = CARTESIAN_POINT ( 'NONE',  ( 2.200000000000000178, -0.8499999999999992006, 1.499999999999999334 ) ) ;
#9015 = DIRECTION ( 'NONE',  ( 0.0000000000000000000, -0.0000000000000000000, 1.000000000000000000 ) ) ;
#9016 = VECTOR ( 'NONE', #2812, 1000.000000000000000 ) ;
#9017 = VERTEX_POINT ( 'NONE', #6708 ) ;
#9018 = VECTOR ( 'NONE', #1697, 1000.000000000000000 ) ;
#9019 = PLANE ( 'NONE',  #5896 ) ;
#9020 = LINE ( 'NONE', #3235, #7016 ) ;
#9021 = VERTEX_POINT ( 'NONE', #2156 ) ;
#9022 = SURFACE_SIDE_STYLE ('',( #2933 ) ) ;
#9023 = MECHANICAL_DESIGN_GEOMETRIC_PRESENTATION_REPRESENTATION (  '', ( #5999 ), #9556 ) ;
#9024 = EDGE_LOOP ( 'NONE', ( #2667, #1399, #1708, #3586 ) ) ;
#9025 = VERTEX_POINT ( 'NONE', #3665 ) ;
#9026 = FILL_AREA_STYLE ('',( #5239 ) ) ;
#9027 = PLANE ( 'NONE',  #9001 ) ;
#9028 = ORIENTED_EDGE ( 'NONE', *, *, #2410, .T. ) ;
#9029 = VERTEX_POINT ( 'NONE', #9717 ) ;
#9030 = ORIENTED_EDGE ( 'NONE', *, *, #5856, .F. ) ;
#9031 = VERTEX_POINT ( 'NONE', #5193 ) ;
#9032 = EDGE_LOOP ( 'NONE', ( #7024, #1800, #5095, #5213, #7275, #4947, #9126, #3262, #49, #8858, #3122, #8238 ) ) ;
#9033 = CARTESIAN_POINT ( 'NONE',  ( 4.250000000000000000, 0.6500000000000000222, -3.617278184538625041 ) ) ;
#9034 = EDGE_CURVE ( 'NONE', #9478, #2996, #7689, .T. ) ;
#9035 = AXIS2_PLACEMENT_3D ( 'NONE', #3490, #4264, #9543 ) ;
#9036 = DIRECTION ( 'NONE',  ( -0.0000000000000000000, 1.000000000000000000, -1.112002228190260705E-16 ) ) ;
#9037 = MECHANICAL_DESIGN_GEOMETRIC_PRESENTATION_REPRESENTATION (  '', ( #7537 ), #9569 ) ;
#9038 = DIRECTION ( 'NONE',  ( 1.000000000000000000, -0.0000000000000000000, -0.0000000000000000000 ) ) ;
#9039 = ORIENTED_EDGE ( 'NONE', *, *, #8194, .F. ) ;
#9040 = PLANE ( 'NONE',  #67 ) ;
#9041 = VECTOR ( 'NONE', #9387, 1000.000000000000000 ) ;
#9042 = CARTESIAN_POINT ( 'NONE',  ( 3.499999999999997780, -1.700000000000000178, -0.2250000000000001166 ) ) ;
#9043 = LINE ( 'NONE', #4735, #1037 ) ;
#9044 = EDGE_LOOP ( 'NONE', ( #5800, #1115, #3284, #3747 ) ) ;
#9045 = VERTEX_POINT ( 'NONE', #8977 ) ;
#9046 = EDGE_CURVE ( 'NONE', #7717, #8198, #8646, .T. ) ;
#9047 = ORIENTED_EDGE ( 'NONE', *, *, #6673, .F. ) ;
#9048 = ADVANCED_FACE ( 'NONE', ( #7940 ), #8222, .T. ) ;
#9049 = DIRECTION ( 'NONE',  ( -0.0000000000000000000, 1.000000000000000000, -0.0000000000000000000 ) ) ;
#9050 = ORIENTED_EDGE ( 'NONE', *, *, #1601, .T. ) ;
#9051 = DIRECTION ( 'NONE',  ( 1.807003620809169455E-16, 0.0000000000000000000, -1.000000000000000000 ) ) ;
#9052 = ORIENTED_EDGE ( 'NONE', *, *, #1401, .T. ) ;
#9053 = UNCERTAINTY_MEASURE_WITH_UNIT (LENGTH_MEASURE( 1.000000000000000082E-05 ), #3104, 'distance_accuracy_value', 'NONE');
#9054 = FACE_OUTER_BOUND ( 'NONE', #8059, .T. ) ;
#9055 = DIRECTION ( 'NONE',  ( -0.0000000000000000000, -5.656706986880892613E-16, 1.000000000000000000 ) ) ;
#9056 = CARTESIAN_POINT ( 'NONE',  ( 4.400000000000001243, 0.7500000000000007772, 0.9500000000000030642 ) ) ;
#9057 = EDGE_CURVE ( 'NONE', #7890, #3365, #1891, .T. ) ;
#9058 = EDGE_CURVE ( 'NONE', #2180, #7190, #3675, .T. ) ;
#9059 = LINE ( 'NONE', #1158, #6961 ) ;
#9060 = EDGE_CURVE ( 'NONE', #5493, #662, #5698, .T. ) ;
#9061 = ORIENTED_EDGE ( 'NONE', *, *, #6063, .T. ) ;
#9062 = FILL_AREA_STYLE_COLOUR ( '', #8350 ) ;
#9063 = ORIENTED_EDGE ( 'NONE', *, *, #5459, .F. ) ;
#9064 = VECTOR ( 'NONE', #4890, 1000.000000000000000 ) ;
#9065 = VERTEX_POINT ( 'NONE', #3766 ) ;
#9066 = FILL_AREA_STYLE ('',( #2277 ) ) ;
#9067 = SURFACE_STYLE_FILL_AREA ( #9708 ) ;
#9068 = VERTEX_POINT ( 'NONE', #8281 ) ;
#9069 = PRESENTATION_LAYER_ASSIGNMENT (  '', '', ( #8078 ) ) ;
#9070 = CARTESIAN_POINT ( 'NONE',  ( 4.150000000000000355, -0.3500000000000005884, 1.500000000000000000 ) ) ;
#9071 = ORIENTED_EDGE ( 'NONE', *, *, #7091, .T. ) ;
#9072 = VECTOR ( 'NONE', #2991, 1000.000000000000000 ) ;
#9073 = FILL_AREA_STYLE_COLOUR ( '', #5593 ) ;
#9074 = LINE ( 'NONE', #5446, #7068 ) ;
#9075 = CARTESIAN_POINT ( 'NONE',  ( 4.399999999999998579, 1.649999999999999911, 0.0000000000000000000 ) ) ;
#9076 = ORIENTED_EDGE ( 'NONE', *, *, #2266, .F. ) ;
#9077 = VERTEX_POINT ( 'NONE', #23 ) ;
#9078 = VERTEX_POINT ( 'NONE', #7525 ) ;
#9079 =( NAMED_UNIT ( * ) PLANE_ANGLE_UNIT ( ) SI_UNIT ( $, .RADIAN. ) );
#9080 = CARTESIAN_POINT ( 'NONE',  ( 4.250000000000000000, 0.0000000000000000000, 0.5081345747705630078 ) ) ;
#9081 = UNCERTAINTY_MEASURE_WITH_UNIT (LENGTH_MEASURE( 1.000000000000000082E-05 ), #8129, 'distance_accuracy_value', 'NONE');
#9082 = CARTESIAN_POINT ( 'NONE',  ( -1.235990476633410999E-14, 1.649999999999999911, -0.9499999999999447775 ) ) ;
#9083 = VECTOR ( 'NONE', #6533, 1000.000000000000000 ) ;
#9084 = CARTESIAN_POINT ( 'NONE',  ( 3.749999999999997780, -1.750000000000000000, 0.8000000000000001554 ) ) ;
#9085 = SURFACE_SIDE_STYLE ('',( #6865 ) ) ;
#9086 = ORIENTED_EDGE ( 'NONE', *, *, #8141, .F. ) ;
#9087 = AXIS2_PLACEMENT_3D ( 'NONE', #1735, #3224, #8764 ) ;
#9088 = DIRECTION ( 'NONE',  ( -1.239088197126291655E-15, 0.0000000000000000000, -1.000000000000000000 ) ) ;
#9089 = LINE ( 'NONE', #3886, #1083 ) ;
#9090 = DIRECTION ( 'NONE',  ( 0.0000000000000000000, -0.0000000000000000000, 1.000000000000000000 ) ) ;
#9091 = DIRECTION ( 'NONE',  ( -0.0000000000000000000, -1.000000000000000000, -0.0000000000000000000 ) ) ;
#9092 = FILL_AREA_STYLE ('',( #7865 ) ) ;
#9093 = ORIENTED_EDGE ( 'NONE', *, *, #9255, .F. ) ;
#9094 = LINE ( 'NONE', #4915, #7095 ) ;
#9095 = EDGE_CURVE ( 'NONE', #6185, #5656, #1651, .T. ) ;
#9096 = SURFACE_STYLE_USAGE ( .BOTH. , #3821 ) ;
#9097 = ADVANCED_FACE ( 'NONE', ( #7229 ), #5276, .T. ) ;
#9098 =( GEOMETRIC_REPRESENTATION_CONTEXT ( 3 ) GLOBAL_UNCERTAINTY_ASSIGNED_CONTEXT ( ( #8720 ) ) GLOBAL_UNIT_ASSIGNED_CONTEXT ( ( #628, #5880, #1349 ) ) REPRESENTATION_CONTEXT ( 'NONE', 'WORKASPACE' ) );
#9099 = AXIS2_PLACEMENT_3D ( 'NONE', #3554, #4080, #9013 ) ;
#9100 = ORIENTED_EDGE ( 'NONE', *, *, #548, .F. ) ;
#9101 = LINE ( 'NONE', #3036, #3324 ) ;
#9102 = CARTESIAN_POINT ( 'NONE',  ( 4.268858279709376369, 0.6575433118837495927, -0.9500000000000025091 ) ) ;
#9103 = CARTESIAN_POINT ( 'NONE',  ( -1.749999999999999778, 1.649999999999999911, 1.699999999999999956 ) ) ;
#9105 = CARTESIAN_POINT ( 'NONE',  ( 4.499999999999999112, -1.699999999999999956, 0.2249999999999994504 ) ) ;
#9104 = MECHANICAL_DESIGN_GEOMETRIC_PRESENTATION_REPRESENTATION (  '', ( #8114 ), #9629 ) ;
#9106 = VECTOR ( 'NONE', #5500, 1000.000000000000000 ) ;
#9107 = LINE ( 'NONE', #6021, #9352 ) ;
#9108 = STYLED_ITEM ( 'NONE', ( #1267 ), #2452 ) ;
#9109 = ORIENTED_EDGE ( 'NONE', *, *, #6963, .F. ) ;
#9110 = PRESENTATION_STYLE_ASSIGNMENT (( #817 ) ) ;
#9111 =( LENGTH_UNIT ( ) NAMED_UNIT ( * ) SI_UNIT ( .MILLI., .METRE. ) );
#9112 = DIRECTION ( 'NONE',  ( 0.0000000000000000000, 0.0000000000000000000, 1.000000000000000000 ) ) ;
#9113 = EDGE_CURVE ( 'NONE', #9078, #525, #1426, .T. ) ;
#9114 = CARTESIAN_POINT ( 'NONE',  ( -0.3000000000000003775, -1.149999999999999911, 1.500000000000000000 ) ) ;
#9116 = VERTEX_POINT ( 'NONE', #8310 ) ;
#9115 = DIRECTION ( 'NONE',  ( 0.0000000000000000000, -1.000000000000000000, 1.112002228190260952E-16 ) ) ;
#9117 = LINE ( 'NONE', #9130, #3337 ) ;
#9118 = LINE ( 'NONE', #2870, #4402 ) ;
#9119 = DIRECTION ( 'NONE',  ( 1.224646799147352961E-16, -1.112002228190260705E-16, -1.000000000000000000 ) ) ;
#9120 = DIRECTION ( 'NONE',  ( 0.0000000000000000000, 0.9265528178475217480, 0.3761646923075279147 ) ) ;
#9121 = EDGE_CURVE ( 'NONE', #7995, #5054, #1213, .T. ) ;
#9122 = DIRECTION ( 'NONE',  ( 1.000000000000000000, 0.0000000000000000000, -2.409338161078899735E-17 ) ) ;
#9123 = DIRECTION ( 'NONE',  ( 1.000000000000000000, 0.0000000000000000000, -1.301042606982613525E-14 ) ) ;
#9124 = FACE_OUTER_BOUND ( 'NONE', #6622, .T. ) ;
#9125 = AXIS2_PLACEMENT_3D ( 'NONE', #5507, #3121, #4922 ) ;
#9126 = ORIENTED_EDGE ( 'NONE', *, *, #2858, .T. ) ;
#9127 = EDGE_CURVE ( 'NONE', #4095, #2876, #5219, .T. ) ;
#9128 = ORIENTED_EDGE ( 'NONE', *, *, #5561, .T. ) ;
#9129 = LINE ( 'NONE', #5416, #1122 ) ;
#9130 = CARTESIAN_POINT ( 'NONE',  ( -3.199999999999997957, 1.649999999999999911, -1.800000000000000933 ) ) ;
#9131 =( LENGTH_UNIT ( ) NAMED_UNIT ( * ) SI_UNIT ( .MILLI., .METRE. ) );
#9132 = CARTESIAN_POINT ( 'NONE',  ( -3.399999999999997247, -1.750000000000000000, -0.8000000000000010436 ) ) ;
#9133 = FACE_OUTER_BOUND ( 'NONE', #4553, .T. ) ;
#9134 =( NAMED_UNIT ( * ) SI_UNIT ( $, .STERADIAN. ) SOLID_ANGLE_UNIT ( ) );
#9135 =( NAMED_UNIT ( * ) SI_UNIT ( $, .STERADIAN. ) SOLID_ANGLE_UNIT ( ) );
#9136 = ORIENTED_EDGE ( 'NONE', *, *, #6860, .F. ) ;
#9137 = LINE ( 'NONE', #1079, #8210 ) ;
#9138 = VERTEX_POINT ( 'NONE', #3053 ) ;
#9139 = CARTESIAN_POINT ( 'NONE',  ( 2.674999999999999822, -4.750000000000000000, -1.499999999999999556 ) ) ;
#9140 = ADVANCED_FACE ( 'NONE', ( #6975 ), #7582, .F. ) ;
#9141 =( NAMED_UNIT ( * ) PLANE_ANGLE_UNIT ( ) SI_UNIT ( $, .RADIAN. ) );
#9142 = EDGE_LOOP ( 'NONE', ( #9534, #6192, #9443, #4468 ) ) ;
#9143 = DIRECTION ( 'NONE',  ( 0.0000000000000000000, 0.0000000000000000000, 1.000000000000000000 ) ) ;
#9144 = MECHANICAL_DESIGN_GEOMETRIC_PRESENTATION_REPRESENTATION (  '', ( #7637 ), #9676 ) ;
#9145 = ORIENTED_EDGE ( 'NONE', *, *, #2214, .F. ) ;
#9146 = ORIENTED_EDGE ( 'NONE', *, *, #8747, .F. ) ;
#9147 = CARTESIAN_POINT ( 'NONE',  ( 0.0000000000000000000, -1.549999999999999378, 0.8000000000000001554 ) ) ;
#9148 = CARTESIAN_POINT ( 'NONE',  ( 4.149999999999998579, -1.549999999999998934, -1.800000000000001155 ) ) ;
#9149 = EDGE_LOOP ( 'NONE', ( #3031, #457, #350, #4606 ) ) ;
#9150 = EDGE_CURVE ( 'NONE', #2159, #6079, #3436, .T. ) ;
#9151 = PLANE ( 'NONE',  #1099 ) ;
#9152 = AXIS2_PLACEMENT_3D ( 'NONE', #8481, #1966, #3157 ) ;
#9153 = ORIENTED_EDGE ( 'NONE', *, *, #315, .T. ) ;
#9154 = DIRECTION ( 'NONE',  ( 1.000000000000000000, 0.0000000000000000000, 0.0000000000000000000 ) ) ;
#9155 =( NAMED_UNIT ( * ) SI_UNIT ( $, .STERADIAN. ) SOLID_ANGLE_UNIT ( ) );
#9156 = EDGE_LOOP ( 'NONE', ( #2174, #8467, #4333, #1699 ) ) ;
#9157 = DIRECTION ( 'NONE',  ( 1.445602896647335761E-15, 1.000000000000000000, 0.0000000000000000000 ) ) ;
#9158 = AXIS2_PLACEMENT_3D ( 'NONE', #1360, #2951, #8131 ) ;
#9159 = ORIENTED_EDGE ( 'NONE', *, *, #2185, .T. ) ;
#9160 = EDGE_LOOP ( 'NONE', ( #1409, #3128, #4589, #5882 ) ) ;
#9161 = EDGE_LOOP ( 'NONE', ( #4479, #1476, #5110, #2681, #5048, #2212 ) ) ;
#9162 = FACE_OUTER_BOUND ( 'NONE', #4133, .T. ) ;
#9163 =( NAMED_UNIT ( * ) SI_UNIT ( $, .STERADIAN. ) SOLID_ANGLE_UNIT ( ) );
#9164 = AXIS2_PLACEMENT_3D ( 'NONE', #8208, #3682, #8961 ) ;
#9165 = ORIENTED_EDGE ( 'NONE', *, *, #7194, .F. ) ;
#9166 = CARTESIAN_POINT ( 'NONE',  ( 3.749999999999996891, -1.750000000000000000, -4.646580739223586262E-15 ) ) ;
#9167 = VECTOR ( 'NONE', #174, 1000.000000000000000 ) ;
#9168 = FACE_OUTER_BOUND ( 'NONE', #402, .T. ) ;
#9169 = DIRECTION ( 'NONE',  ( 0.0000000000000000000, 0.0000000000000000000, -1.000000000000000000 ) ) ;
#9170 = EDGE_LOOP ( 'NONE', ( #9214, #9499, #6768, #821 ) ) ;
#9171 = EDGE_CURVE ( 'NONE', #137, #5901, #4280, .T. ) ;
#9172 = STYLED_ITEM ( 'NONE', ( #6766 ), #8134 ) ;
#9173 = ORIENTED_EDGE ( 'NONE', *, *, #7242, .F. ) ;
#9174 = MECHANICAL_DESIGN_GEOMETRIC_PRESENTATION_REPRESENTATION (  '', ( #8175 ), #9697 ) ;
#9175 = CARTESIAN_POINT ( 'NONE',  ( 0.0000000000000000000, -1.750000000000000000, 0.0000000000000000000 ) ) ;
#9176 = PRODUCT ( 'JS202011AQN', 'JS202011AQN', '', ( #3301 ) ) ;
#9177 = DIRECTION ( 'NONE',  ( 2.409338161078898194E-16, -9.637352644315708642E-17, 1.000000000000000000 ) ) ;
#9178 = DIRECTION ( 'NONE',  ( 0.0000000000000000000, 0.0000000000000000000, 1.000000000000000000 ) ) ;
#9179 = CARTESIAN_POINT ( 'NONE',  ( 4.250000000000000000, 0.6499999999999989120, 1.500000000000000000 ) ) ;
#9180 = ORIENTED_EDGE ( 'NONE', *, *, #575, .T. ) ;
#9181 = EDGE_LOOP ( 'NONE', ( #3232, #5632, #345, #1803, #7054, #1387, #1847, #8257 ) ) ;
#9182 = ORIENTED_EDGE ( 'NONE', *, *, #3932, .F. ) ;
#9183 = EDGE_CURVE ( 'NONE', #5771, #2925, #2229, .T. ) ;
#9184 = DIRECTION ( 'NONE',  ( 0.0000000000000000000, -1.000000000000000000, -0.0000000000000000000 ) ) ;
#9185 = VERTEX_POINT ( 'NONE', #5372 ) ;
#9186 = DIRECTION ( 'NONE',  ( -0.9820064469806473184, 0.1888473936501247896, -1.430109668107681881E-16 ) ) ;
#9187 = LINE ( 'NONE', #6733, #8607 ) ;
#9188 = VERTEX_POINT ( 'NONE', #6115 ) ;
#9189 = CARTESIAN_POINT ( 'NONE',  ( 4.150000000000000355, -0.3500000000000006439, 1.500000000000000000 ) ) ;
#9190 = ORIENTED_EDGE ( 'NONE', *, *, #8050, .F. ) ;
#9191 =( NAMED_UNIT ( * ) SI_UNIT ( $, .STERADIAN. ) SOLID_ANGLE_UNIT ( ) );
#9192 = EDGE_CURVE ( 'NONE', #8382, #6918, #2003, .T. ) ;
#9193 = VECTOR ( 'NONE', #8320, 1000.000000000000000 ) ;
#9194 = FILL_AREA_STYLE_COLOUR ( '', #3040 ) ;
#9195 = CARTESIAN_POINT ( 'NONE',  ( -4.499999999999999112, 1.750000000000000000, -1.800000000000000933 ) ) ;
#9196 = STYLED_ITEM ( 'NONE', ( #5041 ), #2766 ) ;
#9197 = EDGE_CURVE ( 'NONE', #6213, #3730, #6256, .T. ) ;
#9198 = PRESENTATION_STYLE_ASSIGNMENT (( #9546 ) ) ;
#9199 = PLANE ( 'NONE',  #1163 ) ;
#9200 = COLOUR_RGB ( '',0.2509803921568627416, 0.2509803921568627416, 0.2509803921568627416 ) ;
#9201 = CARTESIAN_POINT ( 'NONE',  ( -2.674999999999999822, -4.749999999999999112, 1.800000000000000488 ) ) ;
#9202 = CARTESIAN_POINT ( 'NONE',  ( -4.399999999999997691, 1.649999999999999911, 1.699999999999999956 ) ) ;
#9203 = ORIENTED_EDGE ( 'NONE', *, *, #8354, .F. ) ;
#9204 = DIRECTION ( 'NONE',  ( 0.0000000000000000000, 1.000000000000000000, 0.0000000000000000000 ) ) ;
#9205 = ADVANCED_FACE ( 'NONE', ( #4023 ), #6883, .F. ) ;
#9206 = LINE ( 'NONE', #6831, #3173 ) ;
#9207 = CARTESIAN_POINT ( 'NONE',  ( -0.2999999999999999334, -0.8499999999999992006, -0.8291796067500623035 ) ) ;
#9208 = CARTESIAN_POINT ( 'NONE',  ( 4.150000000000000355, 0.0000000000000000000, -0.5081345747705631188 ) ) ;
#9209 = DIRECTION ( 'NONE',  ( 1.224646799147352961E-16, -1.204669080539449344E-16, -1.000000000000000000 ) ) ;
#9210 = SURFACE_STYLE_FILL_AREA ( #1123 ) ;
#9211 = ORIENTED_EDGE ( 'NONE', *, *, #321, .T. ) ;
#9212 = EDGE_CURVE ( 'NONE', #3114, #7936, #7090, .T. ) ;
#9213 =( NAMED_UNIT ( * ) PLANE_ANGLE_UNIT ( ) SI_UNIT ( $, .RADIAN. ) );
#9214 = ORIENTED_EDGE ( 'NONE', *, *, #3816, .T. ) ;
#9215 = DIRECTION ( 'NONE',  ( 0.0000000000000000000, 0.0000000000000000000, -1.000000000000000000 ) ) ;
#9216 = SURFACE_STYLE_FILL_AREA ( #5606 ) ;
#9217 = DIRECTION ( 'NONE',  ( 0.0000000000000000000, 0.0000000000000000000, -1.000000000000000000 ) ) ;
#9218 = ORIENTED_EDGE ( 'NONE', *, *, #6122, .T. ) ;
#9219 = LINE ( 'NONE', #3522, #8762 ) ;
#9220 = DIRECTION ( 'NONE',  ( 1.000000000000000000, -0.0000000000000000000, 1.224646799147352961E-16 ) ) ;
#9221 = AXIS2_PLACEMENT_3D ( 'NONE', #8600, #9290, #3277 ) ;
#9222 = VECTOR ( 'NONE', #9607, 1000.000000000000000 ) ;
#9223 = FILL_AREA_STYLE_COLOUR ( '', #6997 ) ;
#9224 = VECTOR ( 'NONE', #7561, 1000.000000000000000 ) ;
#9225 = DIRECTION ( 'NONE',  ( -0.0000000000000000000, 1.000000000000000000, -0.0000000000000000000 ) ) ;
#9226 =( GEOMETRIC_REPRESENTATION_CONTEXT ( 3 ) GLOBAL_UNCERTAINTY_ASSIGNED_CONTEXT ( ( #7154 ) ) GLOBAL_UNIT_ASSIGNED_CONTEXT ( ( #5223, #6796, #735 ) ) REPRESENTATION_CONTEXT ( 'NONE', 'WORKASPACE' ) );
#9227 = LINE ( 'NONE', #4485, #7050 ) ;
#9228 = DIRECTION ( 'NONE',  ( 1.239088197126291655E-15, -0.0000000000000000000, 1.000000000000000000 ) ) ;
#9229 =( GEOMETRIC_REPRESENTATION_CONTEXT ( 3 ) GLOBAL_UNCERTAINTY_ASSIGNED_CONTEXT ( ( #4539 ) ) GLOBAL_UNIT_ASSIGNED_CONTEXT ( ( #1654, #6953, #2416 ) ) REPRESENTATION_CONTEXT ( 'NONE', 'WORKASPACE' ) );
#9230 = CARTESIAN_POINT ( 'NONE',  ( -3.199999999999997957, 1.750000000000000000, -1.800000000000000933 ) ) ;
#9231 = LINE ( 'NONE', #3317, #1219 ) ;
#9232 = CARTESIAN_POINT ( 'NONE',  ( -7.124757133476189885E-16, -1.549999999999999378, -1.150000000000003020 ) ) ;
#9233 = DIRECTION ( 'NONE',  ( 1.000000000000000000, 0.0000000000000000000, 2.710505431213760592E-16 ) ) ;
#9234 = EDGE_CURVE ( 'NONE', #923, #7443, #9089, .T. ) ;
#9235 = SURFACE_STYLE_USAGE ( .BOTH. , #3952 ) ;
#9236 = AXIS2_PLACEMENT_3D ( 'NONE', #324, #5560, #1060 ) ;
#9237 = LINE ( 'NONE', #3338, #3204 ) ;
#9238 = FILL_AREA_STYLE_COLOUR ( '', #3963 ) ;
#9239 = VECTOR ( 'NONE', #3172, 1000.000000000000227 ) ;
#9240 = SURFACE_STYLE_USAGE ( .BOTH. , #7756 ) ;
#9241 = LINE ( 'NONE', #5368, #8997 ) ;
#9242 = CARTESIAN_POINT ( 'NONE',  ( -0.2999999999999999334, -0.8499999999999992006, -1.499999999999999778 ) ) ;
#9243 = DIRECTION ( 'NONE',  ( -1.000000000000000000, 5.421010862427508365E-16, 0.0000000000000000000 ) ) ;
#9244 = EDGE_LOOP ( 'NONE', ( #3245, #4286, #1769, #1147, #9211, #200 ) ) ;
#9245 = COLOUR_RGB ( '',0.2509803921568627416, 0.2509803921568627416, 0.2509803921568627416 ) ;
#9246 = PRESENTATION_LAYER_ASSIGNMENT (  '', '', ( #8758 ) ) ;
#9247 = VECTOR ( 'NONE', #149, 1000.000000000000000 ) ;
#9249 = VERTEX_POINT ( 'NONE', #6956 ) ;
#9248 = AXIS2_PLACEMENT_3D ( 'NONE', #3293, #7151, #997 ) ;
#9250 = VECTOR ( 'NONE', #6166, 1000.000000000000000 ) ;
#9251 = ADVANCED_FACE ( 'NONE', ( #3068 ), #2418, .F. ) ;
#9252 = ORIENTED_EDGE ( 'NONE', *, *, #3298, .T. ) ;
#9253 = ORIENTED_EDGE ( 'NONE', *, *, #6241, .F. ) ;
#9254 = SURFACE_STYLE_USAGE ( .BOTH. , #9349 ) ;
#9255 = EDGE_CURVE ( 'NONE', #19, #806, #6850, .T. ) ;
#9256 = UNCERTAINTY_MEASURE_WITH_UNIT (LENGTH_MEASURE( 1.000000000000000082E-05 ), #5911, 'distance_accuracy_value', 'NONE');
#9257 = EDGE_CURVE ( 'NONE', #5306, #7717, #8166, .T. ) ;
#9258 = VECTOR ( 'NONE', #3295, 1000.000000000000000 ) ;
#9259 =( NAMED_UNIT ( * ) SI_UNIT ( $, .STERADIAN. ) SOLID_ANGLE_UNIT ( ) );
#9260 = VECTOR ( 'NONE', #7162, 1000.000000000000000 ) ;
#9261 = DIRECTION ( 'NONE',  ( -0.0000000000000000000, -1.000000000000000000, -0.0000000000000000000 ) ) ;
#9262 =( NAMED_UNIT ( * ) PLANE_ANGLE_UNIT ( ) SI_UNIT ( $, .RADIAN. ) );
#9263 = ORIENTED_EDGE ( 'NONE', *, *, #7496, .F. ) ;
#9264 = ADVANCED_FACE ( 'NONE', ( #6125 ), #991, .T. ) ;
#9265 = LINE ( 'NONE', #9447, #7265 ) ;
#9266 = CARTESIAN_POINT ( 'NONE',  ( 2.799999999999999378, -1.149999999999999911, 1.800000000000000266 ) ) ;
#9267 =( NAMED_UNIT ( * ) SI_UNIT ( $, .STERADIAN. ) SOLID_ANGLE_UNIT ( ) );
#9268 = CARTESIAN_POINT ( 'NONE',  ( 0.0000000000000000000, 1.750000000000000000, -1.720000000000001084 ) ) ;
#9269 = LINE ( 'NONE', #2481, #7269 ) ;
#9270 = UNCERTAINTY_MEASURE_WITH_UNIT (LENGTH_MEASURE( 1.000000000000000082E-05 ), #3957, 'distance_accuracy_value', 'NONE');
#9271 = LINE ( 'NONE', #495, #7273 ) ;
#9272 = CARTESIAN_POINT ( 'NONE',  ( -2.200000000000000178, -3.999999999999999112, 1.499999999999999778 ) ) ;
#9273 = LINE ( 'NONE', #8863, #5369 ) ;
#9274 = EDGE_LOOP ( 'NONE', ( #2664, #5470, #5691, #8237 ) ) ;
#9275 = FILL_AREA_STYLE_COLOUR ( '', #3280 ) ;
#9276 =( LENGTH_UNIT ( ) NAMED_UNIT ( * ) SI_UNIT ( .MILLI., .METRE. ) );
#9277 = PLANE ( 'NONE',  #5277 ) ;
#9278 = CARTESIAN_POINT ( 'NONE',  ( 2.200000000000000178, -0.8499999999999992006, 1.800000000000000044 ) ) ;
#9279 = CARTESIAN_POINT ( 'NONE',  ( 3.199999999999997957, 1.649999999999999911, -1.800000000000000933 ) ) ;
#9280 = VERTEX_POINT ( 'NONE', #8512 ) ;
#9281 = ORIENTED_EDGE ( 'NONE', *, *, #4483, .F. ) ;
#9282 = ORIENTED_EDGE ( 'NONE', *, *, #6137, .F. ) ;
#9283 = VERTEX_POINT ( 'NONE', #3255 ) ;
#9284 = VECTOR ( 'NONE', #1407, 1000.000000000000000 ) ;
#9285 = EDGE_LOOP ( 'NONE', ( #3551, #6147, #7000, #1703, #8017 ) ) ;
#9286 = LINE ( 'NONE', #5781, #4796 ) ;
#9287 = ORIENTED_EDGE ( 'NONE', *, *, #5863, .T. ) ;
#9288 = ORIENTED_EDGE ( 'NONE', *, *, #4635, .T. ) ;
#9289 = DIRECTION ( 'NONE',  ( -2.409338161078899427E-17, -0.0000000000000000000, -1.000000000000000000 ) ) ;
#9290 = DIRECTION ( 'NONE',  ( 0.0000000000000000000, 0.0000000000000000000, -1.000000000000000000 ) ) ;
#9291 = EDGE_CURVE ( 'NONE', #4450, #5512, #5921, .T. ) ;
#9292 = DIRECTION ( 'NONE',  ( -1.000000000000000000, 0.0000000000000000000, -1.224646799147352961E-16 ) ) ;
#9293 = AXIS2_PLACEMENT_3D ( 'NONE', #1864, #7147, #2616 ) ;
#9294 = ORIENTED_EDGE ( 'NONE', *, *, #2272, .F. ) ;
#9295 = DIRECTION ( 'NONE',  ( -1.000000000000000000, 0.0000000000000000000, 0.0000000000000000000 ) ) ;
#9296 = FILL_AREA_STYLE ('',( #4776 ) ) ;
#9297 = PRESENTATION_LAYER_ASSIGNMENT (  '', '', ( #8799 ) ) ;
#9298 = DIRECTION ( 'NONE',  ( 0.0000000000000000000, -1.000000000000000000, 0.0000000000000000000 ) ) ;
#9299 = CARTESIAN_POINT ( 'NONE',  ( 0.0000000000000000000, 0.0000000000000000000, -1.500000000000000000 ) ) ;
#9300 = ADVANCED_FACE ( 'NONE', ( #176 ), #4779, .F. ) ;
#9301 =( NAMED_UNIT ( * ) SI_UNIT ( $, .STERADIAN. ) SOLID_ANGLE_UNIT ( ) );
#9302 = SURFACE_SIDE_STYLE ('',( #6397 ) ) ;
#9303 = MECHANICAL_DESIGN_GEOMETRIC_PRESENTATION_REPRESENTATION (  '', ( #8288 ), #63 ) ;
#9304 = FILL_AREA_STYLE_COLOUR ( '', #9639 ) ;
#9305 = LINE ( 'NONE', #9512, #1498 ) ;
#9306 = FILL_AREA_STYLE ('',( #5184 ) ) ;
#9307 = EDGE_LOOP ( 'NONE', ( #4013, #1022, #3625, #886, #9039, #1086, #1608, #2557 ) ) ;
#9308 = EDGE_LOOP ( 'NONE', ( #898, #6738, #8663, #4048, #5205 ) ) ;
#9309 = DIRECTION ( 'NONE',  ( -1.224646799147352961E-16, 1.204669080539449590E-16, 1.000000000000000000 ) ) ;
#9310 = EDGE_CURVE ( 'NONE', #7443, #1851, #9702, .T. ) ;
#9311 = LINE ( 'NONE', #2255, #9064 ) ;
#9312 = DIRECTION ( 'NONE',  ( 1.000000000000000000, 0.0000000000000000000, 0.0000000000000000000 ) ) ;
#9313 = APPLICATION_CONTEXT ( 'automotive_design' ) ;
#9314 = ADVANCED_FACE ( 'NONE', ( #5690 ), #1758, .T. ) ;
#9315 = EDGE_CURVE ( 'NONE', #8454, #5396, #3667, .T. ) ;
#9316 = PLANE ( 'NONE',  #6981 ) ;
#9317 = VERTEX_POINT ( 'NONE', #9334 ) ;
#9318 = DIRECTION ( 'NONE',  ( 1.224646799147352961E-16, -1.204669080539449344E-16, -1.000000000000000000 ) ) ;
#9319 = VECTOR ( 'NONE', #4684, 1000.000000000000000 ) ;
#9320 = LINE ( 'NONE', #3894, #3292 ) ;
#9321 =( NAMED_UNIT ( * ) SI_UNIT ( $, .STERADIAN. ) SOLID_ANGLE_UNIT ( ) );
#9322 = ORIENTED_EDGE ( 'NONE', *, *, #3090, .F. ) ;
#9323 = EDGE_CURVE ( 'NONE', #8, #1943, #7677, .T. ) ;
#9324 = ORIENTED_EDGE ( 'NONE', *, *, #7314, .T. ) ;
#9325 = DIRECTION ( 'NONE',  ( 0.9820064469806473184, 0.1888473936501247896, 9.751124359661473979E-17 ) ) ;
#9326 = AXIS2_PLACEMENT_3D ( 'NONE', #1032, #3057, #7585 ) ;
#9327 = EDGE_CURVE ( 'NONE', #239, #3526, #1642, .T. ) ;
#9328 = COLOUR_RGB ( '',0.2509803921568627416, 0.2509803921568627416, 0.2509803921568627416 ) ;
#9329 = CARTESIAN_POINT ( 'NONE',  ( -0.3000000000000003775, -3.999999999999999112, 1.800000000000000711 ) ) ;
#9330 = DIRECTION ( 'NONE',  ( -2.349104707051925222E-15, 0.0000000000000000000, -1.000000000000000000 ) ) ;
#9331 = EDGE_LOOP ( 'NONE', ( #5658, #9715, #1519, #3373 ) ) ;
#9332 = VECTOR ( 'NONE', #1525, 1000.000000000000000 ) ;
#9333 =( NAMED_UNIT ( * ) PLANE_ANGLE_UNIT ( ) SI_UNIT ( $, .RADIAN. ) );
#9334 = CARTESIAN_POINT ( 'NONE',  ( 3.499999999999997780, -1.549999999999999378, 0.2249999999999998668 ) ) ;
#9335 = DIRECTION ( 'NONE',  ( 0.0000000000000000000, -0.3761646923075287474, -0.9265528178475214149 ) ) ;
#9336 = CARTESIAN_POINT ( 'NONE',  ( 2.200000000000000622, -1.149999999999999911, -1.800000000000000711 ) ) ;
#9337 = DIRECTION ( 'NONE',  ( 0.0000000000000000000, 0.3761646923075279147, -0.9265528178475217480 ) ) ;
#9338 = UNCERTAINTY_MEASURE_WITH_UNIT (LENGTH_MEASURE( 1.000000000000000082E-05 ), #7896, 'distance_accuracy_value', 'NONE');
#9339 = AXIS2_PLACEMENT_3D ( 'NONE', #9070, #7655, #155 ) ;
#9340 = CARTESIAN_POINT ( 'NONE',  ( -4.399999999999998579, 1.750000000000000000, -1.700000000000001066 ) ) ;
#9341 = ORIENTED_EDGE ( 'NONE', *, *, #6137, .T. ) ;
#9342 = FILL_AREA_STYLE ('',( #4422 ) ) ;
#9343 = CARTESIAN_POINT ( 'NONE',  ( 4.499999999999999112, 1.750000000000000000, 1.800000000000000044 ) ) ;
#9344 = PRESENTATION_STYLE_ASSIGNMENT (( #1226 ) ) ;
#9345 = DIRECTION ( 'NONE',  ( 1.224646799147352961E-16, 0.0000000000000000000, -1.000000000000000000 ) ) ;
#9346 = SURFACE_STYLE_FILL_AREA ( #2498 ) ;
#9347 = LINE ( 'NONE', #5326, #7347 ) ;
#9348 = ADVANCED_FACE ( 'NONE', ( #3896 ), #7214, .T. ) ;
#9349 = SURFACE_SIDE_STYLE ('',( #1332 ) ) ;
#9350 = PRESENTATION_LAYER_ASSIGNMENT (  '', '', ( #8856 ) ) ;
#9351 = CARTESIAN_POINT ( 'NONE',  ( -4.149999999999999467, 0.0000000000000000000, -0.5081345747705631188 ) ) ;
#9352 = VECTOR ( 'NONE', #5996, 1000.000000000000000 ) ;
#9353 = CARTESIAN_POINT ( 'NONE',  ( -4.149999999999999467, -0.3500000000000003109, 0.6502286246418802484 ) ) ;
#9354 =( GEOMETRIC_REPRESENTATION_CONTEXT ( 3 ) GLOBAL_UNCERTAINTY_ASSIGNED_CONTEXT ( ( #8917 ) ) GLOBAL_UNIT_ASSIGNED_CONTEXT ( ( #6002, #8160, #8305 ) ) REPRESENTATION_CONTEXT ( 'NONE', 'WORKASPACE' ) );
#9355 = LINE ( 'NONE', #6368, #3576 ) ;
#9356 = LINE ( 'NONE', #6195, #7361 ) ;
#9357 = ADVANCED_FACE ( 'NONE', ( #5428 ), #4844, .F. ) ;
#9358 = AXIS2_PLACEMENT_3D ( 'NONE', #8025, #3485, #8778 ) ;
#9359 = DIRECTION ( 'NONE',  ( -0.0000000000000000000, -0.0000000000000000000, 1.000000000000000000 ) ) ;
#9360 = SURFACE_STYLE_USAGE ( .BOTH. , #4082 ) ;
#9361 = VECTOR ( 'NONE', #7223, 1000.000000000000000 ) ;
#9362 = DIRECTION ( 'NONE',  ( 0.1888473936501247619, 0.9820064469806472074, -9.517214474070428959E-17 ) ) ;
#9363 = EDGE_CURVE ( 'NONE', #1250, #5656, #6508, .T. ) ;
#9364 = VECTOR ( 'NONE', #5754, 1000.000000000000000 ) ;
#9365 = LINE ( 'NONE', #1003, #6874 ) ;
#9366 = CARTESIAN_POINT ( 'NONE',  ( -5.221110255092797026, -1.149999999999999467, -1.500000000000000444 ) ) ;
#9367 = DIRECTION ( 'NONE',  ( -1.000000000000000000, 0.0000000000000000000, -0.0000000000000000000 ) ) ;
#9368 = DIRECTION ( 'NONE',  ( -0.0000000000000000000, 1.000000000000000000, -1.112002228190260705E-16 ) ) ;
#9369 = DIRECTION ( 'NONE',  ( 0.0000000000000000000, 0.0000000000000000000, 1.000000000000000000 ) ) ;
#9370 = EDGE_CURVE ( 'NONE', #9017, #6335, #8506, .T. ) ;
#9371 = VECTOR ( 'NONE', #6456, 1000.000000000000000 ) ;
#9372 = CARTESIAN_POINT ( 'NONE',  ( -4.150000000000000355, -0.3500000000000005884, 1.500000000000000000 ) ) ;
#9373 = LINE ( 'NONE', #7942, #3594 ) ;
#9374 = CARTESIAN_POINT ( 'NONE',  ( 4.499999999999999112, 1.649999999999999911, -0.9500000000000027311 ) ) ;
#9375 = PLANE ( 'NONE',  #7949 ) ;
#9376 = DIRECTION ( 'NONE',  ( 1.000000000000000000, -0.0000000000000000000, -0.0000000000000000000 ) ) ;
#9377 = ORIENTED_EDGE ( 'NONE', *, *, #8189, .F. ) ;
#9378 = LINE ( 'NONE', #4314, #4660 ) ;
#9379 = EDGE_CURVE ( 'NONE', #930, #9642, #2712, .T. ) ;
#9380 = CARTESIAN_POINT ( 'NONE',  ( -4.499999999999998224, 0.6499999999999989120, -3.617278184538625041 ) ) ;
#9381 = FILL_AREA_STYLE_COLOUR ( '', #8093 ) ;
#9382 = VECTOR ( 'NONE', #7334, 1000.000000000000000 ) ;
#9383 = EDGE_LOOP ( 'NONE', ( #841, #5985, #1638, #8425 ) ) ;
#9384 = EDGE_CURVE ( 'NONE', #842, #8935, #529, .T. ) ;
#9385 =( LENGTH_UNIT ( ) NAMED_UNIT ( * ) SI_UNIT ( .MILLI., .METRE. ) );
#9386 = LINE ( 'NONE', #9617, #7022 ) ;
#9387 = DIRECTION ( 'NONE',  ( 1.000000000000000000, -0.0000000000000000000, 0.0000000000000000000 ) ) ;
#9388 = DIRECTION ( 'NONE',  ( 0.0000000000000000000, 0.0000000000000000000, 1.000000000000000000 ) ) ;
#9389 = DIRECTION ( 'NONE',  ( -1.361809969397927063E-32, -1.000000000000000000, 1.112002228190260705E-16 ) ) ;
#9390 = VERTEX_POINT ( 'NONE', #6396 ) ;
#9391 = UNCERTAINTY_MEASURE_WITH_UNIT (LENGTH_MEASURE( 1.000000000000000082E-05 ), #976, 'distance_accuracy_value', 'NONE');
#9392 = CARTESIAN_POINT ( 'NONE',  ( -1.749999999999999778, 0.1499999999999997446, 3.800000000000000266 ) ) ;
#9393 = CARTESIAN_POINT ( 'NONE',  ( -2.799999999999999822, -0.8499999999999992006, 1.499999999999999334 ) ) ;
#9394 = CARTESIAN_POINT ( 'NONE',  ( 0.3000000000000003775, -1.149999999999999911, -1.800000000000000711 ) ) ;
#9395 = ADVANCED_FACE ( 'NONE', ( #4504 ), #8687, .F. ) ;
#9396 = EDGE_CURVE ( 'NONE', #5771, #5288, #8046, .T. ) ;
#9397 = DIRECTION ( 'NONE',  ( -2.409338161078899427E-17, -0.0000000000000000000, -1.000000000000000000 ) ) ;
#9398 = SURFACE_SIDE_STYLE ('',( #2978 ) ) ;
#9399 = DIRECTION ( 'NONE',  ( 0.9820064469806473184, 0.1888473936501247896, 9.751124359661473979E-17 ) ) ;
#9400 = SURFACE_STYLE_USAGE ( .BOTH. , #8906 ) ;
#9401 = DIRECTION ( 'NONE',  ( 0.0000000000000000000, 0.0000000000000000000, 1.000000000000000000 ) ) ;
#9402 = SURFACE_STYLE_FILL_AREA ( #6749 ) ;
#9403 = DIRECTION ( 'NONE',  ( 0.1218693434051548868, -0.9925461516413210949, -2.936244597316688179E-18 ) ) ;
#9404 = ORIENTED_EDGE ( 'NONE', *, *, #315, .F. ) ;
#9405 = EDGE_LOOP ( 'NONE', ( #4179, #4826, #7862, #2799, #8924 ) ) ;
#9406 = CARTESIAN_POINT ( 'NONE',  ( -3.328530670470756903, -1.251640513552068734, -1.800000000000000711 ) ) ;
#9407 = CARTESIAN_POINT ( 'NONE',  ( 0.2999999999999999334, -0.8499999999999992006, -0.8291796067500623035 ) ) ;
#9408 = VECTOR ( 'NONE', #4512, 1000.000000000000114 ) ;
#9409 = ORIENTED_EDGE ( 'NONE', *, *, #8505, .T. ) ;
#9410 = ORIENTED_EDGE ( 'NONE', *, *, #4615, .T. ) ;
#9411 = ADVANCED_FACE ( 'NONE', ( #6018 ), #6427, .F. ) ;
#9412 = VECTOR ( 'NONE', #5096, 1000.000000000000000 ) ;
#9413 = MECHANICAL_DESIGN_GEOMETRIC_PRESENTATION_REPRESENTATION (  '', ( #8397 ), #169 ) ;
#9414 = SURFACE_STYLE_USAGE ( .BOTH. , #2564 ) ;
#9415 = LINE ( 'NONE', #8653, #3633 ) ;
#9416 = VERTEX_POINT ( 'NONE', #3420 ) ;
#9417 = VERTEX_POINT ( 'NONE', #4960 ) ;
#9418 = DIRECTION ( 'NONE',  ( -1.224646799147352961E-16, 1.204669080539449590E-16, 1.000000000000000000 ) ) ;
#9419 = MECHANICAL_DESIGN_GEOMETRIC_PRESENTATION_REPRESENTATION (  '', ( #7910 ), #173 ) ;
#9420 = LINE ( 'NONE', #557, #7415 ) ;
#9421 = ORIENTED_EDGE ( 'NONE', *, *, #3287, .F. ) ;
#9422 = CARTESIAN_POINT ( 'NONE',  ( 4.956352788505182989E-16, -1.750000000000000000, -0.8000000000000021538 ) ) ;
#9423 = EDGE_CURVE ( 'NONE', #3942, #3131, #6243, .T. ) ;
#9424 = STYLED_ITEM ( 'NONE', ( #3444 ), #7477 ) ;
#9425 = CARTESIAN_POINT ( 'NONE',  ( -4.250000000000000000, 0.0000000000000000000, -0.5081345747705631188 ) ) ;
#9426 = VERTEX_POINT ( 'NONE', #5717 ) ;
#9427 = CARTESIAN_POINT ( 'NONE',  ( -4.150000000000000355, 0.6499999999999989120, 1.500000000000000000 ) ) ;
#9428 = UNCERTAINTY_MEASURE_WITH_UNIT (LENGTH_MEASURE( 1.000000000000000082E-05 ), #5212, 'distance_accuracy_value', 'NONE');
#9429 = ORIENTED_EDGE ( 'NONE', *, *, #8181, .T. ) ;
#9430 = ORIENTED_EDGE ( 'NONE', *, *, #4120, .F. ) ;
#9431 = AXIS2_PLACEMENT_3D ( 'NONE', #7080, #6209, #7886 ) ;
#9432 = CARTESIAN_POINT ( 'NONE',  ( -2.324999999999999734, -4.649999999999999467, -1.499999999999999112 ) ) ;
#9433 = CARTESIAN_POINT ( 'NONE',  ( -0.1750000000000002387, -4.749999999999999112, 3.800000000000001155 ) ) ;
#9434 = CIRCLE ( 'NONE', #3980, 0.02999999999999997113 ) ;
#9435 = CARTESIAN_POINT ( 'NONE',  ( 4.499999999999999112, 0.0000000000000000000, 0.9500000000000025091 ) ) ;
#9436 = DIRECTION ( 'NONE',  ( 1.000000000000000000, -0.0000000000000000000, -0.0000000000000000000 ) ) ;
#9437 = FILL_AREA_STYLE ('',( #3457 ) ) ;
#9438 =( NAMED_UNIT ( * ) SI_UNIT ( $, .STERADIAN. ) SOLID_ANGLE_UNIT ( ) );
#9439 = AXIS2_PLACEMENT_3D ( 'NONE', #6566, #2018, #7328 ) ;
#9440 =( NAMED_UNIT ( * ) SI_UNIT ( $, .STERADIAN. ) SOLID_ANGLE_UNIT ( ) );
#9441 = CARTESIAN_POINT ( 'NONE',  ( 4.499999999999999112, -1.084202172485504434E-16, 0.5081345747705631188 ) ) ;
#9442 = ORIENTED_EDGE ( 'NONE', *, *, #1881, .T. ) ;
#9443 = ORIENTED_EDGE ( 'NONE', *, *, #6679, .F. ) ;
#9444 = STYLED_ITEM ( 'NONE', ( #9198 ), #2551 ) ;
#9445 = VECTOR ( 'NONE', #5349, 1000.000000000000000 ) ;
#9446 = EDGE_CURVE ( 'NONE', #662, #2534, #4017, .T. ) ;
#9447 = CARTESIAN_POINT ( 'NONE',  ( 4.399999999999998579, 1.664434642797410602, 0.0000000000000000000 ) ) ;
#9448 = LINE ( 'NONE', #2121, #825 ) ;
#9449 = CARTESIAN_POINT ( 'NONE',  ( 4.250000000000000000, -1.149999999999999911, 1.800000000000000044 ) ) ;
#9450 = ORIENTED_EDGE ( 'NONE', *, *, #4624, .F. ) ;
#9451 = CARTESIAN_POINT ( 'NONE',  ( -2.799999999999999822, -0.8499999999999992006, 1.499999999999999334 ) ) ;
#9452 = VECTOR ( 'NONE', #7084, 1000.000000000000000 ) ;
#9453 = MECHANICAL_DESIGN_GEOMETRIC_PRESENTATION_REPRESENTATION (  '', ( #8440 ), #207 ) ;
#9454 = ORIENTED_EDGE ( 'NONE', *, *, #5087, .T. ) ;
#9455 = DIRECTION ( 'NONE',  ( 0.0000000000000000000, 0.0000000000000000000, -1.000000000000000000 ) ) ;
#9456 = LINE ( 'NONE', #4113, #7681 ) ;
#9457 = DIRECTION ( 'NONE',  ( 1.000000000000000000, 0.0000000000000000000, 0.0000000000000000000 ) ) ;
#9458 =( GEOMETRIC_REPRESENTATION_CONTEXT ( 3 ) GLOBAL_UNCERTAINTY_ASSIGNED_CONTEXT ( ( #8248 ) ) GLOBAL_UNIT_ASSIGNED_CONTEXT ( ( #7439, #7762, #9134 ) ) REPRESENTATION_CONTEXT ( 'NONE', 'WORKASPACE' ) );
#9459 = ADVANCED_FACE ( 'NONE', ( #7800 ), #3453, .F. ) ;
#9460 = LINE ( 'NONE', #1318, #9222 ) ;
#9461 = SURFACE_STYLE_USAGE ( .BOTH. , #4189 ) ;
#9462 = VECTOR ( 'NONE', #727, 1000.000000000000000 ) ;
#9463 = CARTESIAN_POINT ( 'NONE',  ( -4.399999999999998579, 1.649999999999999911, -1.700000000000001066 ) ) ;
#9464 = ORIENTED_EDGE ( 'NONE', *, *, #3648, .F. ) ;
#9465 = DIRECTION ( 'NONE',  ( -1.000000000000000000, 0.0000000000000000000, 1.807003620809173892E-16 ) ) ;
#9466 = DIRECTION ( 'NONE',  ( 0.0000000000000000000, 0.0000000000000000000, -1.000000000000000000 ) ) ;
#9467 = VERTEX_POINT ( 'NONE', #7987 ) ;
#9468 = DIRECTION ( 'NONE',  ( -1.000000000000000000, 0.0000000000000000000, 0.0000000000000000000 ) ) ;
#9469 = CARTESIAN_POINT ( 'NONE',  ( 0.1750000000000002387, -4.649999999999999467, -1.800000000000000266 ) ) ;
#9470 = PLANE ( 'NONE',  #8053 ) ;
#9471 = VECTOR ( 'NONE', #171, 1000.000000000000000 ) ;
#9472 = FACE_OUTER_BOUND ( 'NONE', #8422, .T. ) ;
#9473 = PRESENTATION_STYLE_ASSIGNMENT (( #5661 ) ) ;
#9474 = PLANE ( 'NONE',  #8159 ) ;
#9475 = AXIS2_PLACEMENT_3D ( 'NONE', #2061, #692, #1388 ) ;
#9476 = FACE_OUTER_BOUND ( 'NONE', #2560, .T. ) ;
#9477 = VECTOR ( 'NONE', #1704, 1000.000000000000000 ) ;
#9478 = VERTEX_POINT ( 'NONE', #8781 ) ;
#9479 = VECTOR ( 'NONE', #6112, 1000.000000000000000 ) ;
#9480 = CARTESIAN_POINT ( 'NONE',  ( -1.250000000000000222, 0.6499999999999989120, 0.9500000000000016209 ) ) ;
#9481 = VECTOR ( 'NONE', #5849, 1000.000000000000000 ) ;
#9482 = FACE_OUTER_BOUND ( 'NONE', #4934, .T. ) ;
#9483 = EDGE_CURVE ( 'NONE', #5674, #6699, #1080, .T. ) ;
#9484 = CIRCLE ( 'NONE', #3577, 0.02999999999999997113 ) ;
#9485 = AXIS2_PLACEMENT_3D ( 'NONE', #316, #165, #7064 ) ;
#9486 = ORIENTED_EDGE ( 'NONE', *, *, #9310, .T. ) ;
#9487 = AXIS2_PLACEMENT_3D ( 'NONE', #6515, #8828, #1878 ) ;
#9488 = CIRCLE ( 'NONE', #7658, 0.02999999999999997113 ) ;
#9489 = CARTESIAN_POINT ( 'NONE',  ( -2.200000000000000178, -1.149999999999999911, -1.499999999999999778 ) ) ;
#9490 = PRESENTATION_STYLE_ASSIGNMENT (( #6293 ) ) ;
#9491 = SURFACE_STYLE_FILL_AREA ( #1098 ) ;
#9492 = ORIENTED_EDGE ( 'NONE', *, *, #9643, .T. ) ;
#9493 = VERTEX_POINT ( 'NONE', #5791 ) ;
#9494 = AXIS2_PLACEMENT_3D ( 'NONE', #167, #5385, #885 ) ;
#9495 = EDGE_CURVE ( 'NONE', #7166, #4926, #7079, .T. ) ;
#9496 = SURFACE_SIDE_STYLE ('',( #53 ) ) ;
#9497 = CARTESIAN_POINT ( 'NONE',  ( 4.499999999999998224, 0.6500000000000000222, -3.617278184538625041 ) ) ;
#9499 = ORIENTED_EDGE ( 'NONE', *, *, #4942, .T. ) ;
#9498 = AXIS2_PLACEMENT_3D ( 'NONE', #8339, #3279, #6524 ) ;
#9500 = VECTOR ( 'NONE', #5098, 1000.000000000000000 ) ;
#9501 = COLOUR_RGB ( '',0.2509803921568627416, 0.2509803921568627416, 0.2509803921568627416 ) ;
#9502 = PLANE ( 'NONE',  #1064 ) ;
#9503 = DIRECTION ( 'NONE',  ( 0.0000000000000000000, 4.818676322157808222E-16, 1.000000000000000000 ) ) ;
#9504 = EDGE_LOOP ( 'NONE', ( #3360, #8219, #5180, #6090 ) ) ;
#9505 = PLANE ( 'NONE',  #3079 ) ;
#9506 = CARTESIAN_POINT ( 'NONE',  ( 2.674999999999999378, -4.649999999999998579, 3.800000000000001155 ) ) ;
#9507 = EDGE_CURVE ( 'NONE', #1887, #5237, #6841, .T. ) ;
#9508 = CARTESIAN_POINT ( 'NONE',  ( -0.2999999999999999334, -1.149999999999999911, 1.499999999999999334 ) ) ;
#9509 = PRESENTATION_STYLE_ASSIGNMENT (( #2025 ) ) ;
#9510 = LINE ( 'NONE', #6539, #3478 ) ;
#9511 = FILL_AREA_STYLE ('',( #2483 ) ) ;
#9512 = CARTESIAN_POINT ( 'NONE',  ( -0.2499999999999997780, 0.1499999999999999667, 2.395876796297097489 ) ) ;
#9513 = ORIENTED_EDGE ( 'NONE', *, *, #1419, .F. ) ;
#9514 = ADVANCED_FACE ( 'NONE', ( #3058 ), #3527, .F. ) ;
#9515 = ORIENTED_EDGE ( 'NONE', *, *, #6604, .F. ) ;
#9516 = CARTESIAN_POINT ( 'NONE',  ( 3.499999999999997780, -1.549999999999999378, -0.2250000000000001166 ) ) ;
#9517 = ORIENTED_EDGE ( 'NONE', *, *, #7496, .T. ) ;
#9518 = EDGE_CURVE ( 'NONE', #2822, #4958, #4139, .T. ) ;
#9519 = CARTESIAN_POINT ( 'NONE',  ( 0.0000000000000000000, -1.750000000000000000, 0.0000000000000000000 ) ) ;
#9520 = CARTESIAN_POINT ( 'NONE',  ( 4.250000000000000000, -0.3500000000000003109, 0.6502286246418802484 ) ) ;
#9521 = VERTEX_POINT ( 'NONE', #3559 ) ;
#9522 = SURFACE_STYLE_FILL_AREA ( #8577 ) ;
#9523 = PRESENTATION_LAYER_ASSIGNMENT (  '', '', ( #8504 ) ) ;
#9524 = VERTEX_POINT ( 'NONE', #8845 ) ;
#9525 = EDGE_CURVE ( 'NONE', #3635, #9426, #3888, .T. ) ;
#9526 = MANIFOLD_SOLID_BREP ( 'Boss-Extrude5', #3653 ) ;
#9527 = ORIENTED_EDGE ( 'NONE', *, *, #5279, .T. ) ;
#9528 = VERTEX_POINT ( 'NONE', #5848 ) ;
#9529 = ORIENTED_EDGE ( 'NONE', *, *, #8686, .F. ) ;
#9530 = CARTESIAN_POINT ( 'NONE',  ( -0.1750000000000002387, -4.649999999999998579, 3.800000000000001155 ) ) ;
#9531 = DIRECTION ( 'NONE',  ( -0.1888473936501247619, -0.9820064469806472074, 8.607220009787356294E-17 ) ) ;
#9532 = CARTESIAN_POINT ( 'NONE',  ( 4.150000000000000355, 0.0000000000000000000, 0.9500000000000025091 ) ) ;
#9533 = VERTEX_POINT ( 'NONE', #1321 ) ;
#9534 = ORIENTED_EDGE ( 'NONE', *, *, #7997, .T. ) ;
#9535 = PLANE ( 'NONE',  #2139 ) ;
#9536 = LINE ( 'NONE', #7674, #5641 ) ;
#9537 = PRESENTATION_LAYER_ASSIGNMENT (  '', '', ( #8516 ) ) ;
#9538 = CARTESIAN_POINT ( 'NONE',  ( -4.499999999999998224, 0.6499999999999989120, 1.800000000000000044 ) ) ;
#9539 = FACE_OUTER_BOUND ( 'NONE', #524, .T. ) ;
#9540 = VERTEX_POINT ( 'NONE', #4357 ) ;
#9541 = CLOSED_SHELL ( 'NONE', ( #8084, #6116, #7241, #1706, #3901, #5161, #6228, #4975, #637, #5448 ) ) ;
#9542 = DIRECTION ( 'NONE',  ( 1.445602896647335761E-15, 1.000000000000000000, 0.0000000000000000000 ) ) ;
#9543 = DIRECTION ( 'NONE',  ( -0.9284766908852577494, 0.3713906763541074407, 0.0000000000000000000 ) ) ;
#9544 = ORIENTED_EDGE ( 'NONE', *, *, #559, .F. ) ;
#9545 = CARTESIAN_POINT ( 'NONE',  ( 0.0000000000000000000, 1.649999999999999911, 0.0000000000000000000 ) ) ;
#9546 = SURFACE_STYLE_USAGE ( .BOTH. , #3389 ) ;
#9547 = DIRECTION ( 'NONE',  ( -1.000000000000000000, -0.0000000000000000000, -0.0000000000000000000 ) ) ;
#9548 = VERTEX_POINT ( 'NONE', #593 ) ;
#9549 = ORIENTED_EDGE ( 'NONE', *, *, #8627, .T. ) ;
#9550 = LINE ( 'NONE', #4259, #7530 ) ;
#9551 = CARTESIAN_POINT ( 'NONE',  ( -3.199999999999997513, 1.649999999999999911, 1.800000000000000044 ) ) ;
#9552 = FACE_OUTER_BOUND ( 'NONE', #6745, .T. ) ;
#9553 = DIRECTION ( 'NONE',  ( -1.000000000000000000, -0.0000000000000000000, -0.0000000000000000000 ) ) ;
#9554 = CARTESIAN_POINT ( 'NONE',  ( 0.0000000000000000000, 0.0000000000000000000, 1.699999999999999956 ) ) ;
#9555 = SURFACE_STYLE_USAGE ( .BOTH. , #766 ) ;
#9556 =( GEOMETRIC_REPRESENTATION_CONTEXT ( 3 ) GLOBAL_UNCERTAINTY_ASSIGNED_CONTEXT ( ( #998 ) ) GLOBAL_UNIT_ASSIGNED_CONTEXT ( ( #5492, #1892, #7738 ) ) REPRESENTATION_CONTEXT ( 'NONE', 'WORKASPACE' ) );
#9557 = ORIENTED_EDGE ( 'NONE', *, *, #5502, .F. ) ;
#9558 = ORIENTED_EDGE ( 'NONE', *, *, #9002, .F. ) ;
#9559 = VERTEX_POINT ( 'NONE', #625 ) ;
#9560 = PLANE ( 'NONE',  #9487 ) ;
#9561 = LINE ( 'NONE', #280, #5528 ) ;
#9562 = SURFACE_SIDE_STYLE ('',( #216 ) ) ;
#9563 = STYLED_ITEM ( 'NONE', ( #6985 ), #8570 ) ;
#9564 = LINE ( 'NONE', #926, #8492 ) ;
#9565 = ORIENTED_EDGE ( 'NONE', *, *, #448, .F. ) ;
#9566 = EDGE_CURVE ( 'NONE', #1450, #2288, #9690, .T. ) ;
#9567 = CARTESIAN_POINT ( 'NONE',  ( 2.799999999999999822, -0.8499999999999992006, 1.499999999999999334 ) ) ;
#9568 = CARTESIAN_POINT ( 'NONE',  ( 4.499999999999999112, -1.084202172485504434E-16, 0.5081345747705631188 ) ) ;
#9569 =( GEOMETRIC_REPRESENTATION_CONTEXT ( 3 ) GLOBAL_UNCERTAINTY_ASSIGNED_CONTEXT ( ( #9081 ) ) GLOBAL_UNIT_ASSIGNED_CONTEXT ( ( #8129, #8944, #4018 ) ) REPRESENTATION_CONTEXT ( 'NONE', 'WORKASPACE' ) );
#9570 = ADVANCED_FACE ( 'NONE', ( #5201 ), #5878, .F. ) ;
#9571 = DIRECTION ( 'NONE',  ( 1.000000000000000000, 0.0000000000000000000, -1.807003620809173892E-16 ) ) ;
#9572 = VECTOR ( 'NONE', #1730, 1000.000000000000000 ) ;
#9573 =( NAMED_UNIT ( * ) PLANE_ANGLE_UNIT ( ) SI_UNIT ( $, .RADIAN. ) );
#9574 = CARTESIAN_POINT ( 'NONE',  ( 3.199999999999998401, 1.750000000000000000, 1.800000000000000044 ) ) ;
#9575 = FACE_BOUND ( 'NONE', #5789, .T. ) ;
#9576 = VERTEX_POINT ( 'NONE', #1348 ) ;
#9577 = EDGE_CURVE ( 'NONE', #3022, #474, #3174, .T. ) ;
#9578 = ORIENTED_EDGE ( 'NONE', *, *, #6334, .F. ) ;
#9579 = CARTESIAN_POINT ( 'NONE',  ( -5.221110255092797026, -1.149999999999999911, 1.500000000000000000 ) ) ;
#9580 = SURFACE_STYLE_USAGE ( .BOTH. , #4292 ) ;
#9581 = CARTESIAN_POINT ( 'NONE',  ( 0.2999999999999999334, -0.8499999999999992006, -1.800000000000001155 ) ) ;
#9582 = VERTEX_POINT ( 'NONE', #5148 ) ;
#9583 = CARTESIAN_POINT ( 'NONE',  ( 0.0000000000000000000, 0.0000000000000000000, 1.500000000000000000 ) ) ;
#9584 = CARTESIAN_POINT ( 'NONE',  ( -4.499999999999999112, 1.670000000000000151, -1.800000000000000933 ) ) ;
#9585 = DIRECTION ( 'NONE',  ( -0.0000000000000000000, -0.0000000000000000000, 1.000000000000000000 ) ) ;
#9586 = FACE_OUTER_BOUND ( 'NONE', #5378, .T. ) ;
#9587 = CARTESIAN_POINT ( 'NONE',  ( -4.250000000000000000, 0.0000000000000000000, -0.5081345747705631188 ) ) ;
#9588 = DIRECTION ( 'NONE',  ( 0.0000000000000000000, 0.0000000000000000000, 1.000000000000000000 ) ) ;
#9589 = PRESENTATION_STYLE_ASSIGNMENT (( #656 ) ) ;
#9590 = VECTOR ( 'NONE', #3911, 1000.000000000000000 ) ;
#9591 = ORIENTED_EDGE ( 'NONE', *, *, #9171, .T. ) ;
#9592 = EDGE_CURVE ( 'NONE', #5876, #244, #8971, .T. ) ;
#9593 = ORIENTED_EDGE ( 'NONE', *, *, #6488, .T. ) ;
#9594 = EDGE_CURVE ( 'NONE', #8815, #8837, #2937, .T. ) ;
#9595 = EDGE_CURVE ( 'NONE', #6349, #1585, #6957, .T. ) ;
#9596 = SURFACE_STYLE_FILL_AREA ( #1208 ) ;
#9597 = DIRECTION ( 'NONE',  ( 0.0000000000000000000, -0.0000000000000000000, 1.000000000000000000 ) ) ;
#9598 = DIRECTION ( 'NONE',  ( -1.000000000000000000, 0.0000000000000000000, -1.224646799147352961E-16 ) ) ;
#9599 = MECHANICAL_DESIGN_GEOMETRIC_PRESENTATION_REPRESENTATION (  '', ( #8078 ), #330 ) ;
#9600 = LINE ( 'NONE', #2471, #7570 ) ;
#9601 = LINE ( 'NONE', #3074, #3571 ) ;
#9602 = DIRECTION ( 'NONE',  ( -1.000000000000000000, -0.0000000000000000000, -0.0000000000000000000 ) ) ;
#9603 = VECTOR ( 'NONE', #5037, 1000.000000000000000 ) ;
#9604 = ORIENTED_EDGE ( 'NONE', *, *, #7971, .T. ) ;
#9605 = CARTESIAN_POINT ( 'NONE',  ( 4.399999999999998579, 1.649999999999999911, 0.0000000000000000000 ) ) ;
#9606 = CARTESIAN_POINT ( 'NONE',  ( -3.399999999999997247, 6.925848040166833641, -0.8000000000000010436 ) ) ;
#9607 = DIRECTION ( 'NONE',  ( 0.0000000000000000000, 0.0000000000000000000, 1.000000000000000000 ) ) ;
#9608 = PLANE ( 'NONE',  #6164 ) ;
#9609 = FILL_AREA_STYLE_COLOUR ( '', #168 ) ;
#9610 = DIRECTION ( 'NONE',  ( 0.0000000000000000000, 0.0000000000000000000, -1.000000000000000000 ) ) ;
#9611 = DIRECTION ( 'NONE',  ( -1.445602896647335958E-15, -1.000000000000000000, 1.112002228190258979E-16 ) ) ;
#9612 = ORIENTED_EDGE ( 'NONE', *, *, #7552, .T. ) ;
#9613 = VECTOR ( 'NONE', #7602, 1000.000000000000000 ) ;
#9614 = DIRECTION ( 'NONE',  ( -2.478176394252583310E-15, 0.0000000000000000000, 1.000000000000000000 ) ) ;
#9615 = FACE_OUTER_BOUND ( 'NONE', #7729, .T. ) ;
#9616 = VECTOR ( 'NONE', #4964, 1000.000000000000000 ) ;
#9617 = CARTESIAN_POINT ( 'NONE',  ( -4.499999999999999112, 1.649999999999999911, -0.9500000000000020650 ) ) ;
#9618 = PRESENTATION_LAYER_ASSIGNMENT (  '', '', ( #8594 ) ) ;
#9619 = ORIENTED_EDGE ( 'NONE', *, *, #6882, .T. ) ;
#9620 = ADVANCED_FACE ( 'NONE', ( #2703 ), #8901, .F. ) ;
#9621 = COLOUR_RGB ( '',0.2509803921568627416, 0.2509803921568627416, 0.2509803921568627416 ) ;
#9622 = PRESENTATION_STYLE_ASSIGNMENT (( #4331 ) ) ;
#9623 = CIRCLE ( 'NONE', #3091, 0.02999999999999997113 ) ;
#9624 = EDGE_CURVE ( 'NONE', #48, #9548, #8496, .T. ) ;
#9625 = CARTESIAN_POINT ( 'NONE',  ( -4.389493895187376538, 1.750000000000000000, 1.699999999999999956 ) ) ;
#9626 = PRESENTATION_LAYER_ASSIGNMENT (  '', '', ( #8611 ) ) ;
#9627 =( NAMED_UNIT ( * ) PLANE_ANGLE_UNIT ( ) SI_UNIT ( $, .RADIAN. ) );
#9628 = FACE_OUTER_BOUND ( 'NONE', #7072, .T. ) ;
#9629 =( GEOMETRIC_REPRESENTATION_CONTEXT ( 3 ) GLOBAL_UNCERTAINTY_ASSIGNED_CONTEXT ( ( #2761 ) ) GLOBAL_UNIT_ASSIGNED_CONTEXT ( ( #1827, #7112, #2580 ) ) REPRESENTATION_CONTEXT ( 'NONE', 'WORKASPACE' ) );
#9630 = ORIENTED_EDGE ( 'NONE', *, *, #4009, .T. ) ;
#9631 = CARTESIAN_POINT ( 'NONE',  ( 3.199999999999997957, 1.670000000000000151, -1.720000000000001084 ) ) ;
#9632 = SURFACE_STYLE_USAGE ( .BOTH. , #3588 ) ;
#9633 = CARTESIAN_POINT ( 'NONE',  ( 2.674999999999999822, -4.649999999999998579, 1.500000000000000000 ) ) ;
#9634 = VECTOR ( 'NONE', #1802, 1000.000000000000000 ) ;
#9635 = DIRECTION ( 'NONE',  ( 1.445602896647335958E-15, 1.000000000000000000, 0.0000000000000000000 ) ) ;
#9637 = AXIS2_PLACEMENT_3D ( 'NONE', #7048, #7856, #4296 ) ;
#9636 = SURFACE_SIDE_STYLE ('',( #1665 ) ) ;
#9638 = ORIENTED_EDGE ( 'NONE', *, *, #2932, .T. ) ;
#9639 = COLOUR_RGB ( '',0.7921568627450980005, 0.8196078431372548767, 0.9333333333333333481 ) ;
#9640 =( NAMED_UNIT ( * ) SI_UNIT ( $, .STERADIAN. ) SOLID_ANGLE_UNIT ( ) );
#9641 = ORIENTED_EDGE ( 'NONE', *, *, #4942, .F. ) ;
#9642 = VERTEX_POINT ( 'NONE', #2878 ) ;
#9643 = EDGE_CURVE ( 'NONE', #3029, #5063, #4495, .T. ) ;
#9644 = CARTESIAN_POINT ( 'NONE',  ( 4.250000000000000000, -0.3500000000000004774, -0.6502286246418800264 ) ) ;
#9645 =( LENGTH_UNIT ( ) NAMED_UNIT ( * ) SI_UNIT ( .MILLI., .METRE. ) );
#9646 =( NAMED_UNIT ( * ) PLANE_ANGLE_UNIT ( ) SI_UNIT ( $, .RADIAN. ) );
#9647 = ORIENTED_EDGE ( 'NONE', *, *, #5198, .T. ) ;
#9648 = PRESENTATION_STYLE_ASSIGNMENT (( #6395 ) ) ;
#9649 = ORIENTED_EDGE ( 'NONE', *, *, #4832, .T. ) ;
#9650 = VECTOR ( 'NONE', #3247, 1000.000000000000000 ) ;
#9651 = UNCERTAINTY_MEASURE_WITH_UNIT (LENGTH_MEASURE( 1.000000000000000082E-05 ), #2048, 'distance_accuracy_value', 'NONE');
#9652 = EDGE_LOOP ( 'NONE', ( #2941, #8449, #1311, #3381 ) ) ;
#9653 = ORIENTED_EDGE ( 'NONE', *, *, #6775, .T. ) ;
#9654 = ORIENTED_EDGE ( 'NONE', *, *, #6993, .T. ) ;
#9655 = EDGE_CURVE ( 'NONE', #7982, #455, #738, .T. ) ;
#9656 = MECHANICAL_DESIGN_GEOMETRIC_PRESENTATION_REPRESENTATION (  '', ( #8640 ), #396 ) ;
#9657 = VERTEX_POINT ( 'NONE', #4448 ) ;
#9658 = EDGE_CURVE ( 'NONE', #9467, #7995, #6735, .T. ) ;
#9659 = ORIENTED_EDGE ( 'NONE', *, *, #2102, .T. ) ;
#9660 = LINE ( 'NONE', #4191, #5386 ) ;
#9661 = PRESENTATION_STYLE_ASSIGNMENT (( #8249 ) ) ;
#9662 = VECTOR ( 'NONE', #3847, 1000.000000000000000 ) ;
#9663 = ORIENTED_EDGE ( 'NONE', *, *, #9363, .T. ) ;
#9664 =( LENGTH_UNIT ( ) NAMED_UNIT ( * ) SI_UNIT ( .MILLI., .METRE. ) );
#9665 = ADVANCED_FACE ( 'NONE', ( #8262 ), #3166, .F. ) ;
#9666 = ORIENTED_EDGE ( 'NONE', *, *, #520, .F. ) ;
#9667 = DIRECTION ( 'NONE',  ( 0.0000000000000000000, 0.0000000000000000000, -1.000000000000000000 ) ) ;
#9668 = EDGE_LOOP ( 'NONE', ( #3465, #3513, #6793, #1591 ) ) ;
#9669 = CARTESIAN_POINT ( 'NONE',  ( 4.149999999999998579, -1.149999999999998801, -1.800000000000001155 ) ) ;
#9670 = EDGE_LOOP ( 'NONE', ( #3523, #5759, #7869, #2527 ) ) ;
#9671 = ORIENTED_EDGE ( 'NONE', *, *, #9594, .T. ) ;
#9672 = DIRECTION ( 'NONE',  ( 1.224646799147352961E-16, 0.0000000000000000000, -1.000000000000000000 ) ) ;
#9673 = SURFACE_STYLE_FILL_AREA ( #6642 ) ;
#9674 = FILL_AREA_STYLE ('',( #8902 ) ) ;
#9675 = CARTESIAN_POINT ( 'NONE',  ( 4.150000000000000355, -1.084202172485504434E-16, 0.5081345747705631188 ) ) ;
#9676 =( GEOMETRIC_REPRESENTATION_CONTEXT ( 3 ) GLOBAL_UNCERTAINTY_ASSIGNED_CONTEXT ( ( #2967 ) ) GLOBAL_UNIT_ASSIGNED_CONTEXT ( ( #7844, #6522, #4870 ) ) REPRESENTATION_CONTEXT ( 'NONE', 'WORKASPACE' ) );
#9677 = CARTESIAN_POINT ( 'NONE',  ( 3.362767475035664422, -1.073609129814550478, -1.499999999999999556 ) ) ;
#9678 =( NAMED_UNIT ( * ) SI_UNIT ( $, .STERADIAN. ) SOLID_ANGLE_UNIT ( ) );
#9679 = CYLINDRICAL_SURFACE ( 'NONE', #2990, 0.02999999999999964501 ) ;
#9680 = EDGE_LOOP ( 'NONE', ( #8388, #9287, #8332, #904 ) ) ;
#9681 = DIRECTION ( 'NONE',  ( 1.000000000000000000, 0.0000000000000000000, 2.891205793294677044E-15 ) ) ;
#9682 = CARTESIAN_POINT ( 'NONE',  ( 4.250000000000002665, 0.6500000000000000222, 0.9500000000000016209 ) ) ;
#9683 = EDGE_CURVE ( 'NONE', #129, #1941, #5542, .T. ) ;
#9684 = PRESENTATION_LAYER_ASSIGNMENT (  '', '', ( #8669 ) ) ;
#9685 = ORIENTED_EDGE ( 'NONE', *, *, #7366, .T. ) ;
#9686 = ORIENTED_EDGE ( 'NONE', *, *, #2385, .F. ) ;
#9687 = ORIENTED_EDGE ( 'NONE', *, *, #8704, .F. ) ;
#9688 = UNCERTAINTY_MEASURE_WITH_UNIT (LENGTH_MEASURE( 1.000000000000000082E-05 ), #2692, 'distance_accuracy_value', 'NONE');
#9689 = PLANE ( 'NONE',  #2021 ) ;
#9690 = LINE ( 'NONE', #5121, #1194 ) ;
#9691 = FILL_AREA_STYLE_COLOUR ( '', #2734 ) ;
#9692 = STYLED_ITEM ( 'NONE', ( #7465 ), #8820 ) ;
#9693 = ORIENTED_EDGE ( 'NONE', *, *, #1853, .T. ) ;
#9694 = ORIENTED_EDGE ( 'NONE', *, *, #3802, .T. ) ;
#9695 = EDGE_CURVE ( 'NONE', #7041, #7879, #1513, .T. ) ;
#9696 = AXIS2_PLACEMENT_3D ( 'NONE', #2360, #4666, #5422 ) ;
#9697 =( GEOMETRIC_REPRESENTATION_CONTEXT ( 3 ) GLOBAL_UNCERTAINTY_ASSIGNED_CONTEXT ( ( #356 ) ) GLOBAL_UNIT_ASSIGNED_CONTEXT ( ( #9664, #9262, #204 ) ) REPRESENTATION_CONTEXT ( 'NONE', 'WORKASPACE' ) );
#9698 = ORIENTED_EDGE ( 'NONE', *, *, #3311, .T. ) ;
#9699 = CARTESIAN_POINT ( 'NONE',  ( -5.221110255092797026, -1.149999999999999911, 1.500000000000000000 ) ) ;
#9700 = DIRECTION ( 'NONE',  ( -1.000000000000000000, 0.0000000000000000000, 0.0000000000000000000 ) ) ;
#9701 = DIRECTION ( 'NONE',  ( -0.0000000000000000000, 3.771137991253929066E-16, -1.000000000000000000 ) ) ;
#9702 = LINE ( 'NONE', #7045, #7933 ) ;
#9703 = EDGE_CURVE ( 'NONE', #7611, #1055, #9320, .T. ) ;
#9704 = CARTESIAN_POINT ( 'NONE',  ( 4.250000000000038192, 3.649999999999998579, -0.9500000000000006217 ) ) ;
#9705 = CARTESIAN_POINT ( 'NONE',  ( -2.200000000000000622, -1.149999999999999911, 0.8291796067500618594 ) ) ;
#9706 = VERTEX_POINT ( 'NONE', #3197 ) ;
#9707 = VECTOR ( 'NONE', #4609, 1000.000000000000000 ) ;
#9708 = FILL_AREA_STYLE ('',( #1296 ) ) ;
#9709 = UNCERTAINTY_MEASURE_WITH_UNIT (LENGTH_MEASURE( 1.000000000000000082E-05 ), #6443, 'distance_accuracy_value', 'NONE');
#9710 = CARTESIAN_POINT ( 'NONE',  ( 4.399999999999998579, 0.0000000000000000000, 0.0000000000000000000 ) ) ;
#9711 = CARTESIAN_POINT ( 'NONE',  ( -2.200000000000000178, -0.8499999999999992006, 1.499999999999999556 ) ) ;
#9712 = DIRECTION ( 'NONE',  ( 0.9284766908852578604, -0.3713906763541075517, -1.610650312575933773E-15 ) ) ;
#9713 = VECTOR ( 'NONE', #4463, 1000.000000000000000 ) ;
#9714 = EDGE_CURVE ( 'NONE', #1838, #7558, #9074, .T. ) ;
#9715 = ORIENTED_EDGE ( 'NONE', *, *, #9518, .F. ) ;
#9716 = VECTOR ( 'NONE', #5357, 1000.000000000000000 ) ;
#9717 = CARTESIAN_POINT ( 'NONE',  ( 4.150000000000000355, 0.6499999999999982458, -0.9500000000000025091 ) ) ;
#9718 = ADVANCED_FACE ( 'NONE', ( #5302 ), #6967, .T. ) ;
#9719 = PRESENTATION_LAYER_ASSIGNMENT (  '', '', ( #9196 ) ) ;
#9720 = EDGE_CURVE ( 'NONE', #4363, #9116, #3046, .T. ) ;
#9721 = LINE ( 'NONE', #5392, #3684 ) ;
#9722 = CIRCLE ( 'NONE', #8682, 0.3000000000000007661 ) ;
#9723 = DIRECTION ( 'NONE',  ( 0.1218693434051553726, 0.9925461516413209839, -2.202183447987524031E-17 ) ) ;
#9724 = VECTOR ( 'NONE', #2532, 1000.000000000000000 ) ;
#9725 = CARTESIAN_POINT ( 'NONE',  ( 4.250000000000000000, 0.6499999999999989120, 1.500000000000000000 ) ) ;
#9726 = AXIS2_PLACEMENT_3D ( 'NONE', #8489, #6748, #2195 ) ;
#9727 = VECTOR ( 'NONE', #3818, 1000.000000000000000 ) ;
#9728 = PLANE ( 'NONE',  #2387 ) ;
#9729 = VECTOR ( 'NONE', #1294, 1000.000000000000000 ) ;
#9730 = EDGE_CURVE ( 'NONE', #3274, #6597, #3540, .T. ) ;
#9731 = LINE ( 'NONE', #5445, #874 ) ;
#9732 = ORIENTED_EDGE ( 'NONE', *, *, #141, .F. ) ;
#9733 = PLANE ( 'NONE',  #2317 ) ;
#9734 = DIRECTION ( 'NONE',  ( -2.891205793294677439E-15, 0.0000000000000000000, 1.000000000000000000 ) ) ;
#9735 = CARTESIAN_POINT ( 'NONE',  ( -4.250000000000012434, 3.649999999999998579, 0.9500000000000011768 ) ) ;
#9736 = VECTOR ( 'NONE', #5465, 1000.000000000000000 ) ;
#9737 = PLANE ( 'NONE',  #6513 ) ;
#9738 = CARTESIAN_POINT ( 'NONE',  ( -4.499999999999999112, 1.670000000000000151, -0.9500000000000020650 ) ) ;
#9740 = ORIENTED_EDGE ( 'NONE', *, *, #2329, .T. ) ;
#9739 = SURFACE_STYLE_USAGE ( .BOTH. , #4449 ) ;
#9741 = LINE ( 'NONE', #6323, #3935 ) ;
#9742 = ORIENTED_EDGE ( 'NONE', *, *, #5922, .T. ) ;
#9743 = PLANE ( 'NONE',  #1403 ) ;
#9744 = CARTESIAN_POINT ( 'NONE',  ( -2.799999999999999822, -4.749999999999999112, 1.499999999999999778 ) ) ;
#9745 = CARTESIAN_POINT ( 'NONE',  ( 2.200000000000000178, -0.8499999999999992006, 1.499999999999999334 ) ) ;
#9746 = PRESENTATION_LAYER_ASSIGNMENT (  '', '', ( #8733 ) ) ;
#9747 = LINE ( 'NONE', #6244, #7719 ) ;
#9748 = CARTESIAN_POINT ( 'NONE',  ( 4.150000000000000355, -0.3500000000000006439, 1.500000000000000000 ) ) ;
#9749 = DIRECTION ( 'NONE',  ( 0.1888473936501247619, -0.9820064469806472074, 1.414264159728933706E-16 ) ) ;
#9750 = ORIENTED_EDGE ( 'NONE', *, *, #1719, .F. ) ;
#9751 = VECTOR ( 'NONE', #5123, 1000.000000000000000 ) ;
#9752 = PRESENTATION_STYLE_ASSIGNMENT (( #3546 ) ) ;
#9753 = LINE ( 'NONE', #3673, #8317 ) ;
#9754 = SURFACE_SIDE_STYLE ('',( #3537 ) ) ;
#9755 = VERTEX_POINT ( 'NONE', #1695 ) ;
#9756 = EDGE_CURVE ( 'NONE', #9528, #4308, #4831, .T. ) ;
#9757 = LINE ( 'NONE', #8759, #1931 ) ;
#9758 = STYLED_ITEM ( 'NONE', ( #3480 ), #7617 ) ;
#9759 = SURFACE_STYLE_USAGE ( .BOTH. , #1452 ) ;
#9760 = CARTESIAN_POINT ( 'NONE',  ( 4.399999999999998579, 0.7499999999999996669, 1.500000000000000000 ) ) ;
#9761 = PLANE ( 'NONE',  #2610 ) ;
ENDSEC;
END-ISO-10303-21;
