ISO-10303-21;
HEADER;
FILE_DESCRIPTION (( 'STEP AP214' ),
    '1' );
FILE_NAME ('TSSOP14B.STEP',
    '2018-02-08T01:13:42',
    ( 'admin' ),
    ( 'Microsoft' ),
    'SwSTEP 2.0',
    'SolidWorks 2015',
    '' );
FILE_SCHEMA (( 'AUTOMOTIVE_DESIGN' ));
ENDSEC;

DATA;
#1 = ORIENTED_EDGE ( 'NONE', *, *, #8536, .F. ) ;
#2 = VECTOR ( 'NONE', #8876, 1000.000000000000000 ) ;
#3 = EDGE_CURVE ( 'NONE', #597, #3957, #3071, .T. ) ;
#4 = CARTESIAN_POINT ( 'NONE',  ( 1.422499999999999700, -2.497121287348441400, 0.4445903360673038000 ) ) ;
#5 = EDGE_LOOP ( 'NONE', ( #7995, #1463, #6723, #2990 ) ) ;
#6 = CIRCLE ( 'NONE', #8396, 0.2450000000000004400 ) ;
#7 = STYLED_ITEM ( 'NONE', ( #7068 ), #2149 ) ;
#8 = ORIENTED_EDGE ( 'NONE', *, *, #5340, .T. ) ;
#9 = LINE ( 'NONE', #2150, #3900 ) ;
#10 = CARTESIAN_POINT ( 'NONE',  ( -2.072500000000000200, -2.200000000000000200, 0.6724999999999941000 ) ) ;
#11 = CARTESIAN_POINT ( 'NONE',  ( 0.7724999999999997400, -2.200000000000000200, 0.6724999999999941000 ) ) ;
#12 = PRESENTATION_LAYER_ASSIGNMENT (  '', '', ( #8939 ) ) ;
#13 = DIRECTION ( 'NONE',  ( 0.0000000000000000000, -0.9975640502598246400, -0.06975647374411951500 ) ) ;
#14 = ORIENTED_EDGE ( 'NONE', *, *, #2918, .T. ) ;
#15 = CARTESIAN_POINT ( 'NONE',  ( -1.422500000000000100, 2.252718095034784300, 0.4274999999999940500 ) ) ;
#16 = CARTESIAN_POINT ( 'NONE',  ( 1.422499999999999700, 2.200000000000000200, 0.6724999999999941000 ) ) ;
#17 = FILL_AREA_STYLE_COLOUR ( '', #3732 ) ;
#18 = VECTOR ( 'NONE', #461, 1000.000000000000000 ) ;
#19 = SURFACE_SIDE_STYLE ('',( #625 ) ) ;
#20 = EDGE_CURVE ( 'NONE', #9247, #305, #6860, .T. ) ;
#21 = FACE_OUTER_BOUND ( 'NONE', #8616, .T. ) ;
#22 =( NAMED_UNIT ( * ) SI_UNIT ( $, .STERADIAN. ) SOLID_ANGLE_UNIT ( ) );
#23 = DIRECTION ( 'NONE',  ( 0.0000000000000000000, -0.9975640502598243100, -0.06975647374412599600 ) ) ;
#24 = DIRECTION ( 'NONE',  ( -1.000000000000000000, 0.0000000000000000000, -0.0000000000000000000 ) ) ;
#25 = CARTESIAN_POINT ( 'NONE',  ( 2.500000000000000000, 2.200000000000000600, 0.6724999999999941000 ) ) ;
#26 = ORIENTED_EDGE ( 'NONE', *, *, #1561, .F. ) ;
#27 = UNCERTAINTY_MEASURE_WITH_UNIT (LENGTH_MEASURE( 1.000000000000000100E-005 ), #6582, 'distance_accuracy_value', 'NONE');
#28 = CYLINDRICAL_SURFACE ( 'NONE', #1222, 0.2450000000000002200 ) ;
#29 = FILL_AREA_STYLE ('',( #8929 ) ) ;
#30 =( GEOMETRIC_REPRESENTATION_CONTEXT ( 3 ) GLOBAL_UNCERTAINTY_ASSIGNED_CONTEXT ( ( #7453 ) ) GLOBAL_UNIT_ASSIGNED_CONTEXT ( ( #387, #6029, #6531 ) ) REPRESENTATION_CONTEXT ( 'NONE', 'WORKASPACE' ) );
#31 = DIRECTION ( 'NONE',  ( 0.0000000000000000000, 0.0000000000000000000, 1.000000000000000000 ) ) ;
#32 = SURFACE_STYLE_USAGE ( .BOTH. , #4385 ) ;
#33 =( LENGTH_UNIT ( ) NAMED_UNIT ( * ) SI_UNIT ( .MILLI., .METRE. ) );
#34 = ADVANCED_FACE ( 'NONE', ( #4964 ), #4500, .F. ) ;
#35 =( NAMED_UNIT ( * ) SI_UNIT ( $, .STERADIAN. ) SOLID_ANGLE_UNIT ( ) );
#36 = LINE ( 'NONE', #6502, #3689 ) ;
#37 = EDGE_CURVE ( 'NONE', #208, #5752, #2850, .T. ) ;
#38 = EDGE_CURVE ( 'NONE', #2659, #1823, #6636, .T. ) ;
#39 = ORIENTED_EDGE ( 'NONE', *, *, #8843, .T. ) ;
#40 = CARTESIAN_POINT ( 'NONE',  ( 1.177499999999999800, -2.252718095034784300, 0.6724999999999939900 ) ) ;
#41 = VECTOR ( 'NONE', #7713, 1000.000000000000200 ) ;
#42 = AXIS2_PLACEMENT_3D ( 'NONE', #3772, #8807, #4475 ) ;
#43 = STYLED_ITEM ( 'NONE', ( #1181 ), #4049 ) ;
#44 = LINE ( 'NONE', #3350, #3698 ) ;
#45 =( LENGTH_UNIT ( ) NAMED_UNIT ( * ) SI_UNIT ( .MILLI., .METRE. ) );
#46 = CARTESIAN_POINT ( 'NONE',  ( 1.827499999999999700, -2.601461569844106100, 0.1865006715341501500 ) ) ;
#47 = FACE_OUTER_BOUND ( 'NONE', #4875, .T. ) ;
#48 = UNCERTAINTY_MEASURE_WITH_UNIT (LENGTH_MEASURE( 1.000000000000000100E-005 ), #984, 'distance_accuracy_value', 'NONE');
#49 =( NAMED_UNIT ( * ) PLANE_ANGLE_UNIT ( ) SI_UNIT ( $, .RADIAN. ) );
#50 = DIRECTION ( 'NONE',  ( -1.000000000000000000, -0.0000000000000000000, -0.0000000000000000000 ) ) ;
#51 =( LENGTH_UNIT ( ) NAMED_UNIT ( * ) SI_UNIT ( .MILLI., .METRE. ) );
#52 = AXIS2_PLACEMENT_3D ( 'NONE', #5410, #1109, #6129 ) ;
#53 = CARTESIAN_POINT ( 'NONE',  ( -1.177500000000000200, -2.252718095034783400, 0.5274999999999934200 ) ) ;
#54 = VECTOR ( 'NONE', #5804, 1000.000000000000000 ) ;
#55 = DIRECTION ( 'NONE',  ( 0.0000000000000000000, 0.0000000000000000000, 1.000000000000000000 ) ) ;
#56 = LINE ( 'NONE', #620, #5597 ) ;
#57 = UNCERTAINTY_MEASURE_WITH_UNIT (LENGTH_MEASURE( 1.000000000000000100E-005 ), #6569, 'distance_accuracy_value', 'NONE');
#58 = CARTESIAN_POINT ( 'NONE',  ( -0.1225000000000002200, -3.200000000000000200, 0.1446467872876744900 ) ) ;
#59 = DIRECTION ( 'NONE',  ( -0.0000000000000000000, 0.06975647374412818900, -0.9975640502598240900 ) ) ;
#60 = SURFACE_STYLE_USAGE ( .BOTH. , #4416 ) ;
#61 = DIRECTION ( 'NONE',  ( -1.000000000000000000, -0.0000000000000000000, -0.0000000000000000000 ) ) ;
#62 =( GEOMETRIC_REPRESENTATION_CONTEXT ( 3 ) GLOBAL_UNCERTAINTY_ASSIGNED_CONTEXT ( ( #3738 ) ) GLOBAL_UNIT_ASSIGNED_CONTEXT ( ( #5479, #4068, #3336 ) ) REPRESENTATION_CONTEXT ( 'NONE', 'WORKASPACE' ) );
#63 = ORIENTED_EDGE ( 'NONE', *, *, #2067, .T. ) ;
#64 = LINE ( 'NONE', #7365, #5377 ) ;
#65 = MECHANICAL_DESIGN_GEOMETRIC_PRESENTATION_REPRESENTATION (  '', ( #7989 ), #548 ) ;
#66 = LINE ( 'NONE', #8957, #9268 ) ;
#67 = SURFACE_SIDE_STYLE ('',( #1762 ) ) ;
#68 = CIRCLE ( 'NONE', #2628, 0.09999999999999988100 ) ;
#69 = ORIENTED_EDGE ( 'NONE', *, *, #4178, .F. ) ;
#70 = EDGE_CURVE ( 'NONE', #326, #1329, #4742, .T. ) ;
#71 = VERTEX_POINT ( 'NONE', #2754 ) ;
#72 = PLANE ( 'NONE',  #8978 ) ;
#73 = FACE_OUTER_BOUND ( 'NONE', #5173, .T. ) ;
#74 = CARTESIAN_POINT ( 'NONE',  ( 2.072499999999999800, -2.352474500060765600, 0.4344756473744061900 ) ) ;
#75 = EDGE_CURVE ( 'NONE', #8498, #7543, #662, .T. ) ;
#76 = LINE ( 'NONE', #6781, #3491 ) ;
#77 = ADVANCED_FACE ( 'NONE', ( #2615 ), #3622, .F. ) ;
#78 = CARTESIAN_POINT ( 'NONE',  ( 0.5274999999999997500, 2.508680812192536400, 0.2792814291857203500 ) ) ;
#79 = CARTESIAN_POINT ( 'NONE',  ( 0.1224999999999997800, 2.252718095034784300, 0.4274999999999940500 ) ) ;
#80 = AXIS2_PLACEMENT_3D ( 'NONE', #8754, #4411, #55 ) ;
#81 = EDGE_LOOP ( 'NONE', ( #5697, #3120, #943, #8693 ) ) ;
#82 = VERTEX_POINT ( 'NONE', #1744 ) ;
#83 = CARTESIAN_POINT ( 'NONE',  ( -2.072500000000000200, 2.252718095034784300, 0.6724999999999939900 ) ) ;
#84 = FILL_AREA_STYLE_COLOUR ( '', #5475 ) ;
#85 = DIRECTION ( 'NONE',  ( 0.0000000000000000000, 0.0000000000000000000, 1.000000000000000000 ) ) ;
#86 = ORIENTED_EDGE ( 'NONE', *, *, #3094, .T. ) ;
#87 = VECTOR ( 'NONE', #2379, 1000.000000000000000 ) ;
#88 = ORIENTED_EDGE ( 'NONE', *, *, #402, .F. ) ;
#89 =( LENGTH_UNIT ( ) NAMED_UNIT ( * ) SI_UNIT ( .MILLI., .METRE. ) );
#90 = ORIENTED_EDGE ( 'NONE', *, *, #2712, .F. ) ;
#91 = ORIENTED_EDGE ( 'NONE', *, *, #3239, .F. ) ;
#92 = EDGE_CURVE ( 'NONE', #4298, #4506, #5511, .T. ) ;
#93 = EDGE_CURVE ( 'NONE', #5211, #8243, #9427, .T. ) ;
#94 = ORIENTED_EDGE ( 'NONE', *, *, #6501, .F. ) ;
#95 = PLANE ( 'NONE',  #8417 ) ;
#96 = SURFACE_STYLE_FILL_AREA ( #6598 ) ;
#97 = DIRECTION ( 'NONE',  ( -1.000000000000000000, -0.0000000000000000000, -0.0000000000000000000 ) ) ;
#98 = ORIENTED_EDGE ( 'NONE', *, *, #1918, .F. ) ;
#99 = PRESENTATION_STYLE_ASSIGNMENT (( #9105 ) ) ;
#100 = VECTOR ( 'NONE', #2320, 999.9999999999998900 ) ;
#101 = FILL_AREA_STYLE ('',( #1570 ) ) ;
#102 = PRESENTATION_LAYER_ASSIGNMENT (  '', '', ( #9020 ) ) ;
#103 = FACE_OUTER_BOUND ( 'NONE', #1673, .T. ) ;
#104 = MECHANICAL_DESIGN_GEOMETRIC_PRESENTATION_REPRESENTATION (  '', ( #8541 ), #584 ) ;
#105 = VERTEX_POINT ( 'NONE', #2022 ) ;
#106 = SURFACE_STYLE_FILL_AREA ( #3402 ) ;
#107 = ORIENTED_EDGE ( 'NONE', *, *, #1094, .F. ) ;
#108 = UNCERTAINTY_MEASURE_WITH_UNIT (LENGTH_MEASURE( 1.000000000000000100E-005 ), #7941, 'distance_accuracy_value', 'NONE');
#109 = STYLED_ITEM ( 'NONE', ( #1436 ), #745 ) ;
#110 = COLOUR_RGB ( '',1.000000000000000000, 1.000000000000000000, 1.000000000000000000 ) ;
#111 = DIRECTION ( 'NONE',  ( 0.0000000000000000000, 0.0000000000000000000, -1.000000000000000000 ) ) ;
#112 = VERTEX_POINT ( 'NONE', #1477 ) ;
#113 = CYLINDRICAL_SURFACE ( 'NONE', #1084, 0.09999999999999939500 ) ;
#114 = CARTESIAN_POINT ( 'NONE',  ( 0.1224999999999997800, -3.200000000000000200, 0.1446467872876744900 ) ) ;
#115 = ORIENTED_EDGE ( 'NONE', *, *, #4010, .T. ) ;
#116 = AXIS2_PLACEMENT_3D ( 'NONE', #9052, #4710, #377 ) ;
#117 = SURFACE_STYLE_USAGE ( .BOTH. , #4466 ) ;
#118 = DIRECTION ( 'NONE',  ( -1.000000000000000000, 0.0000000000000000000, -0.0000000000000000000 ) ) ;
#119 = SURFACE_STYLE_FILL_AREA ( #7082 ) ;
#120 =( NAMED_UNIT ( * ) SI_UNIT ( $, .STERADIAN. ) SOLID_ANGLE_UNIT ( ) );
#121 = FILL_AREA_STYLE_COLOUR ( '', #2341 ) ;
#122 = VERTEX_POINT ( 'NONE', #1962 ) ;
#123 = FILL_AREA_STYLE_COLOUR ( '', #3376 ) ;
#124 =( NAMED_UNIT ( * ) SI_UNIT ( $, .STERADIAN. ) SOLID_ANGLE_UNIT ( ) );
#125 = VERTEX_POINT ( 'NONE', #1774 ) ;
#126 = CARTESIAN_POINT ( 'NONE',  ( -1.827500000000000100, 2.508680812192536400, 0.2792814291857203500 ) ) ;
#127 = CARTESIAN_POINT ( 'NONE',  ( 1.827499999999999700, -2.200000000000000200, 0.6724999999999941000 ) ) ;
#128 = SURFACE_STYLE_FILL_AREA ( #811 ) ;
#129 = MECHANICAL_DESIGN_GEOMETRIC_PRESENTATION_REPRESENTATION (  '', ( #8560 ), #605 ) ;
#130 = PRESENTATION_STYLE_ASSIGNMENT (( #1406 ) ) ;
#131 = CARTESIAN_POINT ( 'NONE',  ( -1.177500000000000200, 2.252718095034783400, 0.5274999999999934200 ) ) ;
#132 = AXIS2_PLACEMENT_3D ( 'NONE', #5000, #654, #5709 ) ;
#133 = FILL_AREA_STYLE ('',( #3015 ) ) ;
#134 = ORIENTED_EDGE ( 'NONE', *, *, #7900, .T. ) ;
#135 = ADVANCED_FACE ( 'NONE', ( #9176 ), #1175, .T. ) ;
#136 =( NAMED_UNIT ( * ) SI_UNIT ( $, .STERADIAN. ) SOLID_ANGLE_UNIT ( ) );
#137 = EDGE_CURVE ( 'NONE', #5523, #2085, #1695, .T. ) ;
#138 = DIRECTION ( 'NONE',  ( 0.0000000000000000000, 0.0000000000000000000, -1.000000000000000000 ) ) ;
#139 = AXIS2_PLACEMENT_3D ( 'NONE', #8820, #5912, #3649 ) ;
#140 = FILL_AREA_STYLE_COLOUR ( '', #1400 ) ;
#141 = AXIS2_PLACEMENT_3D ( 'NONE', #7507, #3226, #8260 ) ;
#142 = LINE ( 'NONE', #5376, #3798 ) ;
#143 = DIRECTION ( 'NONE',  ( 0.0000000000000000000, 1.000000000000000000, 2.056603471294124000E-015 ) ) ;
#144 = LINE ( 'NONE', #2606, #5688 ) ;
#145 = LINE ( 'NONE', #7378, #9363 ) ;
#146 = CARTESIAN_POINT ( 'NONE',  ( 2.072499999999999800, 2.364034024904861500, 0.2691667404928227400 ) ) ;
#147 = ORIENTED_EDGE ( 'NONE', *, *, #9252, .T. ) ;
#148 = EDGE_CURVE ( 'NONE', #2200, #6095, #1930, .T. ) ;
#149 = ORIENTED_EDGE ( 'NONE', *, *, #4651, .T. ) ;
#150 = VECTOR ( 'NONE', #5707, 1000.000000000000200 ) ;
#151 = SURFACE_STYLE_USAGE ( .BOTH. , #4772 ) ;
#152 = EDGE_CURVE ( 'NONE', #1700, #2733, #7201, .T. ) ;
#153 = DIRECTION ( 'NONE',  ( 0.0000000000000000000, 0.0000000000000000000, 1.000000000000000000 ) ) ;
#154 = DIRECTION ( 'NONE',  ( 0.0000000000000000000, 0.0000000000000000000, -1.000000000000000000 ) ) ;
#155 = VECTOR ( 'NONE', #3551, 1000.000000000000200 ) ;
#156 = MECHANICAL_DESIGN_GEOMETRIC_PRESENTATION_REPRESENTATION (  '', ( #8596 ), #636 ) ;
#157 = DIRECTION ( 'NONE',  ( 0.0000000000000000000, 0.0000000000000000000, -1.000000000000000000 ) ) ;
#158 =( GEOMETRIC_REPRESENTATION_CONTEXT ( 3 ) GLOBAL_UNCERTAINTY_ASSIGNED_CONTEXT ( ( #5213 ) ) GLOBAL_UNIT_ASSIGNED_CONTEXT ( ( #3354, #8750, #5335 ) ) REPRESENTATION_CONTEXT ( 'NONE', 'WORKASPACE' ) );
#159 = ORIENTED_EDGE ( 'NONE', *, *, #6487, .T. ) ;
#160 = CYLINDRICAL_SURFACE ( 'NONE', #3054, 0.2450000000000002200 ) ;
#161 = PLANE ( 'NONE',  #6817 ) ;
#162 = DIRECTION ( 'NONE',  ( 0.0000000000000000000, 0.0000000000000000000, -1.000000000000000000 ) ) ;
#163 = LINE ( 'NONE', #7535, #5703 ) ;
#164 = MECHANICAL_DESIGN_GEOMETRIC_PRESENTATION_REPRESENTATION (  '', ( #8076 ), #642 ) ;
#165 =( NAMED_UNIT ( * ) SI_UNIT ( $, .STERADIAN. ) SOLID_ANGLE_UNIT ( ) );
#166 = AXIS2_PLACEMENT_3D ( 'NONE', #410, #5460, #1163 ) ;
#167 = CARTESIAN_POINT ( 'NONE',  ( 2.072499999999999800, -2.252718095034784300, 0.6724999999999939900 ) ) ;
#168 = DIRECTION ( 'NONE',  ( 0.0000000000000000000, -0.9975640502598246400, -0.06975647374411951500 ) ) ;
#169 = AXIS2_PLACEMENT_3D ( 'NONE', #6963, #5566, #1256 ) ;
#170 = UNCERTAINTY_MEASURE_WITH_UNIT (LENGTH_MEASURE( 1.000000000000000100E-005 ), #9307, 'distance_accuracy_value', 'NONE');
#171 = DIRECTION ( 'NONE',  ( 0.0000000000000000000, 0.0000000000000000000, -1.000000000000000000 ) ) ;
#172 = ORIENTED_EDGE ( 'NONE', *, *, #3210, .T. ) ;
#173 = ADVANCED_FACE ( 'NONE', ( #5289 ), #7426, .F. ) ;
#174 = DIRECTION ( 'NONE',  ( 0.0000000000000000000, 0.06975647374412599600, 0.9975640502598242000 ) ) ;
#175 = SURFACE_STYLE_USAGE ( .BOTH. , #4525 ) ;
#176 = CARTESIAN_POINT ( 'NONE',  ( -1.177500000000000200, 2.200000000000000200, 0.5274999999999939700 ) ) ;
#177 = FILL_AREA_STYLE ('',( #84 ) ) ;
#178 = AXIS2_PLACEMENT_3D ( 'NONE', #736, #5787, #1486 ) ;
#179 = ORIENTED_EDGE ( 'NONE', *, *, #8954, .T. ) ;
#180 = CARTESIAN_POINT ( 'NONE',  ( 1.177499999999999800, 3.189885311307101700, 2.710505431213761100E-017 ) ) ;
#181 = SURFACE_SIDE_STYLE ('',( #2396 ) ) ;
#182 = VERTEX_POINT ( 'NONE', #803 ) ;
#183 = LINE ( 'NONE', #4490, #5727 ) ;
#184 =( GEOMETRIC_REPRESENTATION_CONTEXT ( 3 ) GLOBAL_UNCERTAINTY_ASSIGNED_CONTEXT ( ( #1339 ) ) GLOBAL_UNIT_ASSIGNED_CONTEXT ( ( #8105, #3791, #2911 ) ) REPRESENTATION_CONTEXT ( 'NONE', 'WORKASPACE' ) );
#185 = ORIENTED_EDGE ( 'NONE', *, *, #3810, .F. ) ;
#186 = ORIENTED_EDGE ( 'NONE', *, *, #2978, .F. ) ;
#187 = AXIS2_PLACEMENT_3D ( 'NONE', #3000, #4391, #2280 ) ;
#188 = FILL_AREA_STYLE ('',( #5224 ) ) ;
#189 = SURFACE_STYLE_USAGE ( .BOTH. , #5157 ) ;
#190 =( NAMED_UNIT ( * ) PLANE_ANGLE_UNIT ( ) SI_UNIT ( $, .RADIAN. ) );
#191 = PRESENTATION_STYLE_ASSIGNMENT (( #1057 ) ) ;
#192 = EDGE_CURVE ( 'NONE', #3422, #3859, #8231, .T. ) ;
#193 = ORIENTED_EDGE ( 'NONE', *, *, #464, .F. ) ;
#194 = CARTESIAN_POINT ( 'NONE',  ( -1.177500000000000200, 2.200000000000000200, 0.6724999999999941000 ) ) ;
#195 = ORIENTED_EDGE ( 'NONE', *, *, #3554, .T. ) ;
#196 = DIRECTION ( 'NONE',  ( 0.0000000000000000000, 0.0000000000000000000, 1.000000000000000000 ) ) ;
#197 = ORIENTED_EDGE ( 'NONE', *, *, #5227, .F. ) ;
#198 = CARTESIAN_POINT ( 'NONE',  ( -1.924620215747131300, -1.124620215747131200, 1.090000000000000100 ) ) ;
#199 = EDGE_CURVE ( 'NONE', #7859, #1714, #6288, .T. ) ;
#200 = FACE_OUTER_BOUND ( 'NONE', #1251, .T. ) ;
#201 = MECHANICAL_DESIGN_GEOMETRIC_PRESENTATION_REPRESENTATION (  '', ( #8653 ), #707 ) ;
#202 = SURFACE_STYLE_USAGE ( .BOTH. , #4559 ) ;
#203 = VECTOR ( 'NONE', #786, 1000.000000000000000 ) ;
#204 = DIRECTION ( 'NONE',  ( -1.000000000000000000, -0.0000000000000000000, -0.0000000000000000000 ) ) ;
#205 = SURFACE_STYLE_USAGE ( .BOTH. , #4561 ) ;
#206 = LINE ( 'NONE', #3546, #1936 ) ;
#207 = VERTEX_POINT ( 'NONE', #5558 ) ;
#208 = VERTEX_POINT ( 'NONE', #5356 ) ;
#209 = MECHANICAL_DESIGN_GEOMETRIC_PRESENTATION_REPRESENTATION (  '', ( #8659 ), #712 ) ;
#210 =( NAMED_UNIT ( * ) PLANE_ANGLE_UNIT ( ) SI_UNIT ( $, .RADIAN. ) );
#211 = CIRCLE ( 'NONE', #7645, 0.09999999999999945000 ) ;
#212 = VERTEX_POINT ( 'NONE', #5385 ) ;
#213 = CARTESIAN_POINT ( 'NONE',  ( -2.424620215747131300, 2.124620215747131900, 1.100000000000000100 ) ) ;
#214 = COLOUR_RGB ( '',1.000000000000000000, 1.000000000000000000, 1.000000000000000000 ) ;
#215 = EDGE_CURVE ( 'NONE', #3511, #1116, #4184, .T. ) ;
#216 = DIRECTION ( 'NONE',  ( 0.0000000000000000000, 0.0000000000000000000, 1.000000000000000000 ) ) ;
#217 = EDGE_CURVE ( 'NONE', #5040, #2843, #533, .T. ) ;
#218 = ORIENTED_EDGE ( 'NONE', *, *, #5902, .T. ) ;
#219 =( NAMED_UNIT ( * ) SI_UNIT ( $, .STERADIAN. ) SOLID_ANGLE_UNIT ( ) );
#220 = DIRECTION ( 'NONE',  ( 0.0000000000000000000, 0.0000000000000000000, -1.000000000000000000 ) ) ;
#221 = ORIENTED_EDGE ( 'NONE', *, *, #333, .F. ) ;
#222 = ADVANCED_FACE ( 'NONE', ( #312 ), #5583, .T. ) ;
#223 = CIRCLE ( 'NONE', #6278, 0.09999999999999945000 ) ;
#224 = CARTESIAN_POINT ( 'NONE',  ( -1.177500000000000200, -2.497121287348441400, 0.4445903360673038000 ) ) ;
#225 = UNCERTAINTY_MEASURE_WITH_UNIT (LENGTH_MEASURE( 1.000000000000000100E-005 ), #8625, 'distance_accuracy_value', 'NONE');
#226 = STYLED_ITEM ( 'NONE', ( #4848 ), #7459 ) ;
#227 = COLOUR_RGB ( '',1.000000000000000000, 1.000000000000000000, 1.000000000000000000 ) ;
#228 = PRESENTATION_LAYER_ASSIGNMENT (  '', '', ( #9162 ) ) ;
#229 = CARTESIAN_POINT ( 'NONE',  ( 1.827499999999999700, -2.252718095034783400, 0.5274999999999934200 ) ) ;
#230 = FILL_AREA_STYLE ('',( #1740 ) ) ;
#231 = ORIENTED_EDGE ( 'NONE', *, *, #4773, .F. ) ;
#232 = VERTEX_POINT ( 'NONE', #5244 ) ;
#233 =( LENGTH_UNIT ( ) NAMED_UNIT ( * ) SI_UNIT ( .MILLI., .METRE. ) );
#234 = LINE ( 'NONE', #908, #3890 ) ;
#235 = PRESENTATION_STYLE_ASSIGNMENT (( #8424 ) ) ;
#236 = DIRECTION ( 'NONE',  ( 1.000000000000000000, -0.0000000000000000000, -0.0000000000000000000 ) ) ;
#237 = VECTOR ( 'NONE', #1900, 1000.000000000000000 ) ;
#238 = FILL_AREA_STYLE_COLOUR ( '', #441 ) ;
#239 = ORIENTED_EDGE ( 'NONE', *, *, #6779, .F. ) ;
#240 = STYLED_ITEM ( 'NONE', ( #9233 ), #8591 ) ;
#241 = CARTESIAN_POINT ( 'NONE',  ( -0.5275000000000001900, -2.252718095034784300, 0.4274999999999940500 ) ) ;
#242 = VERTEX_POINT ( 'NONE', #1922 ) ;
#243 = CARTESIAN_POINT ( 'NONE',  ( -1.177500000000000200, 2.352474500060765600, 0.4344756473744061900 ) ) ;
#244 = VECTOR ( 'NONE', #4165, 999.9999999999998900 ) ;
#245 = DIRECTION ( 'NONE',  ( 0.0000000000000000000, 0.0000000000000000000, -1.000000000000000000 ) ) ;
#246 = CARTESIAN_POINT ( 'NONE',  ( 1.827499999999999700, -2.200000000000000200, 0.5274999999999939700 ) ) ;
#247 = CARTESIAN_POINT ( 'NONE',  ( 0.7724999999999997400, -2.200000000000000200, 0.5274999999999939700 ) ) ;
#248 = ADVANCED_FACE ( 'NONE', ( #1574 ), #1807, .F. ) ;
#249 = ORIENTED_EDGE ( 'NONE', *, *, #6727, .F. ) ;
#250 = COLOUR_RGB ( '',1.000000000000000000, 1.000000000000000000, 1.000000000000000000 ) ;
#251 = DIRECTION ( 'NONE',  ( 0.0000000000000000000, 0.0000000000000000000, 1.000000000000000000 ) ) ;
#252 = DIRECTION ( 'NONE',  ( 0.0000000000000000000, 0.0000000000000000000, 1.000000000000000000 ) ) ;
#253 = FACE_BOUND ( 'NONE', #5056, .T. ) ;
#254 = DIRECTION ( 'NONE',  ( 1.000000000000000000, 0.0000000000000000000, 0.0000000000000000000 ) ) ;
#255 = MECHANICAL_DESIGN_GEOMETRIC_PRESENTATION_REPRESENTATION (  '', ( #8175 ), #738 ) ;
#256 = DIRECTION ( 'NONE',  ( 0.0000000000000000000, -0.06975647374412208300, -0.9975640502598244200 ) ) ;
#257 = PLANE ( 'NONE',  #3920 ) ;
#258 = CIRCLE ( 'NONE', #1987, 0.09999999999999988100 ) ;
#259 = EDGE_CURVE ( 'NONE', #2632, #6048, #2840, .T. ) ;
#260 = CARTESIAN_POINT ( 'NONE',  ( 2.072499999999999800, -2.601461569844106100, 0.1865006715341500400 ) ) ;
#261 = EDGE_CURVE ( 'NONE', #1382, #7859, #3500, .T. ) ;
#262 =( NAMED_UNIT ( * ) SI_UNIT ( $, .STERADIAN. ) SOLID_ANGLE_UNIT ( ) );
#263 = AXIS2_PLACEMENT_3D ( 'NONE', #7045, #2790, #7798 ) ;
#264 = FILL_AREA_STYLE_COLOUR ( '', #2784 ) ;
#265 = SURFACE_SIDE_STYLE ('',( #4523 ) ) ;
#266 = ADVANCED_FACE ( 'NONE', ( #2602 ), #2349, .F. ) ;
#267 = CARTESIAN_POINT ( 'NONE',  ( -0.5275000000000001900, -2.601461569844106100, 0.1865006715341501500 ) ) ;
#268 = EDGE_CURVE ( 'NONE', #5196, #8383, #1921, .T. ) ;
#269 =( NAMED_UNIT ( * ) SI_UNIT ( $, .STERADIAN. ) SOLID_ANGLE_UNIT ( ) );
#270 = EDGE_CURVE ( 'NONE', #9433, #7506, #7644, .T. ) ;
#271 = CARTESIAN_POINT ( 'NONE',  ( -1.422500000000000100, -2.352474500060765600, 0.4344756473744061900 ) ) ;
#272 = CLOSED_SHELL ( 'NONE', ( #4006, #2971, #9276, #2449, #3911, #5161, #1387, #6821, #1817, #3818, #2202, #9229, #996, #8644 ) ) ;
#273 = ORIENTED_EDGE ( 'NONE', *, *, #9218, .T. ) ;
#274 = CARTESIAN_POINT ( 'NONE',  ( 0.1224999999999997800, -2.497121287348441900, 0.4445903360673038000 ) ) ;
#275 = DIRECTION ( 'NONE',  ( 0.0000000000000000000, 0.9975640502598243100, -0.06975647374412599600 ) ) ;
#276 = PLANE ( 'NONE',  #4289 ) ;
#277 = AXIS2_PLACEMENT_3D ( 'NONE', #2939, #5051, #7947 ) ;
#278 = CARTESIAN_POINT ( 'NONE',  ( -1.827500000000000100, -3.189885311307101700, 2.710505431213761100E-017 ) ) ;
#279 = VECTOR ( 'NONE', #23, 999.9999999999998900 ) ;
#280 = FILL_AREA_STYLE_COLOUR ( '', #7795 ) ;
#281 = CARTESIAN_POINT ( 'NONE',  ( -1.177500000000000200, -3.200000000000000200, 0.1446467872876744900 ) ) ;
#282 = STYLED_ITEM ( 'NONE', ( #3153 ), #509 ) ;
#283 = UNCERTAINTY_MEASURE_WITH_UNIT (LENGTH_MEASURE( 1.000000000000000100E-005 ), #3655, 'distance_accuracy_value', 'NONE');
#284 = FILL_AREA_STYLE_COLOUR ( '', #581 ) ;
#285 =( NAMED_UNIT ( * ) SI_UNIT ( $, .STERADIAN. ) SOLID_ANGLE_UNIT ( ) );
#286 = ADVANCED_FACE ( 'NONE', ( #3854 ), #7721, .T. ) ;
#287 =( LENGTH_UNIT ( ) NAMED_UNIT ( * ) SI_UNIT ( .MILLI., .METRE. ) );
#288 = AXIS2_PLACEMENT_3D ( 'NONE', #5986, #1683, #6702 ) ;
#289 = ORIENTED_EDGE ( 'NONE', *, *, #215, .T. ) ;
#290 =( LENGTH_UNIT ( ) NAMED_UNIT ( * ) SI_UNIT ( .MILLI., .METRE. ) );
#291 = VECTOR ( 'NONE', #8586, 999.9999999999998900 ) ;
#292 = LINE ( 'NONE', #3146, #4170 ) ;
#293 = PLANE ( 'NONE',  #8539 ) ;
#294 = FILL_AREA_STYLE ('',( #2469 ) ) ;
#295 = ORIENTED_EDGE ( 'NONE', *, *, #7504, .T. ) ;
#296 = PLANE ( 'NONE',  #5907 ) ;
#297 = STYLED_ITEM ( 'NONE', ( #5127 ), #1102 ) ;
#298 = ORIENTED_EDGE ( 'NONE', *, *, #5070, .F. ) ;
#299 =( NAMED_UNIT ( * ) PLANE_ANGLE_UNIT ( ) SI_UNIT ( $, .RADIAN. ) );
#300 = SURFACE_STYLE_FILL_AREA ( #8307 ) ;
#301 = STYLED_ITEM ( 'NONE', ( #7908 ), #4691 ) ;
#302 = CARTESIAN_POINT ( 'NONE',  ( 0.7724999999999997400, 3.200000000000000200, 0.1446467872876744900 ) ) ;
#303 = AXIS2_PLACEMENT_3D ( 'NONE', #9106, #4752, #411 ) ;
#304 = FILL_AREA_STYLE_COLOUR ( '', #499 ) ;
#305 = VERTEX_POINT ( 'NONE', #8064 ) ;
#306 = CARTESIAN_POINT ( 'NONE',  ( 2.072499999999999800, -2.497121287348441400, 0.4445903360673038000 ) ) ;
#307 = ORIENTED_EDGE ( 'NONE', *, *, #4118, .T. ) ;
#308 = EDGE_CURVE ( 'NONE', #1973, #3747, #1230, .T. ) ;
#309 = ORIENTED_EDGE ( 'NONE', *, *, #3827, .F. ) ;
#310 = SURFACE_STYLE_USAGE ( .BOTH. , #325 ) ;
#311 = DIRECTION ( 'NONE',  ( -1.000000000000000000, -0.0000000000000000000, -0.0000000000000000000 ) ) ;
#312 = FACE_OUTER_BOUND ( 'NONE', #4718, .T. ) ;
#313 = VECTOR ( 'NONE', #4626, 1000.000000000000000 ) ;
#314 = ADVANCED_FACE ( 'NONE', ( #8698 ), #95, .F. ) ;
#315 = PRESENTATION_LAYER_ASSIGNMENT (  '', '', ( #9256 ) ) ;
#316 = SURFACE_STYLE_USAGE ( .BOTH. , #4667 ) ;
#317 = DIRECTION ( 'NONE',  ( -0.0000000000000000000, 1.000000000000000000, -0.0000000000000000000 ) ) ;
#318 = VERTEX_POINT ( 'NONE', #8918 ) ;
#319 = LINE ( 'NONE', #8660, #7768 ) ;
#320 = STYLED_ITEM ( 'NONE', ( #6904 ), #5812 ) ;
#321 = ORIENTED_EDGE ( 'NONE', *, *, #2957, .T. ) ;
#322 =( LENGTH_UNIT ( ) NAMED_UNIT ( * ) SI_UNIT ( .MILLI., .METRE. ) );
#323 = EDGE_LOOP ( 'NONE', ( #8862, #5317, #3526, #2682 ) ) ;
#324 = SURFACE_STYLE_FILL_AREA ( #1439 ) ;
#325 = SURFACE_SIDE_STYLE ('',( #6731 ) ) ;
#326 = VERTEX_POINT ( 'NONE', #672 ) ;
#327 = LINE ( 'NONE', #901, #4200 ) ;
#328 = LINE ( 'NONE', #7295, #4202 ) ;
#329 = CARTESIAN_POINT ( 'NONE',  ( 2.750000000000000000, -2.200000000000000200, 0.5275000000000060800 ) ) ;
#330 = DIRECTION ( 'NONE',  ( 1.000000000000000000, 0.0000000000000000000, 0.0000000000000000000 ) ) ;
#331 = VERTEX_POINT ( 'NONE', #7694 ) ;
#332 = FACE_OUTER_BOUND ( 'NONE', #1733, .T. ) ;
#333 = EDGE_CURVE ( 'NONE', #8243, #5099, #2250, .T. ) ;
#334 =( NAMED_UNIT ( * ) SI_UNIT ( $, .STERADIAN. ) SOLID_ANGLE_UNIT ( ) );
#335 = EDGE_CURVE ( 'NONE', #5323, #3521, #6051, .T. ) ;
#336 = ORIENTED_EDGE ( 'NONE', *, *, #7027, .T. ) ;
#337 = CARTESIAN_POINT ( 'NONE',  ( 1.177499999999999800, -3.189885311307101700, 2.710505431213761100E-017 ) ) ;
#338 = LINE ( 'NONE', #5521, #2061 ) ;
#339 = ORIENTED_EDGE ( 'NONE', *, *, #8388, .F. ) ;
#340 = CARTESIAN_POINT ( 'NONE',  ( -2.072500000000000200, -2.352474500060765600, 0.4344756473744061900 ) ) ;
#341 = LINE ( 'NONE', #6776, #2063 ) ;
#342 = SURFACE_SIDE_STYLE ('',( #5368 ) ) ;
#343 = ORIENTED_EDGE ( 'NONE', *, *, #2171, .T. ) ;
#344 = AXIS2_PLACEMENT_3D ( 'NONE', #6111, #6653, #4919 ) ;
#345 = CARTESIAN_POINT ( 'NONE',  ( 0.5274999999999997500, 2.352474500060765600, 0.4344756473744061900 ) ) ;
#346 = ADVANCED_FACE ( 'NONE', ( #4179 ), #1645, .F. ) ;
#347 = ORIENTED_EDGE ( 'NONE', *, *, #5419, .T. ) ;
#348 = SURFACE_SIDE_STYLE ('',( #6998 ) ) ;
#349 = VECTOR ( 'NONE', #3223, 1000.000000000000000 ) ;
#350 = UNCERTAINTY_MEASURE_WITH_UNIT (LENGTH_MEASURE( 1.000000000000000100E-005 ), #4657, 'distance_accuracy_value', 'NONE');
#351 = MECHANICAL_DESIGN_GEOMETRIC_PRESENTATION_REPRESENTATION (  '', ( #8788 ), #843 ) ;
#352 = EDGE_CURVE ( 'NONE', #9302, #5675, #3261, .T. ) ;
#353 = PRESENTATION_STYLE_ASSIGNMENT (( #573 ) ) ;
#354 =( NAMED_UNIT ( * ) PLANE_ANGLE_UNIT ( ) SI_UNIT ( $, .RADIAN. ) );
#355 = ORIENTED_EDGE ( 'NONE', *, *, #8878, .F. ) ;
#356 = VECTOR ( 'NONE', #454, 1000.000000000000000 ) ;
#357 = DIRECTION ( 'NONE',  ( 1.000000000000000000, -0.0000000000000000000, 0.0000000000000000000 ) ) ;
#358 = ORIENTED_EDGE ( 'NONE', *, *, #8473, .T. ) ;
#359 =( NAMED_UNIT ( * ) PLANE_ANGLE_UNIT ( ) SI_UNIT ( $, .RADIAN. ) );
#360 = AXIS2_PLACEMENT_3D ( 'NONE', #7473, #3189, #8209 ) ;
#361 = COLOUR_RGB ( '',1.000000000000000000, 1.000000000000000000, 1.000000000000000000 ) ;
#362 = DIRECTION ( 'NONE',  ( 0.0000000000000000000, 0.9975640502598243100, -0.06975647374412599600 ) ) ;
#363 = CARTESIAN_POINT ( 'NONE',  ( 0.1224999999999997800, 3.200000000000000200, 0.1446467872876744900 ) ) ;
#364 = VECTOR ( 'NONE', #6055, 1000.000000000000000 ) ;
#365 = VERTEX_POINT ( 'NONE', #8174 ) ;
#366 =( NAMED_UNIT ( * ) PLANE_ANGLE_UNIT ( ) SI_UNIT ( $, .RADIAN. ) );
#367 = DIRECTION ( 'NONE',  ( 0.0000000000000000000, -0.06975647374412208300, 0.9975640502598244200 ) ) ;
#368 = SURFACE_STYLE_FILL_AREA ( #7080 ) ;
#369 = CARTESIAN_POINT ( 'NONE',  ( 0.5274999999999997500, 2.252718095034784300, 0.4274999999999940500 ) ) ;
#370 = CIRCLE ( 'NONE', #5076, 0.2450000000000004400 ) ;
#371 = AXIS2_PLACEMENT_3D ( 'NONE', #9277, #4912, #574 ) ;
#372 = ADVANCED_FACE ( 'NONE', ( #1333 ), #8866, .F. ) ;
#373 = SURFACE_SIDE_STYLE ('',( #6952 ) ) ;
#374 = FACE_OUTER_BOUND ( 'NONE', #2151, .T. ) ;
#375 = ORIENTED_EDGE ( 'NONE', *, *, #7346, .T. ) ;
#376 = FILL_AREA_STYLE ('',( #1856 ) ) ;
#377 = DIRECTION ( 'NONE',  ( 0.0000000000000000000, 0.0000000000000000000, -1.000000000000000000 ) ) ;
#378 = DIRECTION ( 'NONE',  ( 0.0000000000000000000, -1.000000000000000000, 0.0000000000000000000 ) ) ;
#379 = PRESENTATION_LAYER_ASSIGNMENT (  '', '', ( #8809 ) ) ;
#380 = DIRECTION ( 'NONE',  ( 0.0000000000000000000, 0.0000000000000000000, 1.000000000000000000 ) ) ;
#381 = AXIS2_PLACEMENT_3D ( 'NONE', #5674, #1354, #608 ) ;
#382 = ORIENTED_EDGE ( 'NONE', *, *, #8323, .T. ) ;
#383 =( NAMED_UNIT ( * ) PLANE_ANGLE_UNIT ( ) SI_UNIT ( $, .RADIAN. ) );
#384 = CARTESIAN_POINT ( 'NONE',  ( 1.422499999999999700, 2.497121287348441400, 0.4445903360673038000 ) ) ;
#385 = EDGE_CURVE ( 'NONE', #4029, #5766, #7056, .T. ) ;
#386 = ORIENTED_EDGE ( 'NONE', *, *, #8269, .T. ) ;
#387 =( LENGTH_UNIT ( ) NAMED_UNIT ( * ) SI_UNIT ( .MILLI., .METRE. ) );
#388 = EDGE_CURVE ( 'NONE', #71, #7790, #8087, .T. ) ;
#389 =( NAMED_UNIT ( * ) SI_UNIT ( $, .STERADIAN. ) SOLID_ANGLE_UNIT ( ) );
#390 = ORIENTED_EDGE ( 'NONE', *, *, #4632, .F. ) ;
#391 = DIRECTION ( 'NONE',  ( -1.000000000000000000, -0.0000000000000000000, -0.0000000000000000000 ) ) ;
#392 = CARTESIAN_POINT ( 'NONE',  ( 2.072499999999999800, 2.352474500060765600, 0.4344756473744061900 ) ) ;
#393 =( NAMED_UNIT ( * ) PLANE_ANGLE_UNIT ( ) SI_UNIT ( $, .RADIAN. ) );
#394 = ORIENTED_EDGE ( 'NONE', *, *, #3334, .T. ) ;
#395 =( LENGTH_UNIT ( ) NAMED_UNIT ( * ) SI_UNIT ( .MILLI., .METRE. ) );
#396 = COLOUR_RGB ( '',1.000000000000000000, 1.000000000000000000, 1.000000000000000000 ) ;
#397 = UNCERTAINTY_MEASURE_WITH_UNIT (LENGTH_MEASURE( 1.000000000000000100E-005 ), #5171, 'distance_accuracy_value', 'NONE');
#398 = DIRECTION ( 'NONE',  ( -0.0000000000000000000, 0.06975647374412208300, 0.9975640502598244200 ) ) ;
#399 = PRESENTATION_STYLE_ASSIGNMENT (( #7893 ) ) ;
#400 = EDGE_CURVE ( 'NONE', #1766, #7564, #2591, .T. ) ;
#401 = CARTESIAN_POINT ( 'NONE',  ( 0.7724999999999997400, 2.200000000000000200, 0.6724999999999941000 ) ) ;
#402 = EDGE_CURVE ( 'NONE', #4736, #2200, #6164, .T. ) ;
#403 =( NAMED_UNIT ( * ) SI_UNIT ( $, .STERADIAN. ) SOLID_ANGLE_UNIT ( ) );
#404 = CARTESIAN_POINT ( 'NONE',  ( -1.177500000000000200, -2.601461569844106100, 0.1865006715341501500 ) ) ;
#405 = DIRECTION ( 'NONE',  ( 0.0000000000000000000, 1.000000000000000000, 0.0000000000000000000 ) ) ;
#406 = CARTESIAN_POINT ( 'NONE',  ( 1.827499999999999700, -2.252718095034784300, 0.4274999999999940500 ) ) ;
#407 = STYLED_ITEM ( 'NONE', ( #9310 ), #7313 ) ;
#408 = FILL_AREA_STYLE_COLOUR ( '', #3299 ) ;
#409 = MECHANICAL_DESIGN_GEOMETRIC_PRESENTATION_REPRESENTATION (  '', ( #8351 ), #912 ) ;
#410 = CARTESIAN_POINT ( 'NONE',  ( -1.827500000000000100, -2.200000000000000200, 0.5274999999999939700 ) ) ;
#411 = DIRECTION ( 'NONE',  ( 0.0000000000000000000, 0.0000000000000000000, -1.000000000000000000 ) ) ;
#412 = CARTESIAN_POINT ( 'NONE',  ( 2.072499999999999800, 2.200000000000000200, 0.6724999999999941000 ) ) ;
#413 = EDGE_LOOP ( 'NONE', ( #2284, #5655, #8250, #7841 ) ) ;
#414 = ORIENTED_EDGE ( 'NONE', *, *, #5350, .F. ) ;
#415 = CARTESIAN_POINT ( 'NONE',  ( -0.5275000000000001900, 2.601461569844106100, 0.1865006715341500400 ) ) ;
#416 = PRESENTATION_STYLE_ASSIGNMENT (( #6991 ) ) ;
#417 = CARTESIAN_POINT ( 'NONE',  ( -1.177500000000000200, 2.497121287348441900, 0.4445903360673038000 ) ) ;
#418 = PRESENTATION_LAYER_ASSIGNMENT (  '', '', ( #8863 ) ) ;
#419 = CARTESIAN_POINT ( 'NONE',  ( -1.422500000000000100, 2.497121287348441900, 0.4445903360673038000 ) ) ;
#420 = ORIENTED_EDGE ( 'NONE', *, *, #3195, .T. ) ;
#421 = CARTESIAN_POINT ( 'NONE',  ( -0.5275000000000001900, -2.200000000000000200, 0.5274999999999939700 ) ) ;
#422 = ORIENTED_EDGE ( 'NONE', *, *, #1871, .T. ) ;
#423 = FACE_OUTER_BOUND ( 'NONE', #4852, .T. ) ;
#424 = COLOUR_RGB ( '',1.000000000000000000, 1.000000000000000000, 1.000000000000000000 ) ;
#425 = PRESENTATION_STYLE_ASSIGNMENT (( #940 ) ) ;
#426 = SURFACE_STYLE_FILL_AREA ( #294 ) ;
#427 = CLOSED_SHELL ( 'NONE', ( #7402, #1618, #9438, #6274, #2498, #9012, #5203, #7170, #509, #7604, #5996, #8740, #3215, #5941 ) ) ;
#428 = COLOUR_RGB ( '',1.000000000000000000, 1.000000000000000000, 1.000000000000000000 ) ;
#429 = MECHANICAL_DESIGN_GEOMETRIC_PRESENTATION_REPRESENTATION (  '', ( #8377 ), #937 ) ;
#430 = VERTEX_POINT ( 'NONE', #3333 ) ;
#431 = VERTEX_POINT ( 'NONE', #3463 ) ;
#432 = STYLED_ITEM ( 'NONE', ( #2724 ), #5067 ) ;
#433 = PLANE ( 'NONE',  #5649 ) ;
#434 = SURFACE_SIDE_STYLE ('',( #9163 ) ) ;
#435 = CARTESIAN_POINT ( 'NONE',  ( -2.750000000000000000, 2.200000000000000200, 0.5275000000000060800 ) ) ;
#436 = SURFACE_STYLE_FILL_AREA ( #6527 ) ;
#437 = SURFACE_STYLE_USAGE ( .BOTH. , #3559 ) ;
#438 = PLANE ( 'NONE',  #6804 ) ;
#439 = VECTOR ( 'NONE', #6644, 1000.000000000000000 ) ;
#440 = DIRECTION ( 'NONE',  ( -1.000000000000000000, 0.0000000000000000000, -0.0000000000000000000 ) ) ;
#441 = COLOUR_RGB ( '',1.000000000000000000, 1.000000000000000000, 1.000000000000000000 ) ;
#442 = EDGE_CURVE ( 'NONE', #1904, #7044, #5939, .T. ) ;
#443 = DIRECTION ( 'NONE',  ( 0.0000000000000000000, 0.06975647374412817500, 0.9975640502598240900 ) ) ;
#444 = VERTEX_POINT ( 'NONE', #6822 ) ;
#445 = MANIFOLD_SOLID_BREP ( 'Lead4', #6329 ) ;
#446 = ORIENTED_EDGE ( 'NONE', *, *, #609, .F. ) ;
#447 = MECHANICAL_DESIGN_GEOMETRIC_PRESENTATION_REPRESENTATION (  '', ( #8880 ), #951 ) ;
#448 =( NAMED_UNIT ( * ) PLANE_ANGLE_UNIT ( ) SI_UNIT ( $, .RADIAN. ) );
#449 = ORIENTED_EDGE ( 'NONE', *, *, #8534, .T. ) ;
#450 = DIRECTION ( 'NONE',  ( 0.0000000000000000000, -0.9975640502598242000, 0.06975647374412599600 ) ) ;
#451 = CIRCLE ( 'NONE', #8896, 0.09999999999999945000 ) ;
#452 = COLOUR_RGB ( '',1.000000000000000000, 1.000000000000000000, 1.000000000000000000 ) ;
#453 = PRESENTATION_LAYER_ASSIGNMENT (  '', '', ( #9401 ) ) ;
#454 = DIRECTION ( 'NONE',  ( -1.000000000000000000, 0.0000000000000000000, 0.0000000000000000000 ) ) ;
#455 = VERTEX_POINT ( 'NONE', #6269 ) ;
#456 = LINE ( 'NONE', #1626, #7912 ) ;
#457 = EDGE_LOOP ( 'NONE', ( #7373, #6760, #2967, #6845 ) ) ;
#458 = VERTEX_POINT ( 'NONE', #6466 ) ;
#459 = CARTESIAN_POINT ( 'NONE',  ( 1.177499999999999800, -2.364034024904861500, 0.2691667404928227400 ) ) ;
#460 = PLANE ( 'NONE',  #8612 ) ;
#461 = DIRECTION ( 'NONE',  ( -1.000000000000000000, 0.0000000000000000000, -0.0000000000000000000 ) ) ;
#462 = FACE_OUTER_BOUND ( 'NONE', #3653, .T. ) ;
#463 = EDGE_CURVE ( 'NONE', #4337, #458, #3366, .T. ) ;
#464 = EDGE_CURVE ( 'NONE', #3098, #554, #637, .T. ) ;
#465 = EDGE_LOOP ( 'NONE', ( #991, #9279, #6283, #422 ) ) ;
#466 = CARTESIAN_POINT ( 'NONE',  ( -1.177500000000000200, -2.200000000000000200, 0.5274999999999939700 ) ) ;
#467 = VERTEX_POINT ( 'NONE', #9175 ) ;
#468 = UNCERTAINTY_MEASURE_WITH_UNIT (LENGTH_MEASURE( 1.000000000000000100E-005 ), #2386, 'distance_accuracy_value', 'NONE');
#469 = STYLED_ITEM ( 'NONE', ( #4321 ), #6798 ) ;
#470 = CARTESIAN_POINT ( 'NONE',  ( 1.422499999999999700, -2.252718095034783400, 0.5274999999999934200 ) ) ;
#471 = LINE ( 'NONE', #419, #237 ) ;
#472 =( GEOMETRIC_REPRESENTATION_CONTEXT ( 3 ) GLOBAL_UNCERTAINTY_ASSIGNED_CONTEXT ( ( #6588 ) ) GLOBAL_UNIT_ASSIGNED_CONTEXT ( ( #1276, #6295, #2012 ) ) REPRESENTATION_CONTEXT ( 'NONE', 'WORKASPACE' ) );
#473 = DIRECTION ( 'NONE',  ( 0.0000000000000000000, -0.0000000000000000000, -1.000000000000000000 ) ) ;
#474 = VERTEX_POINT ( 'NONE', #4085 ) ;
#475 = VERTEX_POINT ( 'NONE', #4787 ) ;
#476 =( GEOMETRIC_REPRESENTATION_CONTEXT ( 3 ) GLOBAL_UNCERTAINTY_ASSIGNED_CONTEXT ( ( #1411 ) ) GLOBAL_UNIT_ASSIGNED_CONTEXT ( ( #4796, #8579, #8551 ) ) REPRESENTATION_CONTEXT ( 'NONE', 'WORKASPACE' ) );
#477 = PLANE ( 'NONE',  #805 ) ;
#478 = LINE ( 'NONE', #3853, #2415 ) ;
#479 = VECTOR ( 'NONE', #5936, 1000.000000000000200 ) ;
#480 = DIRECTION ( 'NONE',  ( 0.0000000000000000000, 0.0000000000000000000, 1.000000000000000000 ) ) ;
#481 = LINE ( 'NONE', #674, #8983 ) ;
#482 = AXIS2_PLACEMENT_3D ( 'NONE', #2209, #7223, #2943 ) ;
#483 = PRESENTATION_LAYER_ASSIGNMENT (  '', '', ( #9440 ) ) ;
#484 = SURFACE_STYLE_USAGE ( .BOTH. , #4810 ) ;
#485 = CARTESIAN_POINT ( 'NONE',  ( -1.827500000000000100, 2.200000000000000200, 0.6724999999999941000 ) ) ;
#486 =( NAMED_UNIT ( * ) SI_UNIT ( $, .STERADIAN. ) SOLID_ANGLE_UNIT ( ) );
#487 = DIRECTION ( 'NONE',  ( 0.0000000000000000000, -0.06975647374412599600, 0.9975640502598242000 ) ) ;
#488 = CARTESIAN_POINT ( 'NONE',  ( 0.7724999999999997400, -2.508680812192536400, 0.2792814291857203500 ) ) ;
#489 = AXIS2_PLACEMENT_3D ( 'NONE', #3073, #162, #5220 ) ;
#490 = EDGE_CURVE ( 'NONE', #5120, #207, #8910, .T. ) ;
#491 =( NAMED_UNIT ( * ) PLANE_ANGLE_UNIT ( ) SI_UNIT ( $, .RADIAN. ) );
#492 = DIRECTION ( 'NONE',  ( 0.0000000000000000000, 0.0000000000000000000, 1.000000000000000000 ) ) ;
#493 = PRESENTATION_LAYER_ASSIGNMENT (  '', '', ( #7 ) ) ;
#494 =( NAMED_UNIT ( * ) PLANE_ANGLE_UNIT ( ) SI_UNIT ( $, .RADIAN. ) );
#495 = MECHANICAL_DESIGN_GEOMETRIC_PRESENTATION_REPRESENTATION (  '', ( #8939 ), #1003 ) ;
#496 = SURFACE_STYLE_USAGE ( .BOTH. , #4832 ) ;
#497 = ORIENTED_EDGE ( 'NONE', *, *, #8515, .F. ) ;
#498 = ORIENTED_EDGE ( 'NONE', *, *, #900, .F. ) ;
#499 = COLOUR_RGB ( '',1.000000000000000000, 1.000000000000000000, 1.000000000000000000 ) ;
#500 =( NAMED_UNIT ( * ) SI_UNIT ( $, .STERADIAN. ) SOLID_ANGLE_UNIT ( ) );
#501 = CARTESIAN_POINT ( 'NONE',  ( -1.177500000000000200, -2.497121287348441900, 0.4445903360673038000 ) ) ;
#502 = SURFACE_STYLE_USAGE ( .BOTH. , #4842 ) ;
#503 = EDGE_CURVE ( 'NONE', #3312, #8583, #2135, .T. ) ;
#504 = CARTESIAN_POINT ( 'NONE',  ( -1.827500000000000100, -2.352474500060765600, 0.4344756473744061900 ) ) ;
#505 = DIRECTION ( 'NONE',  ( 0.0000000000000000000, 0.06975647374411951500, -0.9975640502598246400 ) ) ;
#506 = CARTESIAN_POINT ( 'NONE',  ( 0.5274999999999997500, 2.608437217218518600, 0.2862570765601325000 ) ) ;
#507 = PLANE ( 'NONE',  #169 ) ;
#508 = UNCERTAINTY_MEASURE_WITH_UNIT (LENGTH_MEASURE( 1.000000000000000100E-005 ), #8193, 'distance_accuracy_value', 'NONE');
#509 = ADVANCED_FACE ( 'NONE', ( #6938 ), #515, .T. ) ;
#510 =( NAMED_UNIT ( * ) SI_UNIT ( $, .STERADIAN. ) SOLID_ANGLE_UNIT ( ) );
#511 = SURFACE_SIDE_STYLE ('',( #3930 ) ) ;
#512 = VERTEX_POINT ( 'NONE', #9031 ) ;
#513 = EDGE_CURVE ( 'NONE', #5393, #1973, #2465, .T. ) ;
#514 = EDGE_CURVE ( 'NONE', #1476, #8506, #8206, .T. ) ;
#515 = CYLINDRICAL_SURFACE ( 'NONE', #3225, 0.2450000000000004400 ) ;
#516 =( NAMED_UNIT ( * ) SI_UNIT ( $, .STERADIAN. ) SOLID_ANGLE_UNIT ( ) );
#517 = ORIENTED_EDGE ( 'NONE', *, *, #7331, .T. ) ;
#518 = AXIS2_PLACEMENT_3D ( 'NONE', #6566, #2274, #7280 ) ;
#519 = CARTESIAN_POINT ( 'NONE',  ( -2.072500000000000200, -2.200000000000000200, 0.6724999999999941000 ) ) ;
#520 = VERTEX_POINT ( 'NONE', #8721 ) ;
#521 = PRESENTATION_LAYER_ASSIGNMENT (  '', '', ( #43 ) ) ;
#522 = SURFACE_SIDE_STYLE ('',( #3842 ) ) ;
#523 = PRESENTATION_STYLE_ASSIGNMENT (( #4078 ) ) ;
#524 = PRESENTATION_STYLE_ASSIGNMENT (( #3236 ) ) ;
#525 = DIRECTION ( 'NONE',  ( 0.0000000000000000000, -0.9975640502598242000, 0.06975647374412599600 ) ) ;
#526 = ORIENTED_EDGE ( 'NONE', *, *, #3195, .F. ) ;
#527 = ORIENTED_EDGE ( 'NONE', *, *, #388, .F. ) ;
#528 = DIRECTION ( 'NONE',  ( 0.0000000000000000000, -0.06975647374412818900, -0.9975640502598240900 ) ) ;
#529 = ORIENTED_EDGE ( 'NONE', *, *, #761, .T. ) ;
#530 = CARTESIAN_POINT ( 'NONE',  ( 0.7724999999999997400, 2.508680812192536400, 0.2792814291857203500 ) ) ;
#531 = PRESENTATION_STYLE_ASSIGNMENT (( #5988 ) ) ;
#532 = DIRECTION ( 'NONE',  ( 0.0000000000000000000, 0.0000000000000000000, -1.000000000000000000 ) ) ;
#533 = CIRCLE ( 'NONE', #1833, 0.2450000000000001600 ) ;
#534 = STYLED_ITEM ( 'NONE', ( #8409 ), #8740 ) ;
#535 = DIRECTION ( 'NONE',  ( 0.0000000000000000000, 0.0000000000000000000, 1.000000000000000000 ) ) ;
#536 = PRESENTATION_STYLE_ASSIGNMENT (( #618 ) ) ;
#537 = VERTEX_POINT ( 'NONE', #8946 ) ;
#538 =( NAMED_UNIT ( * ) PLANE_ANGLE_UNIT ( ) SI_UNIT ( $, .RADIAN. ) );
#539 = CARTESIAN_POINT ( 'NONE',  ( 1.827499999999999700, -2.352474500060765600, 0.4344756473744061900 ) ) ;
#540 = VERTEX_POINT ( 'NONE', #9007 ) ;
#541 = ORIENTED_EDGE ( 'NONE', *, *, #4163, .T. ) ;
#542 = DIRECTION ( 'NONE',  ( 0.0000000000000000000, -0.06975647374412818900, -0.9975640502598240900 ) ) ;
#543 = ORIENTED_EDGE ( 'NONE', *, *, #6607, .F. ) ;
#544 = VECTOR ( 'NONE', #8993, 1000.000000000000000 ) ;
#545 = LINE ( 'NONE', #6577, #2276 ) ;
#546 = VECTOR ( 'NONE', #4922, 1000.000000000000200 ) ;
#547 = ORIENTED_EDGE ( 'NONE', *, *, #992, .T. ) ;
#548 =( GEOMETRIC_REPRESENTATION_CONTEXT ( 3 ) GLOBAL_UNCERTAINTY_ASSIGNED_CONTEXT ( ( #4471 ) ) GLOBAL_UNIT_ASSIGNED_CONTEXT ( ( #4127, #9185, #4816 ) ) REPRESENTATION_CONTEXT ( 'NONE', 'WORKASPACE' ) );
#549 = VECTOR ( 'NONE', #8994, 1000.000000000000000 ) ;
#550 = CARTESIAN_POINT ( 'NONE',  ( 0.5274999999999997500, 3.189885311307101700, 2.710505431213761100E-017 ) ) ;
#551 = ORIENTED_EDGE ( 'NONE', *, *, #137, .T. ) ;
#552 = FILL_AREA_STYLE_COLOUR ( '', #5312 ) ;
#553 = COLOUR_RGB ( '',1.000000000000000000, 1.000000000000000000, 1.000000000000000000 ) ;
#554 = VERTEX_POINT ( 'NONE', #8681 ) ;
#555 = EDGE_CURVE ( 'NONE', #7996, #3041, #2243, .T. ) ;
#556 = ADVANCED_FACE ( 'NONE', ( #4390 ), #8527, .F. ) ;
#557 = CARTESIAN_POINT ( 'NONE',  ( 0.7724999999999997400, -2.352474500060765600, 0.4344756473744061900 ) ) ;
#558 = SURFACE_STYLE_FILL_AREA ( #2554 ) ;
#559 = DIRECTION ( 'NONE',  ( -1.000000000000000000, 0.0000000000000000000, -0.0000000000000000000 ) ) ;
#560 = CARTESIAN_POINT ( 'NONE',  ( -1.422500000000000100, 2.200000000000000200, 0.5274999999999939700 ) ) ;
#561 = ORIENTED_EDGE ( 'NONE', *, *, #2658, .F. ) ;
#562 = DIRECTION ( 'NONE',  ( 0.0000000000000000000, 1.000000000000000000, 0.0000000000000000000 ) ) ;
#563 = EDGE_CURVE ( 'NONE', #8672, #2646, #4169, .T. ) ;
#564 = APPLICATION_PROTOCOL_DEFINITION ( 'draft international standard', 'automotive_design', 1998, #4906 ) ;
#565 = EDGE_LOOP ( 'NONE', ( #7055, #8234, #5634, #4843, #8161, #6089, #5413, #6736, #1858, #5769, #3994, #4451 ) ) ;
#566 = LINE ( 'NONE', #6045, #4439 ) ;
#567 = AXIS2_PLACEMENT_3D ( 'NONE', #2211, #7226, #2946 ) ;
#568 = FACE_OUTER_BOUND ( 'NONE', #1146, .T. ) ;
#569 = ORIENTED_EDGE ( 'NONE', *, *, #3142, .T. ) ;
#570 = CARTESIAN_POINT ( 'NONE',  ( 0.1224999999999997800, 2.352474500060765600, 0.4344756473744061900 ) ) ;
#571 = CARTESIAN_POINT ( 'NONE',  ( 2.072499999999999800, -2.252718095034784300, 0.4274999999999940500 ) ) ;
#572 = ORIENTED_EDGE ( 'NONE', *, *, #9360, .F. ) ;
#573 = SURFACE_STYLE_USAGE ( .BOTH. , #4911 ) ;
#574 = DIRECTION ( 'NONE',  ( 0.0000000000000000000, 0.0000000000000000000, -1.000000000000000000 ) ) ;
#575 = UNCERTAINTY_MEASURE_WITH_UNIT (LENGTH_MEASURE( 1.000000000000000100E-005 ), #1346, 'distance_accuracy_value', 'NONE');
#576 = EDGE_CURVE ( 'NONE', #641, #4653, #6042, .T. ) ;
#577 = EDGE_CURVE ( 'NONE', #5873, #1134, #3947, .T. ) ;
#578 = LINE ( 'NONE', #5348, #364 ) ;
#579 = PLANE ( 'NONE',  #8813 ) ;
#580 = ORIENTED_EDGE ( 'NONE', *, *, #4059, .T. ) ;
#581 = COLOUR_RGB ( '',1.000000000000000000, 1.000000000000000000, 1.000000000000000000 ) ;
#582 = MECHANICAL_DESIGN_GEOMETRIC_PRESENTATION_REPRESENTATION (  '', ( #9020 ), #1099 ) ;
#583 = CARTESIAN_POINT ( 'NONE',  ( -0.1225000000000002200, 2.200000000000000200, 0.6724999999999941000 ) ) ;
#584 =( GEOMETRIC_REPRESENTATION_CONTEXT ( 3 ) GLOBAL_UNCERTAINTY_ASSIGNED_CONTEXT ( ( #989 ) ) GLOBAL_UNIT_ASSIGNED_CONTEXT ( ( #5261, #961, #5981 ) ) REPRESENTATION_CONTEXT ( 'NONE', 'WORKASPACE' ) );
#585 = COLOUR_RGB ( '',1.000000000000000000, 1.000000000000000000, 1.000000000000000000 ) ;
#586 = DIRECTION ( 'NONE',  ( -0.0000000000000000000, -0.0000000000000000000, 1.000000000000000000 ) ) ;
#587 = CARTESIAN_POINT ( 'NONE',  ( 1.422499999999999700, 3.200000000000000200, 0.1446467872876744900 ) ) ;
#588 = CIRCLE ( 'NONE', #5347, 0.2450000000000004400 ) ;
#589 = AXIS2_PLACEMENT_3D ( 'NONE', #2684, #1466, #1430 ) ;
#590 = CARTESIAN_POINT ( 'NONE',  ( 2.072499999999999800, 2.508680812192536400, 0.2792814291857203500 ) ) ;
#591 = DIRECTION ( 'NONE',  ( -1.000000000000000000, 0.0000000000000000000, -0.0000000000000000000 ) ) ;
#592 = SURFACE_SIDE_STYLE ('',( #7545 ) ) ;
#593 = DIRECTION ( 'NONE',  ( -1.000000000000000000, 0.0000000000000000000, -0.0000000000000000000 ) ) ;
#594 = PRESENTATION_LAYER_ASSIGNMENT (  '', '', ( #9033 ) ) ;
#595 =( NAMED_UNIT ( * ) SI_UNIT ( $, .STERADIAN. ) SOLID_ANGLE_UNIT ( ) );
#596 = SURFACE_STYLE_USAGE ( .BOTH. , #4932 ) ;
#597 = VERTEX_POINT ( 'NONE', #7311 ) ;
#598 = CARTESIAN_POINT ( 'NONE',  ( 2.072499999999999800, 2.252718095034784300, 0.6724999999999939900 ) ) ;
#599 = DIRECTION ( 'NONE',  ( 0.0000000000000000000, -0.06975647374411951500, 0.9975640502598246400 ) ) ;
#600 = ORIENTED_EDGE ( 'NONE', *, *, #2123, .F. ) ;
#601 = DIRECTION ( 'NONE',  ( 1.000000000000000000, 0.0000000000000000000, 0.0000000000000000000 ) ) ;
#602 = SURFACE_SIDE_STYLE ('',( #6643 ) ) ;
#603 = CARTESIAN_POINT ( 'NONE',  ( 2.072499999999999800, 2.252718095034784300, 0.4274999999999940500 ) ) ;
#604 = ADVANCED_FACE ( 'NONE', ( #5603 ), #9267, .F. ) ;
#605 =( GEOMETRIC_REPRESENTATION_CONTEXT ( 3 ) GLOBAL_UNCERTAINTY_ASSIGNED_CONTEXT ( ( #48 ) ) GLOBAL_UNIT_ASSIGNED_CONTEXT ( ( #984, #8919, #3833 ) ) REPRESENTATION_CONTEXT ( 'NONE', 'WORKASPACE' ) );
#606 = FILL_AREA_STYLE ('',( #1318 ) ) ;
#607 = EDGE_LOOP ( 'NONE', ( #9265, #3614, #4945, #8464 ) ) ;
#608 = DIRECTION ( 'NONE',  ( 0.0000000000000000000, 0.0000000000000000000, 1.000000000000000000 ) ) ;
#609 = EDGE_CURVE ( 'NONE', #4279, #4290, #5823, .T. ) ;
#610 = DIRECTION ( 'NONE',  ( 0.0000000000000000000, -0.06975647374412599600, 0.9975640502598242000 ) ) ;
#611 = ORIENTED_EDGE ( 'NONE', *, *, #7651, .T. ) ;
#612 = DIRECTION ( 'NONE',  ( -1.000000000000000000, -0.0000000000000000000, -0.0000000000000000000 ) ) ;
#613 =( NAMED_UNIT ( * ) SI_UNIT ( $, .STERADIAN. ) SOLID_ANGLE_UNIT ( ) );
#614 = FACE_OUTER_BOUND ( 'NONE', #2169, .T. ) ;
#615 = MECHANICAL_DESIGN_GEOMETRIC_PRESENTATION_REPRESENTATION (  '', ( #9066 ), #1131 ) ;
#616 =( NAMED_UNIT ( * ) SI_UNIT ( $, .STERADIAN. ) SOLID_ANGLE_UNIT ( ) );
#617 = VECTOR ( 'NONE', #1676, 1000.000000000000000 ) ;
#618 = SURFACE_STYLE_USAGE ( .BOTH. , #1331 ) ;
#619 = AXIS2_PLACEMENT_3D ( 'NONE', #5314, #8182, #4634 ) ;
#620 = CARTESIAN_POINT ( 'NONE',  ( 2.072499999999999800, 2.200000000000000200, 0.5274999999999939700 ) ) ;
#621 = DIRECTION ( 'NONE',  ( 0.0000000000000000000, 0.06975647374412817500, 0.9975640502598240900 ) ) ;
#622 =( NAMED_UNIT ( * ) SI_UNIT ( $, .STERADIAN. ) SOLID_ANGLE_UNIT ( ) );
#623 = UNCERTAINTY_MEASURE_WITH_UNIT (LENGTH_MEASURE( 1.000000000000000100E-005 ), #742, 'distance_accuracy_value', 'NONE');
#624 = SURFACE_SIDE_STYLE ('',( #9453 ) ) ;
#625 = SURFACE_STYLE_FILL_AREA ( #8187 ) ;
#626 = VECTOR ( 'NONE', #3257, 1000.000000000000000 ) ;
#627 = EDGE_CURVE ( 'NONE', #8334, #3159, #64, .T. ) ;
#628 = EDGE_CURVE ( 'NONE', #6101, #1960, #1793, .T. ) ;
#629 = DIRECTION ( 'NONE',  ( 0.0000000000000000000, -0.9975640502598246400, -0.06975647374411951500 ) ) ;
#630 = DIRECTION ( 'NONE',  ( 1.000000000000000000, 8.673617379884035500E-017, 0.0000000000000000000 ) ) ;
#631 = FILL_AREA_STYLE ('',( #8589 ) ) ;
#632 = ORIENTED_EDGE ( 'NONE', *, *, #199, .F. ) ;
#633 = DIRECTION ( 'NONE',  ( -1.000000000000000000, -0.0000000000000000000, -0.0000000000000000000 ) ) ;
#634 = ORIENTED_EDGE ( 'NONE', *, *, #192, .F. ) ;
#635 = UNCERTAINTY_MEASURE_WITH_UNIT (LENGTH_MEASURE( 1.000000000000000100E-005 ), #7020, 'distance_accuracy_value', 'NONE');
#636 =( GEOMETRIC_REPRESENTATION_CONTEXT ( 3 ) GLOBAL_UNCERTAINTY_ASSIGNED_CONTEXT ( ( #6987 ) ) GLOBAL_UNIT_ASSIGNED_CONTEXT ( ( #7035, #2777, #7783 ) ) REPRESENTATION_CONTEXT ( 'NONE', 'WORKASPACE' ) );
#637 = LINE ( 'NONE', #2977, #7174 ) ;
#638 = FACE_OUTER_BOUND ( 'NONE', #8614, .T. ) ;
#639 =( LENGTH_UNIT ( ) NAMED_UNIT ( * ) SI_UNIT ( .MILLI., .METRE. ) );
#640 = SURFACE_STYLE_FILL_AREA ( #7571 ) ;
#641 = VERTEX_POINT ( 'NONE', #7381 ) ;
#642 =( GEOMETRIC_REPRESENTATION_CONTEXT ( 3 ) GLOBAL_UNCERTAINTY_ASSIGNED_CONTEXT ( ( #9450 ) ) GLOBAL_UNIT_ASSIGNED_CONTEXT ( ( #2593, #2563, #2537 ) ) REPRESENTATION_CONTEXT ( 'NONE', 'WORKASPACE' ) );
#643 = ORIENTED_EDGE ( 'NONE', *, *, #3151, .T. ) ;
#644 = DIRECTION ( 'NONE',  ( 0.0000000000000000000, 0.0000000000000000000, 1.000000000000000000 ) ) ;
#645 = CARTESIAN_POINT ( 'NONE',  ( -1.177500000000000200, 3.189885311307101700, 2.710505431213761100E-017 ) ) ;
#646 = CYLINDRICAL_SURFACE ( 'NONE', #3262, 0.2450000000000004400 ) ;
#647 = SURFACE_STYLE_FILL_AREA ( #7828 ) ;
#648 = VECTOR ( 'NONE', #3633, 1000.000000000000000 ) ;
#649 =( NAMED_UNIT ( * ) SI_UNIT ( $, .STERADIAN. ) SOLID_ANGLE_UNIT ( ) );
#650 = ORIENTED_EDGE ( 'NONE', *, *, #3639, .T. ) ;
#651 = PRESENTATION_LAYER_ASSIGNMENT (  '', '', ( #9110 ) ) ;
#652 = CIRCLE ( 'NONE', #42, 0.09999999999999945000 ) ;
#653 = ADVANCED_FACE ( 'NONE', ( #3478 ), #6377, .T. ) ;
#654 = DIRECTION ( 'NONE',  ( -1.000000000000000000, -0.0000000000000000000, -0.0000000000000000000 ) ) ;
#655 = PRESENTATION_LAYER_ASSIGNMENT (  '', '', ( #9111 ) ) ;
#656 = ORIENTED_EDGE ( 'NONE', *, *, #2658, .T. ) ;
#657 = DIRECTION ( 'NONE',  ( -1.000000000000000000, -0.0000000000000000000, -0.0000000000000000000 ) ) ;
#658 = ORIENTED_EDGE ( 'NONE', *, *, #761, .F. ) ;
#659 = LINE ( 'NONE', #3669, #6186 ) ;
#660 = DIRECTION ( 'NONE',  ( -0.0000000000000000000, -0.0000000000000000000, 1.000000000000000000 ) ) ;
#661 = CARTESIAN_POINT ( 'NONE',  ( 1.177499999999999800, 2.200000000000000200, 0.6724999999999941000 ) ) ;
#662 = LINE ( 'NONE', #2794, #8110 ) ;
#663 = DIRECTION ( 'NONE',  ( -1.000000000000000000, -0.0000000000000000000, -0.0000000000000000000 ) ) ;
#664 = PLANE ( 'NONE',  #5673 ) ;
#665 = CARTESIAN_POINT ( 'NONE',  ( 1.827499999999999700, -2.200000000000000200, 0.6724999999999941000 ) ) ;
#666 = LINE ( 'NONE', #980, #6412 ) ;
#667 = VERTEX_POINT ( 'NONE', #8008 ) ;
#668 = DIRECTION ( 'NONE',  ( -0.0000000000000000000, 0.9975640502598242000, 0.06975647374412599600 ) ) ;
#669 = AXIS2_PLACEMENT_3D ( 'NONE', #3244, #3720, #1000 ) ;
#670 = ORIENTED_EDGE ( 'NONE', *, *, #7708, .F. ) ;
#671 = ORIENTED_EDGE ( 'NONE', *, *, #4920, .T. ) ;
#672 = CARTESIAN_POINT ( 'NONE',  ( 0.1224999999999997800, 2.497121287348441400, 0.4445903360673038000 ) ) ;
#673 = PRESENTATION_LAYER_ASSIGNMENT (  '', '', ( #9121 ) ) ;
#674 = CARTESIAN_POINT ( 'NONE',  ( -1.842814282895729000E-016, 2.124620215747131900, 0.1000000000000000100 ) ) ;
#675 =( NAMED_UNIT ( * ) PLANE_ANGLE_UNIT ( ) SI_UNIT ( $, .RADIAN. ) );
#676 = CARTESIAN_POINT ( 'NONE',  ( 2.750000000000000000, 2.200000000000000200, 0.5275000000000060800 ) ) ;
#677 = PRESENTATION_STYLE_ASSIGNMENT (( #2015 ) ) ;
#678 = ORIENTED_EDGE ( 'NONE', *, *, #7636, .T. ) ;
#679 = COLOUR_RGB ( '',1.000000000000000000, 1.000000000000000000, 1.000000000000000000 ) ;
#680 = CARTESIAN_POINT ( 'NONE',  ( 0.1224999999999997800, -2.200000000000000200, 0.6724999999999941000 ) ) ;
#681 = LINE ( 'NONE', #5457, #8122 ) ;
#682 = VECTOR ( 'NONE', #2565, 1000.000000000000100 ) ;
#683 = ORIENTED_EDGE ( 'NONE', *, *, #2773, .T. ) ;
#684 = CIRCLE ( 'NONE', #4929, 0.09999999999999945000 ) ;
#685 = DIRECTION ( 'NONE',  ( 0.0000000000000000000, 1.000000000000000000, -2.056603471294124000E-015 ) ) ;
#686 = VERTEX_POINT ( 'NONE', #7903 ) ;
#687 = FACE_OUTER_BOUND ( 'NONE', #9451, .T. ) ;
#688 = LINE ( 'NONE', #1272, #5535 ) ;
#689 = SURFACE_STYLE_FILL_AREA ( #3601 ) ;
#690 =( NAMED_UNIT ( * ) PLANE_ANGLE_UNIT ( ) SI_UNIT ( $, .RADIAN. ) );
#691 = STYLED_ITEM ( 'NONE', ( #6350 ), #5577 ) ;
#692 = SURFACE_STYLE_USAGE ( .BOTH. , #5025 ) ;
#693 = VERTEX_POINT ( 'NONE', #7982 ) ;
#694 = SURFACE_STYLE_FILL_AREA ( #9311 ) ;
#695 = EDGE_LOOP ( 'NONE', ( #6273, #3090, #8928, #6538 ) ) ;
#696 = UNCERTAINTY_MEASURE_WITH_UNIT (LENGTH_MEASURE( 1.000000000000000100E-005 ), #9094, 'distance_accuracy_value', 'NONE');
#697 = EDGE_CURVE ( 'NONE', #5399, #1143, #4491, .T. ) ;
#698 = DIRECTION ( 'NONE',  ( -1.000000000000000000, -0.0000000000000000000, -0.0000000000000000000 ) ) ;
#699 = VERTEX_POINT ( 'NONE', #8137 ) ;
#700 = CARTESIAN_POINT ( 'NONE',  ( 2.072499999999999800, 2.601461569844106100, 0.1865006715341501500 ) ) ;
#701 = EDGE_CURVE ( 'NONE', #4111, #82, #870, .T. ) ;
#702 = EDGE_LOOP ( 'NONE', ( #8623, #3414, #4198, #14 ) ) ;
#703 = CARTESIAN_POINT ( 'NONE',  ( -1.422500000000000100, -2.200000000000000200, 0.5274999999999939700 ) ) ;
#704 = PLANE ( 'NONE',  #4340 ) ;
#705 = VECTOR ( 'NONE', #1105, 1000.000000000000100 ) ;
#706 =( LENGTH_UNIT ( ) NAMED_UNIT ( * ) SI_UNIT ( .MILLI., .METRE. ) );
#707 =( GEOMETRIC_REPRESENTATION_CONTEXT ( 3 ) GLOBAL_UNCERTAINTY_ASSIGNED_CONTEXT ( ( #4371 ) ) GLOBAL_UNIT_ASSIGNED_CONTEXT ( ( #2617, #7623, #3337 ) ) REPRESENTATION_CONTEXT ( 'NONE', 'WORKASPACE' ) );
#708 = ORIENTED_EDGE ( 'NONE', *, *, #1621, .F. ) ;
#709 = SURFACE_STYLE_USAGE ( .BOTH. , #5037 ) ;
#710 = UNCERTAINTY_MEASURE_WITH_UNIT (LENGTH_MEASURE( 1.000000000000000100E-005 ), #5749, 'distance_accuracy_value', 'NONE');
#711 = CARTESIAN_POINT ( 'NONE',  ( -2.371207339633363300, -2.071207339633363000, -0.2029194732375100300 ) ) ;
#712 =( GEOMETRIC_REPRESENTATION_CONTEXT ( 3 ) GLOBAL_UNCERTAINTY_ASSIGNED_CONTEXT ( ( #947 ) ) GLOBAL_UNIT_ASSIGNED_CONTEXT ( ( #7380, #7481, #7935 ) ) REPRESENTATION_CONTEXT ( 'NONE', 'WORKASPACE' ) );
#713 = PLANE ( 'NONE',  #3646 ) ;
#714 =( NAMED_UNIT ( * ) SI_UNIT ( $, .STERADIAN. ) SOLID_ANGLE_UNIT ( ) );
#715 = LINE ( 'NONE', #1289, #2423 ) ;
#716 = ADVANCED_FACE ( 'NONE', ( #2817 ), #7955, .F. ) ;
#717 = DIRECTION ( 'NONE',  ( 0.0000000000000000000, 0.0000000000000000000, 1.000000000000000000 ) ) ;
#718 = EDGE_CURVE ( 'NONE', #207, #5373, #7389, .T. ) ;
#719 = EDGE_CURVE ( 'NONE', #5723, #8493, #3835, .T. ) ;
#720 = VECTOR ( 'NONE', #2874, 1000.000000000000000 ) ;
#721 = AXIS2_PLACEMENT_3D ( 'NONE', #2146, #7157, #2895 ) ;
#722 = CARTESIAN_POINT ( 'NONE',  ( 0.5274999999999997500, -2.200000000000000200, 0.5274999999999939700 ) ) ;
#723 = MECHANICAL_DESIGN_GEOMETRIC_PRESENTATION_REPRESENTATION (  '', ( #9162 ), #1214 ) ;
#724 = CARTESIAN_POINT ( 'NONE',  ( 2.072499999999999800, 2.497121287348441900, 0.4445903360673038000 ) ) ;
#725 = CARTESIAN_POINT ( 'NONE',  ( -1.177500000000000200, -2.200000000000000200, 0.6724999999999941000 ) ) ;
#726 = PRESENTATION_STYLE_ASSIGNMENT (( #6474 ) ) ;
#727 = SURFACE_SIDE_STYLE ('',( #1231 ) ) ;
#728 =( NAMED_UNIT ( * ) SI_UNIT ( $, .STERADIAN. ) SOLID_ANGLE_UNIT ( ) );
#729 = AXIS2_PLACEMENT_3D ( 'NONE', #4579, #236, #5286 ) ;
#730 =( LENGTH_UNIT ( ) NAMED_UNIT ( * ) SI_UNIT ( .MILLI., .METRE. ) );
#731 = FACE_OUTER_BOUND ( 'NONE', #7078, .T. ) ;
#732 = UNCERTAINTY_MEASURE_WITH_UNIT (LENGTH_MEASURE( 1.000000000000000100E-005 ), #2088, 'distance_accuracy_value', 'NONE');
#733 = LINE ( 'NONE', #2477, #4592 ) ;
#734 = CARTESIAN_POINT ( 'NONE',  ( 1.827499999999999700, 2.200000000000000200, 0.6724999999999941000 ) ) ;
#735 = STYLED_ITEM ( 'NONE', ( #8387 ), #1654 ) ;
#736 = CARTESIAN_POINT ( 'NONE',  ( -1.827500000000000100, 2.352474500060765600, 0.4344756473744061900 ) ) ;
#737 = PRESENTATION_STYLE_ASSIGNMENT (( #6675 ) ) ;
#738 =( GEOMETRIC_REPRESENTATION_CONTEXT ( 3 ) GLOBAL_UNCERTAINTY_ASSIGNED_CONTEXT ( ( #7096 ) ) GLOBAL_UNIT_ASSIGNED_CONTEXT ( ( #6062, #1778, #6799 ) ) REPRESENTATION_CONTEXT ( 'NONE', 'WORKASPACE' ) );
#739 = EDGE_CURVE ( 'NONE', #1944, #3727, #9395, .T. ) ;
#740 = DIRECTION ( 'NONE',  ( 0.0000000000000000000, 1.000000000000000000, 2.056603471294124000E-015 ) ) ;
#741 = CIRCLE ( 'NONE', #3047, 0.2450000000000001600 ) ;
#742 =( LENGTH_UNIT ( ) NAMED_UNIT ( * ) SI_UNIT ( .MILLI., .METRE. ) );
#743 = DIRECTION ( 'NONE',  ( 1.000000000000000000, 0.0000000000000000000, 0.0000000000000000000 ) ) ;
#744 = EDGE_CURVE ( 'NONE', #4111, #3755, #5482, .T. ) ;
#745 = ADVANCED_FACE ( 'NONE', ( #1659 ), #1188, .F. ) ;
#746 = DIRECTION ( 'NONE',  ( 0.0000000000000000000, 0.0000000000000000000, -1.000000000000000000 ) ) ;
#747 = ORIENTED_EDGE ( 'NONE', *, *, #4280, .T. ) ;
#748 = CARTESIAN_POINT ( 'NONE',  ( -0.7725000000000001900, 2.497121287348441400, 0.4445903360673038000 ) ) ;
#749 = AXIS2_PLACEMENT_3D ( 'NONE', #8526, #4203, #9266 ) ;
#750 = UNCERTAINTY_MEASURE_WITH_UNIT (LENGTH_MEASURE( 1.000000000000000100E-005 ), #4077, 'distance_accuracy_value', 'NONE');
#751 = SURFACE_SIDE_STYLE ('',( #5204 ) ) ;
#752 = DIRECTION ( 'NONE',  ( -0.0000000000000000000, 1.000000000000000000, -0.0000000000000000000 ) ) ;
#753 =( NAMED_UNIT ( * ) PLANE_ANGLE_UNIT ( ) SI_UNIT ( $, .RADIAN. ) );
#754 = CARTESIAN_POINT ( 'NONE',  ( -1.422500000000000100, 2.508680812192536400, 0.2792814291857203500 ) ) ;
#755 = CARTESIAN_POINT ( 'NONE',  ( 2.072499999999999800, 3.189885311307101700, 2.710505431213761100E-017 ) ) ;
#756 = PRESENTATION_STYLE_ASSIGNMENT (( #4235 ) ) ;
#757 = EDGE_LOOP ( 'NONE', ( #7204, #186, #6068, #8947 ) ) ;
#758 = CARTESIAN_POINT ( 'NONE',  ( 0.7724999999999997400, 2.601461569844106100, 0.1865006715341500400 ) ) ;
#759 = ORIENTED_EDGE ( 'NONE', *, *, #9139, .T. ) ;
#760 = UNCERTAINTY_MEASURE_WITH_UNIT (LENGTH_MEASURE( 1.000000000000000100E-005 ), #6370, 'distance_accuracy_value', 'NONE');
#761 = EDGE_CURVE ( 'NONE', #4298, #7996, #4605, .T. ) ;
#762 = CYLINDRICAL_SURFACE ( 'NONE', #8598, 0.09999999999999939500 ) ;
#763 = EDGE_CURVE ( 'NONE', #5087, #9068, #741, .T. ) ;
#764 = COLOUR_RGB ( '',1.000000000000000000, 1.000000000000000000, 1.000000000000000000 ) ;
#765 =( NAMED_UNIT ( * ) PLANE_ANGLE_UNIT ( ) SI_UNIT ( $, .RADIAN. ) );
#766 =( NAMED_UNIT ( * ) SI_UNIT ( $, .STERADIAN. ) SOLID_ANGLE_UNIT ( ) );
#767 = ORIENTED_EDGE ( 'NONE', *, *, #1198, .T. ) ;
#768 = VECTOR ( 'NONE', #7400, 1000.000000000000000 ) ;
#769 = CARTESIAN_POINT ( 'NONE',  ( -0.5275000000000001900, 2.352474500060765600, 0.4344756473744061900 ) ) ;
#770 = ORIENTED_EDGE ( 'NONE', *, *, #3254, .T. ) ;
#771 = AXIS2_PLACEMENT_3D ( 'NONE', #7416, #3141, #8163 ) ;
#772 = ORIENTED_EDGE ( 'NONE', *, *, #7325, .T. ) ;
#773 = PRESENTATION_LAYER_ASSIGNMENT (  '', '', ( #8729 ) ) ;
#774 = LINE ( 'NONE', #306, #4628 ) ;
#775 = CARTESIAN_POINT ( 'NONE',  ( 1.422499999999999700, -2.591346881151208100, 0.04185388424647555600 ) ) ;
#776 = VECTOR ( 'NONE', #5801, 1000.000000000000000 ) ;
#777 = ORIENTED_EDGE ( 'NONE', *, *, #6132, .T. ) ;
#778 = PRESENTATION_LAYER_ASSIGNMENT (  '', '', ( #282 ) ) ;
#779 = DIRECTION ( 'NONE',  ( 0.0000000000000000000, 0.06975647374412598200, -0.9975640502598242000 ) ) ;
#780 = ORIENTED_EDGE ( 'NONE', *, *, #6324, .F. ) ;
#781 = ORIENTED_EDGE ( 'NONE', *, *, #3076, .F. ) ;
#782 =( NAMED_UNIT ( * ) SI_UNIT ( $, .STERADIAN. ) SOLID_ANGLE_UNIT ( ) );
#783 = ORIENTED_EDGE ( 'NONE', *, *, #5902, .F. ) ;
#784 = STYLED_ITEM ( 'NONE', ( #5255 ), #8178 ) ;
#785 = FACE_OUTER_BOUND ( 'NONE', #6848, .T. ) ;
#786 = DIRECTION ( 'NONE',  ( -1.000000000000000000, -0.0000000000000000000, -0.0000000000000000000 ) ) ;
#787 = CIRCLE ( 'NONE', #6590, 0.2450000000000001600 ) ;
#788 = VERTEX_POINT ( 'NONE', #2228 ) ;
#789 = CARTESIAN_POINT ( 'NONE',  ( -1.422500000000000100, -2.508680812192536400, 0.2792814291857203500 ) ) ;
#790 = CARTESIAN_POINT ( 'NONE',  ( -0.7725000000000001900, 2.497121287348441900, 0.4445903360673038000 ) ) ;
#791 = ORIENTED_EDGE ( 'NONE', *, *, #8121, .T. ) ;
#792 =( LENGTH_UNIT ( ) NAMED_UNIT ( * ) SI_UNIT ( .MILLI., .METRE. ) );
#793 = FILL_AREA_STYLE_COLOUR ( '', #1802 ) ;
#794 = CARTESIAN_POINT ( 'NONE',  ( 2.424620215747132200, -2.124620215747131400, 0.1000000000000000100 ) ) ;
#795 = SURFACE_STYLE_FILL_AREA ( #8484 ) ;
#796 = ORIENTED_EDGE ( 'NONE', *, *, #4012, .T. ) ;
#797 = SURFACE_STYLE_FILL_AREA ( #3524 ) ;
#798 = AXIS2_PLACEMENT_3D ( 'NONE', #9025, #3403, #4693 ) ;
#799 = LINE ( 'NONE', #2238, #2514 ) ;
#800 = CARTESIAN_POINT ( 'NONE',  ( -1.177500000000000200, -3.189885311307101700, 2.710505431213761100E-017 ) ) ;
#801 = CARTESIAN_POINT ( 'NONE',  ( 0.1224999999999997800, -2.200000000000000200, 0.6724999999999941000 ) ) ;
#802 = VERTEX_POINT ( 'NONE', #2206 ) ;
#803 = CARTESIAN_POINT ( 'NONE',  ( -0.1225000000000002200, 2.508680812192536400, 0.2792814291857203500 ) ) ;
#804 = DIRECTION ( 'NONE',  ( 0.0000000000000000000, 0.0000000000000000000, 1.000000000000000000 ) ) ;
#805 = AXIS2_PLACEMENT_3D ( 'NONE', #8418, #5516, #1213 ) ;
#806 = AXIS2_PLACEMENT_3D ( 'NONE', #6147, #1864, #6873 ) ;
#807 =( NAMED_UNIT ( * ) PLANE_ANGLE_UNIT ( ) SI_UNIT ( $, .RADIAN. ) );
#808 = ORIENTED_EDGE ( 'NONE', *, *, #4814, .T. ) ;
#809 = CARTESIAN_POINT ( 'NONE',  ( -1.177500000000000200, 2.608437217218518600, 0.2862570765601324400 ) ) ;
#810 = ADVANCED_FACE ( 'NONE', ( #2694 ), #1782, .F. ) ;
#811 = FILL_AREA_STYLE ('',( #6536 ) ) ;
#812 = SURFACE_STYLE_FILL_AREA ( #7724 ) ;
#813 = EDGE_CURVE ( 'NONE', #5780, #430, #56, .T. ) ;
#814 = CIRCLE ( 'NONE', #8131, 0.2450000000000001600 ) ;
#815 =( LENGTH_UNIT ( ) NAMED_UNIT ( * ) SI_UNIT ( .MILLI., .METRE. ) );
#816 = ORIENTED_EDGE ( 'NONE', *, *, #2848, .T. ) ;
#817 = DIRECTION ( 'NONE',  ( 0.0000000000000000000, -1.000000000000000000, 0.0000000000000000000 ) ) ;
#818 = MECHANICAL_DESIGN_GEOMETRIC_PRESENTATION_REPRESENTATION (  '', ( #9256 ), #1303 ) ;
#819 = EDGE_LOOP ( 'NONE', ( #4070, #7979, #1414, #1241 ) ) ;
#820 = UNCERTAINTY_MEASURE_WITH_UNIT (LENGTH_MEASURE( 1.000000000000000100E-005 ), #3170, 'distance_accuracy_value', 'NONE');
#821 = DIRECTION ( 'NONE',  ( -1.000000000000000000, -0.0000000000000000000, -0.0000000000000000000 ) ) ;
#822 = PRESENTATION_LAYER_ASSIGNMENT (  '', '', ( #320 ) ) ;
#823 = LINE ( 'NONE', #2463, #4230 ) ;
#824 = DIRECTION ( 'NONE',  ( -1.000000000000000000, -0.0000000000000000000, -0.0000000000000000000 ) ) ;
#825 = ORIENTED_EDGE ( 'NONE', *, *, #1664, .F. ) ;
#826 = CARTESIAN_POINT ( 'NONE',  ( 0.1224999999999997800, -2.252718095034784300, 0.4274999999999940500 ) ) ;
#827 = SURFACE_STYLE_FILL_AREA ( #2028 ) ;
#828 = EDGE_CURVE ( 'NONE', #3521, #932, #7505, .T. ) ;
#829 = VECTOR ( 'NONE', #9209, 1000.000000000000000 ) ;
#830 = SURFACE_SIDE_STYLE ('',( #8195 ) ) ;
#831 = EDGE_CURVE ( 'NONE', #9032, #3494, #9257, .T. ) ;
#832 = DIRECTION ( 'NONE',  ( 0.0000000000000000000, -0.06975647374412598200, -0.9975640502598242000 ) ) ;
#833 = CARTESIAN_POINT ( 'NONE',  ( -0.1225000000000002200, -3.189885311307101700, 2.710505431213761100E-017 ) ) ;
#834 =( NAMED_UNIT ( * ) SI_UNIT ( $, .STERADIAN. ) SOLID_ANGLE_UNIT ( ) );
#835 = ORIENTED_EDGE ( 'NONE', *, *, #308, .T. ) ;
#836 = DIRECTION ( 'NONE',  ( 0.0000000000000000000, -0.0000000000000000000, -1.000000000000000000 ) ) ;
#837 = DIRECTION ( 'NONE',  ( -0.0000000000000000000, 0.06975647374412208300, 0.9975640502598244200 ) ) ;
#838 = PRESENTATION_LAYER_ASSIGNMENT (  '', '', ( #9281 ) ) ;
#839 = DIRECTION ( 'NONE',  ( -1.000000000000000000, -0.0000000000000000000, -0.0000000000000000000 ) ) ;
#840 = COLOUR_RGB ( '',1.000000000000000000, 1.000000000000000000, 1.000000000000000000 ) ;
#841 = CARTESIAN_POINT ( 'NONE',  ( 0.1224999999999997800, 2.200000000000000200, 0.6724999999999941000 ) ) ;
#842 = VECTOR ( 'NONE', #6539, 1000.000000000000000 ) ;
#843 =( GEOMETRIC_REPRESENTATION_CONTEXT ( 3 ) GLOBAL_UNCERTAINTY_ASSIGNED_CONTEXT ( ( #27 ) ) GLOBAL_UNIT_ASSIGNED_CONTEXT ( ( #6582, #6260, #6336 ) ) REPRESENTATION_CONTEXT ( 'NONE', 'WORKASPACE' ) );
#844 = EDGE_CURVE ( 'NONE', #2835, #5172, #3711, .T. ) ;
#845 = LINE ( 'NONE', #4993, #3457 ) ;
#846 = AXIS2_PLACEMENT_3D ( 'NONE', #8932, #4601, #256 ) ;
#847 = CARTESIAN_POINT ( 'NONE',  ( 0.1224999999999997800, -2.497121287348441400, 0.4445903360673038000 ) ) ;
#848 = FILL_AREA_STYLE ('',( #140 ) ) ;
#849 = AXIS2_PLACEMENT_3D ( 'NONE', #6847, #2564, #7583 ) ;
#850 = VECTOR ( 'NONE', #7028, 1000.000000000000000 ) ;
#851 = PRESENTATION_STYLE_ASSIGNMENT (( #4041 ) ) ;
#852 = ADVANCED_FACE ( 'NONE', ( #1545 ), #2711, .F. ) ;
#853 =( NAMED_UNIT ( * ) PLANE_ANGLE_UNIT ( ) SI_UNIT ( $, .RADIAN. ) );
#854 = PRESENTATION_STYLE_ASSIGNMENT (( #8523 ) ) ;
#855 = FILL_AREA_STYLE ('',( #5124 ) ) ;
#856 = SURFACE_SIDE_STYLE ('',( #8342 ) ) ;
#857 = FILL_AREA_STYLE ('',( #2170 ) ) ;
#858 =( NAMED_UNIT ( * ) PLANE_ANGLE_UNIT ( ) SI_UNIT ( $, .RADIAN. ) );
#859 = PRESENTATION_LAYER_ASSIGNMENT (  '', '', ( #9315 ) ) ;
#860 = CIRCLE ( 'NONE', #5318, 0.09999999999999945000 ) ;
#861 = DIRECTION ( 'NONE',  ( 0.0000000000000000000, -1.000000000000000000, -2.056603471294124000E-015 ) ) ;
#862 = CARTESIAN_POINT ( 'NONE',  ( 1.827499999999999700, -2.252718095034784300, 0.4274999999999940500 ) ) ;
#863 = VECTOR ( 'NONE', #1784, 1000.000000000000000 ) ;
#864 = CARTESIAN_POINT ( 'NONE',  ( -1.827500000000000100, 2.601461569844106100, 0.1865006715341501500 ) ) ;
#865 = DIRECTION ( 'NONE',  ( 0.0000000000000000000, 0.06975647374411951500, -0.9975640502598246400 ) ) ;
#866 =( LENGTH_UNIT ( ) NAMED_UNIT ( * ) SI_UNIT ( .MILLI., .METRE. ) );
#867 = SURFACE_STYLE_USAGE ( .BOTH. , #5187 ) ;
#868 = MECHANICAL_DESIGN_GEOMETRIC_PRESENTATION_REPRESENTATION (  '', ( #8809 ), #1357 ) ;
#869 = CARTESIAN_POINT ( 'NONE',  ( -0.5275000000000001900, 3.189885311307101700, 2.710505431213761100E-017 ) ) ;
#870 = LINE ( 'NONE', #8021, #4714 ) ;
#871 = MECHANICAL_DESIGN_GEOMETRIC_PRESENTATION_REPRESENTATION (  '', ( #9333 ), #1359 ) ;
#872 = LINE ( 'NONE', #2547, #626 ) ;
#873 = SURFACE_SIDE_STYLE ('',( #8299 ) ) ;
#874 = ORIENTED_EDGE ( 'NONE', *, *, #1563, .F. ) ;
#875 = EDGE_CURVE ( 'NONE', #1253, #8752, #6371, .T. ) ;
#876 = FILL_AREA_STYLE_COLOUR ( '', #4499 ) ;
#877 = ORIENTED_EDGE ( 'NONE', *, *, #8776, .F. ) ;
#878 = DIRECTION ( 'NONE',  ( 1.000000000000000000, 0.0000000000000000000, -0.0000000000000000000 ) ) ;
#879 = UNCERTAINTY_MEASURE_WITH_UNIT (LENGTH_MEASURE( 1.000000000000000100E-005 ), #5135, 'distance_accuracy_value', 'NONE');
#880 = VECTOR ( 'NONE', #8449, 1000.000000000000000 ) ;
#881 = CARTESIAN_POINT ( 'NONE',  ( -1.177500000000000200, 2.508680812192536400, 0.2792814291857203500 ) ) ;
#882 = VECTOR ( 'NONE', #8042, 1000.000000000000000 ) ;
#883 = CIRCLE ( 'NONE', #6119, 0.09999999999999988100 ) ;
#884 = CARTESIAN_POINT ( 'NONE',  ( 0.1224999999999997800, -2.497121287348441400, 0.4445903360673038000 ) ) ;
#885 = EDGE_CURVE ( 'NONE', #8734, #5323, #8320, .T. ) ;
#886 = SURFACE_STYLE_FILL_AREA ( #2584 ) ;
#887 = STYLED_ITEM ( 'NONE', ( #4859 ), #6470 ) ;
#888 = CARTESIAN_POINT ( 'NONE',  ( 2.072499999999999800, 2.608437217218518600, 0.2862570765601324400 ) ) ;
#889 = ORIENTED_EDGE ( 'NONE', *, *, #4652, .F. ) ;
#890 = DIRECTION ( 'NONE',  ( -0.0000000000000000000, 0.06975647374412208300, 0.9975640502598244200 ) ) ;
#891 = ORIENTED_EDGE ( 'NONE', *, *, #2452, .T. ) ;
#892 = DIRECTION ( 'NONE',  ( 0.0000000000000000000, 0.0000000000000000000, -1.000000000000000000 ) ) ;
#893 = CARTESIAN_POINT ( 'NONE',  ( -1.827500000000000100, -2.591346881151208100, 0.04185388424647555600 ) ) ;
#894 = PRESENTATION_STYLE_ASSIGNMENT (( #2364 ) ) ;
#895 = LINE ( 'NONE', #5001, #4512 ) ;
#896 = CARTESIAN_POINT ( 'NONE',  ( -2.424620215747131300, 0.0000000000000000000, 1.100000000000000100 ) ) ;
#897 = ORIENTED_EDGE ( 'NONE', *, *, #1488, .T. ) ;
#898 = ORIENTED_EDGE ( 'NONE', *, *, #2467, .F. ) ;
#899 = ORIENTED_EDGE ( 'NONE', *, *, #1792, .T. ) ;
#900 = EDGE_CURVE ( 'NONE', #2806, #6170, #2572, .T. ) ;
#901 = CARTESIAN_POINT ( 'NONE',  ( 0.5274999999999997500, 2.200000000000000200, 0.5274999999999939700 ) ) ;
#902 = EDGE_CURVE ( 'NONE', #8014, #8334, #8069, .T. ) ;
#903 = ORIENTED_EDGE ( 'NONE', *, *, #6550, .T. ) ;
#904 = FILL_AREA_STYLE ('',( #3799 ) ) ;
#905 = SURFACE_STYLE_FILL_AREA ( #2338 ) ;
#906 = ADVANCED_FACE ( 'NONE', ( #4272 ), #1588, .F. ) ;
#907 = LINE ( 'NONE', #5257, #4744 ) ;
#908 = CARTESIAN_POINT ( 'NONE',  ( 1.422499999999999700, -3.189885311307101700, 2.710505431213761100E-017 ) ) ;
#909 = FACE_OUTER_BOUND ( 'NONE', #6041, .T. ) ;
#910 = PRESENTATION_LAYER_ASSIGNMENT (  '', '', ( #407 ) ) ;
#911 = COLOUR_RGB ( '',1.000000000000000000, 1.000000000000000000, 1.000000000000000000 ) ;
#912 =( GEOMETRIC_REPRESENTATION_CONTEXT ( 3 ) GLOBAL_UNCERTAINTY_ASSIGNED_CONTEXT ( ( #9437 ) ) GLOBAL_UNIT_ASSIGNED_CONTEXT ( ( #4062, #9124, #4768 ) ) REPRESENTATION_CONTEXT ( 'NONE', 'WORKASPACE' ) );
#913 = EDGE_LOOP ( 'NONE', ( #4217, #4319, #8893, #5934 ) ) ;
#914 = CARTESIAN_POINT ( 'NONE',  ( 2.750000000000000000, 2.200000000000000200, 0.5275000000000060800 ) ) ;
#915 = ORIENTED_EDGE ( 'NONE', *, *, #2844, .F. ) ;
#916 = FACE_OUTER_BOUND ( 'NONE', #5315, .T. ) ;
#917 = DIRECTION ( 'NONE',  ( 0.0000000000000000000, 0.06975647374411951500, -0.9975640502598246400 ) ) ;
#918 = ORIENTED_EDGE ( 'NONE', *, *, #4280, .F. ) ;
#919 =( NAMED_UNIT ( * ) SI_UNIT ( $, .STERADIAN. ) SOLID_ANGLE_UNIT ( ) );
#920 = CIRCLE ( 'NONE', #8026, 0.09999999999999945000 ) ;
#921 = DIRECTION ( 'NONE',  ( -1.000000000000000000, -0.0000000000000000000, -0.0000000000000000000 ) ) ;
#922 = ORIENTED_EDGE ( 'NONE', *, *, #4464, .T. ) ;
#923 = LINE ( 'NONE', #3035, #4542 ) ;
#924 = FILL_AREA_STYLE ('',( #3089 ) ) ;
#925 = ORIENTED_EDGE ( 'NONE', *, *, #6439, .F. ) ;
#926 = MECHANICAL_DESIGN_GEOMETRIC_PRESENTATION_REPRESENTATION (  '', ( #8863 ), #1408 ) ;
#927 = CARTESIAN_POINT ( 'NONE',  ( 0.1224999999999997800, -2.364034024904861500, 0.2691667404928227400 ) ) ;
#928 =( NAMED_UNIT ( * ) PLANE_ANGLE_UNIT ( ) SI_UNIT ( $, .RADIAN. ) );
#929 = COLOUR_RGB ( '',1.000000000000000000, 1.000000000000000000, 1.000000000000000000 ) ;
#930 = COLOUR_RGB ( '',1.000000000000000000, 1.000000000000000000, 1.000000000000000000 ) ;
#931 = DIRECTION ( 'NONE',  ( 1.000000000000000000, 0.0000000000000000000, 0.0000000000000000000 ) ) ;
#932 = VERTEX_POINT ( 'NONE', #4232 ) ;
#933 = DIRECTION ( 'NONE',  ( -1.000000000000000000, 0.0000000000000000000, -0.0000000000000000000 ) ) ;
#934 = FILL_AREA_STYLE_COLOUR ( '', #1423 ) ;
#935 = CLOSED_SHELL ( 'NONE', ( #2292, #1788, #8545, #716, #810, #3981, #2064, #5316, #6744, #8039, #4281, #346, #6696, #2826 ) ) ;
#936 =( LENGTH_UNIT ( ) NAMED_UNIT ( * ) SI_UNIT ( .MILLI., .METRE. ) );
#937 =( GEOMETRIC_REPRESENTATION_CONTEXT ( 3 ) GLOBAL_UNCERTAINTY_ASSIGNED_CONTEXT ( ( #4424 ) ) GLOBAL_UNIT_ASSIGNED_CONTEXT ( ( #3133, #2586, #3693 ) ) REPRESENTATION_CONTEXT ( 'NONE', 'WORKASPACE' ) );
#938 = PRESENTATION_STYLE_ASSIGNMENT (( #6488 ) ) ;
#939 = CARTESIAN_POINT ( 'NONE',  ( 1.422499999999999700, -2.608437217218518600, 0.2862570765601325000 ) ) ;
#940 = SURFACE_STYLE_USAGE ( .BOTH. , #1070 ) ;
#941 = PRESENTATION_LAYER_ASSIGNMENT (  '', '', ( #432 ) ) ;
#942 = CARTESIAN_POINT ( 'NONE',  ( -0.1225000000000002200, -2.508680812192536400, 0.2792814291857203500 ) ) ;
#943 = ORIENTED_EDGE ( 'NONE', *, *, #4130, .F. ) ;
#944 = SURFACE_STYLE_FILL_AREA ( #2589 ) ;
#945 = CARTESIAN_POINT ( 'NONE',  ( 1.422499999999999700, 2.497121287348441400, 0.4445903360673038000 ) ) ;
#946 = ORIENTED_EDGE ( 'NONE', *, *, #1246, .F. ) ;
#947 = UNCERTAINTY_MEASURE_WITH_UNIT (LENGTH_MEASURE( 1.000000000000000100E-005 ), #7380, 'distance_accuracy_value', 'NONE');
#948 = EDGE_CURVE ( 'NONE', #4099, #7438, #3590, .T. ) ;
#949 = SURFACE_STYLE_USAGE ( .BOTH. , #5252 ) ;
#950 = DIRECTION ( 'NONE',  ( 0.0000000000000000000, 0.0000000000000000000, -1.000000000000000000 ) ) ;
#951 =( GEOMETRIC_REPRESENTATION_CONTEXT ( 3 ) GLOBAL_UNCERTAINTY_ASSIGNED_CONTEXT ( ( #5945 ) ) GLOBAL_UNIT_ASSIGNED_CONTEXT ( ( #3341, #3399, #3436 ) ) REPRESENTATION_CONTEXT ( 'NONE', 'WORKASPACE' ) );
#952 = DIRECTION ( 'NONE',  ( -1.000000000000000000, 0.0000000000000000000, -0.0000000000000000000 ) ) ;
#953 = MECHANICAL_DESIGN_GEOMETRIC_PRESENTATION_REPRESENTATION (  '', ( #9401 ), #1427 ) ;
#954 = COLOUR_RGB ( '',1.000000000000000000, 1.000000000000000000, 1.000000000000000000 ) ;
#955 = CARTESIAN_POINT ( 'NONE',  ( -1.827500000000000100, 2.200000000000000200, 0.6724999999999941000 ) ) ;
#956 = DIRECTION ( 'NONE',  ( 0.0000000000000000000, 1.000000000000000000, -2.056603471294124000E-015 ) ) ;
#957 = SURFACE_STYLE_FILL_AREA ( #8636 ) ;
#958 = ADVANCED_FACE ( 'NONE', ( #1652 ), #1103, .F. ) ;
#959 =( NAMED_UNIT ( * ) PLANE_ANGLE_UNIT ( ) SI_UNIT ( $, .RADIAN. ) );
#960 = VECTOR ( 'NONE', #3871, 1000.000000000000200 ) ;
#961 =( NAMED_UNIT ( * ) PLANE_ANGLE_UNIT ( ) SI_UNIT ( $, .RADIAN. ) );
#962 = EDGE_CURVE ( 'NONE', #7957, #6655, #6484, .T. ) ;
#963 = VECTOR ( 'NONE', #1614, 1000.000000000000200 ) ;
#964 = EDGE_CURVE ( 'NONE', #8916, #1514, #2925, .T. ) ;
#965 = FILL_AREA_STYLE ('',( #6521 ) ) ;
#966 = PRODUCT_DEFINITION_CONTEXT ( 'detailed design', #4906, 'design' ) ;
#967 = CARTESIAN_POINT ( 'NONE',  ( 1.827499999999999700, -2.352474500060765600, 0.4344756473744061900 ) ) ;
#968 = DIRECTION ( 'NONE',  ( 1.000000000000000000, -0.0000000000000000000, 0.0000000000000000000 ) ) ;
#969 = VECTOR ( 'NONE', #3606, 1000.000000000000000 ) ;
#970 = PRESENTATION_LAYER_ASSIGNMENT (  '', '', ( #469 ) ) ;
#971 = DIRECTION ( 'NONE',  ( -0.0000000000000000000, 0.06975647374412818900, -0.9975640502598240900 ) ) ;
#972 = PRESENTATION_LAYER_ASSIGNMENT (  '', '', ( #1447 ) ) ;
#973 = CARTESIAN_POINT ( 'NONE',  ( 0.1224999999999997800, -2.608437217218518600, 0.2862570765601324400 ) ) ;
#974 = VECTOR ( 'NONE', #6912, 1000.000000000000000 ) ;
#975 = CARTESIAN_POINT ( 'NONE',  ( 0.5274999999999997500, -2.252718095034784300, 0.6724999999999939900 ) ) ;
#976 = AXIS2_PLACEMENT_3D ( 'NONE', #1557, #6584, #2300 ) ;
#977 = DIRECTION ( 'NONE',  ( 0.1710878697460333200, -0.1710878697460327700, -0.9702875252478149200 ) ) ;
#978 = VECTOR ( 'NONE', #1167, 1000.000000000000000 ) ;
#979 = MECHANICAL_DESIGN_GEOMETRIC_PRESENTATION_REPRESENTATION (  '', ( #9440 ), #1459 ) ;
#980 = CARTESIAN_POINT ( 'NONE',  ( 1.827499999999999700, 2.601461569844106100, 0.1865006715341500400 ) ) ;
#981 = DIRECTION ( 'NONE',  ( 0.0000000000000000000, 0.0000000000000000000, -1.000000000000000000 ) ) ;
#982 = SURFACE_STYLE_FILL_AREA ( #3595 ) ;
#983 = STYLED_ITEM ( 'NONE', ( #9251 ), #1027 ) ;
#984 =( LENGTH_UNIT ( ) NAMED_UNIT ( * ) SI_UNIT ( .MILLI., .METRE. ) );
#985 = CARTESIAN_POINT ( 'NONE',  ( 2.072499999999999800, -2.508680812192536400, 0.2792814291857203500 ) ) ;
#986 = STYLED_ITEM ( 'NONE', ( #8741 ), #9229 ) ;
#987 = DIRECTION ( 'NONE',  ( 1.000000000000000000, -0.0000000000000000000, 0.0000000000000000000 ) ) ;
#988 = DIRECTION ( 'NONE',  ( 0.0000000000000000000, -0.06975647374412818900, -0.9975640502598240900 ) ) ;
#989 = UNCERTAINTY_MEASURE_WITH_UNIT (LENGTH_MEASURE( 1.000000000000000100E-005 ), #5261, 'distance_accuracy_value', 'NONE');
#990 = DIRECTION ( 'NONE',  ( -0.0000000000000000000, 0.9975640502598240900, 0.06975647374412817500 ) ) ;
#991 = ORIENTED_EDGE ( 'NONE', *, *, #4755, .T. ) ;
#992 = EDGE_CURVE ( 'NONE', #5910, #3859, #8440, .T. ) ;
#993 = CARTESIAN_POINT ( 'NONE',  ( 2.424620215747132200, 2.389798641241193200E-016, 0.1000000000000000100 ) ) ;
#994 = FACE_OUTER_BOUND ( 'NONE', #2267, .T. ) ;
#995 = LINE ( 'NONE', #4907, #4825 ) ;
#996 = ADVANCED_FACE ( 'NONE', ( #4376 ), #4408, .T. ) ;
#997 = MECHANICAL_DESIGN_GEOMETRIC_PRESENTATION_REPRESENTATION (  '', ( #7 ), #1493 ) ;
#998 = SURFACE_SIDE_STYLE ('',( #5103 ) ) ;
#999 = ORIENTED_EDGE ( 'NONE', *, *, #1312, .T. ) ;
#1000 = DIRECTION ( 'NONE',  ( 0.0000000000000000000, 0.0000000000000000000, 1.000000000000000000 ) ) ;
#1001 = VERTEX_POINT ( 'NONE', #9107 ) ;
#1002 = VERTEX_POINT ( 'NONE', #9345 ) ;
#1003 =( GEOMETRIC_REPRESENTATION_CONTEXT ( 3 ) GLOBAL_UNCERTAINTY_ASSIGNED_CONTEXT ( ( #5551 ) ) GLOBAL_UNIT_ASSIGNED_CONTEXT ( ( #8980, #4635, #285 ) ) REPRESENTATION_CONTEXT ( 'NONE', 'WORKASPACE' ) );
#1004 = UNCERTAINTY_MEASURE_WITH_UNIT (LENGTH_MEASURE( 1.000000000000000100E-005 ), #1097, 'distance_accuracy_value', 'NONE');
#1005 = CARTESIAN_POINT ( 'NONE',  ( 2.072499999999999800, -2.608437217218518600, 0.2862570765601325000 ) ) ;
#1006 = DIRECTION ( 'NONE',  ( 0.0000000000000000000, -0.9975640502598243100, -0.06975647374412599600 ) ) ;
#1007 = ORIENTED_EDGE ( 'NONE', *, *, #6245, .F. ) ;
#1008 = COLOUR_RGB ( '',1.000000000000000000, 1.000000000000000000, 1.000000000000000000 ) ;
#1009 = FACE_OUTER_BOUND ( 'NONE', #4892, .T. ) ;
#1010 = ORIENTED_EDGE ( 'NONE', *, *, #2997, .F. ) ;
#1011 = DIRECTION ( 'NONE',  ( 0.0000000000000000000, 0.0000000000000000000, 1.000000000000000000 ) ) ;
#1012 = ORIENTED_EDGE ( 'NONE', *, *, #563, .F. ) ;
#1013 = ORIENTED_EDGE ( 'NONE', *, *, #503, .F. ) ;
#1014 =( LENGTH_UNIT ( ) NAMED_UNIT ( * ) SI_UNIT ( .MILLI., .METRE. ) );
#1015 = EDGE_CURVE ( 'NONE', #331, #3098, #3705, .T. ) ;
#1016 = DIRECTION ( 'NONE',  ( 0.0000000000000000000, -0.06975647374412598200, -0.9975640502598242000 ) ) ;
#1017 = COLOUR_RGB ( '',1.000000000000000000, 1.000000000000000000, 1.000000000000000000 ) ;
#1018 = DIRECTION ( 'NONE',  ( -0.0000000000000000000, 0.06975647374412818900, -0.9975640502598240900 ) ) ;
#1019 = COLOUR_RGB ( '',1.000000000000000000, 1.000000000000000000, 1.000000000000000000 ) ;
#1020 = ORIENTED_EDGE ( 'NONE', *, *, #3357, .T. ) ;
#1021 = DIRECTION ( 'NONE',  ( 0.0000000000000000000, 1.000000000000000000, 0.0000000000000000000 ) ) ;
#1022 = ORIENTED_EDGE ( 'NONE', *, *, #2220, .T. ) ;
#1023 = STYLED_ITEM ( 'NONE', ( #5963 ), #2923 ) ;
#1024 = DIRECTION ( 'NONE',  ( -1.000000000000000000, -0.0000000000000000000, -0.0000000000000000000 ) ) ;
#1025 = DIRECTION ( 'NONE',  ( 0.0000000000000000000, 0.06975647374411951500, 0.9975640502598246400 ) ) ;
#1026 = PRESENTATION_STYLE_ASSIGNMENT (( #2122 ) ) ;
#1027 = ADVANCED_FACE ( 'NONE', ( #47 ), #1699, .F. ) ;
#1028 = ORIENTED_EDGE ( 'NONE', *, *, #3699, .F. ) ;
#1029 = SURFACE_SIDE_STYLE ('',( #8730 ) ) ;
#1030 = EDGE_CURVE ( 'NONE', #8925, #6382, #1098, .T. ) ;
#1031 = SURFACE_STYLE_FILL_AREA ( #3369 ) ;
#1032 = EDGE_CURVE ( 'NONE', #5099, #3734, #8554, .T. ) ;
#1033 = ORIENTED_EDGE ( 'NONE', *, *, #5544, .F. ) ;
#1034 = CARTESIAN_POINT ( 'NONE',  ( 0.1224999999999997800, -2.252718095034784300, 0.4274999999999940500 ) ) ;
#1035 = EDGE_LOOP ( 'NONE', ( #2152, #5494, #3886, #2508 ) ) ;
#1036 = ORIENTED_EDGE ( 'NONE', *, *, #1030, .T. ) ;
#1037 = LINE ( 'NONE', #6259, #2984 ) ;
#1038 = CARTESIAN_POINT ( 'NONE',  ( 0.1224999999999997800, 2.252718095034784300, 0.4274999999999940500 ) ) ;
#1039 = SURFACE_STYLE_FILL_AREA ( #8393 ) ;
#1040 = ORIENTED_EDGE ( 'NONE', *, *, #828, .F. ) ;
#1041 = STYLED_ITEM ( 'NONE', ( #7886 ), #7525 ) ;
#1042 = SURFACE_STYLE_FILL_AREA ( #8310 ) ;
#1043 = MECHANICAL_DESIGN_GEOMETRIC_PRESENTATION_REPRESENTATION (  '', ( #43 ), #1524 ) ;
#1044 = CARTESIAN_POINT ( 'NONE',  ( -0.7725000000000001900, 2.252718095034783400, 0.5274999999999934200 ) ) ;
#1045 = EDGE_LOOP ( 'NONE', ( #5935, #9131, #4082, #5175 ) ) ;
#1046 = FACE_OUTER_BOUND ( 'NONE', #2587, .T. ) ;
#1047 = VERTEX_POINT ( 'NONE', #7393 ) ;
#1048 = DIRECTION ( 'NONE',  ( 0.0000000000000000000, 0.0000000000000000000, -1.000000000000000000 ) ) ;
#1049 = CARTESIAN_POINT ( 'NONE',  ( -1.177500000000000200, -2.200000000000000200, 0.5274999999999939700 ) ) ;
#1050 = CIRCLE ( 'NONE', #4794, 0.2450000000000004400 ) ;
#1051 =( NAMED_UNIT ( * ) SI_UNIT ( $, .STERADIAN. ) SOLID_ANGLE_UNIT ( ) );
#1052 = SURFACE_STYLE_FILL_AREA ( #8497 ) ;
#1053 = ORIENTED_EDGE ( 'NONE', *, *, #2004, .F. ) ;
#1054 = VECTOR ( 'NONE', #528, 1000.000000000000100 ) ;
#1055 = PRESENTATION_LAYER_ASSIGNMENT (  '', '', ( #534 ) ) ;
#1056 = ADVANCED_FACE ( 'NONE', ( #6594 ), #5298, .F. ) ;
#1057 = SURFACE_STYLE_USAGE ( .BOTH. , #5353 ) ;
#1058 = ORIENTED_EDGE ( 'NONE', *, *, #7520, .T. ) ;
#1059 = SURFACE_SIDE_STYLE ('',( #1552 ) ) ;
#1060 = PRESENTATION_STYLE_ASSIGNMENT (( #4446 ) ) ;
#1061 =( NAMED_UNIT ( * ) PLANE_ANGLE_UNIT ( ) SI_UNIT ( $, .RADIAN. ) );
#1062 = FILL_AREA_STYLE ('',( #304 ) ) ;
#1063 = ORIENTED_EDGE ( 'NONE', *, *, #1606, .F. ) ;
#1064 =( NAMED_UNIT ( * ) PLANE_ANGLE_UNIT ( ) SI_UNIT ( $, .RADIAN. ) );
#1065 = SURFACE_STYLE_USAGE ( .BOTH. , #3942 ) ;
#1066 = CARTESIAN_POINT ( 'NONE',  ( -0.1225000000000002200, 2.200000000000000200, 0.6724999999999941000 ) ) ;
#1067 = STYLED_ITEM ( 'NONE', ( #5651 ), #1769 ) ;
#1068 = UNCERTAINTY_MEASURE_WITH_UNIT (LENGTH_MEASURE( 1.000000000000000100E-005 ), #1377, 'distance_accuracy_value', 'NONE');
#1069 = CARTESIAN_POINT ( 'NONE',  ( 0.5274999999999997500, -2.352474500060765600, 0.4344756473744061900 ) ) ;
#1070 = SURFACE_SIDE_STYLE ('',( #4297 ) ) ;
#1071 = PRESENTATION_LAYER_ASSIGNMENT (  '', '', ( #1539 ) ) ;
#1072 = SURFACE_SIDE_STYLE ('',( #5389 ) ) ;
#1073 = COLOUR_RGB ( '',1.000000000000000000, 1.000000000000000000, 1.000000000000000000 ) ;
#1074 =( NAMED_UNIT ( * ) PLANE_ANGLE_UNIT ( ) SI_UNIT ( $, .RADIAN. ) );
#1075 = EDGE_CURVE ( 'NONE', #3691, #5499, #4044, .T. ) ;
#1076 =( NAMED_UNIT ( * ) SI_UNIT ( $, .STERADIAN. ) SOLID_ANGLE_UNIT ( ) );
#1077 = DIRECTION ( 'NONE',  ( -1.000000000000000000, -0.0000000000000000000, 0.0000000000000000000 ) ) ;
#1078 = LINE ( 'NONE', #6759, #4680 ) ;
#1079 = EDGE_CURVE ( 'NONE', #5406, #8952, #163, .T. ) ;
#1080 = ADVANCED_FACE ( 'NONE', ( #1891 ), #8580, .F. ) ;
#1081 = CARTESIAN_POINT ( 'NONE',  ( -2.750000000000000000, 2.200000000000000200, 0.5275000000000060800 ) ) ;
#1082 = LINE ( 'NONE', #5450, #3016 ) ;
#1083 = DIRECTION ( 'NONE',  ( 1.000000000000000000, 0.0000000000000000000, 0.0000000000000000000 ) ) ;
#1084 = AXIS2_PLACEMENT_3D ( 'NONE', #5716, #4332, #7183 ) ;
#1085 = COLOUR_RGB ( '',1.000000000000000000, 1.000000000000000000, 1.000000000000000000 ) ;
#1086 = PLANE ( 'NONE',  #52 ) ;
#1087 = ORIENTED_EDGE ( 'NONE', *, *, #6959, .F. ) ;
#1088 = CARTESIAN_POINT ( 'NONE',  ( -1.827500000000000100, 2.497121287348441900, 0.4445903360673038000 ) ) ;
#1089 = CARTESIAN_POINT ( 'NONE',  ( -0.5275000000000001900, 3.200000000000000200, 0.1446467872876744900 ) ) ;
#1090 = CARTESIAN_POINT ( 'NONE',  ( -1.422500000000000100, 2.200000000000000200, 0.6724999999999941000 ) ) ;
#1091 = LINE ( 'NONE', #9249, #3024 ) ;
#1092 = EDGE_CURVE ( 'NONE', #4213, #2945, #6918, .T. ) ;
#1093 =( LENGTH_UNIT ( ) NAMED_UNIT ( * ) SI_UNIT ( .MILLI., .METRE. ) );
#1094 = EDGE_CURVE ( 'NONE', #4944, #7310, #1521, .T. ) ;
#1095 = CARTESIAN_POINT ( 'NONE',  ( -1.827500000000000100, -2.364034024904861500, 0.2691667404928227400 ) ) ;
#1096 = FACE_OUTER_BOUND ( 'NONE', #695, .T. ) ;
#1097 =( LENGTH_UNIT ( ) NAMED_UNIT ( * ) SI_UNIT ( .MILLI., .METRE. ) );
#1098 = LINE ( 'NONE', #7340, #4916 ) ;
#1099 =( GEOMETRIC_REPRESENTATION_CONTEXT ( 3 ) GLOBAL_UNCERTAINTY_ASSIGNED_CONTEXT ( ( #5613 ) ) GLOBAL_UNIT_ASSIGNED_CONTEXT ( ( #4731, #393, #5448 ) ) REPRESENTATION_CONTEXT ( 'NONE', 'WORKASPACE' ) );
#1100 = FILL_AREA_STYLE_COLOUR ( '', #7439 ) ;
#1101 = CARTESIAN_POINT ( 'NONE',  ( -1.177500000000000200, 2.608437217218518600, 0.2862570765601325000 ) ) ;
#1102 = ADVANCED_FACE ( 'NONE', ( #5036 ), #2543, .F. ) ;
#1103 = PLANE ( 'NONE',  #7933 ) ;
#1104 = PRESENTATION_LAYER_ASSIGNMENT (  '', '', ( #109 ) ) ;
#1105 = DIRECTION ( 'NONE',  ( 0.0000000000000000000, -0.9975640502598242000, 0.06975647374412599600 ) ) ;
#1106 = DIRECTION ( 'NONE',  ( 0.0000000000000000000, 0.9975640502598242000, -0.06975647374412599600 ) ) ;
#1107 = MECHANICAL_DESIGN_GEOMETRIC_PRESENTATION_REPRESENTATION (  '', ( #9033 ), #1583 ) ;
#1108 = ORIENTED_EDGE ( 'NONE', *, *, #7876, .T. ) ;
#1109 = DIRECTION ( 'NONE',  ( 0.0000000000000000000, 1.000000000000000000, 0.0000000000000000000 ) ) ;
#1110 = DIRECTION ( 'NONE',  ( 0.0000000000000000000, 0.0000000000000000000, -1.000000000000000000 ) ) ;
#1111 =( LENGTH_UNIT ( ) NAMED_UNIT ( * ) SI_UNIT ( .MILLI., .METRE. ) );
#1112 = ORIENTED_EDGE ( 'NONE', *, *, #6308, .F. ) ;
#1113 = UNCERTAINTY_MEASURE_WITH_UNIT (LENGTH_MEASURE( 1.000000000000000100E-005 ), #1111, 'distance_accuracy_value', 'NONE');
#1114 = SURFACE_SIDE_STYLE ('',( #8330 ) ) ;
#1115 = STYLED_ITEM ( 'NONE', ( #1060 ), #1327 ) ;
#1116 = VERTEX_POINT ( 'NONE', #661 ) ;
#1117 = CIRCLE ( 'NONE', #4066, 0.09999999999999988100 ) ;
#1118 = FILL_AREA_STYLE ('',( #1334 ) ) ;
#1119 = PRESENTATION_LAYER_ASSIGNMENT (  '', '', ( #2094 ) ) ;
#1120 = CARTESIAN_POINT ( 'NONE',  ( 0.5274999999999997500, -2.252718095034784300, 0.4274999999999940500 ) ) ;
#1121 = AXIS2_PLACEMENT_3D ( 'NONE', #6261, #8521, #4197 ) ;
#1122 = LINE ( 'NONE', #4442, #4724 ) ;
#1123 = ORIENTED_EDGE ( 'NONE', *, *, #885, .T. ) ;
#1124 = DIRECTION ( 'NONE',  ( -1.000000000000000000, -0.0000000000000000000, -0.0000000000000000000 ) ) ;
#1125 = CARTESIAN_POINT ( 'NONE',  ( 0.1224999999999997800, -2.608437217218518600, 0.2862570765601325000 ) ) ;
#1126 = ORIENTED_EDGE ( 'NONE', *, *, #7392, .F. ) ;
#1127 = EDGE_CURVE ( 'NONE', #8346, #8940, #4460, .T. ) ;
#1128 = CARTESIAN_POINT ( 'NONE',  ( 0.0000000000000000000, -2.124620215747131400, 1.100000000000000100 ) ) ;
#1129 = ORIENTED_EDGE ( 'NONE', *, *, #1689, .F. ) ;
#1130 = CARTESIAN_POINT ( 'NONE',  ( 2.500000000000000000, 2.200000000000000600, 0.5275000000000060800 ) ) ;
#1131 =( GEOMETRIC_REPRESENTATION_CONTEXT ( 3 ) GLOBAL_UNCERTAINTY_ASSIGNED_CONTEXT ( ( #1633 ) ) GLOBAL_UNIT_ASSIGNED_CONTEXT ( ( #2346, #7462, #2245 ) ) REPRESENTATION_CONTEXT ( 'NONE', 'WORKASPACE' ) );
#1132 = COLOUR_RGB ( '',1.000000000000000000, 1.000000000000000000, 1.000000000000000000 ) ;
#1133 = PRESENTATION_LAYER_ASSIGNMENT (  '', '', ( #9070 ) ) ;
#1134 = VERTEX_POINT ( 'NONE', #246 ) ;
#1135 = VERTEX_POINT ( 'NONE', #384 ) ;
#1136 = CARTESIAN_POINT ( 'NONE',  ( -0.7725000000000001900, -3.189885311307101700, 2.710505431213761100E-017 ) ) ;
#1137 = VECTOR ( 'NONE', #4514, 1000.000000000000000 ) ;
#1138 = FACE_OUTER_BOUND ( 'NONE', #3106, .T. ) ;
#1139 = FACE_OUTER_BOUND ( 'NONE', #8471, .T. ) ;
#1140 = CARTESIAN_POINT ( 'NONE',  ( 1.422499999999999700, -2.252718095034784300, 0.4274999999999940500 ) ) ;
#1141 = CIRCLE ( 'NONE', #2870, 0.2450000000000004400 ) ;
#1142 = DIRECTION ( 'NONE',  ( 0.0000000000000000000, -0.06975647374412208300, 0.9975640502598244200 ) ) ;
#1143 = VERTEX_POINT ( 'NONE', #281 ) ;
#1144 = EDGE_CURVE ( 'NONE', #8455, #3840, #4239, .T. ) ;
#1145 = EDGE_CURVE ( 'NONE', #1047, #5873, #8044, .T. ) ;
#1146 = EDGE_LOOP ( 'NONE', ( #4665, #5202, #3875, #5837 ) ) ;
#1147 = ADVANCED_FACE ( 'NONE', ( #6341 ), #9263, .F. ) ;
#1148 = FACE_OUTER_BOUND ( 'NONE', #8372, .T. ) ;
#1149 =( NAMED_UNIT ( * ) SI_UNIT ( $, .STERADIAN. ) SOLID_ANGLE_UNIT ( ) );
#1150 = ORIENTED_EDGE ( 'NONE', *, *, #6671, .T. ) ;
#1151 = CARTESIAN_POINT ( 'NONE',  ( 1.177499999999999800, 2.352474500060765600, 0.4344756473744061900 ) ) ;
#1152 = COLOUR_RGB ( '',1.000000000000000000, 1.000000000000000000, 1.000000000000000000 ) ;
#1153 = CARTESIAN_POINT ( 'NONE',  ( 0.5274999999999997500, -2.591346881151208100, 0.04185388424647555600 ) ) ;
#1154 = VERTEX_POINT ( 'NONE', #224 ) ;
#1155 = STYLED_ITEM ( 'NONE', ( #5615 ), #3191 ) ;
#1156 = CARTESIAN_POINT ( 'NONE',  ( 0.1224999999999997800, -2.252718095034784300, 0.4274999999999940500 ) ) ;
#1157 = ORIENTED_EDGE ( 'NONE', *, *, #402, .T. ) ;
#1158 =( NAMED_UNIT ( * ) SI_UNIT ( $, .STERADIAN. ) SOLID_ANGLE_UNIT ( ) );
#1159 =( LENGTH_UNIT ( ) NAMED_UNIT ( * ) SI_UNIT ( .MILLI., .METRE. ) );
#1160 = DIRECTION ( 'NONE',  ( 0.0000000000000000000, 0.0000000000000000000, -1.000000000000000000 ) ) ;
#1161 = VECTOR ( 'NONE', #6522, 1000.000000000000000 ) ;
#1162 = PLANE ( 'NONE',  #8758 ) ;
#1163 = DIRECTION ( 'NONE',  ( 1.000000000000000000, 0.0000000000000000000, 0.0000000000000000000 ) ) ;
#1164 = ORIENTED_EDGE ( 'NONE', *, *, #4652, .T. ) ;
#1165 = CARTESIAN_POINT ( 'NONE',  ( 1.422499999999999700, -2.601461569844106100, 0.1865006715341500400 ) ) ;
#1166 = ORIENTED_EDGE ( 'NONE', *, *, #4582, .T. ) ;
#1167 = DIRECTION ( 'NONE',  ( -1.000000000000000000, -0.0000000000000000000, -0.0000000000000000000 ) ) ;
#1168 = MECHANICAL_DESIGN_GEOMETRIC_PRESENTATION_REPRESENTATION (  '', ( #9110 ), #1638 ) ;
#1169 = VECTOR ( 'NONE', #4457, 1000.000000000000100 ) ;
#1170 = MECHANICAL_DESIGN_GEOMETRIC_PRESENTATION_REPRESENTATION (  '', ( #9111 ), #1639 ) ;
#1171 = VECTOR ( 'NONE', #4378, 1000.000000000000000 ) ;
#1172 = DIRECTION ( 'NONE',  ( 0.0000000000000000000, -0.9975640502598242000, 0.06975647374412598200 ) ) ;
#1173 = VECTOR ( 'NONE', #5444, 1000.000000000000100 ) ;
#1174 = ORIENTED_EDGE ( 'NONE', *, *, #9252, .F. ) ;
#1175 = PLANE ( 'NONE',  #7777 ) ;
#1176 = FILL_AREA_STYLE ('',( #4761 ) ) ;
#1177 = AXIS2_PLACEMENT_3D ( 'NONE', #3919, #254, #245 ) ;
#1178 = DIRECTION ( 'NONE',  ( 1.000000000000000000, 0.0000000000000000000, 0.0000000000000000000 ) ) ;
#1179 = COLOUR_RGB ( '',1.000000000000000000, 1.000000000000000000, 1.000000000000000000 ) ;
#1180 = ORIENTED_EDGE ( 'NONE', *, *, #5119, .F. ) ;
#1181 = PRESENTATION_STYLE_ASSIGNMENT (( #2340 ) ) ;
#1182 = MECHANICAL_DESIGN_GEOMETRIC_PRESENTATION_REPRESENTATION (  '', ( #9121 ), #1648 ) ;
#1183 = CARTESIAN_POINT ( 'NONE',  ( 1.422499999999999700, 3.189885311307101700, 2.710505431213761100E-017 ) ) ;
#1184 = DIRECTION ( 'NONE',  ( 0.0000000000000000000, 0.9975640502598245300, 0.06975647374412209700 ) ) ;
#1185 = UNCERTAINTY_MEASURE_WITH_UNIT (LENGTH_MEASURE( 1.000000000000000100E-005 ), #4567, 'distance_accuracy_value', 'NONE');
#1186 = ORIENTED_EDGE ( 'NONE', *, *, #5708, .F. ) ;
#1187 = LINE ( 'NONE', #392, #2899 ) ;
#1188 = PLANE ( 'NONE',  #3527 ) ;
#1189 = CARTESIAN_POINT ( 'NONE',  ( -0.1225000000000002200, 3.200000000000000200, 0.1446467872876744900 ) ) ;
#1190 = PLANE ( 'NONE',  #3304 ) ;
#1191 = CARTESIAN_POINT ( 'NONE',  ( -0.7725000000000001900, -2.364034024904861500, 0.2691667404928227400 ) ) ;
#1192 = STYLED_ITEM ( 'NONE', ( #7654 ), #2064 ) ;
#1193 = PRESENTATION_STYLE_ASSIGNMENT (( #3161 ) ) ;
#1194 = DIRECTION ( 'NONE',  ( -1.000000000000000000, -0.0000000000000000000, -0.0000000000000000000 ) ) ;
#1195 = PRESENTATION_LAYER_ASSIGNMENT (  '', '', ( #691 ) ) ;
#1196 = LINE ( 'NONE', #5914, #1879 ) ;
#1197 = DIRECTION ( 'NONE',  ( -1.000000000000000000, -0.0000000000000000000, -0.0000000000000000000 ) ) ;
#1198 = EDGE_CURVE ( 'NONE', #8394, #8204, #1622, .T. ) ;
#1199 = SURFACE_STYLE_FILL_AREA ( #5760 ) ;
#1200 = SURFACE_SIDE_STYLE ('',( #1971 ) ) ;
#1201 = EDGE_CURVE ( 'NONE', #5211, #6101, #5447, .T. ) ;
#1202 = CARTESIAN_POINT ( 'NONE',  ( -0.1225000000000002200, 2.200000000000000200, 0.5274999999999939700 ) ) ;
#1203 = STYLED_ITEM ( 'NONE', ( #7106 ), #6603 ) ;
#1204 = DIRECTION ( 'NONE',  ( -0.0000000000000000000, 0.06975647374412208300, 0.9975640502598244200 ) ) ;
#1205 = VECTOR ( 'NONE', #9122, 1000.000000000000000 ) ;
#1206 = CARTESIAN_POINT ( 'NONE',  ( 1.177499999999999800, 2.352474500060765600, 0.4344756473744061900 ) ) ;
#1207 = EDGE_CURVE ( 'NONE', #7328, #5910, #7125, .T. ) ;
#1208 = EDGE_CURVE ( 'NONE', #4957, #4337, #9101, .T. ) ;
#1209 = FILL_AREA_STYLE_COLOUR ( '', #5246 ) ;
#1210 = DIRECTION ( 'NONE',  ( -1.000000000000000000, 0.0000000000000000000, -0.0000000000000000000 ) ) ;
#1211 = DIRECTION ( 'NONE',  ( 0.0000000000000000000, 0.06975647374412599600, 0.9975640502598242000 ) ) ;
#1212 = PRESENTATION_LAYER_ASSIGNMENT (  '', '', ( #226 ) ) ;
#1213 = DIRECTION ( 'NONE',  ( 0.0000000000000000000, 0.0000000000000000000, -1.000000000000000000 ) ) ;
#1214 =( GEOMETRIC_REPRESENTATION_CONTEXT ( 3 ) GLOBAL_UNCERTAINTY_ASSIGNED_CONTEXT ( ( #108 ) ) GLOBAL_UNIT_ASSIGNED_CONTEXT ( ( #7941, #3651, #8697 ) ) REPRESENTATION_CONTEXT ( 'NONE', 'WORKASPACE' ) );
#1215 = PLANE ( 'NONE',  #6236 ) ;
#1216 = DIRECTION ( 'NONE',  ( 0.0000000000000000000, 0.06975647374412599600, 0.9975640502598242000 ) ) ;
#1217 = FILL_AREA_STYLE_COLOUR ( '', #1365 ) ;
#1218 = DIRECTION ( 'NONE',  ( 0.0000000000000000000, -0.9975640502598240900, 0.06975647374412817500 ) ) ;
#1219 = VERTEX_POINT ( 'NONE', #3760 ) ;
#1220 =( NAMED_UNIT ( * ) PLANE_ANGLE_UNIT ( ) SI_UNIT ( $, .RADIAN. ) );
#1221 = CARTESIAN_POINT ( 'NONE',  ( -2.072500000000000200, 2.608437217218518600, 0.2862570765601324400 ) ) ;
#1222 = AXIS2_PLACEMENT_3D ( 'NONE', #8086, #921, #196 ) ;
#1223 = LINE ( 'NONE', #2622, #3155 ) ;
#1224 = CARTESIAN_POINT ( 'NONE',  ( -1.177500000000000200, -2.252718095034784300, 0.4274999999999940500 ) ) ;
#1225 = CARTESIAN_POINT ( 'NONE',  ( 1.177499999999999800, -2.352474500060765600, 0.4344756473744061900 ) ) ;
#1226 = ORIENTED_EDGE ( 'NONE', *, *, #8800, .T. ) ;
#1227 = UNCERTAINTY_MEASURE_WITH_UNIT (LENGTH_MEASURE( 1.000000000000000100E-005 ), #9217, 'distance_accuracy_value', 'NONE');
#1228 = DIRECTION ( 'NONE',  ( -1.000000000000000000, -0.0000000000000000000, -0.0000000000000000000 ) ) ;
#1229 = ORIENTED_EDGE ( 'NONE', *, *, #4118, .F. ) ;
#1230 = LINE ( 'NONE', #8898, #2950 ) ;
#1231 = SURFACE_STYLE_FILL_AREA ( #4357 ) ;
#1232 = FACE_OUTER_BOUND ( 'NONE', #7891, .T. ) ;
#1233 = AXIS2_PLACEMENT_3D ( 'NONE', #1992, #2230, #2260 ) ;
#1234 = ORIENTED_EDGE ( 'NONE', *, *, #8663, .F. ) ;
#1235 = ORIENTED_EDGE ( 'NONE', *, *, #2234, .F. ) ;
#1236 = PRESENTATION_STYLE_ASSIGNMENT (( #5148 ) ) ;
#1237 = SURFACE_STYLE_USAGE ( .BOTH. , #5549 ) ;
#1238 = ORIENTED_EDGE ( 'NONE', *, *, #7994, .F. ) ;
#1239 = EDGE_CURVE ( 'NONE', #8394, #7302, #8865, .T. ) ;
#1240 = ADVANCED_FACE ( 'NONE', ( #3327 ), #6000, .F. ) ;
#1241 = ORIENTED_EDGE ( 'NONE', *, *, #6911, .T. ) ;
#1242 =( NAMED_UNIT ( * ) PLANE_ANGLE_UNIT ( ) SI_UNIT ( $, .RADIAN. ) );
#1243 = CARTESIAN_POINT ( 'NONE',  ( -0.5275000000000001900, -2.497121287348441900, 0.4445903360673038000 ) ) ;
#1244 = ORIENTED_EDGE ( 'NONE', *, *, #7392, .T. ) ;
#1245 = LINE ( 'NONE', #864, #5082 ) ;
#1246 = EDGE_CURVE ( 'NONE', #699, #7670, #478, .T. ) ;
#1247 = DIRECTION ( 'NONE',  ( 0.0000000000000000000, 0.0000000000000000000, 1.000000000000000000 ) ) ;
#1248 = VERTEX_POINT ( 'NONE', #2626 ) ;
#1249 = STYLED_ITEM ( 'NONE', ( #4336 ), #6082 ) ;
#1250 =( NAMED_UNIT ( * ) PLANE_ANGLE_UNIT ( ) SI_UNIT ( $, .RADIAN. ) );
#1251 = EDGE_LOOP ( 'NONE', ( #5308, #7999, #5738, #1164 ) ) ;
#1252 = VECTOR ( 'NONE', #3183, 1000.000000000000000 ) ;
#1253 = VERTEX_POINT ( 'NONE', #4669 ) ;
#1254 = CARTESIAN_POINT ( 'NONE',  ( -1.177500000000000200, 2.591346881151208100, 0.04185388424647555600 ) ) ;
#1255 = DIRECTION ( 'NONE',  ( 0.0000000000000000000, 0.0000000000000000000, 1.000000000000000000 ) ) ;
#1256 = DIRECTION ( 'NONE',  ( 1.000000000000000000, 8.673617379884035500E-017, 0.0000000000000000000 ) ) ;
#1257 = COLOUR_RGB ( '',1.000000000000000000, 1.000000000000000000, 1.000000000000000000 ) ;
#1258 = ORIENTED_EDGE ( 'NONE', *, *, #6564, .T. ) ;
#1259 = DIRECTION ( 'NONE',  ( 0.0000000000000000000, 0.0000000000000000000, 1.000000000000000000 ) ) ;
#1260 = EDGE_CURVE ( 'NONE', #232, #5639, #2197, .T. ) ;
#1261 = EDGE_CURVE ( 'NONE', #5723, #8274, #4125, .T. ) ;
#1262 = ORIENTED_EDGE ( 'NONE', *, *, #5711, .F. ) ;
#1263 =( LENGTH_UNIT ( ) NAMED_UNIT ( * ) SI_UNIT ( .MILLI., .METRE. ) );
#1264 = ORIENTED_EDGE ( 'NONE', *, *, #6202, .T. ) ;
#1265 = COLOUR_RGB ( '',1.000000000000000000, 1.000000000000000000, 1.000000000000000000 ) ;
#1266 = AXIS2_PLACEMENT_3D ( 'NONE', #5231, #1615, #8128 ) ;
#1267 = LINE ( 'NONE', #9444, #8745 ) ;
#1268 = VECTOR ( 'NONE', #2693, 1000.000000000000000 ) ;
#1269 = MECHANICAL_DESIGN_GEOMETRIC_PRESENTATION_REPRESENTATION (  '', ( #8729 ), #1765 ) ;
#1270 = CARTESIAN_POINT ( 'NONE',  ( -1.177500000000000200, -2.200000000000000200, 0.5274999999999939700 ) ) ;
#1271 = EDGE_LOOP ( 'NONE', ( #6716, #1028, #5285, #8168 ) ) ;
#1272 = CARTESIAN_POINT ( 'NONE',  ( -1.177500000000000200, -3.189885311307101700, 2.710505431213761100E-017 ) ) ;
#1273 = ORIENTED_EDGE ( 'NONE', *, *, #2189, .F. ) ;
#1274 = MECHANICAL_DESIGN_GEOMETRIC_PRESENTATION_REPRESENTATION (  '', ( #282 ), #1770 ) ;
#1275 = DIRECTION ( 'NONE',  ( -1.000000000000000000, -0.0000000000000000000, -0.0000000000000000000 ) ) ;
#1276 =( LENGTH_UNIT ( ) NAMED_UNIT ( * ) SI_UNIT ( .MILLI., .METRE. ) );
#1277 = CYLINDRICAL_SURFACE ( 'NONE', #2091, 0.09999999999999988100 ) ;
#1278 = DIRECTION ( 'NONE',  ( -1.000000000000000000, -0.0000000000000000000, -0.0000000000000000000 ) ) ;
#1279 = CARTESIAN_POINT ( 'NONE',  ( -1.422500000000000100, -2.601461569844106100, 0.1865006715341501500 ) ) ;
#1280 = DIRECTION ( 'NONE',  ( 0.0000000000000000000, -0.9975640502598243100, -0.06975647374412599600 ) ) ;
#1281 = FILL_AREA_STYLE ('',( #1217 ) ) ;
#1282 = ORIENTED_EDGE ( 'NONE', *, *, #5814, .T. ) ;
#1283 =( LENGTH_UNIT ( ) NAMED_UNIT ( * ) SI_UNIT ( .MILLI., .METRE. ) );
#1284 = COLOUR_RGB ( '',1.000000000000000000, 1.000000000000000000, 1.000000000000000000 ) ;
#1285 = PRESENTATION_LAYER_ASSIGNMENT (  '', '', ( #784 ) ) ;
#1286 = FILL_AREA_STYLE ('',( #8456 ) ) ;
#1287 = DIRECTION ( 'NONE',  ( -1.000000000000000000, -0.0000000000000000000, -0.0000000000000000000 ) ) ;
#1288 = DIRECTION ( 'NONE',  ( 1.000000000000000000, 0.0000000000000000000, -0.0000000000000000000 ) ) ;
#1289 = CARTESIAN_POINT ( 'NONE',  ( 0.1224999999999997800, 2.200000000000000200, 0.6724999999999941000 ) ) ;
#1290 = CARTESIAN_POINT ( 'NONE',  ( 0.7724999999999997400, 2.352474500060765600, 0.4344756473744061900 ) ) ;
#1291 = FACE_OUTER_BOUND ( 'NONE', #7817, .T. ) ;
#1292 = ADVANCED_FACE ( 'NONE', ( #5782 ), #1277, .F. ) ;
#1293 = PRESENTATION_LAYER_ASSIGNMENT (  '', '', ( #297 ) ) ;
#1294 = UNCERTAINTY_MEASURE_WITH_UNIT (LENGTH_MEASURE( 1.000000000000000100E-005 ), #4259, 'distance_accuracy_value', 'NONE');
#1295 = PRESENTATION_LAYER_ASSIGNMENT (  '', '', ( #301 ) ) ;
#1296 = STYLED_ITEM ( 'NONE', ( #6764 ), #9386 ) ;
#1297 = EDGE_CURVE ( 'NONE', #5504, #6401, #3211, .T. ) ;
#1298 = ORIENTED_EDGE ( 'NONE', *, *, #9415, .F. ) ;
#1299 = DIRECTION ( 'NONE',  ( 0.0000000000000000000, -0.06975647374412817500, 0.9975640502598240900 ) ) ;
#1300 = ORIENTED_EDGE ( 'NONE', *, *, #6565, .F. ) ;
#1301 = CARTESIAN_POINT ( 'NONE',  ( 0.7724999999999997400, -2.508680812192536400, 0.2792814291857203500 ) ) ;
#1302 = FILL_AREA_STYLE ('',( #552 ) ) ;
#1303 =( GEOMETRIC_REPRESENTATION_CONTEXT ( 3 ) GLOBAL_UNCERTAINTY_ASSIGNED_CONTEXT ( ( #8348 ) ) GLOBAL_UNIT_ASSIGNED_CONTEXT ( ( #1646, #2006, #3793 ) ) REPRESENTATION_CONTEXT ( 'NONE', 'WORKASPACE' ) );
#1304 = DIRECTION ( 'NONE',  ( 0.0000000000000000000, -0.06975647374412208300, -0.9975640502598244200 ) ) ;
#1305 = MECHANICAL_DESIGN_GEOMETRIC_PRESENTATION_REPRESENTATION (  '', ( #320 ), #1800 ) ;
#1306 = FILL_AREA_STYLE ('',( #3462 ) ) ;
#1307 = VERTEX_POINT ( 'NONE', #6148 ) ;
#1308 = CARTESIAN_POINT ( 'NONE',  ( -1.827500000000000100, -2.608437217218518600, 0.2862570765601324400 ) ) ;
#1309 = DIRECTION ( 'NONE',  ( -1.000000000000000000, -0.0000000000000000000, -0.0000000000000000000 ) ) ;
#1310 = CARTESIAN_POINT ( 'NONE',  ( 2.072499999999999800, -3.189885311307101700, 2.710505431213761100E-017 ) ) ;
#1311 = CARTESIAN_POINT ( 'NONE',  ( 0.7724999999999997400, 2.200000000000000200, 0.5274999999999939700 ) ) ;
#1312 = EDGE_CURVE ( 'NONE', #1154, #7647, #8756, .T. ) ;
#1313 = EDGE_CURVE ( 'NONE', #5040, #5087, #8979, .T. ) ;
#1314 = DIRECTION ( 'NONE',  ( 0.0000000000000000000, 0.0000000000000000000, 1.000000000000000000 ) ) ;
#1315 = DIRECTION ( 'NONE',  ( 0.0000000000000000000, 0.0000000000000000000, -1.000000000000000000 ) ) ;
#1316 = DIRECTION ( 'NONE',  ( 0.0000000000000000000, -0.9975640502598242000, 0.06975647374412599600 ) ) ;
#1317 =( NAMED_UNIT ( * ) PLANE_ANGLE_UNIT ( ) SI_UNIT ( $, .RADIAN. ) );
#1318 = FILL_AREA_STYLE_COLOUR ( '', #3325 ) ;
#1319 = MECHANICAL_DESIGN_GEOMETRIC_PRESENTATION_REPRESENTATION (  '', ( #9281 ), #1826 ) ;
#1320 = FILL_AREA_STYLE ('',( #2096 ) ) ;
#1321 = ORIENTED_EDGE ( 'NONE', *, *, #8249, .F. ) ;
#1322 = CARTESIAN_POINT ( 'NONE',  ( 2.750000000000000000, 2.200000000000000200, 0.6724999999999941000 ) ) ;
#1323 = FILL_AREA_STYLE ('',( #6354 ) ) ;
#1324 = CARTESIAN_POINT ( 'NONE',  ( 1.422499999999999700, 2.591346881151208100, 0.04185388424647555600 ) ) ;
#1325 = EDGE_LOOP ( 'NONE', ( #8240, #7866, #7231, #8251 ) ) ;
#1326 = AXIS2_PLACEMENT_3D ( 'NONE', #2487, #7499, #3222 ) ;
#1327 = ADVANCED_FACE ( 'NONE', ( #7006 ), #4547, .F. ) ;
#1328 = CARTESIAN_POINT ( 'NONE',  ( -0.5275000000000001900, -2.252718095034784300, 0.4274999999999940500 ) ) ;
#1329 = VERTEX_POINT ( 'NONE', #5586 ) ;
#1330 = AXIS2_PLACEMENT_3D ( 'NONE', #5374, #1083, #6094 ) ;
#1331 = SURFACE_SIDE_STYLE ('',( #7763 ) ) ;
#1332 = DIRECTION ( 'NONE',  ( -1.000000000000000000, 0.0000000000000000000, -0.0000000000000000000 ) ) ;
#1333 = FACE_OUTER_BOUND ( 'NONE', #7076, .T. ) ;
#1334 = FILL_AREA_STYLE_COLOUR ( '', #3359 ) ;
#1335 = FILL_AREA_STYLE ('',( #8675 ) ) ;
#1336 = CARTESIAN_POINT ( 'NONE',  ( 1.422499999999999700, 2.200000000000000200, 0.5274999999999939700 ) ) ;
#1337 = DIRECTION ( 'NONE',  ( 0.0000000000000000000, 0.0000000000000000000, 1.000000000000000000 ) ) ;
#1338 = ORIENTED_EDGE ( 'NONE', *, *, #5814, .F. ) ;
#1339 = UNCERTAINTY_MEASURE_WITH_UNIT (LENGTH_MEASURE( 1.000000000000000100E-005 ), #8105, 'distance_accuracy_value', 'NONE');
#1340 =( NAMED_UNIT ( * ) PLANE_ANGLE_UNIT ( ) SI_UNIT ( $, .RADIAN. ) );
#1341 = ORIENTED_EDGE ( 'NONE', *, *, #7631, .T. ) ;
#1342 = DIRECTION ( 'NONE',  ( 0.0000000000000000000, -0.9975640502598246400, -0.06975647374411951500 ) ) ;
#1343 = MECHANICAL_DESIGN_GEOMETRIC_PRESENTATION_REPRESENTATION (  '', ( #9315 ), #1852 ) ;
#1344 = SURFACE_STYLE_FILL_AREA ( #1306 ) ;
#1345 = CARTESIAN_POINT ( 'NONE',  ( 0.5274999999999997500, 2.591346881151208100, 0.04185388424647555600 ) ) ;
#1346 =( LENGTH_UNIT ( ) NAMED_UNIT ( * ) SI_UNIT ( .MILLI., .METRE. ) );
#1347 = DIRECTION ( 'NONE',  ( 0.0000000000000000000, 0.0000000000000000000, -1.000000000000000000 ) ) ;
#1348 = ORIENTED_EDGE ( 'NONE', *, *, #7998, .T. ) ;
#1349 = SURFACE_STYLE_USAGE ( .BOTH. , #5671 ) ;
#1350 = ORIENTED_EDGE ( 'NONE', *, *, #8643, .F. ) ;
#1351 = ORIENTED_EDGE ( 'NONE', *, *, #8145, .T. ) ;
#1352 = EDGE_LOOP ( 'NONE', ( #4004, #375 ) ) ;
#1353 = FACE_OUTER_BOUND ( 'NONE', #7549, .T. ) ;
#1354 = DIRECTION ( 'NONE',  ( -1.000000000000000000, -0.0000000000000000000, -0.0000000000000000000 ) ) ;
#1355 = ORIENTED_EDGE ( 'NONE', *, *, #3510, .T. ) ;
#1356 = LINE ( 'NONE', #7370, #6863 ) ;
#1357 =( GEOMETRIC_REPRESENTATION_CONTEXT ( 3 ) GLOBAL_UNCERTAINTY_ASSIGNED_CONTEXT ( ( #4703 ) ) GLOBAL_UNIT_ASSIGNED_CONTEXT ( ( #8244, #1064, #1158 ) ) REPRESENTATION_CONTEXT ( 'NONE', 'WORKASPACE' ) );
#1358 = LINE ( 'NONE', #3589, #8831 ) ;
#1359 =( GEOMETRIC_REPRESENTATION_CONTEXT ( 3 ) GLOBAL_UNCERTAINTY_ASSIGNED_CONTEXT ( ( #3110 ) ) GLOBAL_UNIT_ASSIGNED_CONTEXT ( ( #639, #5700, #1393 ) ) REPRESENTATION_CONTEXT ( 'NONE', 'WORKASPACE' ) );
#1360 = EDGE_LOOP ( 'NONE', ( #7282, #7070, #8582, #4091 ) ) ;
#1361 = CARTESIAN_POINT ( 'NONE',  ( 1.422499999999999700, 2.352474500060765600, 0.4344756473744061900 ) ) ;
#1362 = ORIENTED_EDGE ( 'NONE', *, *, #2599, .T. ) ;
#1363 = DIRECTION ( 'NONE',  ( -1.000000000000000000, -0.0000000000000000000, -0.0000000000000000000 ) ) ;
#1364 = VECTOR ( 'NONE', #1576, 1000.000000000000000 ) ;
#1365 = COLOUR_RGB ( '',1.000000000000000000, 1.000000000000000000, 1.000000000000000000 ) ;
#1366 = ORIENTED_EDGE ( 'NONE', *, *, #7143, .F. ) ;
#1367 = COLOUR_RGB ( '',1.000000000000000000, 1.000000000000000000, 1.000000000000000000 ) ;
#1368 = EDGE_CURVE ( 'NONE', #5648, #9075, #2303, .T. ) ;
#1369 = CARTESIAN_POINT ( 'NONE',  ( -1.177500000000000200, -2.352474500060765600, 0.4344756473744061900 ) ) ;
#1370 = PRESENTATION_STYLE_ASSIGNMENT (( #2620 ) ) ;
#1371 = CARTESIAN_POINT ( 'NONE',  ( 1.827499999999999700, 2.252718095034784300, 0.6724999999999939900 ) ) ;
#1372 = EDGE_LOOP ( 'NONE', ( #2370, #3496, #7140, #8126 ) ) ;
#1373 = CARTESIAN_POINT ( 'NONE',  ( 0.7724999999999997400, -2.497121287348441400, 0.4445903360673038000 ) ) ;
#1374 = EDGE_CURVE ( 'NONE', #9032, #1684, #6104, .T. ) ;
#1375 = ORIENTED_EDGE ( 'NONE', *, *, #7504, .F. ) ;
#1376 = SURFACE_SIDE_STYLE ('',( #4595 ) ) ;
#1377 =( LENGTH_UNIT ( ) NAMED_UNIT ( * ) SI_UNIT ( .MILLI., .METRE. ) );
#1378 = CARTESIAN_POINT ( 'NONE',  ( 0.1224999999999997800, -3.189885311307101700, 2.710505431213761100E-017 ) ) ;
#1379 = AXIS2_PLACEMENT_3D ( 'NONE', #3889, #990, #6019 ) ;
#1380 =( LENGTH_UNIT ( ) NAMED_UNIT ( * ) SI_UNIT ( .MILLI., .METRE. ) );
#1381 = LINE ( 'NONE', #8559, #8850 ) ;
#1382 = VERTEX_POINT ( 'NONE', #1897 ) ;
#1383 = FACE_OUTER_BOUND ( 'NONE', #7687, .T. ) ;
#1384 = PLANE ( 'NONE',  #6124 ) ;
#1385 = EDGE_LOOP ( 'NONE', ( #4119, #3001, #2526, #3309 ) ) ;
#1386 = SURFACE_STYLE_USAGE ( .BOTH. , #5696 ) ;
#1387 = ADVANCED_FACE ( 'NONE', ( #4011 ), #1991, .F. ) ;
#1388 = EDGE_CURVE ( 'NONE', #9367, #520, #1389, .T. ) ;
#1389 = LINE ( 'NONE', #4963, #7814 ) ;
#1390 = VERTEX_POINT ( 'NONE', #4358 ) ;
#1391 = EDGE_CURVE ( 'NONE', #8255, #6048, #6891, .T. ) ;
#1392 = CIRCLE ( 'NONE', #849, 0.2450000000000004400 ) ;
#1393 =( NAMED_UNIT ( * ) SI_UNIT ( $, .STERADIAN. ) SOLID_ANGLE_UNIT ( ) );
#1394 = VERTEX_POINT ( 'NONE', #8877 ) ;
#1395 = MECHANICAL_DESIGN_GEOMETRIC_PRESENTATION_REPRESENTATION (  '', ( #407 ), #1892 ) ;
#1396 = PRESENTATION_STYLE_ASSIGNMENT (( #1349 ) ) ;
#1397 = CARTESIAN_POINT ( 'NONE',  ( 1.422499999999999700, -3.200000000000000200, 0.1446467872876744900 ) ) ;
#1398 = VECTOR ( 'NONE', #2815, 1000.000000000000000 ) ;
#1399 = DIRECTION ( 'NONE',  ( 0.0000000000000000000, -0.06975647374411951500, -0.9975640502598246400 ) ) ;
#1400 = COLOUR_RGB ( '',1.000000000000000000, 1.000000000000000000, 1.000000000000000000 ) ;
#1401 = DIRECTION ( 'NONE',  ( 0.0000000000000000000, 0.0000000000000000000, 1.000000000000000000 ) ) ;
#1402 = COLOUR_RGB ( '',1.000000000000000000, 1.000000000000000000, 1.000000000000000000 ) ;
#1403 = UNCERTAINTY_MEASURE_WITH_UNIT (LENGTH_MEASURE( 1.000000000000000100E-005 ), #3876, 'distance_accuracy_value', 'NONE');
#1404 = DIRECTION ( 'NONE',  ( 0.0000000000000000000, -0.0000000000000000000, 1.000000000000000000 ) ) ;
#1405 = CARTESIAN_POINT ( 'NONE',  ( -1.177500000000000200, 2.200000000000000200, 0.6724999999999941000 ) ) ;
#1406 = SURFACE_STYLE_USAGE ( .BOTH. , #1431 ) ;
#1407 = CARTESIAN_POINT ( 'NONE',  ( 0.1224999999999997800, 2.497121287348441400, 0.4445903360673038000 ) ) ;
#1408 =( GEOMETRIC_REPRESENTATION_CONTEXT ( 3 ) GLOBAL_UNCERTAINTY_ASSIGNED_CONTEXT ( ( #2107 ) ) GLOBAL_UNIT_ASSIGNED_CONTEXT ( ( #7820, #3520, #8566 ) ) REPRESENTATION_CONTEXT ( 'NONE', 'WORKASPACE' ) );
#1409 = FILL_AREA_STYLE_COLOUR ( '', #1655 ) ;
#1410 = DIRECTION ( 'NONE',  ( 0.0000000000000000000, -1.000000000000000000, 2.056603471294124000E-015 ) ) ;
#1411 = UNCERTAINTY_MEASURE_WITH_UNIT (LENGTH_MEASURE( 1.000000000000000100E-005 ), #4796, 'distance_accuracy_value', 'NONE');
#1412 = DIRECTION ( 'NONE',  ( 0.0000000000000000000, 0.0000000000000000000, 1.000000000000000000 ) ) ;
#1413 = CARTESIAN_POINT ( 'NONE',  ( 0.7724999999999997400, 2.252718095034784300, 0.4274999999999940500 ) ) ;
#1414 = ORIENTED_EDGE ( 'NONE', *, *, #7284, .F. ) ;
#1415 = STYLED_ITEM ( 'NONE', ( #235 ), #1484 ) ;
#1416 = DIRECTION ( 'NONE',  ( -1.000000000000000000, 0.0000000000000000000, -0.0000000000000000000 ) ) ;
#1417 = ORIENTED_EDGE ( 'NONE', *, *, #697, .F. ) ;
#1418 = MECHANICAL_DESIGN_GEOMETRIC_PRESENTATION_REPRESENTATION (  '', ( #432 ), #1910 ) ;
#1419 = EDGE_CURVE ( 'NONE', #6213, #1253, #3315, .T. ) ;
#1420 =( NAMED_UNIT ( * ) PLANE_ANGLE_UNIT ( ) SI_UNIT ( $, .RADIAN. ) );
#1421 = VERTEX_POINT ( 'NONE', #2385 ) ;
#1422 = DIRECTION ( 'NONE',  ( -0.0000000000000000000, 0.9975640502598240900, 0.06975647374412817500 ) ) ;
#1423 = COLOUR_RGB ( '',1.000000000000000000, 1.000000000000000000, 1.000000000000000000 ) ;
#1424 = AXIS2_PLACEMENT_3D ( 'NONE', #4141, #1278, #9259 ) ;
#1425 = ADVANCED_FACE ( 'NONE', ( #3103 ), #1797, .T. ) ;
#1426 = CARTESIAN_POINT ( 'NONE',  ( -1.827500000000000100, 2.591346881151208100, 0.04185388424647555600 ) ) ;
#1427 =( GEOMETRIC_REPRESENTATION_CONTEXT ( 3 ) GLOBAL_UNCERTAINTY_ASSIGNED_CONTEXT ( ( #4764 ) ) GLOBAL_UNIT_ASSIGNED_CONTEXT ( ( #1927, #6931, #2660 ) ) REPRESENTATION_CONTEXT ( 'NONE', 'WORKASPACE' ) );
#1428 = DIRECTION ( 'NONE',  ( -1.000000000000000000, 0.0000000000000000000, -0.0000000000000000000 ) ) ;
#1429 = CARTESIAN_POINT ( 'NONE',  ( 1.422499999999999700, -3.189885311307101700, 2.710505431213761100E-017 ) ) ;
#1430 = DIRECTION ( 'NONE',  ( 0.0000000000000000000, 0.06975647374411951500, 0.9975640502598246400 ) ) ;
#1431 = SURFACE_SIDE_STYLE ('',( #2083 ) ) ;
#1432 = PLANE ( 'NONE',  #7495 ) ;
#1433 = ORIENTED_EDGE ( 'NONE', *, *, #8643, .T. ) ;
#1434 =( NAMED_UNIT ( * ) SI_UNIT ( $, .STERADIAN. ) SOLID_ANGLE_UNIT ( ) );
#1435 =( NAMED_UNIT ( * ) PLANE_ANGLE_UNIT ( ) SI_UNIT ( $, .RADIAN. ) );
#1436 = PRESENTATION_STYLE_ASSIGNMENT (( #2417 ) ) ;
#1437 = EDGE_CURVE ( 'NONE', #4405, #2491, #8859, .T. ) ;
#1438 = MANIFOLD_SOLID_BREP ( 'Lead1', #6337 ) ;
#1439 = FILL_AREA_STYLE ('',( #7345 ) ) ;
#1440 = EDGE_CURVE ( 'NONE', #802, #8014, #5991, .T. ) ;
#1441 = SURFACE_SIDE_STYLE ('',( #4089 ) ) ;
#1442 = CARTESIAN_POINT ( 'NONE',  ( -1.827500000000000100, -2.200000000000000200, 0.6724999999999941000 ) ) ;
#1443 = FILL_AREA_STYLE_COLOUR ( '', #2767 ) ;
#1444 = ORIENTED_EDGE ( 'NONE', *, *, #2997, .T. ) ;
#1445 = MECHANICAL_DESIGN_GEOMETRIC_PRESENTATION_REPRESENTATION (  '', ( #469 ), #1945 ) ;
#1446 = VECTOR ( 'NONE', #6792, 1000.000000000000100 ) ;
#1447 = STYLED_ITEM ( 'NONE', ( #4951 ), #3249 ) ;
#1448 = SURFACE_SIDE_STYLE ('',( #1199 ) ) ;
#1449 = ORIENTED_EDGE ( 'NONE', *, *, #2235, .T. ) ;
#1450 = AXIS2_PLACEMENT_3D ( 'NONE', #8845, #9261, #9205 ) ;
#1451 = ORIENTED_EDGE ( 'NONE', *, *, #1518, .T. ) ;
#1452 = DIRECTION ( 'NONE',  ( 1.000000000000000000, -0.0000000000000000000, -0.0000000000000000000 ) ) ;
#1453 = CYLINDRICAL_SURFACE ( 'NONE', #6741, 0.2450000000000004400 ) ;
#1454 = VECTOR ( 'NONE', #6805, 1000.000000000000000 ) ;
#1455 = DIRECTION ( 'NONE',  ( -0.0000000000000000000, -0.0000000000000000000, 1.000000000000000000 ) ) ;
#1456 = LINE ( 'NONE', #3969, #5280 ) ;
#1457 = AXIS2_PLACEMENT_3D ( 'NONE', #6524, #7977, #3696 ) ;
#1458 = FILL_AREA_STYLE_COLOUR ( '', #2853 ) ;
#1459 =( GEOMETRIC_REPRESENTATION_CONTEXT ( 3 ) GLOBAL_UNCERTAINTY_ASSIGNED_CONTEXT ( ( #1522 ) ) GLOBAL_UNIT_ASSIGNED_CONTEXT ( ( #9419, #5041, #714 ) ) REPRESENTATION_CONTEXT ( 'NONE', 'WORKASPACE' ) );
#1460 = ORIENTED_EDGE ( 'NONE', *, *, #385, .F. ) ;
#1461 = UNCERTAINTY_MEASURE_WITH_UNIT (LENGTH_MEASURE( 1.000000000000000100E-005 ), #2885, 'distance_accuracy_value', 'NONE');
#1462 =( LENGTH_UNIT ( ) NAMED_UNIT ( * ) SI_UNIT ( .MILLI., .METRE. ) );
#1463 = ORIENTED_EDGE ( 'NONE', *, *, #3038, .F. ) ;
#1464 = PLANE ( 'NONE',  #4570 ) ;
#1465 = FACE_OUTER_BOUND ( 'NONE', #3427, .T. ) ;
#1466 = DIRECTION ( 'NONE',  ( 0.0000000000000000000, 0.9975640502598246400, -0.06975647374411951500 ) ) ;
#1467 = SURFACE_STYLE_FILL_AREA ( #6827 ) ;
#1468 = DIRECTION ( 'NONE',  ( 0.0000000000000000000, 0.06975647374411951500, 0.9975640502598246400 ) ) ;
#1469 = CARTESIAN_POINT ( 'NONE',  ( 0.1224999999999997800, -2.252718095034784300, 0.6724999999999939900 ) ) ;
#1470 = VECTOR ( 'NONE', #1533, 1000.000000000000000 ) ;
#1471 =( NAMED_UNIT ( * ) SI_UNIT ( $, .STERADIAN. ) SOLID_ANGLE_UNIT ( ) );
#1472 = PRESENTATION_STYLE_ASSIGNMENT (( #3967 ) ) ;
#1473 = DIRECTION ( 'NONE',  ( -1.000000000000000000, -0.0000000000000000000, 0.0000000000000000000 ) ) ;
#1474 = AXIS2_PLACEMENT_3D ( 'NONE', #8835, #3464, #4262 ) ;
#1475 = ORIENTED_EDGE ( 'NONE', *, *, #4306, .T. ) ;
#1476 = VERTEX_POINT ( 'NONE', #5208 ) ;
#1477 = CARTESIAN_POINT ( 'NONE',  ( 2.072499999999999800, -2.200000000000000200, 0.5274999999999939700 ) ) ;
#1478 = FILL_AREA_STYLE ('',( #2213 ) ) ;
#1479 = PRESENTATION_LAYER_ASSIGNMENT (  '', '', ( #986 ) ) ;
#1480 = FILL_AREA_STYLE_COLOUR ( '', #5848 ) ;
#1481 = DIRECTION ( 'NONE',  ( -1.000000000000000000, -0.0000000000000000000, -0.0000000000000000000 ) ) ;
#1482 = ORIENTED_EDGE ( 'NONE', *, *, #5543, .F. ) ;
#1483 = COLOUR_RGB ( '',1.000000000000000000, 1.000000000000000000, 1.000000000000000000 ) ;
#1484 = ADVANCED_FACE ( 'NONE', ( #6669 ), #704, .F. ) ;
#1485 = FACE_OUTER_BOUND ( 'NONE', #6448, .T. ) ;
#1486 = DIRECTION ( 'NONE',  ( 0.0000000000000000000, 0.06975647374412208300, -0.9975640502598244200 ) ) ;
#1487 = COLOUR_RGB ( '',1.000000000000000000, 1.000000000000000000, 1.000000000000000000 ) ;
#1488 = EDGE_CURVE ( 'NONE', #455, #693, #8968, .T. ) ;
#1489 = EDGE_LOOP ( 'NONE', ( #3250, #8437, #4104, #2921 ) ) ;
#1490 = VECTOR ( 'NONE', #8144, 1000.000000000000100 ) ;
#1491 = ORIENTED_EDGE ( 'NONE', *, *, #2730, .F. ) ;
#1492 = CARTESIAN_POINT ( 'NONE',  ( 0.1224999999999997800, 2.497121287348441900, 0.4445903360673038000 ) ) ;
#1493 =( GEOMETRIC_REPRESENTATION_CONTEXT ( 3 ) GLOBAL_UNCERTAINTY_ASSIGNED_CONTEXT ( ( #4033 ) ) GLOBAL_UNIT_ASSIGNED_CONTEXT ( ( #7888, #7436, #7371 ) ) REPRESENTATION_CONTEXT ( 'NONE', 'WORKASPACE' ) );
#1494 = CARTESIAN_POINT ( 'NONE',  ( 0.1224999999999997800, 2.608437217218518600, 0.2862570765601325000 ) ) ;
#1495 = VECTOR ( 'NONE', #7191, 1000.000000000000000 ) ;
#1496 = PLANE ( 'NONE',  #5555 ) ;
#1497 = EDGE_LOOP ( 'NONE', ( #2183, #7785, #3790, #2703 ) ) ;
#1498 = CARTESIAN_POINT ( 'NONE',  ( 2.072499999999999800, -3.200000000000000200, 0.1446467872876744900 ) ) ;
#1499 = ORIENTED_EDGE ( 'NONE', *, *, #3554, .F. ) ;
#1500 = LINE ( 'NONE', #8179, #3200 ) ;
#1501 = FACE_OUTER_BOUND ( 'NONE', #757, .T. ) ;
#1502 = VECTOR ( 'NONE', #6074, 1000.000000000000000 ) ;
#1503 =( NAMED_UNIT ( * ) SI_UNIT ( $, .STERADIAN. ) SOLID_ANGLE_UNIT ( ) );
#1504 = EDGE_CURVE ( 'NONE', #8916, #4883, #5321, .T. ) ;
#1505 = ORIENTED_EDGE ( 'NONE', *, *, #5163, .F. ) ;
#1506 = CARTESIAN_POINT ( 'NONE',  ( -1.177500000000000200, -2.252718095034784300, 0.4274999999999940500 ) ) ;
#1507 = DIRECTION ( 'NONE',  ( 0.0000000000000000000, 0.0000000000000000000, 1.000000000000000000 ) ) ;
#1508 = PLANE ( 'NONE',  #1457 ) ;
#1509 = ORIENTED_EDGE ( 'NONE', *, *, #3446, .F. ) ;
#1510 = DIRECTION ( 'NONE',  ( 0.0000000000000000000, 0.9975640502598243100, -0.06975647374412599600 ) ) ;
#1511 = PRESENTATION_STYLE_ASSIGNMENT (( #7939 ) ) ;
#1512 = FACE_OUTER_BOUND ( 'NONE', #9073, .T. ) ;
#1513 = AXIS2_PLACEMENT_3D ( 'NONE', #5591, #5900, #6003 ) ;
#1514 = VERTEX_POINT ( 'NONE', #4447 ) ;
#1515 = CARTESIAN_POINT ( 'NONE',  ( -0.5275000000000001900, 2.252718095034784300, 0.4274999999999940500 ) ) ;
#1516 = CIRCLE ( 'NONE', #5653, 0.2450000000000001600 ) ;
#1517 = DIRECTION ( 'NONE',  ( 0.0000000000000000000, 0.06975647374412208300, -0.9975640502598244200 ) ) ;
#1518 = EDGE_CURVE ( 'NONE', #3400, #3430, #1267, .T. ) ;
#1519 = FACE_OUTER_BOUND ( 'NONE', #7793, .T. ) ;
#1520 = EDGE_CURVE ( 'NONE', #3400, #932, #6997, .T. ) ;
#1521 = LINE ( 'NONE', #9305, #8986 ) ;
#1522 = UNCERTAINTY_MEASURE_WITH_UNIT (LENGTH_MEASURE( 1.000000000000000100E-005 ), #9419, 'distance_accuracy_value', 'NONE');
#1523 = PRESENTATION_LAYER_ASSIGNMENT (  '', '', ( #1041 ) ) ;
#1524 =( GEOMETRIC_REPRESENTATION_CONTEXT ( 3 ) GLOBAL_UNCERTAINTY_ASSIGNED_CONTEXT ( ( #7809 ) ) GLOBAL_UNIT_ASSIGNED_CONTEXT ( ( #7355, #3085, #8084 ) ) REPRESENTATION_CONTEXT ( 'NONE', 'WORKASPACE' ) );
#1525 = CARTESIAN_POINT ( 'NONE',  ( 0.1224999999999997800, 2.591346881151208100, 0.04185388424647555600 ) ) ;
#1526 = ADVANCED_FACE ( 'NONE', ( #1501 ), #8508, .T. ) ;
#1527 = CARTESIAN_POINT ( 'NONE',  ( -1.177500000000000200, -2.252718095034784300, 0.6724999999999939900 ) ) ;
#1528 = DIRECTION ( 'NONE',  ( 1.000000000000000000, 0.0000000000000000000, 0.0000000000000000000 ) ) ;
#1529 = SURFACE_STYLE_FILL_AREA ( #1323 ) ;
#1530 = SURFACE_SIDE_STYLE ('',( #5396 ) ) ;
#1531 = MECHANICAL_DESIGN_GEOMETRIC_PRESENTATION_REPRESENTATION (  '', ( #534 ), #2023 ) ;
#1532 = CARTESIAN_POINT ( 'NONE',  ( -0.7725000000000001900, -2.252718095034784300, 0.4274999999999940500 ) ) ;
#1533 = DIRECTION ( 'NONE',  ( -1.000000000000000000, 0.0000000000000000000, -0.0000000000000000000 ) ) ;
#1534 = CARTESIAN_POINT ( 'NONE',  ( 1.827499999999999700, -2.591346881151208100, 0.04185388424647555600 ) ) ;
#1535 = SURFACE_STYLE_USAGE ( .BOTH. , #1530 ) ;
#1536 = CLOSED_SHELL ( 'NONE', ( #604, #556, #7024, #8786, #4982, #7984, #8263, #5248, #4245, #2527, #4375, #4619, #8075, #4889, #8975, #135, #34, #9064, #4829, #3864, #4674 ) ) ;
#1537 = AXIS2_PLACEMENT_3D ( 'NONE', #4685, #4950, #5647 ) ;
#1538 = SURFACE_STYLE_USAGE ( .BOTH. , #5841 ) ;
#1539 = STYLED_ITEM ( 'NONE', ( #9248 ), #5316 ) ;
#1540 =( NAMED_UNIT ( * ) SI_UNIT ( $, .STERADIAN. ) SOLID_ANGLE_UNIT ( ) );
#1541 = ORIENTED_EDGE ( 'NONE', *, *, #5053, .F. ) ;
#1542 = LINE ( 'NONE', #3012, #9013 ) ;
#1543 = EDGE_CURVE ( 'NONE', #8102, #6875, #1050, .T. ) ;
#1544 = FILL_AREA_STYLE ('',( #2249 ) ) ;
#1545 = FACE_OUTER_BOUND ( 'NONE', #8483, .T. ) ;
#1546 = EDGE_CURVE ( 'NONE', #3859, #4883, #4877, .T. ) ;
#1547 = VERTEX_POINT ( 'NONE', #7149 ) ;
#1548 = ORIENTED_EDGE ( 'NONE', *, *, #1015, .F. ) ;
#1549 = AXIS2_PLACEMENT_3D ( 'NONE', #1532, #6562, #2265 ) ;
#1550 = DIRECTION ( 'NONE',  ( 0.0000000000000000000, 0.0000000000000000000, -1.000000000000000000 ) ) ;
#1551 = COLOUR_RGB ( '',1.000000000000000000, 1.000000000000000000, 1.000000000000000000 ) ;
#1552 = SURFACE_STYLE_FILL_AREA ( #5354 ) ;
#1553 =( NAMED_UNIT ( * ) PLANE_ANGLE_UNIT ( ) SI_UNIT ( $, .RADIAN. ) );
#1554 = CARTESIAN_POINT ( 'NONE',  ( 1.422499999999999700, -2.601461569844106100, 0.1865006715341501500 ) ) ;
#1555 = DIRECTION ( 'NONE',  ( -1.000000000000000000, -0.0000000000000000000, -0.0000000000000000000 ) ) ;
#1556 = LINE ( 'NONE', #6434, #7048 ) ;
#1557 = CARTESIAN_POINT ( 'NONE',  ( 1.177499999999999800, 2.608437217218518600, 0.2862570765601325000 ) ) ;
#1558 = EDGE_LOOP ( 'NONE', ( #6275, #5899, #1702, #4307 ) ) ;
#1559 = CARTESIAN_POINT ( 'NONE',  ( -0.5275000000000001900, -2.497121287348441900, 0.4445903360673038000 ) ) ;
#1560 = ORIENTED_EDGE ( 'NONE', *, *, #3239, .T. ) ;
#1561 = EDGE_CURVE ( 'NONE', #8005, #208, #6778, .T. ) ;
#1562 = ORIENTED_EDGE ( 'NONE', *, *, #7760, .F. ) ;
#1563 = EDGE_CURVE ( 'NONE', #8150, #6418, #4661, .T. ) ;
#1564 =( NAMED_UNIT ( * ) SI_UNIT ( $, .STERADIAN. ) SOLID_ANGLE_UNIT ( ) );
#1565 = PRESENTATION_STYLE_ASSIGNMENT (( #7341 ) ) ;
#1566 = CARTESIAN_POINT ( 'NONE',  ( 1.422499999999999700, 2.252718095034783400, 0.5274999999999934200 ) ) ;
#1567 = ORIENTED_EDGE ( 'NONE', *, *, #7019, .F. ) ;
#1568 = COLOUR_RGB ( '',1.000000000000000000, 1.000000000000000000, 1.000000000000000000 ) ;
#1569 = ADVANCED_FACE ( 'NONE', ( #2759 ), #1849, .T. ) ;
#1570 = FILL_AREA_STYLE_COLOUR ( '', #8856 ) ;
#1571 = ORIENTED_EDGE ( 'NONE', *, *, #2067, .F. ) ;
#1572 = VERTEX_POINT ( 'NONE', #6928 ) ;
#1573 = VECTOR ( 'NONE', #861, 1000.000000000000000 ) ;
#1574 = FACE_OUTER_BOUND ( 'NONE', #2161, .T. ) ;
#1575 = COLOUR_RGB ( '',1.000000000000000000, 1.000000000000000000, 1.000000000000000000 ) ;
#1576 = DIRECTION ( 'NONE',  ( -1.000000000000000000, 0.0000000000000000000, -0.0000000000000000000 ) ) ;
#1577 = MECHANICAL_DESIGN_GEOMETRIC_PRESENTATION_REPRESENTATION (  '', ( #109 ), #2079 ) ;
#1578 = ORIENTED_EDGE ( 'NONE', *, *, #2865, .T. ) ;
#1579 = UNCERTAINTY_MEASURE_WITH_UNIT (LENGTH_MEASURE( 1.000000000000000100E-005 ), #2182, 'distance_accuracy_value', 'NONE');
#1580 = ORIENTED_EDGE ( 'NONE', *, *, #1940, .T. ) ;
#1581 = CARTESIAN_POINT ( 'NONE',  ( -2.072500000000000200, 2.601461569844106100, 0.1865006715341500400 ) ) ;
#1582 = ORIENTED_EDGE ( 'NONE', *, *, #828, .T. ) ;
#1583 =( GEOMETRIC_REPRESENTATION_CONTEXT ( 3 ) GLOBAL_UNCERTAINTY_ASSIGNED_CONTEXT ( ( #696 ) ) GLOBAL_UNIT_ASSIGNED_CONTEXT ( ( #9094, #4741, #403 ) ) REPRESENTATION_CONTEXT ( 'NONE', 'WORKASPACE' ) );
#1584 = PRESENTATION_STYLE_ASSIGNMENT (( #1642 ) ) ;
#1585 = VECTOR ( 'NONE', #7853, 1000.000000000000000 ) ;
#1586 =( LENGTH_UNIT ( ) NAMED_UNIT ( * ) SI_UNIT ( .MILLI., .METRE. ) );
#1587 = VERTEX_POINT ( 'NONE', #754 ) ;
#1588 = PLANE ( 'NONE',  #4563 ) ;
#1589 = ORIENTED_EDGE ( 'NONE', *, *, #8458, .F. ) ;
#1590 = DIRECTION ( 'NONE',  ( 0.0000000000000000000, -0.9975640502598245300, 0.06975647374412209700 ) ) ;
#1591 = FACE_OUTER_BOUND ( 'NONE', #3850, .T. ) ;
#1592 = ORIENTED_EDGE ( 'NONE', *, *, #1561, .T. ) ;
#1593 = CARTESIAN_POINT ( 'NONE',  ( 0.1224999999999997800, 3.189885311307101700, 2.710505431213761100E-017 ) ) ;
#1594 = AXIS2_PLACEMENT_3D ( 'NONE', #5560, #5522, #5484 ) ;
#1595 = CYLINDRICAL_SURFACE ( 'NONE', #5334, 0.2450000000000004400 ) ;
#1596 = ORIENTED_EDGE ( 'NONE', *, *, #3509, .F. ) ;
#1597 = DIRECTION ( 'NONE',  ( 0.0000000000000000000, -1.000000000000000000, 0.0000000000000000000 ) ) ;
#1598 = AXIS2_PLACEMENT_3D ( 'NONE', #4282, #1404, #6423 ) ;
#1599 = VECTOR ( 'NONE', #5132, 1000.000000000000000 ) ;
#1600 = PRODUCT_DEFINITION_FORMATION_WITH_SPECIFIED_SOURCE ( 'хн╨н', '', #7046, .NOT_KNOWN. ) ;
#1601 =( NAMED_UNIT ( * ) PLANE_ANGLE_UNIT ( ) SI_UNIT ( $, .RADIAN. ) );
#1602 = ORIENTED_EDGE ( 'NONE', *, *, #9218, .F. ) ;
#1603 = COLOUR_RGB ( '',1.000000000000000000, 1.000000000000000000, 1.000000000000000000 ) ;
#1604 = FACE_OUTER_BOUND ( 'NONE', #8228, .T. ) ;
#1605 = DIRECTION ( 'NONE',  ( 0.0000000000000000000, 0.0000000000000000000, 1.000000000000000000 ) ) ;
#1606 = EDGE_CURVE ( 'NONE', #326, #125, #3777, .T. ) ;
#1607 = CIRCLE ( 'NONE', #1671, 0.09999999999999945000 ) ;
#1608 =( LENGTH_UNIT ( ) NAMED_UNIT ( * ) SI_UNIT ( .MILLI., .METRE. ) );
#1609 = EDGE_LOOP ( 'NONE', ( #9424, #8590, #9204, #8009 ) ) ;
#1610 = PRESENTATION_LAYER_ASSIGNMENT (  '', '', ( #2106 ) ) ;
#1611 = ORIENTED_EDGE ( 'NONE', *, *, #2957, .F. ) ;
#1612 = PLANE ( 'NONE',  #3005 ) ;
#1613 = MECHANICAL_DESIGN_GEOMETRIC_PRESENTATION_REPRESENTATION (  '', ( #9070 ), #2109 ) ;
#1614 = DIRECTION ( 'NONE',  ( -0.0000000000000000000, 0.06975647374412208300, 0.9975640502598244200 ) ) ;
#1615 = DIRECTION ( 'NONE',  ( -1.000000000000000000, -0.0000000000000000000, -0.0000000000000000000 ) ) ;
#1616 = ORIENTED_EDGE ( 'NONE', *, *, #8565, .F. ) ;
#1617 = COLOUR_RGB ( '',1.000000000000000000, 1.000000000000000000, 1.000000000000000000 ) ;
#1618 = ADVANCED_FACE ( 'NONE', ( #9331 ), #4807, .F. ) ;
#1619 = DIRECTION ( 'NONE',  ( 0.0000000000000000000, 0.0000000000000000000, 1.000000000000000000 ) ) ;
#1620 = LINE ( 'NONE', #3507, #5221 ) ;
#1621 = EDGE_CURVE ( 'NONE', #4454, #1798, #6661, .T. ) ;
#1622 = LINE ( 'NONE', #6583, #3557 ) ;
#1623 = EDGE_CURVE ( 'NONE', #4181, #8940, #8620, .T. ) ;
#1624 =( LENGTH_UNIT ( ) NAMED_UNIT ( * ) SI_UNIT ( .MILLI., .METRE. ) );
#1625 = DIRECTION ( 'NONE',  ( 1.000000000000000000, -0.0000000000000000000, 0.0000000000000000000 ) ) ;
#1626 = CARTESIAN_POINT ( 'NONE',  ( 0.1224999999999997800, 2.252718095034783400, 0.5274999999999934200 ) ) ;
#1627 = STYLED_ITEM ( 'NONE', ( #2513 ), #6728 ) ;
#1628 = DIRECTION ( 'NONE',  ( -1.000000000000000000, 0.0000000000000000000, -0.0000000000000000000 ) ) ;
#1629 = AXIS2_PLACEMENT_3D ( 'NONE', #7492, #2475, #2445 ) ;
#1630 = SURFACE_STYLE_USAGE ( .BOTH. , #5929 ) ;
#1631 = COLOUR_RGB ( '',1.000000000000000000, 1.000000000000000000, 1.000000000000000000 ) ;
#1632 = CARTESIAN_POINT ( 'NONE',  ( -2.072500000000000200, 3.189885311307101700, 2.710505431213761100E-017 ) ) ;
#1633 = UNCERTAINTY_MEASURE_WITH_UNIT (LENGTH_MEASURE( 1.000000000000000100E-005 ), #2346, 'distance_accuracy_value', 'NONE');
#1634 = AXIS2_PLACEMENT_3D ( 'NONE', #8379, #50, #8339 ) ;
#1635 = DIRECTION ( 'NONE',  ( -1.000000000000000000, -0.0000000000000000000, -0.0000000000000000000 ) ) ;
#1636 = DIRECTION ( 'NONE',  ( -0.0000000000000000000, 0.9975640502598242000, 0.06975647374412599600 ) ) ;
#1637 = DIRECTION ( 'NONE',  ( 0.1710878697460327700, 0.1710878697460328200, 0.9702875252478149200 ) ) ;
#1638 =( GEOMETRIC_REPRESENTATION_CONTEXT ( 3 ) GLOBAL_UNCERTAINTY_ASSIGNED_CONTEXT ( ( #170 ) ) GLOBAL_UNIT_ASSIGNED_CONTEXT ( ( #9307, #4928, #595 ) ) REPRESENTATION_CONTEXT ( 'NONE', 'WORKASPACE' ) );
#1639 =( GEOMETRIC_REPRESENTATION_CONTEXT ( 3 ) GLOBAL_UNCERTAINTY_ASSIGNED_CONTEXT ( ( #4187 ) ) GLOBAL_UNIT_ASSIGNED_CONTEXT ( ( #4888, #538, #5595 ) ) REPRESENTATION_CONTEXT ( 'NONE', 'WORKASPACE' ) );
#1640 = FILL_AREA_STYLE_COLOUR ( '', #4576 ) ;
#1641 = ORIENTED_EDGE ( 'NONE', *, *, #152, .T. ) ;
#1642 = SURFACE_STYLE_USAGE ( .BOTH. , #5940 ) ;
#1643 = SURFACE_STYLE_FILL_AREA ( #8441 ) ;
#1644 = STYLED_ITEM ( 'NONE', ( #399 ), #906 ) ;
#1645 = PLANE ( 'NONE',  #1955 ) ;
#1646 =( LENGTH_UNIT ( ) NAMED_UNIT ( * ) SI_UNIT ( .MILLI., .METRE. ) );
#1647 = CARTESIAN_POINT ( 'NONE',  ( 1.177499999999999800, 2.601461569844106100, 0.1865006715341501500 ) ) ;
#1648 =( GEOMETRIC_REPRESENTATION_CONTEXT ( 3 ) GLOBAL_UNCERTAINTY_ASSIGNED_CONTEXT ( ( #3450 ) ) GLOBAL_UNIT_ASSIGNED_CONTEXT ( ( #8726, #4387, #35 ) ) REPRESENTATION_CONTEXT ( 'NONE', 'WORKASPACE' ) );
#1649 = CARTESIAN_POINT ( 'NONE',  ( -0.1225000000000002200, -2.200000000000000200, 0.5274999999999939700 ) ) ;
#1650 = LINE ( 'NONE', #7429, #3587 ) ;
#1651 =( NAMED_UNIT ( * ) SI_UNIT ( $, .STERADIAN. ) SOLID_ANGLE_UNIT ( ) );
#1652 = FACE_OUTER_BOUND ( 'NONE', #465, .T. ) ;
#1653 = CARTESIAN_POINT ( 'NONE',  ( 1.827499999999999700, -2.497121287348441400, 0.4445903360673038000 ) ) ;
#1654 = ADVANCED_FACE ( 'NONE', ( #4763 ), #7951, .F. ) ;
#1655 = COLOUR_RGB ( '',1.000000000000000000, 1.000000000000000000, 1.000000000000000000 ) ;
#1656 = AXIS2_PLACEMENT_3D ( 'NONE', #9374, #5742, #5006 ) ;
#1657 = DIRECTION ( 'NONE',  ( -1.000000000000000000, 0.0000000000000000000, -0.0000000000000000000 ) ) ;
#1658 = CARTESIAN_POINT ( 'NONE',  ( -0.5275000000000001900, 3.189885311307101700, 2.710505431213761100E-017 ) ) ;
#1659 = FACE_OUTER_BOUND ( 'NONE', #7921, .T. ) ;
#1660 = MECHANICAL_DESIGN_GEOMETRIC_PRESENTATION_REPRESENTATION (  '', ( #691 ), #2160 ) ;
#1661 =( NAMED_UNIT ( * ) PLANE_ANGLE_UNIT ( ) SI_UNIT ( $, .RADIAN. ) );
#1662 = FILL_AREA_STYLE ('',( #2178 ) ) ;
#1663 = DIRECTION ( 'NONE',  ( 0.0000000000000000000, 0.0000000000000000000, -1.000000000000000000 ) ) ;
#1664 = EDGE_CURVE ( 'NONE', #8627, #5194, #7677, .T. ) ;
#1665 = ORIENTED_EDGE ( 'NONE', *, *, #6972, .T. ) ;
#1666 = DIRECTION ( 'NONE',  ( -0.0000000000000000000, 0.06975647374412208300, 0.9975640502598244200 ) ) ;
#1667 = CARTESIAN_POINT ( 'NONE',  ( 2.072499999999999800, -2.497121287348441400, 0.4445903360673038000 ) ) ;
#1668 = FACE_OUTER_BOUND ( 'NONE', #3438, .T. ) ;
#1669 = VECTOR ( 'NONE', #3048, 1000.000000000000000 ) ;
#1670 = EDGE_CURVE ( 'NONE', #5766, #3077, #4107, .T. ) ;
#1671 = AXIS2_PLACEMENT_3D ( 'NONE', #1915, #6917, #2650 ) ;
#1672 = ORIENTED_EDGE ( 'NONE', *, *, #2712, .T. ) ;
#1673 = EDGE_LOOP ( 'NONE', ( #6125, #3378, #767, #7756 ) ) ;
#1674 = ORIENTED_EDGE ( 'NONE', *, *, #7508, .T. ) ;
#1675 = PRESENTATION_STYLE_ASSIGNMENT (( #8171 ) ) ;
#1676 = DIRECTION ( 'NONE',  ( -1.000000000000000000, -0.0000000000000000000, -0.0000000000000000000 ) ) ;
#1677 =( NAMED_UNIT ( * ) SI_UNIT ( $, .STERADIAN. ) SOLID_ANGLE_UNIT ( ) );
#1678 = STYLED_ITEM ( 'NONE', ( #1026 ), #2826 ) ;
#1679 = DIRECTION ( 'NONE',  ( -0.0000000000000000000, -1.000000000000000000, -0.0000000000000000000 ) ) ;
#1680 =( NAMED_UNIT ( * ) SI_UNIT ( $, .STERADIAN. ) SOLID_ANGLE_UNIT ( ) );
#1681 = LINE ( 'NONE', #16, #648 ) ;
#1682 = ORIENTED_EDGE ( 'NONE', *, *, #2848, .F. ) ;
#1683 = DIRECTION ( 'NONE',  ( 0.0000000000000000000, -0.9975640502598245300, 0.06975647374412209700 ) ) ;
#1684 = VERTEX_POINT ( 'NONE', #9407 ) ;
#1685 = UNCERTAINTY_MEASURE_WITH_UNIT (LENGTH_MEASURE( 1.000000000000000100E-005 ), #8604, 'distance_accuracy_value', 'NONE');
#1686 = COLOUR_RGB ( '',1.000000000000000000, 1.000000000000000000, 1.000000000000000000 ) ;
#1687 = CARTESIAN_POINT ( 'NONE',  ( -1.827500000000000100, -2.200000000000000200, 0.5274999999999939700 ) ) ;
#1688 = ORIENTED_EDGE ( 'NONE', *, *, #6856, .F. ) ;
#1689 = EDGE_CURVE ( 'NONE', #4048, #7993, #5763, .T. ) ;
#1690 = EDGE_CURVE ( 'NONE', #1219, #6431, #1956, .T. ) ;
#1691 = ORIENTED_EDGE ( 'NONE', *, *, #2354, .F. ) ;
#1692 = CARTESIAN_POINT ( 'NONE',  ( -0.7725000000000001900, -2.200000000000000200, 0.5274999999999939700 ) ) ;
#1693 = LINE ( 'NONE', #9254, #5288 ) ;
#1694 = FILL_AREA_STYLE ('',( #3863 ) ) ;
#1695 = CIRCLE ( 'NONE', #7283, 0.2450000000000004400 ) ;
#1696 = LINE ( 'NONE', #8229, #5291 ) ;
#1697 = DIRECTION ( 'NONE',  ( 0.0000000000000000000, -0.06975647374411951500, -0.9975640502598246400 ) ) ;
#1698 = VECTOR ( 'NONE', #6580, 1000.000000000000000 ) ;
#1699 = PLANE ( 'NONE',  #4381 ) ;
#1700 = VERTEX_POINT ( 'NONE', #3440 ) ;
#1701 = MECHANICAL_DESIGN_GEOMETRIC_PRESENTATION_REPRESENTATION (  '', ( #226 ), #2194 ) ;
#1702 = ORIENTED_EDGE ( 'NONE', *, *, #6181, .F. ) ;
#1703 = UNCERTAINTY_MEASURE_WITH_UNIT (LENGTH_MEASURE( 1.000000000000000100E-005 ), #936, 'distance_accuracy_value', 'NONE');
#1704 = CARTESIAN_POINT ( 'NONE',  ( 0.7724999999999997400, 2.497121287348441400, 0.4445903360673038000 ) ) ;
#1705 = ORIENTED_EDGE ( 'NONE', *, *, #697, .T. ) ;
#1706 = CARTESIAN_POINT ( 'NONE',  ( 2.353644704128822900, 2.053644704128823100, -0.3025221286789872000 ) ) ;
#1707 = ORIENTED_EDGE ( 'NONE', *, *, #148, .T. ) ;
#1708 = LINE ( 'NONE', #6735, #5525 ) ;
#1709 = LINE ( 'NONE', #7717, #3638 ) ;
#1710 = VECTOR ( 'NONE', #5443, 1000.000000000000000 ) ;
#1711 = DIRECTION ( 'NONE',  ( -1.000000000000000000, 0.0000000000000000000, -0.0000000000000000000 ) ) ;
#1712 = ORIENTED_EDGE ( 'NONE', *, *, #3758, .T. ) ;
#1713 = CARTESIAN_POINT ( 'NONE',  ( 0.1224999999999997800, 2.352474500060765600, 0.4344756473744061900 ) ) ;
#1714 = VERTEX_POINT ( 'NONE', #6489 ) ;
#1715 = PRESENTATION_LAYER_ASSIGNMENT (  '', '', ( #240 ) ) ;
#1716 = ADVANCED_FACE ( 'NONE', ( #9447 ), #1432, .F. ) ;
#1717 = FACE_OUTER_BOUND ( 'NONE', #7062, .T. ) ;
#1718 = FILL_AREA_STYLE ('',( #4583 ) ) ;
#1719 = CARTESIAN_POINT ( 'NONE',  ( 2.072499999999999800, -2.497121287348441900, 0.4445903360673038000 ) ) ;
#1720 = PRESENTATION_STYLE_ASSIGNMENT (( #2117 ) ) ;
#1721 = VECTOR ( 'NONE', #5575, 1000.000000000000000 ) ;
#1722 = CIRCLE ( 'NONE', #2436, 0.09999999999999945000 ) ;
#1723 = ORIENTED_EDGE ( 'NONE', *, *, #1884, .T. ) ;
#1724 = SURFACE_SIDE_STYLE ('',( #7496 ) ) ;
#1725 = PRESENTATION_STYLE_ASSIGNMENT (( #5692 ) ) ;
#1726 = DIRECTION ( 'NONE',  ( -1.000000000000000000, -0.0000000000000000000, -0.0000000000000000000 ) ) ;
#1727 = ORIENTED_EDGE ( 'NONE', *, *, #8970, .T. ) ;
#1728 = DIRECTION ( 'NONE',  ( -1.000000000000000000, -0.0000000000000000000, -0.0000000000000000000 ) ) ;
#1729 = VECTOR ( 'NONE', #6685, 1000.000000000000100 ) ;
#1730 = PRESENTATION_LAYER_ASSIGNMENT (  '', '', ( #735 ) ) ;
#1731 =( LENGTH_UNIT ( ) NAMED_UNIT ( * ) SI_UNIT ( .MILLI., .METRE. ) );
#1732 = AXIS2_PLACEMENT_3D ( 'NONE', #8303, #4007, #9043 ) ;
#1733 = EDGE_LOOP ( 'NONE', ( #4707, #7052, #2352, #5370 ) ) ;
#1734 = FACE_OUTER_BOUND ( 'NONE', #5328, .T. ) ;
#1735 =( LENGTH_UNIT ( ) NAMED_UNIT ( * ) SI_UNIT ( .MILLI., .METRE. ) );
#1736 = ORIENTED_EDGE ( 'NONE', *, *, #6857, .T. ) ;
#1737 = EDGE_CURVE ( 'NONE', #2761, #4887, #5533, .T. ) ;
#1738 = PRESENTATION_STYLE_ASSIGNMENT (( #3676 ) ) ;
#1739 = DIRECTION ( 'NONE',  ( 0.0000000000000000000, 0.0000000000000000000, 1.000000000000000000 ) ) ;
#1740 = FILL_AREA_STYLE_COLOUR ( '', #4136 ) ;
#1741 = EDGE_CURVE ( 'NONE', #7044, #4222, #2987, .T. ) ;
#1742 = ADVANCED_FACE ( 'NONE', ( #4867 ), #2981, .F. ) ;
#1743 = ORIENTED_EDGE ( 'NONE', *, *, #5400, .T. ) ;
#1744 = CARTESIAN_POINT ( 'NONE',  ( -1.177500000000000200, 2.252718095034784300, 0.6724999999999939900 ) ) ;
#1745 = CARTESIAN_POINT ( 'NONE',  ( 0.1224999999999997800, 2.352474500060765600, 0.4344756473744061900 ) ) ;
#1746 = PRESENTATION_LAYER_ASSIGNMENT (  '', '', ( #1249 ) ) ;
#1747 = LINE ( 'NONE', #3372, #5563 ) ;
#1748 = CARTESIAN_POINT ( 'NONE',  ( 2.072499999999999800, 2.352474500060765600, 0.4344756473744061900 ) ) ;
#1749 =( NAMED_UNIT ( * ) SI_UNIT ( $, .STERADIAN. ) SOLID_ANGLE_UNIT ( ) );
#1750 = PRESENTATION_STYLE_ASSIGNMENT (( #2933 ) ) ;
#1751 = CARTESIAN_POINT ( 'NONE',  ( -0.5275000000000001900, 2.252718095034784300, 0.6724999999999939900 ) ) ;
#1752 = EDGE_CURVE ( 'NONE', #6153, #5780, #7787, .T. ) ;
#1753 = ORIENTED_EDGE ( 'NONE', *, *, #3885, .F. ) ;
#1754 = COLOUR_RGB ( '',1.000000000000000000, 1.000000000000000000, 1.000000000000000000 ) ;
#1755 = SURFACE_STYLE_USAGE ( .BOTH. , #342 ) ;
#1756 = EDGE_CURVE ( 'NONE', #8347, #4957, #341, .T. ) ;
#1757 = FILL_AREA_STYLE_COLOUR ( '', #8465 ) ;
#1758 = CARTESIAN_POINT ( 'NONE',  ( 0.7724999999999997400, 2.352474500060765600, 0.4344756473744061900 ) ) ;
#1759 = FILL_AREA_STYLE ('',( #2775 ) ) ;
#1760 =( LENGTH_UNIT ( ) NAMED_UNIT ( * ) SI_UNIT ( .MILLI., .METRE. ) );
#1761 =( LENGTH_UNIT ( ) NAMED_UNIT ( * ) SI_UNIT ( .MILLI., .METRE. ) );
#1762 = SURFACE_STYLE_FILL_AREA ( #4428 ) ;
#1763 = UNCERTAINTY_MEASURE_WITH_UNIT (LENGTH_MEASURE( 1.000000000000000100E-005 ), #5346, 'distance_accuracy_value', 'NONE');
#1764 = STYLED_ITEM ( 'NONE', ( #7897 ), #7074 ) ;
#1765 =( GEOMETRIC_REPRESENTATION_CONTEXT ( 3 ) GLOBAL_UNCERTAINTY_ASSIGNED_CONTEXT ( ( #6294 ) ) GLOBAL_UNIT_ASSIGNED_CONTEXT ( ( #4404, #49, #5125 ) ) REPRESENTATION_CONTEXT ( 'NONE', 'WORKASPACE' ) );
#1766 = VERTEX_POINT ( 'NONE', #8607 ) ;
#1767 = VECTOR ( 'NONE', #7033, 1000.000000000000000 ) ;
#1768 = FILL_AREA_STYLE_COLOUR ( '', #1568 ) ;
#1769 = ADVANCED_FACE ( 'NONE', ( #5869 ), #4981, .F. ) ;
#1770 =( GEOMETRIC_REPRESENTATION_CONTEXT ( 3 ) GLOBAL_UNCERTAINTY_ASSIGNED_CONTEXT ( ( #5332 ) ) GLOBAL_UNIT_ASSIGNED_CONTEXT ( ( #9242, #9214, #9167 ) ) REPRESENTATION_CONTEXT ( 'NONE', 'WORKASPACE' ) );
#1771 = FACE_OUTER_BOUND ( 'NONE', #8491, .T. ) ;
#1772 = UNCERTAINTY_MEASURE_WITH_UNIT (LENGTH_MEASURE( 1.000000000000000100E-005 ), #5366, 'distance_accuracy_value', 'NONE');
#1773 = DIRECTION ( 'NONE',  ( 1.000000000000000000, 0.0000000000000000000, 0.0000000000000000000 ) ) ;
#1774 = CARTESIAN_POINT ( 'NONE',  ( -0.1225000000000002200, 2.497121287348441400, 0.4445903360673038000 ) ) ;
#1775 = MECHANICAL_DESIGN_GEOMETRIC_PRESENTATION_REPRESENTATION (  '', ( #784 ), #2252 ) ;
#1776 = COLOUR_RGB ( '',1.000000000000000000, 1.000000000000000000, 1.000000000000000000 ) ;
#1777 = CARTESIAN_POINT ( 'NONE',  ( -0.1225000000000002200, 2.252718095034784300, 0.4274999999999940500 ) ) ;
#1778 =( NAMED_UNIT ( * ) PLANE_ANGLE_UNIT ( ) SI_UNIT ( $, .RADIAN. ) );
#1779 = LINE ( 'NONE', #8067, #2569 ) ;
#1780 =( LENGTH_UNIT ( ) NAMED_UNIT ( * ) SI_UNIT ( .MILLI., .METRE. ) );
#1781 = MECHANICAL_DESIGN_GEOMETRIC_PRESENTATION_REPRESENTATION (  '', ( #297 ), #2266 ) ;
#1782 = CYLINDRICAL_SURFACE ( 'NONE', #7615, 0.09999999999999988100 ) ;
#1783 = ADVANCED_FACE ( 'NONE', ( #7555 ), #2389, .T. ) ;
#1784 = DIRECTION ( 'NONE',  ( -0.0000000000000000000, 1.000000000000000000, -0.0000000000000000000 ) ) ;
#1785 = MECHANICAL_DESIGN_GEOMETRIC_PRESENTATION_REPRESENTATION (  '', ( #301 ), #2271 ) ;
#1786 = PRESENTATION_LAYER_ASSIGNMENT (  '', '', ( #1296 ) ) ;
#1787 = SURFACE_STYLE_USAGE ( .BOTH. , #6070 ) ;
#1788 = ADVANCED_FACE ( 'NONE', ( #8120 ), #6896, .F. ) ;
#1789 = DIRECTION ( 'NONE',  ( 0.0000000000000000000, -1.000000000000000000, 0.0000000000000000000 ) ) ;
#1790 = FILL_AREA_STYLE_COLOUR ( '', #8969 ) ;
#1791 = ORIENTED_EDGE ( 'NONE', *, *, #137, .F. ) ;
#1792 = EDGE_CURVE ( 'NONE', #5399, #1944, #3636, .T. ) ;
#1793 = CIRCLE ( 'NONE', #4188, 0.2450000000000004400 ) ;
#1794 = LINE ( 'NONE', #6766, #3479 ) ;
#1795 =( LENGTH_UNIT ( ) NAMED_UNIT ( * ) SI_UNIT ( .MILLI., .METRE. ) );
#1796 = VECTOR ( 'NONE', #7835, 1000.000000000000100 ) ;
#1797 = PLANE ( 'NONE',  #8872 ) ;
#1798 = VERTEX_POINT ( 'NONE', #2478 ) ;
#1799 = ORIENTED_EDGE ( 'NONE', *, *, #8181, .T. ) ;
#1800 =( GEOMETRIC_REPRESENTATION_CONTEXT ( 3 ) GLOBAL_UNCERTAINTY_ASSIGNED_CONTEXT ( ( #7225 ) ) GLOBAL_UNIT_ASSIGNED_CONTEXT ( ( #2795, #7804, #3501 ) ) REPRESENTATION_CONTEXT ( 'NONE', 'WORKASPACE' ) );
#1801 = CARTESIAN_POINT ( 'NONE',  ( -0.7725000000000001900, -2.252718095034784300, 0.4274999999999940500 ) ) ;
#1802 = COLOUR_RGB ( '',1.000000000000000000, 1.000000000000000000, 1.000000000000000000 ) ;
#1803 = FILL_AREA_STYLE ('',( #4673 ) ) ;
#1804 = PRESENTATION_STYLE_ASSIGNMENT (( #8744 ) ) ;
#1805 = SURFACE_STYLE_FILL_AREA ( #4589 ) ;
#1806 = SURFACE_SIDE_STYLE ('',( #6752 ) ) ;
#1807 = PLANE ( 'NONE',  #8602 ) ;
#1808 = FACE_OUTER_BOUND ( 'NONE', #2652, .T. ) ;
#1809 = CARTESIAN_POINT ( 'NONE',  ( 0.5274999999999997500, -2.497121287348441900, 0.4445903360673038000 ) ) ;
#1810 = ORIENTED_EDGE ( 'NONE', *, *, #1437, .F. ) ;
#1811 = FILL_AREA_STYLE ('',( #7512 ) ) ;
#1812 = ORIENTED_EDGE ( 'NONE', *, *, #7962, .F. ) ;
#1813 = EDGE_CURVE ( 'NONE', #6418, #8383, #1708, .T. ) ;
#1814 = DIRECTION ( 'NONE',  ( 0.0000000000000000000, -0.06975647374411951500, 0.9975640502598246400 ) ) ;
#1815 = LINE ( 'NONE', #3724, #1573 ) ;
#1816 = EDGE_CURVE ( 'NONE', #2192, #8274, #7212, .T. ) ;
#1817 = ADVANCED_FACE ( 'NONE', ( #8948 ), #6302, .T. ) ;
#1818 = DIRECTION ( 'NONE',  ( 0.0000000000000000000, -0.9975640502598242000, 0.06975647374412599600 ) ) ;
#1819 = PRESENTATION_STYLE_ASSIGNMENT (( #202 ) ) ;
#1820 = ORIENTED_EDGE ( 'NONE', *, *, #7089, .F. ) ;
#1821 = UNCERTAINTY_MEASURE_WITH_UNIT (LENGTH_MEASURE( 1.000000000000000100E-005 ), #2800, 'distance_accuracy_value', 'NONE');
#1822 = DIRECTION ( 'NONE',  ( -0.0000000000000000000, -0.0000000000000000000, 1.000000000000000000 ) ) ;
#1823 = VERTEX_POINT ( 'NONE', #2551 ) ;
#1824 = VERTEX_POINT ( 'NONE', #2743 ) ;
#1825 = ORIENTED_EDGE ( 'NONE', *, *, #2296, .F. ) ;
#1826 =( GEOMETRIC_REPRESENTATION_CONTEXT ( 3 ) GLOBAL_UNCERTAINTY_ASSIGNED_CONTEXT ( ( #5489 ) ) GLOBAL_UNIT_ASSIGNED_CONTEXT ( ( #4965, #5299, #1680 ) ) REPRESENTATION_CONTEXT ( 'NONE', 'WORKASPACE' ) );
#1827 = FILL_AREA_STYLE ('',( #6107 ) ) ;
#1828 = ORIENTED_EDGE ( 'NONE', *, *, #513, .F. ) ;
#1829 = CARTESIAN_POINT ( 'NONE',  ( -1.827500000000000100, -2.200000000000000200, 0.5274999999999939700 ) ) ;
#1830 =( NAMED_UNIT ( * ) SI_UNIT ( $, .STERADIAN. ) SOLID_ANGLE_UNIT ( ) );
#1831 = SURFACE_STYLE_FILL_AREA ( #924 ) ;
#1832 = CIRCLE ( 'NONE', #132, 0.2450000000000001600 ) ;
#1833 = AXIS2_PLACEMENT_3D ( 'NONE', #4962, #5032, #5178 ) ;
#1834 = SURFACE_STYLE_FILL_AREA ( #7732 ) ;
#1835 = PLANE ( 'NONE',  #5808 ) ;
#1836 = ORIENTED_EDGE ( 'NONE', *, *, #5071, .T. ) ;
#1837 = DIRECTION ( 'NONE',  ( 0.0000000000000000000, 0.0000000000000000000, 1.000000000000000000 ) ) ;
#1838 = ORIENTED_EDGE ( 'NONE', *, *, #718, .F. ) ;
#1839 = VECTOR ( 'NONE', #9102, 1000.000000000000000 ) ;
#1840 =( NAMED_UNIT ( * ) PLANE_ANGLE_UNIT ( ) SI_UNIT ( $, .RADIAN. ) );
#1841 = ORIENTED_EDGE ( 'NONE', *, *, #3375, .T. ) ;
#1842 = STYLED_ITEM ( 'NONE', ( #9034 ), #7704 ) ;
#1843 = PRESENTATION_STYLE_ASSIGNMENT (( #4278 ) ) ;
#1844 = SURFACE_SIDE_STYLE ('',( #3553 ) ) ;
#1845 = ORIENTED_EDGE ( 'NONE', *, *, #7963, .F. ) ;
#1846 = LINE ( 'NONE', #5833, #1599 ) ;
#1847 = ORIENTED_EDGE ( 'NONE', *, *, #6844, .T. ) ;
#1848 = CARTESIAN_POINT ( 'NONE',  ( -2.500000000000000000, -2.200000000000000200, 0.5275000000000060800 ) ) ;
#1849 = CYLINDRICAL_SURFACE ( 'NONE', #8173, 0.2450000000000002200 ) ;
#1850 = CARTESIAN_POINT ( 'NONE',  ( 0.1224999999999997800, -2.591346881151208100, 0.04185388424647555600 ) ) ;
#1851 = ORIENTED_EDGE ( 'NONE', *, *, #514, .T. ) ;
#1852 =( GEOMETRIC_REPRESENTATION_CONTEXT ( 3 ) GLOBAL_UNCERTAINTY_ASSIGNED_CONTEXT ( ( #760 ) ) GLOBAL_UNIT_ASSIGNED_CONTEXT ( ( #6370, #2092, #7097 ) ) REPRESENTATION_CONTEXT ( 'NONE', 'WORKASPACE' ) );
#1853 =( NAMED_UNIT ( * ) SI_UNIT ( $, .STERADIAN. ) SOLID_ANGLE_UNIT ( ) );
#1854 = ORIENTED_EDGE ( 'NONE', *, *, #6911, .F. ) ;
#1855 =( LENGTH_UNIT ( ) NAMED_UNIT ( * ) SI_UNIT ( .MILLI., .METRE. ) );
#1856 = FILL_AREA_STYLE_COLOUR ( '', #7038 ) ;
#1857 = FILL_AREA_STYLE ('',( #5423 ) ) ;
#1858 = ORIENTED_EDGE ( 'NONE', *, *, #2343, .F. ) ;
#1859 = DIRECTION ( 'NONE',  ( 0.0000000000000000000, 0.0000000000000000000, 1.000000000000000000 ) ) ;
#1860 = AXIS2_PLACEMENT_3D ( 'NONE', #6327, #8964, #251 ) ;
#1861 = CARTESIAN_POINT ( 'NONE',  ( 2.072499999999999800, -2.364034024904861500, 0.2691667404928227400 ) ) ;
#1862 = ORIENTED_EDGE ( 'NONE', *, *, #9219, .F. ) ;
#1863 = ADVANCED_FACE ( 'NONE', ( #785 ), #1190, .F. ) ;
#1864 = DIRECTION ( 'NONE',  ( 0.0000000000000000000, 0.06975647374412598200, -0.9975640502598242000 ) ) ;
#1865 = FILL_AREA_STYLE ('',( #5712 ) ) ;
#1866 = EDGE_CURVE ( 'NONE', #9370, #3041, #4419, .T. ) ;
#1867 = ORIENTED_EDGE ( 'NONE', *, *, #5598, .F. ) ;
#1868 = FILL_AREA_STYLE_COLOUR ( '', #8149 ) ;
#1869 = COLOUR_RGB ( '',1.000000000000000000, 1.000000000000000000, 1.000000000000000000 ) ;
#1870 = CARTESIAN_POINT ( 'NONE',  ( -1.827500000000000100, 3.189885311307101700, 2.710505431213761100E-017 ) ) ;
#1871 = EDGE_CURVE ( 'NONE', #6382, #9391, #2734, .T. ) ;
#1872 =( NAMED_UNIT ( * ) PLANE_ANGLE_UNIT ( ) SI_UNIT ( $, .RADIAN. ) );
#1873 = VECTOR ( 'NONE', #9332, 1000.000000000000000 ) ;
#1874 = PRESENTATION_LAYER_ASSIGNMENT (  '', '', ( #887 ) ) ;
#1875 = DIRECTION ( 'NONE',  ( -1.000000000000000000, -0.0000000000000000000, -0.0000000000000000000 ) ) ;
#1876 = FILL_AREA_STYLE ('',( #4728 ) ) ;
#1877 = FACE_OUTER_BOUND ( 'NONE', #8485, .T. ) ;
#1878 = CARTESIAN_POINT ( 'NONE',  ( 0.0000000000000000000, 0.0000000000000000000, 1.100000000000000100 ) ) ;
#1879 = VECTOR ( 'NONE', #7357, 1000.000000000000000 ) ;
#1880 = CARTESIAN_POINT ( 'NONE',  ( -0.5275000000000001900, -3.189885311307101700, 2.710505431213761100E-017 ) ) ;
#1881 = DIRECTION ( 'NONE',  ( 0.0000000000000000000, -0.06975647374412208300, 0.9975640502598244200 ) ) ;
#1882 = CYLINDRICAL_SURFACE ( 'NONE', #381, 0.09999999999999988100 ) ;
#1883 = UNCERTAINTY_MEASURE_WITH_UNIT (LENGTH_MEASURE( 1.000000000000000100E-005 ), #706, 'distance_accuracy_value', 'NONE');
#1884 = EDGE_CURVE ( 'NONE', #2835, #5523, #2501, .T. ) ;
#1885 = CARTESIAN_POINT ( 'NONE',  ( 1.422499999999999700, -3.189885311307101700, 2.710505431213761100E-017 ) ) ;
#1886 = EDGE_CURVE ( 'NONE', #212, #4957, #8000, .T. ) ;
#1887 = DIRECTION ( 'NONE',  ( 0.0000000000000000000, 0.06975647374412817500, 0.9975640502598240900 ) ) ;
#1888 = CARTESIAN_POINT ( 'NONE',  ( -2.500000000000000000, 2.200000000000000200, 0.5275000000000060800 ) ) ;
#1889 = FACE_OUTER_BOUND ( 'NONE', #6046, .T. ) ;
#1890 = SURFACE_SIDE_STYLE ('',( #6096 ) ) ;
#1891 = FACE_OUTER_BOUND ( 'NONE', #4436, .T. ) ;
#1892 =( GEOMETRIC_REPRESENTATION_CONTEXT ( 3 ) GLOBAL_UNCERTAINTY_ASSIGNED_CONTEXT ( ( #8292 ) ) GLOBAL_UNIT_ASSIGNED_CONTEXT ( ( #4172, #9243, #4886 ) ) REPRESENTATION_CONTEXT ( 'NONE', 'WORKASPACE' ) );
#1893 = FILL_AREA_STYLE ('',( #408 ) ) ;
#1894 = CARTESIAN_POINT ( 'NONE',  ( -0.5275000000000001900, 2.364034024904861500, 0.2691667404928227400 ) ) ;
#1895 = ORIENTED_EDGE ( 'NONE', *, *, #6361, .T. ) ;
#1896 = DIRECTION ( 'NONE',  ( 0.0000000000000000000, -0.9975640502598243100, -0.06975647374412599600 ) ) ;
#1897 = CARTESIAN_POINT ( 'NONE',  ( 0.7724999999999997400, -2.601461569844106100, 0.1865006715341501500 ) ) ;
#1898 = DIRECTION ( 'NONE',  ( -1.000000000000000000, -0.0000000000000000000, -0.0000000000000000000 ) ) ;
#1899 = SURFACE_STYLE_USAGE ( .BOTH. , #6191 ) ;
#1900 = DIRECTION ( 'NONE',  ( 0.0000000000000000000, 0.06975647374411951500, -0.9975640502598246400 ) ) ;
#1901 = CARTESIAN_POINT ( 'NONE',  ( 1.177499999999999800, 2.591346881151208100, 0.04185388424647555600 ) ) ;
#1902 = VECTOR ( 'NONE', #2574, 1000.000000000000000 ) ;
#1903 = DIRECTION ( 'NONE',  ( 0.0000000000000000000, -0.06975647374412818900, -0.9975640502598240900 ) ) ;
#1904 = VERTEX_POINT ( 'NONE', #4995 ) ;
#1905 = DIRECTION ( 'NONE',  ( -0.0000000000000000000, 0.06975647374412818900, -0.9975640502598240900 ) ) ;
#1906 = PRESENTATION_LAYER_ASSIGNMENT (  '', '', ( #1415 ) ) ;
#1907 = ORIENTED_EDGE ( 'NONE', *, *, #3142, .F. ) ;
#1908 = COLOUR_RGB ( '',1.000000000000000000, 1.000000000000000000, 1.000000000000000000 ) ;
#1909 = CARTESIAN_POINT ( 'NONE',  ( 1.177499999999999800, -2.200000000000000200, 0.6724999999999941000 ) ) ;
#1910 =( GEOMETRIC_REPRESENTATION_CONTEXT ( 3 ) GLOBAL_UNCERTAINTY_ASSIGNED_CONTEXT ( ( #3796 ) ) GLOBAL_UNIT_ASSIGNED_CONTEXT ( ( #3091, #8091, #3819 ) ) REPRESENTATION_CONTEXT ( 'NONE', 'WORKASPACE' ) );
#1911 = VECTOR ( 'NONE', #890, 1000.000000000000200 ) ;
#1912 = VECTOR ( 'NONE', #2221, 1000.000000000000000 ) ;
#1913 = VECTOR ( 'NONE', #5431, 1000.000000000000000 ) ;
#1914 = CARTESIAN_POINT ( 'NONE',  ( -2.500000000000000000, 2.200000000000000200, 0.6724999999999941000 ) ) ;
#1915 = CARTESIAN_POINT ( 'NONE',  ( -0.7725000000000001900, -2.252718095034784300, 0.4274999999999940500 ) ) ;
#1916 = ORIENTED_EDGE ( 'NONE', *, *, #1756, .T. ) ;
#1917 = ORIENTED_EDGE ( 'NONE', *, *, #5887, .F. ) ;
#1918 = EDGE_CURVE ( 'NONE', #3990, #9075, #8245, .T. ) ;
#1919 = CARTESIAN_POINT ( 'NONE',  ( -0.7725000000000001900, -2.497121287348441400, 0.4445903360673038000 ) ) ;
#1920 = ORIENTED_EDGE ( 'NONE', *, *, #1940, .F. ) ;
#1921 = LINE ( 'NONE', #8045, #5736 ) ;
#1922 = CARTESIAN_POINT ( 'NONE',  ( 1.827499999999999700, 3.200000000000000200, 0.1446467872876744900 ) ) ;
#1923 = DIRECTION ( 'NONE',  ( 0.0000000000000000000, -2.056603471294124000E-015, -1.000000000000000000 ) ) ;
#1924 = ORIENTED_EDGE ( 'NONE', *, *, #4240, .F. ) ;
#1925 = PRESENTATION_LAYER_ASSIGNMENT (  '', '', ( #2408 ) ) ;
#1926 = EDGE_LOOP ( 'NONE', ( #3615, #5943, #2366, #7720 ) ) ;
#1927 =( LENGTH_UNIT ( ) NAMED_UNIT ( * ) SI_UNIT ( .MILLI., .METRE. ) );
#1928 = VERTEX_POINT ( 'NONE', #4620 ) ;
#1929 = FILL_AREA_STYLE_COLOUR ( '', #7306 ) ;
#1930 = LINE ( 'NONE', #790, #3391 ) ;
#1931 = FILL_AREA_STYLE_COLOUR ( '', #8489 ) ;
#1932 = FACE_OUTER_BOUND ( 'NONE', #7652, .T. ) ;
#1933 = FILL_AREA_STYLE ('',( #5495 ) ) ;
#1934 = ORIENTED_EDGE ( 'NONE', *, *, #6009, .T. ) ;
#1935 = UNCERTAINTY_MEASURE_WITH_UNIT (LENGTH_MEASURE( 1.000000000000000100E-005 ), #7769, 'distance_accuracy_value', 'NONE');
#1936 = VECTOR ( 'NONE', #4977, 1000.000000000000000 ) ;
#1937 = DIRECTION ( 'NONE',  ( 1.000000000000000000, 0.0000000000000000000, 0.0000000000000000000 ) ) ;
#1938 = EDGE_LOOP ( 'NONE', ( #446, #8235, #5995, #4656 ) ) ;
#1939 = EDGE_CURVE ( 'NONE', #540, #9370, #7775, .T. ) ;
#1940 = EDGE_CURVE ( 'NONE', #6858, #4405, #327, .T. ) ;
#1941 = ORIENTED_EDGE ( 'NONE', *, *, #5783, .T. ) ;
#1942 = VECTOR ( 'NONE', #3598, 1000.000000000000000 ) ;
#1943 = DIRECTION ( 'NONE',  ( -0.0000000000000000000, 1.000000000000000000, -0.0000000000000000000 ) ) ;
#1944 = VERTEX_POINT ( 'NONE', #1279 ) ;
#1945 =( GEOMETRIC_REPRESENTATION_CONTEXT ( 3 ) GLOBAL_UNCERTAINTY_ASSIGNED_CONTEXT ( ( #283 ) ) GLOBAL_UNIT_ASSIGNED_CONTEXT ( ( #3655, #8700, #4372 ) ) REPRESENTATION_CONTEXT ( 'NONE', 'WORKASPACE' ) );
#1946 = SURFACE_STYLE_FILL_AREA ( #1176 ) ;
#1947 = VERTEX_POINT ( 'NONE', #7041 ) ;
#1948 = AXIS2_PLACEMENT_3D ( 'NONE', #2749, #4162, #7748 ) ;
#1949 = CARTESIAN_POINT ( 'NONE',  ( -2.500000000000000000, 2.124620215747131900, 1.100000000000000100 ) ) ;
#1950 = EDGE_LOOP ( 'NONE', ( #4518, #5626, #7266, #2866 ) ) ;
#1951 =( NAMED_UNIT ( * ) SI_UNIT ( $, .STERADIAN. ) SOLID_ANGLE_UNIT ( ) );
#1952 = CARTESIAN_POINT ( 'NONE',  ( 0.7724999999999997400, 2.200000000000000200, 0.5274999999999939700 ) ) ;
#1953 = LINE ( 'NONE', #4241, #3645 ) ;
#1954 = PRESENTATION_STYLE_ASSIGNMENT (( #9067 ) ) ;
#1955 = AXIS2_PLACEMENT_3D ( 'NONE', #8649, #8615, #9304 ) ;
#1956 = LINE ( 'NONE', #4783, #7443 ) ;
#1957 = PRESENTATION_STYLE_ASSIGNMENT (( #2039 ) ) ;
#1958 = FILL_AREA_STYLE_COLOUR ( '', #452 ) ;
#1959 = DIRECTION ( 'NONE',  ( -1.000000000000000000, 0.0000000000000000000, -0.0000000000000000000 ) ) ;
#1960 = VERTEX_POINT ( 'NONE', #5242 ) ;
#1961 = CARTESIAN_POINT ( 'NONE',  ( 0.5274999999999997500, 2.252718095034784300, 0.4274999999999940500 ) ) ;
#1962 = CARTESIAN_POINT ( 'NONE',  ( -1.177500000000000200, -2.200000000000000200, 0.6724999999999941000 ) ) ;
#1963 = CARTESIAN_POINT ( 'NONE',  ( -0.5275000000000001900, -2.252718095034784300, 0.4274999999999940500 ) ) ;
#1964 = VERTEX_POINT ( 'NONE', #7079 ) ;
#1965 = DIRECTION ( 'NONE',  ( 1.000000000000000000, 0.0000000000000000000, 0.0000000000000000000 ) ) ;
#1966 = STYLED_ITEM ( 'NONE', ( #5153 ), #8039 ) ;
#1967 = LINE ( 'NONE', #3108, #2 ) ;
#1968 = PRESENTATION_STYLE_ASSIGNMENT (( #2666 ) ) ;
#1969 = ORIENTED_EDGE ( 'NONE', *, *, #6324, .T. ) ;
#1970 = DIRECTION ( 'NONE',  ( 0.0000000000000000000, 0.0000000000000000000, 1.000000000000000000 ) ) ;
#1971 = SURFACE_STYLE_FILL_AREA ( #5490 ) ;
#1972 = DIRECTION ( 'NONE',  ( 0.0000000000000000000, 0.0000000000000000000, -1.000000000000000000 ) ) ;
#1973 = VERTEX_POINT ( 'NONE', #6861 ) ;
#1974 = ADVANCED_FACE ( 'NONE', ( #5640 ), #6430, .F. ) ;
#1975 = LINE ( 'NONE', #680, #5553 ) ;
#1976 = PRESENTATION_LAYER_ASSIGNMENT (  '', '', ( #983 ) ) ;
#1977 = CARTESIAN_POINT ( 'NONE',  ( 0.7724999999999997400, -2.252718095034784300, 0.4274999999999940500 ) ) ;
#1978 = MECHANICAL_DESIGN_GEOMETRIC_PRESENTATION_REPRESENTATION (  '', ( #986 ), #2446 ) ;
#1979 = VERTEX_POINT ( 'NONE', #83 ) ;
#1980 = EDGE_CURVE ( 'NONE', #1904, #1390, #1356, .T. ) ;
#1981 = FACE_OUTER_BOUND ( 'NONE', #2301, .T. ) ;
#1982 = PLANE ( 'NONE',  #9378 ) ;
#1983 = VECTOR ( 'NONE', #4350, 1000.000000000000200 ) ;
#1984 =( NAMED_UNIT ( * ) PLANE_ANGLE_UNIT ( ) SI_UNIT ( $, .RADIAN. ) );
#1985 = PRESENTATION_STYLE_ASSIGNMENT (( #3932 ) ) ;
#1986 = DIRECTION ( 'NONE',  ( 0.0000000000000000000, -1.000000000000000000, 0.0000000000000000000 ) ) ;
#1987 = AXIS2_PLACEMENT_3D ( 'NONE', #5372, #1077, #6088 ) ;
#1988 = VERTEX_POINT ( 'NONE', #58 ) ;
#1989 = FACE_OUTER_BOUND ( 'NONE', #702, .T. ) ;
#1990 = DIRECTION ( 'NONE',  ( -1.000000000000000000, -0.0000000000000000000, -0.0000000000000000000 ) ) ;
#1991 = PLANE ( 'NONE',  #7867 ) ;
#1992 = CARTESIAN_POINT ( 'NONE',  ( -0.5275000000000001900, -2.200000000000000200, 0.6724999999999941000 ) ) ;
#1993 =( NAMED_UNIT ( * ) PLANE_ANGLE_UNIT ( ) SI_UNIT ( $, .RADIAN. ) );
#1994 = LINE ( 'NONE', #4, #5799 ) ;
#1995 = LINE ( 'NONE', #4183, #7714 ) ;
#1996 = EDGE_CURVE ( 'NONE', #1143, #7395, #3287, .T. ) ;
#1997 = PLANE ( 'NONE',  #8770 ) ;
#1998 = CARTESIAN_POINT ( 'NONE',  ( 0.5274999999999997500, 2.200000000000000200, 0.5274999999999939700 ) ) ;
#1999 = CARTESIAN_POINT ( 'NONE',  ( -1.177500000000000200, -2.508680812192536400, 0.2792814291857203500 ) ) ;
#2000 = VECTOR ( 'NONE', #7709, 1000.000000000000000 ) ;
#2001 = UNCERTAINTY_MEASURE_WITH_UNIT (LENGTH_MEASURE( 1.000000000000000100E-005 ), #1014, 'distance_accuracy_value', 'NONE');
#2002 = PRESENTATION_LAYER_ASSIGNMENT (  '', '', ( #1023 ) ) ;
#2003 =( NAMED_UNIT ( * ) SI_UNIT ( $, .STERADIAN. ) SOLID_ANGLE_UNIT ( ) );
#2004 = EDGE_CURVE ( 'NONE', #2101, #1944, #8828, .T. ) ;
#2005 = EDGE_CURVE ( 'NONE', #7310, #7647, #4967, .T. ) ;
#2006 =( NAMED_UNIT ( * ) PLANE_ANGLE_UNIT ( ) SI_UNIT ( $, .RADIAN. ) );
#2007 = DIRECTION ( 'NONE',  ( 1.000000000000000000, 0.0000000000000000000, 0.0000000000000000000 ) ) ;
#2008 = DIRECTION ( 'NONE',  ( -1.000000000000000000, -0.0000000000000000000, -0.0000000000000000000 ) ) ;
#2009 = VECTOR ( 'NONE', #2231, 1000.000000000000000 ) ;
#2010 = MECHANICAL_DESIGN_GEOMETRIC_PRESENTATION_REPRESENTATION (  '', ( #1041 ), #2492 ) ;
#2011 = ADVANCED_FACE ( 'NONE', ( #1138 ), #4834, .F. ) ;
#2012 =( NAMED_UNIT ( * ) SI_UNIT ( $, .STERADIAN. ) SOLID_ANGLE_UNIT ( ) );
#2013 = CARTESIAN_POINT ( 'NONE',  ( -0.5275000000000001900, -2.200000000000000200, 0.5274999999999939700 ) ) ;
#2014 = DIRECTION ( 'NONE',  ( 0.0000000000000000000, 0.0000000000000000000, 1.000000000000000000 ) ) ;
#2015 = SURFACE_STYLE_USAGE ( .BOTH. , #6299 ) ;
#2016 = SURFACE_SIDE_STYLE ('',( #9140 ) ) ;
#2017 = ORIENTED_EDGE ( 'NONE', *, *, #335, .T. ) ;
#2018 = SURFACE_STYLE_USAGE ( .BOTH. , #6305 ) ;
#2019 = VECTOR ( 'NONE', #8624, 1000.000000000000000 ) ;
#2020 = VECTOR ( 'NONE', #6011, 1000.000000000000000 ) ;
#2021 = PLANE ( 'NONE',  #5061 ) ;
#2022 = CARTESIAN_POINT ( 'NONE',  ( 0.1224999999999997800, -2.508680812192536400, 0.2792814291857203500 ) ) ;
#2023 =( GEOMETRIC_REPRESENTATION_CONTEXT ( 3 ) GLOBAL_UNCERTAINTY_ASSIGNED_CONTEXT ( ( #2219 ) ) GLOBAL_UNIT_ASSIGNED_CONTEXT ( ( #8370, #4057, #9119 ) ) REPRESENTATION_CONTEXT ( 'NONE', 'WORKASPACE' ) );
#2024 = LINE ( 'NONE', #3539, #5607 ) ;
#2025 = CARTESIAN_POINT ( 'NONE',  ( 0.7724999999999997400, 2.508680812192536400, 0.2792814291857203500 ) ) ;
#2026 = DIRECTION ( 'NONE',  ( 0.0000000000000000000, 0.06975647374412208300, -0.9975640502598244200 ) ) ;
#2027 = VERTEX_POINT ( 'NONE', #1653 ) ;
#2028 = FILL_AREA_STYLE ('',( #5596 ) ) ;
#2029 = ORIENTED_EDGE ( 'NONE', *, *, #5420, .F. ) ;
#2030 = ORIENTED_EDGE ( 'NONE', *, *, #2353, .T. ) ;
#2031 = PRESENTATION_STYLE_ASSIGNMENT (( #8239 ) ) ;
#2032 = VECTOR ( 'NONE', #752, 1000.000000000000000 ) ;
#2033 = DIRECTION ( 'NONE',  ( 0.0000000000000000000, -0.9975640502598242000, -0.06975647374412599600 ) ) ;
#2034 = CIRCLE ( 'NONE', #360, 0.09999999999999945000 ) ;
#2035 = PRESENTATION_LAYER_ASSIGNMENT (  '', '', ( #1067 ) ) ;
#2036 = VERTEX_POINT ( 'NONE', #7855 ) ;
#2037 = ORIENTED_EDGE ( 'NONE', *, *, #5663, .F. ) ;
#2038 = AXIS2_PLACEMENT_3D ( 'NONE', #5505, #6225, #5540 ) ;
#2039 = SURFACE_STYLE_USAGE ( .BOTH. , #6328 ) ;
#2040 = LINE ( 'NONE', #927, #7765 ) ;
#2041 = ORIENTED_EDGE ( 'NONE', *, *, #2234, .T. ) ;
#2042 = EDGE_CURVE ( 'NONE', #5050, #8031, #7895, .T. ) ;
#2043 = EDGE_LOOP ( 'NONE', ( #3904, #889, #572, #5064 ) ) ;
#2044 = SURFACE_STYLE_USAGE ( .BOTH. , #6334 ) ;
#2045 = FILL_AREA_STYLE ('',( #1100 ) ) ;
#2046 = ORIENTED_EDGE ( 'NONE', *, *, #6357, .T. ) ;
#2047 = CIRCLE ( 'NONE', #7466, 0.09999999999999945000 ) ;
#2048 =( LENGTH_UNIT ( ) NAMED_UNIT ( * ) SI_UNIT ( .MILLI., .METRE. ) );
#2049 = EDGE_CURVE ( 'NONE', #3727, #431, #2376, .T. ) ;
#2050 = ORIENTED_EDGE ( 'NONE', *, *, #4770, .F. ) ;
#2051 = COLOUR_RGB ( '',1.000000000000000000, 1.000000000000000000, 1.000000000000000000 ) ;
#2052 = CARTESIAN_POINT ( 'NONE',  ( 0.7724999999999997400, 2.591346881151208100, 0.04185388424647555600 ) ) ;
#2053 = LINE ( 'NONE', #7330, #5641 ) ;
#2054 = STYLED_ITEM ( 'NONE', ( #7101 ), #6274 ) ;
#2055 = UNCERTAINTY_MEASURE_WITH_UNIT (LENGTH_MEASURE( 1.000000000000000100E-005 ), #6253, 'distance_accuracy_value', 'NONE');
#2056 = LINE ( 'NONE', #3415, #5861 ) ;
#2057 = ORIENTED_EDGE ( 'NONE', *, *, #6910, .F. ) ;
#2058 = DIRECTION ( 'NONE',  ( 0.0000000000000000000, -1.000000000000000000, 0.0000000000000000000 ) ) ;
#2059 = SURFACE_SIDE_STYLE ('',( #8870 ) ) ;
#2060 = CARTESIAN_POINT ( 'NONE',  ( -0.1225000000000002200, 2.608437217218518600, 0.2862570765601324400 ) ) ;
#2061 = VECTOR ( 'NONE', #6237, 1000.000000000000000 ) ;
#2062 = ORIENTED_EDGE ( 'NONE', *, *, #9206, .T. ) ;
#2063 = VECTOR ( 'NONE', #9129, 1000.000000000000000 ) ;
#2064 = ADVANCED_FACE ( 'NONE', ( #200 ), #1464, .F. ) ;
#2065 = CARTESIAN_POINT ( 'NONE',  ( -1.177500000000000200, 2.200000000000000200, 0.5274999999999939700 ) ) ;
#2066 = UNCERTAINTY_MEASURE_WITH_UNIT (LENGTH_MEASURE( 1.000000000000000100E-005 ), #4781, 'distance_accuracy_value', 'NONE');
#2067 = EDGE_CURVE ( 'NONE', #5393, #318, #6962, .T. ) ;
#2068 = EDGE_CURVE ( 'NONE', #4454, #1421, #3392, .T. ) ;
#2069 = ORIENTED_EDGE ( 'NONE', *, *, #4882, .F. ) ;
#2070 = VECTOR ( 'NONE', #5097, 999.9999999999998900 ) ;
#2071 = SURFACE_SIDE_STYLE ('',( #4913 ) ) ;
#2072 = ORIENTED_EDGE ( 'NONE', *, *, #5350, .T. ) ;
#2073 = AXIS2_PLACEMENT_3D ( 'NONE', #6155, #1875, #6882 ) ;
#2074 = CARTESIAN_POINT ( 'NONE',  ( 1.177499999999999800, -2.591346881151208100, 0.04185388424647555600 ) ) ;
#2075 = AXIS2_PLACEMENT_3D ( 'NONE', #6698, #2413, #7421 ) ;
#2076 = EDGE_LOOP ( 'NONE', ( #94, #7807, #3759, #9173 ) ) ;
#2077 = CARTESIAN_POINT ( 'NONE',  ( -1.422500000000000100, 2.352474500060765600, 0.4344756473744061900 ) ) ;
#2078 = ORIENTED_EDGE ( 'NONE', *, *, #514, .F. ) ;
#2079 =( GEOMETRIC_REPRESENTATION_CONTEXT ( 3 ) GLOBAL_UNCERTAINTY_ASSIGNED_CONTEXT ( ( #9190 ) ) GLOBAL_UNIT_ASSIGNED_CONTEXT ( ( #1093, #1061, #2395 ) ) REPRESENTATION_CONTEXT ( 'NONE', 'WORKASPACE' ) );
#2080 = LINE ( 'NONE', #2995, #5884 ) ;
#2081 = DIRECTION ( 'NONE',  ( 0.0000000000000000000, 0.0000000000000000000, -1.000000000000000000 ) ) ;
#2082 = DIRECTION ( 'NONE',  ( -1.000000000000000000, -0.0000000000000000000, -0.0000000000000000000 ) ) ;
#2083 = SURFACE_STYLE_FILL_AREA ( #7254 ) ;
#2084 =( LENGTH_UNIT ( ) NAMED_UNIT ( * ) SI_UNIT ( .MILLI., .METRE. ) );
#2085 = VERTEX_POINT ( 'NONE', #5835 ) ;
#2086 = DIRECTION ( 'NONE',  ( 0.0000000000000000000, 0.06975647374412817500, 0.9975640502598240900 ) ) ;
#2087 = CARTESIAN_POINT ( 'NONE',  ( -2.072500000000000200, -2.601461569844106100, 0.1865006715341500400 ) ) ;
#2088 =( LENGTH_UNIT ( ) NAMED_UNIT ( * ) SI_UNIT ( .MILLI., .METRE. ) );
#2089 = CARTESIAN_POINT ( 'NONE',  ( 1.422499999999999700, -2.364034024904861500, 0.2691667404928227400 ) ) ;
#2090 =( NAMED_UNIT ( * ) SI_UNIT ( $, .STERADIAN. ) SOLID_ANGLE_UNIT ( ) );
#2091 = AXIS2_PLACEMENT_3D ( 'NONE', #2914, #933, #3313 ) ;
#2092 =( NAMED_UNIT ( * ) PLANE_ANGLE_UNIT ( ) SI_UNIT ( $, .RADIAN. ) );
#2093 = LINE ( 'NONE', #3965, #5901 ) ;
#2094 = STYLED_ITEM ( 'NONE', ( #6865 ), #4921 ) ;
#2095 = PRODUCT_RELATED_PRODUCT_CATEGORY ( 'part', '', ( #7046 ) ) ;
#2096 = FILL_AREA_STYLE_COLOUR ( '', #9373 ) ;
#2097 = LINE ( 'NONE', #8540, #4030 ) ;
#2098 = LINE ( 'NONE', #914, #3803 ) ;
#2099 = EDGE_CURVE ( 'NONE', #5729, #8420, #8713, .T. ) ;
#2100 = CARTESIAN_POINT ( 'NONE',  ( 2.500000000000000000, 2.200000000000000600, 0.6724999999999941000 ) ) ;
#2101 = VERTEX_POINT ( 'NONE', #789 ) ;
#2102 = SURFACE_SIDE_STYLE ('',( #8301 ) ) ;
#2103 = LINE ( 'NONE', #1361, #150 ) ;
#2104 = ORIENTED_EDGE ( 'NONE', *, *, #7161, .F. ) ;
#2105 = DIRECTION ( 'NONE',  ( -1.000000000000000000, 0.0000000000000000000, -0.0000000000000000000 ) ) ;
#2106 = STYLED_ITEM ( 'NONE', ( #7104 ), #2449 ) ;
#2107 = UNCERTAINTY_MEASURE_WITH_UNIT (LENGTH_MEASURE( 1.000000000000000100E-005 ), #7820, 'distance_accuracy_value', 'NONE');
#2108 = ADVANCED_FACE ( 'NONE', ( #4845 ), #2261, .T. ) ;
#2109 =( GEOMETRIC_REPRESENTATION_CONTEXT ( 3 ) GLOBAL_UNCERTAINTY_ASSIGNED_CONTEXT ( ( #6231 ) ) GLOBAL_UNIT_ASSIGNED_CONTEXT ( ( #322, #5371, #1076 ) ) REPRESENTATION_CONTEXT ( 'NONE', 'WORKASPACE' ) );
#2110 = FACE_OUTER_BOUND ( 'NONE', #4774, .T. ) ;
#2111 = CARTESIAN_POINT ( 'NONE',  ( 0.7724999999999997400, -2.252718095034783400, 0.5274999999999934200 ) ) ;
#2112 = CARTESIAN_POINT ( 'NONE',  ( 2.072499999999999800, -2.200000000000000200, 0.6724999999999941000 ) ) ;
#2113 = VERTEX_POINT ( 'NONE', #7145 ) ;
#2114 = VECTOR ( 'NONE', #5478, 1000.000000000000000 ) ;
#2115 = SURFACE_STYLE_USAGE ( .BOTH. , #830 ) ;
#2116 = FILL_AREA_STYLE_COLOUR ( '', #361 ) ;
#2117 = SURFACE_STYLE_USAGE ( .BOTH. , #7119 ) ;
#2118 = CARTESIAN_POINT ( 'NONE',  ( 0.7724999999999997400, 2.601461569844106100, 0.1865006715341501500 ) ) ;
#2119 = PRESENTATION_STYLE_ASSIGNMENT (( #4837 ) ) ;
#2120 =( NAMED_UNIT ( * ) SI_UNIT ( $, .STERADIAN. ) SOLID_ANGLE_UNIT ( ) );
#2121 = EDGE_CURVE ( 'NONE', #5487, #5537, #4185, .T. ) ;
#2122 = SURFACE_STYLE_USAGE ( .BOTH. , #1806 ) ;
#2123 = EDGE_CURVE ( 'NONE', #5810, #3083, #6061, .T. ) ;
#2124 = CARTESIAN_POINT ( 'NONE',  ( -2.750000000000000000, 2.200000000000000200, 0.6724999999999941000 ) ) ;
#2125 = CARTESIAN_POINT ( 'NONE',  ( -1.177500000000000200, -3.189885311307101700, 2.710505431213761100E-017 ) ) ;
#2126 =( NAMED_UNIT ( * ) PLANE_ANGLE_UNIT ( ) SI_UNIT ( $, .RADIAN. ) );
#2127 = SURFACE_SIDE_STYLE ('',( #6452 ) ) ;
#2128 = AXIS2_PLACEMENT_3D ( 'NONE', #8543, #4224, #9296 ) ;
#2129 = PRESENTATION_LAYER_ASSIGNMENT (  '', '', ( #1155 ) ) ;
#2130 = DIRECTION ( 'NONE',  ( 0.0000000000000000000, -0.06975647374412208300, 0.9975640502598244200 ) ) ;
#2131 = AXIS2_PLACEMENT_3D ( 'NONE', #2785, #2762, #7792 ) ;
#2132 = ORIENTED_EDGE ( 'NONE', *, *, #5275, .T. ) ;
#2133 = ORIENTED_EDGE ( 'NONE', *, *, #3571, .T. ) ;
#2134 = STYLED_ITEM ( 'NONE', ( #353 ), #4420 ) ;
#2135 = CIRCLE ( 'NONE', #9228, 0.2450000000000001600 ) ;
#2136 = PRESENTATION_STYLE_ASSIGNMENT (( #175 ) ) ;
#2137 = CARTESIAN_POINT ( 'NONE',  ( -2.072500000000000200, -2.252718095034784300, 0.4274999999999940500 ) ) ;
#2138 = DIRECTION ( 'NONE',  ( -1.000000000000000000, -0.0000000000000000000, -0.0000000000000000000 ) ) ;
#2139 = FILL_AREA_STYLE ('',( #3033 ) ) ;
#2140 = EDGE_LOOP ( 'NONE', ( #4526, #9300, #7889, #770 ) ) ;
#2141 = CARTESIAN_POINT ( 'NONE',  ( -1.422500000000000100, -2.591346881151208100, 0.04185388424647555600 ) ) ;
#2142 = PRESENTATION_LAYER_ASSIGNMENT (  '', '', ( #1644 ) ) ;
#2143 = ORIENTED_EDGE ( 'NONE', *, *, #8843, .F. ) ;
#2144 = MANIFOLD_SOLID_BREP ( 'Lead2', #2891 ) ;
#2145 =( NAMED_UNIT ( * ) PLANE_ANGLE_UNIT ( ) SI_UNIT ( $, .RADIAN. ) );
#2146 = CARTESIAN_POINT ( 'NONE',  ( -0.5275000000000001900, -2.200000000000000200, 0.6724999999999941000 ) ) ;
#2147 = COLOUR_RGB ( '',1.000000000000000000, 1.000000000000000000, 1.000000000000000000 ) ;
#2148 = CARTESIAN_POINT ( 'NONE',  ( 2.500000000000000000, 2.200000000000000600, 0.5275000000000060800 ) ) ;
#2149 = ADVANCED_FACE ( 'NONE', ( #3502 ), #3829, .F. ) ;
#2150 = CARTESIAN_POINT ( 'NONE',  ( 1.422499999999999700, 3.189885311307101700, 2.710505431213761100E-017 ) ) ;
#2151 = EDGE_LOOP ( 'NONE', ( #6802, #1845, #1362, #7061 ) ) ;
#2152 = ORIENTED_EDGE ( 'NONE', *, *, #6130, .T. ) ;
#2153 = PLANE ( 'NONE',  #5705 ) ;
#2154 = VECTOR ( 'NONE', #971, 1000.000000000000100 ) ;
#2155 = PRESENTATION_LAYER_ASSIGNMENT (  '', '', ( #1192 ) ) ;
#2156 = CIRCLE ( 'NONE', #4501, 0.09999999999999988100 ) ;
#2157 = VERTEX_POINT ( 'NONE', #6115 ) ;
#2158 = VECTOR ( 'NONE', #1316, 1000.000000000000100 ) ;
#2159 = DIRECTION ( 'NONE',  ( -0.0000000000000000000, 0.9975640502598240900, 0.06975647374412817500 ) ) ;
#2160 =( GEOMETRIC_REPRESENTATION_CONTEXT ( 3 ) GLOBAL_UNCERTAINTY_ASSIGNED_CONTEXT ( ( #7870 ) ) GLOBAL_UNIT_ASSIGNED_CONTEXT ( ( #1608, #6626, #2334 ) ) REPRESENTATION_CONTEXT ( 'NONE', 'WORKASPACE' ) );
#2161 = EDGE_LOOP ( 'NONE', ( #9443, #6301, #4128, #6561 ) ) ;
#2162 = ORIENTED_EDGE ( 'NONE', *, *, #5843, .T. ) ;
#2163 = PRESENTATION_STYLE_ASSIGNMENT (( #7126 ) ) ;
#2164 = EDGE_LOOP ( 'NONE', ( #1375, #3610, #7207, #6540 ) ) ;
#2165 = EDGE_CURVE ( 'NONE', #4431, #2416, #895, .T. ) ;
#2166 = VECTOR ( 'NONE', #1455, 1000.000000000000000 ) ;
#2167 = UNCERTAINTY_MEASURE_WITH_UNIT (LENGTH_MEASURE( 1.000000000000000100E-005 ), #233, 'distance_accuracy_value', 'NONE');
#2168 = CARTESIAN_POINT ( 'NONE',  ( 1.422499999999999700, -2.200000000000000200, 0.6724999999999941000 ) ) ;
#2169 = EDGE_LOOP ( 'NONE', ( #5624, #5432, #221, #6535 ) ) ;
#2170 = FILL_AREA_STYLE_COLOUR ( '', #6257 ) ;
#2171 = EDGE_CURVE ( 'NONE', #8940, #4401, #6400, .T. ) ;
#2172 = ORIENTED_EDGE ( 'NONE', *, *, #1606, .T. ) ;
#2173 = CARTESIAN_POINT ( 'NONE',  ( -1.827500000000000100, 2.252718095034784300, 0.4274999999999940500 ) ) ;
#2174 = CARTESIAN_POINT ( 'NONE',  ( 0.7724999999999997400, -2.252718095034784300, 0.4274999999999940500 ) ) ;
#2175 = CARTESIAN_POINT ( 'NONE',  ( 0.7724999999999997400, -2.497121287348441900, 0.4445903360673038000 ) ) ;
#2176 = AXIS2_PLACEMENT_3D ( 'NONE', #4043, #6864, #4069 ) ;
#2177 = VECTOR ( 'NONE', #3694, 1000.000000000000000 ) ;
#2178 = FILL_AREA_STYLE_COLOUR ( '', #8722 ) ;
#2179 = EDGE_LOOP ( 'NONE', ( #6313, #8772, #1226, #1560 ) ) ;
#2180 =( NAMED_UNIT ( * ) SI_UNIT ( $, .STERADIAN. ) SOLID_ANGLE_UNIT ( ) );
#2181 = AXIS2_PLACEMENT_3D ( 'NONE', #801, #817, #836 ) ;
#2182 =( LENGTH_UNIT ( ) NAMED_UNIT ( * ) SI_UNIT ( .MILLI., .METRE. ) );
#2183 = ORIENTED_EDGE ( 'NONE', *, *, #3936, .F. ) ;
#2184 = DIRECTION ( 'NONE',  ( 0.0000000000000000000, 1.000000000000000000, 2.056603471294124000E-015 ) ) ;
#2185 = LINE ( 'NONE', #945, #5542 ) ;
#2186 = CARTESIAN_POINT ( 'NONE',  ( -2.072500000000000200, 2.352474500060765600, 0.4344756473744061900 ) ) ;
#2187 = EDGE_CURVE ( 'NONE', #2719, #1904, #8356, .T. ) ;
#2188 = SURFACE_STYLE_FILL_AREA ( #9346 ) ;
#2189 = EDGE_CURVE ( 'NONE', #6176, #3511, #2603, .T. ) ;
#2190 = FACE_OUTER_BOUND ( 'NONE', #6880, .T. ) ;
#2191 =( LENGTH_UNIT ( ) NAMED_UNIT ( * ) SI_UNIT ( .MILLI., .METRE. ) );
#2192 = VERTEX_POINT ( 'NONE', #3670 ) ;
#2193 = ORIENTED_EDGE ( 'NONE', *, *, #8819, .T. ) ;
#2194 =( GEOMETRIC_REPRESENTATION_CONTEXT ( 3 ) GLOBAL_UNCERTAINTY_ASSIGNED_CONTEXT ( ( #1579 ) ) GLOBAL_UNIT_ASSIGNED_CONTEXT ( ( #2182, #7190, #2922 ) ) REPRESENTATION_CONTEXT ( 'NONE', 'WORKASPACE' ) );
#2195 = FILL_AREA_STYLE ('',( #3611 ) ) ;
#2196 = STYLED_ITEM ( 'NONE', ( #6797 ), #3981 ) ;
#2197 = LINE ( 'NONE', #3792, #244 ) ;
#2198 = SURFACE_STYLE_FILL_AREA ( #7411 ) ;
#2199 = DIRECTION ( 'NONE',  ( -1.000000000000000000, -0.0000000000000000000, -0.0000000000000000000 ) ) ;
#2200 = VERTEX_POINT ( 'NONE', #748 ) ;
#2201 = VECTOR ( 'NONE', #6712, 1000.000000000000100 ) ;
#2202 = ADVANCED_FACE ( 'NONE', ( #8100 ), #9166, .F. ) ;
#2203 = FILL_AREA_STYLE ('',( #1458 ) ) ;
#2204 =( NAMED_UNIT ( * ) SI_UNIT ( $, .STERADIAN. ) SOLID_ANGLE_UNIT ( ) );
#2205 = LINE ( 'NONE', #1901, #5789 ) ;
#2206 = CARTESIAN_POINT ( 'NONE',  ( -1.177500000000000200, -2.591346881151208100, 0.04185388424647555600 ) ) ;
#2207 = DIRECTION ( 'NONE',  ( 0.0000000000000000000, -0.9975640502598243100, -0.06975647374412599600 ) ) ;
#2208 = MECHANICAL_DESIGN_GEOMETRIC_PRESENTATION_REPRESENTATION (  '', ( #240 ), #2691 ) ;
#2209 = CARTESIAN_POINT ( 'NONE',  ( 1.422499999999999700, 2.200000000000000200, 0.6724999999999941000 ) ) ;
#2210 = VECTOR ( 'NONE', #1006, 999.9999999999998900 ) ;
#2211 = CARTESIAN_POINT ( 'NONE',  ( -0.5275000000000001900, -2.608437217218518600, 0.2862570765601325000 ) ) ;
#2212 = ORIENTED_EDGE ( 'NONE', *, *, #8694, .T. ) ;
#2213 = FILL_AREA_STYLE_COLOUR ( '', #2362 ) ;
#2214 = DIRECTION ( 'NONE',  ( -1.000000000000000000, -0.0000000000000000000, -0.0000000000000000000 ) ) ;
#2215 = CARTESIAN_POINT ( 'NONE',  ( -1.827500000000000100, 2.364034024904861500, 0.2691667404928227400 ) ) ;
#2216 = MECHANICAL_DESIGN_GEOMETRIC_PRESENTATION_REPRESENTATION (  '', ( #735 ), #2697 ) ;
#2217 = AXIS2_PLACEMENT_3D ( 'NONE', #7517, #3232, #8273 ) ;
#2218 = CARTESIAN_POINT ( 'NONE',  ( -2.424620215747131300, -2.124620215747131400, 1.100000000000000100 ) ) ;
#2219 = UNCERTAINTY_MEASURE_WITH_UNIT (LENGTH_MEASURE( 1.000000000000000100E-005 ), #8370, 'distance_accuracy_value', 'NONE');
#2220 = EDGE_CURVE ( 'NONE', #3957, #4015, #1681, .T. ) ;
#2221 = DIRECTION ( 'NONE',  ( 0.0000000000000000000, 0.0000000000000000000, 1.000000000000000000 ) ) ;
#2222 = FILL_AREA_STYLE_COLOUR ( '', #1073 ) ;
#2223 = FILL_AREA_STYLE_COLOUR ( '', #5063 ) ;
#2224 = EDGE_CURVE ( 'NONE', #7438, #8852, #3613, .T. ) ;
#2225 = CARTESIAN_POINT ( 'NONE',  ( -1.827500000000000100, -2.497121287348441400, 0.4445903360673038000 ) ) ;
#2226 = MECHANICAL_DESIGN_GEOMETRIC_PRESENTATION_REPRESENTATION (  '', ( #1249 ), #2716 ) ;
#2227 = CARTESIAN_POINT ( 'NONE',  ( -0.1225000000000002200, -2.608437217218518600, 0.2862570765601324400 ) ) ;
#2228 = CARTESIAN_POINT ( 'NONE',  ( 0.1224999999999997800, -2.252718095034784300, 0.6724999999999939900 ) ) ;
#2229 = CARTESIAN_POINT ( 'NONE',  ( 1.827499999999999700, -2.601461569844106100, 0.1865006715341500400 ) ) ;
#2230 = DIRECTION ( 'NONE',  ( 0.0000000000000000000, 2.056603471294124000E-015, -1.000000000000000000 ) ) ;
#2231 = DIRECTION ( 'NONE',  ( -1.000000000000000000, 0.0000000000000000000, -0.0000000000000000000 ) ) ;
#2232 = LINE ( 'NONE', #8751, #9255 ) ;
#2233 = CARTESIAN_POINT ( 'NONE',  ( -2.750000000000000000, -2.200000000000000200, 0.5275000000000060800 ) ) ;
#2234 = EDGE_CURVE ( 'NONE', #1947, #5120, #5503, .T. ) ;
#2235 = EDGE_CURVE ( 'NONE', #6281, #8503, #3380, .T. ) ;
#2236 = DIRECTION ( 'NONE',  ( -1.000000000000000000, -0.0000000000000000000, -0.0000000000000000000 ) ) ;
#2237 = DIRECTION ( 'NONE',  ( 0.0000000000000000000, 0.9975640502598246400, -0.06975647374411951500 ) ) ;
#2238 = CARTESIAN_POINT ( 'NONE',  ( 0.1224999999999997800, -2.508680812192536400, 0.2792814291857203500 ) ) ;
#2239 = ADVANCED_FACE ( 'NONE', ( #3163 ), #8542, .F. ) ;
#2240 = CARTESIAN_POINT ( 'NONE',  ( -0.1225000000000002200, -2.591346881151208100, 0.04185388424647555600 ) ) ;
#2241 = ORIENTED_EDGE ( 'NONE', *, *, #701, .T. ) ;
#2242 = AXIS2_PLACEMENT_3D ( 'NONE', #3846, #3879, #8911 ) ;
#2243 = LINE ( 'NONE', #8855, #291 ) ;
#2244 = LINE ( 'NONE', #3122, #2020 ) ;
#2245 =( NAMED_UNIT ( * ) SI_UNIT ( $, .STERADIAN. ) SOLID_ANGLE_UNIT ( ) );
#2246 = ORIENTED_EDGE ( 'NONE', *, *, #38, .T. ) ;
#2247 = STYLED_ITEM ( 'NONE', ( #9021 ), #653 ) ;
#2248 = VERTEX_POINT ( 'NONE', #2700 ) ;
#2249 = FILL_AREA_STYLE_COLOUR ( '', #2313 ) ;
#2250 = LINE ( 'NONE', #504, #5838 ) ;
#2251 = DIRECTION ( 'NONE',  ( 0.0000000000000000000, 0.9975640502598242000, -0.06975647374412599600 ) ) ;
#2252 =( GEOMETRIC_REPRESENTATION_CONTEXT ( 3 ) GLOBAL_UNCERTAINTY_ASSIGNED_CONTEXT ( ( #8704 ) ) GLOBAL_UNIT_ASSIGNED_CONTEXT ( ( #8200, #3921, #8962 ) ) REPRESENTATION_CONTEXT ( 'NONE', 'WORKASPACE' ) );
#2253 = PLANE ( 'NONE',  #6410 ) ;
#2254 = ORIENTED_EDGE ( 'NONE', *, *, #9338, .F. ) ;
#2255 = CARTESIAN_POINT ( 'NONE',  ( 2.072499999999999800, 2.200000000000000200, 0.6724999999999941000 ) ) ;
#2256 = ORIENTED_EDGE ( 'NONE', *, *, #1094, .T. ) ;
#2257 = DIRECTION ( 'NONE',  ( -1.000000000000000000, -0.0000000000000000000, -0.0000000000000000000 ) ) ;
#2258 = CARTESIAN_POINT ( 'NONE',  ( 2.072499999999999800, -2.252718095034784300, 0.4274999999999940500 ) ) ;
#2259 = VECTOR ( 'NONE', #5237, 1000.000000000000000 ) ;
#2260 = DIRECTION ( 'NONE',  ( 0.0000000000000000000, 1.000000000000000000, 2.056603471294124000E-015 ) ) ;
#2261 = CYLINDRICAL_SURFACE ( 'NONE', #7440, 0.2450000000000004400 ) ;
#2262 = DIRECTION ( 'NONE',  ( 0.0000000000000000000, -0.9975640502598243100, -0.06975647374412599600 ) ) ;
#2263 = ORIENTED_EDGE ( 'NONE', *, *, #3095, .T. ) ;
#2264 = CIRCLE ( 'NONE', #3158, 0.2450000000000001600 ) ;
#2265 = DIRECTION ( 'NONE',  ( 0.0000000000000000000, 0.0000000000000000000, -1.000000000000000000 ) ) ;
#2266 =( GEOMETRIC_REPRESENTATION_CONTEXT ( 3 ) GLOBAL_UNCERTAINTY_ASSIGNED_CONTEXT ( ( #5105 ) ) GLOBAL_UNIT_ASSIGNED_CONTEXT ( ( #7629, #7723, #7752 ) ) REPRESENTATION_CONTEXT ( 'NONE', 'WORKASPACE' ) );
#2267 = EDGE_LOOP ( 'NONE', ( #3177, #4084, #6407, #231, #4429, #1917, #4903, #4633, #3620, #8593, #3420, #2281 ) ) ;
#2268 = FILL_AREA_STYLE_COLOUR ( '', #9435 ) ;
#2269 = CLOSED_SHELL ( 'NONE', ( #6049, #2567, #4558, #6515, #1292, #6018, #7459, #5857, #2108, #8992, #3231, #906, #4190, #8233 ) ) ;
#2270 = CARTESIAN_POINT ( 'NONE',  ( 0.7724999999999997400, -2.601461569844106100, 0.1865006715341501500 ) ) ;
#2271 =( GEOMETRIC_REPRESENTATION_CONTEXT ( 3 ) GLOBAL_UNCERTAINTY_ASSIGNED_CONTEXT ( ( #9123 ) ) GLOBAL_UNIT_ASSIGNED_CONTEXT ( ( #4830, #494, #5554 ) ) REPRESENTATION_CONTEXT ( 'NONE', 'WORKASPACE' ) );
#2272 = MECHANICAL_DESIGN_GEOMETRIC_PRESENTATION_REPRESENTATION (  '', ( #1296 ), #2770 ) ;
#2273 = CIRCLE ( 'NONE', #6967, 0.09999999999999945000 ) ;
#2274 = DIRECTION ( 'NONE',  ( 0.0000000000000000000, -0.06975647374412599600, 0.9975640502598242000 ) ) ;
#2275 = ORIENTED_EDGE ( 'NONE', *, *, #1092, .T. ) ;
#2276 = VECTOR ( 'NONE', #824, 1000.000000000000000 ) ;
#2277 =( NAMED_UNIT ( * ) PLANE_ANGLE_UNIT ( ) SI_UNIT ( $, .RADIAN. ) );
#2278 = EDGE_CURVE ( 'NONE', #5821, #7302, #4399, .T. ) ;
#2279 = ORIENTED_EDGE ( 'NONE', *, *, #5764, .F. ) ;
#2280 = DIRECTION ( 'NONE',  ( 0.0000000000000000000, 0.0000000000000000000, 1.000000000000000000 ) ) ;
#2281 = ORIENTED_EDGE ( 'NONE', *, *, #6487, .F. ) ;
#2282 = STYLED_ITEM ( 'NONE', ( #1565 ), #2330 ) ;
#2283 = LINE ( 'NONE', #3342, #7784 ) ;
#2284 = ORIENTED_EDGE ( 'NONE', *, *, #8146, .F. ) ;
#2285 = VECTOR ( 'NONE', #1789, 1000.000000000000000 ) ;
#2286 = SURFACE_STYLE_USAGE ( .BOTH. , #6574 ) ;
#2287 = CARTESIAN_POINT ( 'NONE',  ( 1.422499999999999700, -2.200000000000000200, 0.6724999999999941000 ) ) ;
#2288 = UNCERTAINTY_MEASURE_WITH_UNIT (LENGTH_MEASURE( 1.000000000000000100E-005 ), #9011, 'distance_accuracy_value', 'NONE');
#2289 = EDGE_LOOP ( 'NONE', ( #897, #1505, #6738, #8728 ) ) ;
#2290 = CARTESIAN_POINT ( 'NONE',  ( 0.5274999999999997500, 2.252718095034783400, 0.5274999999999934200 ) ) ;
#2291 = EDGE_LOOP ( 'NONE', ( #3716, #8232, #3266, #1229, #2325, #670, #4961, #2954, #3096, #7220, #2500, #7696 ) ) ;
#2292 = ADVANCED_FACE ( 'NONE', ( #8220 ), #2613, .F. ) ;
#2293 = SURFACE_STYLE_FILL_AREA ( #9000 ) ;
#2294 = CARTESIAN_POINT ( 'NONE',  ( -0.5275000000000001900, 2.591346881151208100, 0.04185388424647555600 ) ) ;
#2295 = PRESENTATION_STYLE_ASSIGNMENT (( #6897 ) ) ;
#2296 = EDGE_CURVE ( 'NONE', #2944, #5473, #9282, .T. ) ;
#2297 = DIRECTION ( 'NONE',  ( -1.000000000000000000, -0.0000000000000000000, -0.0000000000000000000 ) ) ;
#2298 = EDGE_CURVE ( 'NONE', #5855, #4733, #5619, .T. ) ;
#2299 = ORIENTED_EDGE ( 'NONE', *, *, #2399, .F. ) ;
#2300 = DIRECTION ( 'NONE',  ( 0.0000000000000000000, 0.0000000000000000000, 1.000000000000000000 ) ) ;
#2301 = EDGE_LOOP ( 'NONE', ( #5867, #4207, #6879, #8927 ) ) ;
#2302 = DIRECTION ( 'NONE',  ( 0.0000000000000000000, 0.06975647374411951500, 0.9975640502598246400 ) ) ;
#2303 = LINE ( 'NONE', #3660, #4229 ) ;
#2304 = FILL_AREA_STYLE_COLOUR ( '', #4511 ) ;
#2305 = SURFACE_STYLE_FILL_AREA ( #8225 ) ;
#2306 = PRESENTATION_LAYER_ASSIGNMENT (  '', '', ( #2799 ) ) ;
#2307 = EDGE_LOOP ( 'NONE', ( #7533, #1571, #5059, #835 ) ) ;
#2308 = PLANE ( 'NONE',  #8920 ) ;
#2309 = AXIS2_PLACEMENT_3D ( 'NONE', #6013, #6022, #6608 ) ;
#2310 = COLOUR_RGB ( '',1.000000000000000000, 1.000000000000000000, 1.000000000000000000 ) ;
#2311 = VECTOR ( 'NONE', #4876, 1000.000000000000000 ) ;
#2312 = DIRECTION ( 'NONE',  ( -1.000000000000000000, -0.0000000000000000000, -0.0000000000000000000 ) ) ;
#2313 = COLOUR_RGB ( '',1.000000000000000000, 1.000000000000000000, 1.000000000000000000 ) ;
#2314 = CARTESIAN_POINT ( 'NONE',  ( 1.422499999999999700, -3.189885311307101700, 2.710505431213761100E-017 ) ) ;
#2315 = VECTOR ( 'NONE', #4697, 1000.000000000000000 ) ;
#2316 = PRESENTATION_LAYER_ASSIGNMENT (  '', '', ( #1842 ) ) ;
#2317 = CARTESIAN_POINT ( 'NONE',  ( 2.750000000000000000, -2.200000000000000200, 0.5275000000000060800 ) ) ;
#2318 = CARTESIAN_POINT ( 'NONE',  ( 1.422499999999999700, 2.252718095034784300, 0.6724999999999939900 ) ) ;
#2319 = STYLED_ITEM ( 'NONE', ( #5005 ), #4281 ) ;
#2320 = DIRECTION ( 'NONE',  ( 0.0000000000000000000, 0.9975640502598243100, -0.06975647374412599600 ) ) ;
#2321 = DIRECTION ( 'NONE',  ( 0.0000000000000000000, -0.9975640502598245300, 0.06975647374412209700 ) ) ;
#2322 =( NAMED_UNIT ( * ) SI_UNIT ( $, .STERADIAN. ) SOLID_ANGLE_UNIT ( ) );
#2323 = ORIENTED_EDGE ( 'NONE', *, *, #4389, .T. ) ;
#2324 = DIRECTION ( 'NONE',  ( 9.856383386231856400E-017, -1.000000000000000000, 0.0000000000000000000 ) ) ;
#2325 = ORIENTED_EDGE ( 'NONE', *, *, #3456, .F. ) ;
#2326 = PRESENTATION_LAYER_ASSIGNMENT (  '', '', ( #2821 ) ) ;
#2327 = DIRECTION ( 'NONE',  ( -1.000000000000000000, 0.0000000000000000000, -0.0000000000000000000 ) ) ;
#2328 = CARTESIAN_POINT ( 'NONE',  ( 1.827499999999999700, -2.252718095034784300, 0.4274999999999940500 ) ) ;
#2329 = DIRECTION ( 'NONE',  ( 0.0000000000000000000, 0.0000000000000000000, -1.000000000000000000 ) ) ;
#2330 = ADVANCED_FACE ( 'NONE', ( #3487 ), #433, .F. ) ;
#2331 = CARTESIAN_POINT ( 'NONE',  ( 2.072499999999999800, 3.189885311307101700, 2.710505431213761100E-017 ) ) ;
#2332 = UNCERTAINTY_MEASURE_WITH_UNIT (LENGTH_MEASURE( 1.000000000000000100E-005 ), #866, 'distance_accuracy_value', 'NONE');
#2333 = STYLED_ITEM ( 'NONE', ( #726 ), #5433 ) ;
#2334 =( NAMED_UNIT ( * ) SI_UNIT ( $, .STERADIAN. ) SOLID_ANGLE_UNIT ( ) );
#2335 = ORIENTED_EDGE ( 'NONE', *, *, #7761, .T. ) ;
#2336 = CARTESIAN_POINT ( 'NONE',  ( 2.072499999999999800, -2.601461569844106100, 0.1865006715341500400 ) ) ;
#2337 = SURFACE_STYLE_FILL_AREA ( #8141 ) ;
#2338 = FILL_AREA_STYLE ('',( #2383 ) ) ;
#2339 = EDGE_CURVE ( 'NONE', #5112, #1988, #2830, .T. ) ;
#2340 = SURFACE_STYLE_USAGE ( .BOTH. , #6631 ) ;
#2341 = COLOUR_RGB ( '',1.000000000000000000, 1.000000000000000000, 1.000000000000000000 ) ;
#2342 = DIRECTION ( 'NONE',  ( -1.000000000000000000, -0.0000000000000000000, -0.0000000000000000000 ) ) ;
#2343 = EDGE_CURVE ( 'NONE', #1329, #4327, #4725, .T. ) ;
#2344 = MECHANICAL_DESIGN_GEOMETRIC_PRESENTATION_REPRESENTATION (  '', ( #887 ), #2851 ) ;
#2345 = SURFACE_SIDE_STYLE ('',( #4630 ) ) ;
#2346 =( LENGTH_UNIT ( ) NAMED_UNIT ( * ) SI_UNIT ( .MILLI., .METRE. ) );
#2347 = CARTESIAN_POINT ( 'NONE',  ( -2.072500000000000200, 2.497121287348441900, 0.4445903360673038000 ) ) ;
#2348 = SURFACE_STYLE_USAGE ( .BOTH. , #7434 ) ;
#2349 = PLANE ( 'NONE',  #2131 ) ;
#2350 = ORIENTED_EDGE ( 'NONE', *, *, #4632, .T. ) ;
#2351 = CARTESIAN_POINT ( 'NONE',  ( -0.1225000000000002200, -2.252718095034784300, 0.4274999999999940500 ) ) ;
#2352 = ORIENTED_EDGE ( 'NONE', *, *, #4361, .T. ) ;
#2353 = EDGE_CURVE ( 'NONE', #6095, #4279, #883, .T. ) ;
#2354 = EDGE_CURVE ( 'NONE', #2510, #8752, #8343, .T. ) ;
#2355 = COLOUR_RGB ( '',1.000000000000000000, 1.000000000000000000, 1.000000000000000000 ) ;
#2356 =( NAMED_UNIT ( * ) PLANE_ANGLE_UNIT ( ) SI_UNIT ( $, .RADIAN. ) );
#2357 = EDGE_LOOP ( 'NONE', ( #3970, #91, #8709, #6246 ) ) ;
#2358 = ORIENTED_EDGE ( 'NONE', *, *, #6500, .F. ) ;
#2359 = AXIS2_PLACEMENT_3D ( 'NONE', #5474, #1184, #6197 ) ;
#2360 = LINE ( 'NONE', #3125, #5277 ) ;
#2361 = CYLINDRICAL_SURFACE ( 'NONE', #4368, 0.09999999999999988100 ) ;
#2362 = COLOUR_RGB ( '',1.000000000000000000, 1.000000000000000000, 1.000000000000000000 ) ;
#2363 = CARTESIAN_POINT ( 'NONE',  ( 0.7724999999999997400, -2.497121287348441900, 0.4445903360673038000 ) ) ;
#2364 = SURFACE_STYLE_USAGE ( .BOTH. , #2433 ) ;
#2365 = LINE ( 'NONE', #1751, #4076 ) ;
#2366 = ORIENTED_EDGE ( 'NONE', *, *, #8585, .T. ) ;
#2367 = SURFACE_STYLE_FILL_AREA ( #133 ) ;
#2368 = ORIENTED_EDGE ( 'NONE', *, *, #9082, .T. ) ;
#2369 = CARTESIAN_POINT ( 'NONE',  ( -0.1225000000000002200, -2.352474500060765600, 0.4344756473744061900 ) ) ;
#2370 = ORIENTED_EDGE ( 'NONE', *, *, #2353, .F. ) ;
#2371 = FILL_AREA_STYLE ('',( #1640 ) ) ;
#2372 = ORIENTED_EDGE ( 'NONE', *, *, #8718, .T. ) ;
#2373 =( NAMED_UNIT ( * ) PLANE_ANGLE_UNIT ( ) SI_UNIT ( $, .RADIAN. ) );
#2374 = VECTOR ( 'NONE', #5426, 1000.000000000000000 ) ;
#2375 = STYLED_ITEM ( 'NONE', ( #6355 ), #8450 ) ;
#2376 = LINE ( 'NONE', #3534, #2154 ) ;
#2377 = ADVANCED_FACE ( 'NONE', ( #638 ), #5492, .F. ) ;
#2378 = VECTOR ( 'NONE', #3172, 1000.000000000000000 ) ;
#2379 = DIRECTION ( 'NONE',  ( -1.000000000000000000, 0.0000000000000000000, -0.0000000000000000000 ) ) ;
#2380 = CARTESIAN_POINT ( 'NONE',  ( -0.7725000000000001900, 2.352474500060765600, 0.4344756473744061900 ) ) ;
#2381 = SURFACE_STYLE_USAGE ( .BOTH. , #592 ) ;
#2382 = ORIENTED_EDGE ( 'NONE', *, *, #3884, .T. ) ;
#2383 = FILL_AREA_STYLE_COLOUR ( '', #6188 ) ;
#2384 = ORIENTED_EDGE ( 'NONE', *, *, #1886, .F. ) ;
#2385 = CARTESIAN_POINT ( 'NONE',  ( 1.827499999999999700, -2.200000000000000200, 0.6724999999999941000 ) ) ;
#2386 =( LENGTH_UNIT ( ) NAMED_UNIT ( * ) SI_UNIT ( .MILLI., .METRE. ) );
#2387 = VERTEX_POINT ( 'NONE', #10 ) ;
#2388 = UNCERTAINTY_MEASURE_WITH_UNIT (LENGTH_MEASURE( 1.000000000000000100E-005 ), #7292, 'distance_accuracy_value', 'NONE');
#2389 = CYLINDRICAL_SURFACE ( 'NONE', #6829, 0.2450000000000002200 ) ;
#2390 = CARTESIAN_POINT ( 'NONE',  ( 0.1224999999999997800, -2.601461569844106100, 0.1865006715341500400 ) ) ;
#2391 = LINE ( 'NONE', #7882, #5974 ) ;
#2392 = MECHANICAL_DESIGN_GEOMETRIC_PRESENTATION_REPRESENTATION (  '', ( #1415 ), #2897 ) ;
#2393 = SURFACE_STYLE_FILL_AREA ( #8447 ) ;
#2394 = ORIENTED_EDGE ( 'NONE', *, *, #6021, .T. ) ;
#2395 =( NAMED_UNIT ( * ) SI_UNIT ( $, .STERADIAN. ) SOLID_ANGLE_UNIT ( ) );
#2396 = SURFACE_STYLE_FILL_AREA ( #4533 ) ;
#2397 = CARTESIAN_POINT ( 'NONE',  ( 1.177499999999999800, 2.497121287348441400, 0.4445903360673038000 ) ) ;
#2398 = ORIENTED_EDGE ( 'NONE', *, *, #9199, .T. ) ;
#2399 = EDGE_CURVE ( 'NONE', #4194, #8420, #7399, .T. ) ;
#2400 = COLOUR_RGB ( '',1.000000000000000000, 1.000000000000000000, 1.000000000000000000 ) ;
#2401 = UNCERTAINTY_MEASURE_WITH_UNIT (LENGTH_MEASURE( 1.000000000000000100E-005 ), #5527, 'distance_accuracy_value', 'NONE');
#2402 = ORIENTED_EDGE ( 'NONE', *, *, #5826, .T. ) ;
#2403 = DIRECTION ( 'NONE',  ( 0.1710878697460332900, 0.1710878697460332900, -0.9702875252478147000 ) ) ;
#2404 = AXIS2_PLACEMENT_3D ( 'NONE', #2709, #1990, #4073 ) ;
#2405 = ORIENTED_EDGE ( 'NONE', *, *, #6130, .F. ) ;
#2406 = SURFACE_STYLE_USAGE ( .BOTH. , #8890 ) ;
#2407 = FILL_AREA_STYLE_COLOUR ( '', #7937 ) ;
#2408 = STYLED_ITEM ( 'NONE', ( #4005 ), #6049 ) ;
#2409 = DIRECTION ( 'NONE',  ( 0.0000000000000000000, 0.0000000000000000000, 1.000000000000000000 ) ) ;
#2410 = VECTOR ( 'NONE', #6156, 1000.000000000000000 ) ;
#2411 = ORIENTED_EDGE ( 'NONE', *, *, #463, .F. ) ;
#2412 = ORIENTED_EDGE ( 'NONE', *, *, #2730, .T. ) ;
#2413 = DIRECTION ( 'NONE',  ( 1.000000000000000000, 0.0000000000000000000, 0.0000000000000000000 ) ) ;
#2414 = EDGE_CURVE ( 'NONE', #6968, #1766, #3845, .T. ) ;
#2415 = VECTOR ( 'NONE', #3898, 1000.000000000000100 ) ;
#2416 = VERTEX_POINT ( 'NONE', #6507 ) ;
#2417 = SURFACE_STYLE_USAGE ( .BOTH. , #2425 ) ;
#2418 = EDGE_CURVE ( 'NONE', #1798, #5509, #9405, .T. ) ;
#2419 = LINE ( 'NONE', #8858, #479 ) ;
#2420 = DIRECTION ( 'NONE',  ( 1.000000000000000000, 0.0000000000000000000, 0.0000000000000000000 ) ) ;
#2421 = DIRECTION ( 'NONE',  ( 0.0000000000000000000, 0.0000000000000000000, -1.000000000000000000 ) ) ;
#2422 = DIRECTION ( 'NONE',  ( 0.0000000000000000000, -0.9975640502598242000, 0.06975647374412599600 ) ) ;
#2423 = VECTOR ( 'NONE', #3545, 1000.000000000000000 ) ;
#2424 = PLANE ( 'NONE',  #1379 ) ;
#2425 = SURFACE_SIDE_STYLE ('',( #7167 ) ) ;
#2426 = MECHANICAL_DESIGN_GEOMETRIC_PRESENTATION_REPRESENTATION (  '', ( #1447 ), #2927 ) ;
#2427 = SURFACE_STYLE_USAGE ( .BOTH. , #6708 ) ;
#2428 = ADVANCED_FACE ( 'NONE', ( #3605 ), #3303, .F. ) ;
#2429 = DIRECTION ( 'NONE',  ( -1.000000000000000000, -0.0000000000000000000, -0.0000000000000000000 ) ) ;
#2430 = DIRECTION ( 'NONE',  ( -1.000000000000000000, 0.0000000000000000000, -0.0000000000000000000 ) ) ;
#2431 = STYLED_ITEM ( 'NONE', ( #6841 ), #372 ) ;
#2432 = FILL_AREA_STYLE ('',( #6713 ) ) ;
#2433 = SURFACE_SIDE_STYLE ('',( #8355 ) ) ;
#2434 = PRESENTATION_LAYER_ASSIGNMENT (  '', '', ( #1966 ) ) ;
#2435 = DIRECTION ( 'NONE',  ( -1.000000000000000000, -0.0000000000000000000, -0.0000000000000000000 ) ) ;
#2436 = AXIS2_PLACEMENT_3D ( 'NONE', #5786, #1481, #6498 ) ;
#2437 = SURFACE_SIDE_STYLE ('',( #3918 ) ) ;
#2438 = ORIENTED_EDGE ( 'NONE', *, *, #1689, .T. ) ;
#2439 = CARTESIAN_POINT ( 'NONE',  ( 0.7724999999999997400, 2.252718095034784300, 0.6724999999999939900 ) ) ;
#2440 = DIRECTION ( 'NONE',  ( -1.000000000000000000, 0.0000000000000000000, -0.0000000000000000000 ) ) ;
#2441 = DIRECTION ( 'NONE',  ( -1.000000000000000000, 0.0000000000000000000, -0.0000000000000000000 ) ) ;
#2442 = MECHANICAL_DESIGN_GEOMETRIC_PRESENTATION_REPRESENTATION (  '', ( #983 ), #2947 ) ;
#2443 = CARTESIAN_POINT ( 'NONE',  ( -0.5275000000000001900, -2.364034024904861500, 0.2691667404928227400 ) ) ;
#2444 = DIRECTION ( 'NONE',  ( 0.0000000000000000000, 0.0000000000000000000, 1.000000000000000000 ) ) ;
#2445 = DIRECTION ( 'NONE',  ( 0.0000000000000000000, 0.0000000000000000000, -1.000000000000000000 ) ) ;
#2446 =( GEOMETRIC_REPRESENTATION_CONTEXT ( 3 ) GLOBAL_UNCERTAINTY_ASSIGNED_CONTEXT ( ( #9389 ) ) GLOBAL_UNIT_ASSIGNED_CONTEXT ( ( #1735, #6745, #2457 ) ) REPRESENTATION_CONTEXT ( 'NONE', 'WORKASPACE' ) );
#2447 = FILL_AREA_STYLE ('',( #934 ) ) ;
#2448 = VECTOR ( 'NONE', #4655, 1000.000000000000000 ) ;
#2449 = ADVANCED_FACE ( 'NONE', ( #9077 ), #4817, .F. ) ;
#2450 = FILL_AREA_STYLE_COLOUR ( '', #6761 ) ;
#2451 = UNCERTAINTY_MEASURE_WITH_UNIT (LENGTH_MEASURE( 1.000000000000000100E-005 ), #2713, 'distance_accuracy_value', 'NONE');
#2452 = EDGE_CURVE ( 'NONE', #4029, #4099, #2638, .T. ) ;
#2453 = DIRECTION ( 'NONE',  ( 0.0000000000000000000, -1.000000000000000000, 0.0000000000000000000 ) ) ;
#2454 = CARTESIAN_POINT ( 'NONE',  ( 2.072499999999999800, -2.497121287348441900, 0.4445903360673038000 ) ) ;
#2455 = ORIENTED_EDGE ( 'NONE', *, *, #4219, .F. ) ;
#2456 = AXIS2_PLACEMENT_3D ( 'NONE', #3240, #3039, #804 ) ;
#2457 =( NAMED_UNIT ( * ) SI_UNIT ( $, .STERADIAN. ) SOLID_ANGLE_UNIT ( ) );
#2458 = AXIS2_PLACEMENT_3D ( 'NONE', #6050, #1773, #6790 ) ;
#2459 = SURFACE_SIDE_STYLE ('',( #7009 ) ) ;
#2460 = PLANE ( 'NONE',  #2458 ) ;
#2461 = FILL_AREA_STYLE ('',( #2304 ) ) ;
#2462 = ORIENTED_EDGE ( 'NONE', *, *, #5576, .T. ) ;
#2463 = CARTESIAN_POINT ( 'NONE',  ( 2.072499999999999800, -3.189885311307101700, 2.710505431213761100E-017 ) ) ;
#2464 = PLANE ( 'NONE',  #6523 ) ;
#2465 = LINE ( 'NONE', #2894, #7971 ) ;
#2466 = CARTESIAN_POINT ( 'NONE',  ( 1.422499999999999700, 2.252718095034784300, 0.4274999999999940500 ) ) ;
#2467 = EDGE_CURVE ( 'NONE', #8204, #5612, #8386, .T. ) ;
#2468 = ADVANCED_FACE ( 'NONE', ( #687 ), #7839, .T. ) ;
#2469 = FILL_AREA_STYLE_COLOUR ( '', #2147 ) ;
#2470 = ORIENTED_EDGE ( 'NONE', *, *, #6501, .T. ) ;
#2471 = FILL_AREA_STYLE_COLOUR ( '', #9023 ) ;
#2472 = ORIENTED_EDGE ( 'NONE', *, *, #5405, .T. ) ;
#2473 = SURFACE_STYLE_FILL_AREA ( #5263 ) ;
#2474 = MECHANICAL_DESIGN_GEOMETRIC_PRESENTATION_REPRESENTATION (  '', ( #1023 ), #2991 ) ;
#2475 = DIRECTION ( 'NONE',  ( 0.0000000000000000000, 1.000000000000000000, 0.0000000000000000000 ) ) ;
#2476 = COLOUR_RGB ( '',1.000000000000000000, 1.000000000000000000, 1.000000000000000000 ) ;
#2477 = CARTESIAN_POINT ( 'NONE',  ( 2.072499999999999800, 2.200000000000000200, 0.6724999999999941000 ) ) ;
#2478 = CARTESIAN_POINT ( 'NONE',  ( 2.072499999999999800, -2.252718095034784300, 0.6724999999999939900 ) ) ;
#2479 = VERTEX_POINT ( 'NONE', #560 ) ;
#2480 =( NAMED_UNIT ( * ) SI_UNIT ( $, .STERADIAN. ) SOLID_ANGLE_UNIT ( ) );
#2481 = ORIENTED_EDGE ( 'NONE', *, *, #2904, .T. ) ;
#2482 = AXIS2_PLACEMENT_3D ( 'NONE', #5687, #6137, #5657 ) ;
#2483 = EDGE_CURVE ( 'NONE', #3171, #6418, #1953, .T. ) ;
#2484 = EDGE_LOOP ( 'NONE', ( #7531, #4698, #4757, #671 ) ) ;
#2485 = DIRECTION ( 'NONE',  ( 0.0000000000000000000, -0.9975640502598242000, 0.06975647374412599600 ) ) ;
#2486 = FACE_OUTER_BOUND ( 'NONE', #8632, .T. ) ;
#2487 = CARTESIAN_POINT ( 'NONE',  ( -2.072500000000000200, 2.608437217218518600, 0.2862570765601325000 ) ) ;
#2488 = VECTOR ( 'NONE', #5961, 999.9999999999998900 ) ;
#2489 = CARTESIAN_POINT ( 'NONE',  ( 2.072499999999999800, 2.364034024904861500, 0.2691667404928227400 ) ) ;
#2490 = SURFACE_SIDE_STYLE ('',( #7934 ) ) ;
#2491 = VERTEX_POINT ( 'NONE', #9234 ) ;
#2492 =( GEOMETRIC_REPRESENTATION_CONTEXT ( 3 ) GLOBAL_UNCERTAINTY_ASSIGNED_CONTEXT ( ( #4258 ) ) GLOBAL_UNIT_ASSIGNED_CONTEXT ( ( #5903, #1601, #6620 ) ) REPRESENTATION_CONTEXT ( 'NONE', 'WORKASPACE' ) );
#2493 = AXIS2_PLACEMENT_3D ( 'NONE', #7383, #3116, #8123 ) ;
#2494 = ORIENTED_EDGE ( 'NONE', *, *, #2343, .T. ) ;
#2495 = ADVANCED_FACE ( 'NONE', ( #1717 ), #7224, .F. ) ;
#2496 = CARTESIAN_POINT ( 'NONE',  ( 2.362430331689220300, -2.062430331689219200, 1.452696358821772300 ) ) ;
#2497 = EDGE_LOOP ( 'NONE', ( #4700, #5507, #3059, #4689, #5528, #1705, #6168, #7241, #2072, #449, #3349, #2132 ) ) ;
#2498 = ADVANCED_FACE ( 'NONE', ( #5531 ), #4647, .F. ) ;
#2499 = DIRECTION ( 'NONE',  ( -1.000000000000000000, -0.0000000000000000000, -0.0000000000000000000 ) ) ;
#2500 = ORIENTED_EDGE ( 'NONE', *, *, #7584, .F. ) ;
#2501 = LINE ( 'NONE', #5425, #6073 ) ;
#2502 = VECTOR ( 'NONE', #3712, 1000.000000000000000 ) ;
#2503 = SURFACE_STYLE_FILL_AREA ( #3529 ) ;
#2504 = PLANE ( 'NONE',  #1330 ) ;
#2505 = DIRECTION ( 'NONE',  ( 0.0000000000000000000, 0.0000000000000000000, -1.000000000000000000 ) ) ;
#2506 = ORIENTED_EDGE ( 'NONE', *, *, #8145, .F. ) ;
#2507 = DIRECTION ( 'NONE',  ( 0.0000000000000000000, 0.0000000000000000000, 1.000000000000000000 ) ) ;
#2508 = ORIENTED_EDGE ( 'NONE', *, *, #1690, .T. ) ;
#2509 = VECTOR ( 'NONE', #6707, 1000.000000000000000 ) ;
#2510 = VERTEX_POINT ( 'NONE', #2013 ) ;
#2511 = UNCERTAINTY_MEASURE_WITH_UNIT (LENGTH_MEASURE( 1.000000000000000100E-005 ), #8951, 'distance_accuracy_value', 'NONE');
#2512 =( NAMED_UNIT ( * ) SI_UNIT ( $, .STERADIAN. ) SOLID_ANGLE_UNIT ( ) );
#2513 = PRESENTATION_STYLE_ASSIGNMENT (( #4252 ) ) ;
#2514 = VECTOR ( 'NONE', #3704, 1000.000000000000000 ) ;
#2515 = DIRECTION ( 'NONE',  ( -1.000000000000000000, 0.0000000000000000000, -0.0000000000000000000 ) ) ;
#2516 = ORIENTED_EDGE ( 'NONE', *, *, #5898, .T. ) ;
#2517 =( NAMED_UNIT ( * ) PLANE_ANGLE_UNIT ( ) SI_UNIT ( $, .RADIAN. ) );
#2518 = VERTEX_POINT ( 'NONE', #4600 ) ;
#2519 = SURFACE_SIDE_STYLE ('',( #5303 ) ) ;
#2520 = CARTESIAN_POINT ( 'NONE',  ( -0.5275000000000001900, 2.608437217218518600, 0.2862570765601325000 ) ) ;
#2521 = LINE ( 'NONE', #8976, #6093 ) ;
#2522 = MECHANICAL_DESIGN_GEOMETRIC_PRESENTATION_REPRESENTATION (  '', ( #1067 ), #3018 ) ;
#2523 = VECTOR ( 'NONE', #4712, 1000.000000000000000 ) ;
#2524 = MECHANICAL_DESIGN_GEOMETRIC_PRESENTATION_REPRESENTATION (  '', ( #1539 ), #3020 ) ;
#2525 =( NAMED_UNIT ( * ) SI_UNIT ( $, .STERADIAN. ) SOLID_ANGLE_UNIT ( ) );
#2526 = ORIENTED_EDGE ( 'NONE', *, *, #3076, .T. ) ;
#2527 = ADVANCED_FACE ( 'NONE', ( #8495 ), #4871, .T. ) ;
#2528 = CARTESIAN_POINT ( 'NONE',  ( -1.422500000000000100, 2.252718095034783400, 0.5274999999999934200 ) ) ;
#2529 = ORIENTED_EDGE ( 'NONE', *, *, #2278, .T. ) ;
#2530 = SURFACE_SIDE_STYLE ('',( #2802 ) ) ;
#2531 = EDGE_CURVE ( 'NONE', #3297, #9420, #1037, .T. ) ;
#2532 = DIRECTION ( 'NONE',  ( 0.0000000000000000000, 0.0000000000000000000, -1.000000000000000000 ) ) ;
#2533 = SURFACE_STYLE_USAGE ( .BOTH. , #6820 ) ;
#2534 = CYLINDRICAL_SURFACE ( 'NONE', #8291, 0.09999999999999988100 ) ;
#2535 = EDGE_CURVE ( 'NONE', #8204, #8212, #6541, .T. ) ;
#2536 = ORIENTED_EDGE ( 'NONE', *, *, #4770, .T. ) ;
#2537 =( NAMED_UNIT ( * ) SI_UNIT ( $, .STERADIAN. ) SOLID_ANGLE_UNIT ( ) );
#2538 = FACE_OUTER_BOUND ( 'NONE', #5842, .T. ) ;
#2539 = CARTESIAN_POINT ( 'NONE',  ( 0.1224999999999997800, 2.252718095034783400, 0.5274999999999934200 ) ) ;
#2540 = PRESENTATION_LAYER_ASSIGNMENT (  '', '', ( #2054 ) ) ;
#2541 = CYLINDRICAL_SURFACE ( 'NONE', #7307, 0.2450000000000002200 ) ;
#2542 = CARTESIAN_POINT ( 'NONE',  ( 1.422499999999999700, -2.200000000000000200, 0.5274999999999939700 ) ) ;
#2543 = CYLINDRICAL_SURFACE ( 'NONE', #3726, 0.09999999999999939500 ) ;
#2544 = CARTESIAN_POINT ( 'NONE',  ( 2.500000000000000400, -2.200000000000000200, 0.6724999999999941000 ) ) ;
#2545 = CARTESIAN_POINT ( 'NONE',  ( 0.7724999999999997400, 3.189885311307101700, 2.710505431213761100E-017 ) ) ;
#2546 = LINE ( 'NONE', #5403, #2315 ) ;
#2547 = CARTESIAN_POINT ( 'NONE',  ( 0.5274999999999997500, -2.200000000000000200, 0.6724999999999941000 ) ) ;
#2548 = EDGE_CURVE ( 'NONE', #5099, #8925, #2745, .T. ) ;
#2549 = EDGE_CURVE ( 'NONE', #2248, #9005, #6310, .T. ) ;
#2550 = SURFACE_STYLE_USAGE ( .BOTH. , #6828 ) ;
#2551 = CARTESIAN_POINT ( 'NONE',  ( 0.5274999999999997500, -2.591346881151208100, 0.04185388424647555600 ) ) ;
#2552 = CARTESIAN_POINT ( 'NONE',  ( -0.5275000000000001900, 2.497121287348441900, 0.4445903360673038000 ) ) ;
#2553 = AXIS2_PLACEMENT_3D ( 'NONE', #6159, #3288, #8326 ) ;
#2554 = FILL_AREA_STYLE ('',( #7983 ) ) ;
#2555 = STYLED_ITEM ( 'NONE', ( #7047 ), #3714 ) ;
#2556 = DIRECTION ( 'NONE',  ( -0.0000000000000000000, -0.0000000000000000000, 1.000000000000000000 ) ) ;
#2557 = DIRECTION ( 'NONE',  ( -1.000000000000000000, -0.0000000000000000000, -0.0000000000000000000 ) ) ;
#2558 = FILL_AREA_STYLE_COLOUR ( '', #9408 ) ;
#2559 = CARTESIAN_POINT ( 'NONE',  ( -0.1225000000000002200, 2.252718095034784300, 0.4274999999999940500 ) ) ;
#2560 =( NAMED_UNIT ( * ) PLANE_ANGLE_UNIT ( ) SI_UNIT ( $, .RADIAN. ) );
#2561 =( LENGTH_UNIT ( ) NAMED_UNIT ( * ) SI_UNIT ( .MILLI., .METRE. ) );
#2562 = CARTESIAN_POINT ( 'NONE',  ( 0.7724999999999997400, -2.608437217218518600, 0.2862570765601324400 ) ) ;
#2563 =( NAMED_UNIT ( * ) PLANE_ANGLE_UNIT ( ) SI_UNIT ( $, .RADIAN. ) );
#2564 = DIRECTION ( 'NONE',  ( -1.000000000000000000, -0.0000000000000000000, -0.0000000000000000000 ) ) ;
#2565 = DIRECTION ( 'NONE',  ( -0.0000000000000000000, 0.9975640502598242000, 0.06975647374412599600 ) ) ;
#2566 = ORIENTED_EDGE ( 'NONE', *, *, #7272, .T. ) ;
#2567 = ADVANCED_FACE ( 'NONE', ( #4430 ), #1215, .F. ) ;
#2568 = PLANE ( 'NONE',  #7498 ) ;
#2569 = VECTOR ( 'NONE', #3061, 1000.000000000000200 ) ;
#2570 =( NAMED_UNIT ( * ) SI_UNIT ( $, .STERADIAN. ) SOLID_ANGLE_UNIT ( ) );
#2571 = PRESENTATION_LAYER_ASSIGNMENT (  '', '', ( #1115 ) ) ;
#2572 = LINE ( 'NONE', #176, #6150 ) ;
#2573 = UNCERTAINTY_MEASURE_WITH_UNIT (LENGTH_MEASURE( 1.000000000000000100E-005 ), #5452, 'distance_accuracy_value', 'NONE');
#2574 = DIRECTION ( 'NONE',  ( -1.000000000000000000, -0.0000000000000000000, -0.0000000000000000000 ) ) ;
#2575 = AXIS2_PLACEMENT_3D ( 'NONE', #8645, #7171, #2908 ) ;
#2576 =( NAMED_UNIT ( * ) SI_UNIT ( $, .STERADIAN. ) SOLID_ANGLE_UNIT ( ) );
#2577 = DIRECTION ( 'NONE',  ( 0.9848077530122084600, 0.0000000000000000000, 0.1736481776669280300 ) ) ;
#2578 = SURFACE_STYLE_USAGE ( .BOTH. , #4897 ) ;
#2579 = EDGE_CURVE ( 'NONE', #641, #6740, #7323, .T. ) ;
#2580 = DIRECTION ( 'NONE',  ( -0.0000000000000000000, -0.9848077530122085800, 0.1736481776669280600 ) ) ;
#2581 = VECTOR ( 'NONE', #7840, 999.9999999999998900 ) ;
#2582 = VECTOR ( 'NONE', #1822, 1000.000000000000000 ) ;
#2583 = CARTESIAN_POINT ( 'NONE',  ( 2.072499999999999800, -2.252718095034784300, 0.4274999999999940500 ) ) ;
#2584 = FILL_AREA_STYLE ('',( #2558 ) ) ;
#2585 = AXIS2_PLACEMENT_3D ( 'NONE', #5044, #7336, #6725 ) ;
#2586 =( NAMED_UNIT ( * ) PLANE_ANGLE_UNIT ( ) SI_UNIT ( $, .RADIAN. ) );
#2587 = EDGE_LOOP ( 'NONE', ( #1126, #5944, #2412, #1736 ) ) ;
#2588 = ORIENTED_EDGE ( 'NONE', *, *, #3923, .T. ) ;
#2589 = FILL_AREA_STYLE ('',( #1868 ) ) ;
#2590 = PRESENTATION_STYLE_ASSIGNMENT (( #496 ) ) ;
#2591 = LINE ( 'NONE', #3178, #4286 ) ;
#2592 = VECTOR ( 'NONE', #7916, 1000.000000000000000 ) ;
#2593 =( LENGTH_UNIT ( ) NAMED_UNIT ( * ) SI_UNIT ( .MILLI., .METRE. ) );
#2594 = FACE_OUTER_BOUND ( 'NONE', #1360, .T. ) ;
#2595 = SURFACE_STYLE_USAGE ( .BOTH. , #6883 ) ;
#2596 = EDGE_LOOP ( 'NONE', ( #4093, #3138, #6481, #4972 ) ) ;
#2597 = FILL_AREA_STYLE ('',( #6884 ) ) ;
#2598 = ORIENTED_EDGE ( 'NONE', *, *, #6067, .T. ) ;
#2599 = EDGE_CURVE ( 'NONE', #4072, #3316, #3763, .T. ) ;
#2600 = LINE ( 'NONE', #1378, #8096 ) ;
#2601 = EDGE_CURVE ( 'NONE', #7767, #5080, #5414, .T. ) ;
#2602 = FACE_OUTER_BOUND ( 'NONE', #1609, .T. ) ;
#2603 = LINE ( 'NONE', #3924, #6175 ) ;
#2604 = DIRECTION ( 'NONE',  ( 0.0000000000000000000, -0.06975647374412817500, 0.9975640502598240900 ) ) ;
#2605 = ORIENTED_EDGE ( 'NONE', *, *, #2165, .F. ) ;
#2606 = CARTESIAN_POINT ( 'NONE',  ( 0.1224999999999997800, 2.252718095034784300, 0.6724999999999939900 ) ) ;
#2607 = LINE ( 'NONE', #8785, #6404 ) ;
#2608 = ORIENTED_EDGE ( 'NONE', *, *, #388, .T. ) ;
#2609 = PRESENTATION_LAYER_ASSIGNMENT (  '', '', ( #1627 ) ) ;
#2610 = CARTESIAN_POINT ( 'NONE',  ( -1.422500000000000100, -2.601461569844106100, 0.1865006715341500400 ) ) ;
#2611 = ORIENTED_EDGE ( 'NONE', *, *, #8340, .F. ) ;
#2612 = MECHANICAL_DESIGN_GEOMETRIC_PRESENTATION_REPRESENTATION (  '', ( #1155 ), #3105 ) ;
#2613 = PLANE ( 'NONE',  #2778 ) ;
#2614 = LINE ( 'NONE', #4223, #4521 ) ;
#2615 = FACE_OUTER_BOUND ( 'NONE', #323, .T. ) ;
#2616 = DIRECTION ( 'NONE',  ( 1.000000000000000000, 0.0000000000000000000, 0.0000000000000000000 ) ) ;
#2617 =( LENGTH_UNIT ( ) NAMED_UNIT ( * ) SI_UNIT ( .MILLI., .METRE. ) );
#2618 = LINE ( 'NONE', #3814, #6190 ) ;
#2619 = STYLED_ITEM ( 'NONE', ( #5501 ), #286 ) ;
#2620 = SURFACE_STYLE_USAGE ( .BOTH. , #6899 ) ;
#2621 = ORIENTED_EDGE ( 'NONE', *, *, #4527, .T. ) ;
#2622 = CARTESIAN_POINT ( 'NONE',  ( 1.177499999999999800, 2.601461569844106100, 0.1865006715341500400 ) ) ;
#2623 = ORIENTED_EDGE ( 'NONE', *, *, #5134, .T. ) ;
#2624 = FILL_AREA_STYLE_COLOUR ( '', #1257 ) ;
#2625 = SURFACE_STYLE_FILL_AREA ( #1281 ) ;
#2626 = CARTESIAN_POINT ( 'NONE',  ( 0.1224999999999997800, 2.252718095034784300, 0.6724999999999939900 ) ) ;
#2627 = EDGE_LOOP ( 'NONE', ( #2643, #5089, #6409, #5273 ) ) ;
#2628 = AXIS2_PLACEMENT_3D ( 'NONE', #8581, #4264, #9349 ) ;
#2629 = CIRCLE ( 'NONE', #8241, 0.2450000000000004400 ) ;
#2630 = PRESENTATION_LAYER_ASSIGNMENT (  '', '', ( #2134 ) ) ;
#2631 = SURFACE_STYLE_FILL_AREA ( #8331 ) ;
#2632 = VERTEX_POINT ( 'NONE', #4193 ) ;
#2633 = CIRCLE ( 'NONE', #4467, 0.09999999999999945000 ) ;
#2634 = FILL_AREA_STYLE_COLOUR ( '', #2859 ) ;
#2635 = EDGE_LOOP ( 'NONE', ( #9126, #2069, #3294, #7299 ) ) ;
#2636 = DIRECTION ( 'NONE',  ( 1.000000000000000000, 0.0000000000000000000, 0.0000000000000000000 ) ) ;
#2637 = ORIENTED_EDGE ( 'NONE', *, *, #6727, .T. ) ;
#2638 = LINE ( 'NONE', #6364, #6435 ) ;
#2639 =( NAMED_UNIT ( * ) PLANE_ANGLE_UNIT ( ) SI_UNIT ( $, .RADIAN. ) );
#2640 = UNCERTAINTY_MEASURE_WITH_UNIT (LENGTH_MEASURE( 1.000000000000000100E-005 ), #5972, 'distance_accuracy_value', 'NONE');
#2641 = VECTOR ( 'NONE', #4135, 1000.000000000000000 ) ;
#2642 = MECHANICAL_DESIGN_GEOMETRIC_PRESENTATION_REPRESENTATION (  '', ( #1644 ), #3123 ) ;
#2643 = ORIENTED_EDGE ( 'NONE', *, *, #3996, .T. ) ;
#2644 = LINE ( 'NONE', #1311, #8140 ) ;
#2645 = STYLED_ITEM ( 'NONE', ( #7811 ), #9012 ) ;
#2646 = VERTEX_POINT ( 'NONE', #598 ) ;
#2647 = CARTESIAN_POINT ( 'NONE',  ( 0.1224999999999997800, 3.189885311307101700, 2.710505431213761100E-017 ) ) ;
#2648 = ORIENTED_EDGE ( 'NONE', *, *, #1440, .F. ) ;
#2649 = CYLINDRICAL_SURFACE ( 'NONE', #6425, 0.09999999999999939500 ) ;
#2650 = DIRECTION ( 'NONE',  ( 0.0000000000000000000, 0.0000000000000000000, -1.000000000000000000 ) ) ;
#2651 = MECHANICAL_DESIGN_GEOMETRIC_PRESENTATION_REPRESENTATION (  '', ( #1192 ), #3131 ) ;
#2652 = EDGE_LOOP ( 'NONE', ( #2046, #2605, #5665, #2398 ) ) ;
#2653 = CARTESIAN_POINT ( 'NONE',  ( -0.5275000000000001900, -2.608437217218518600, 0.2862570765601324400 ) ) ;
#2654 = CARTESIAN_POINT ( 'NONE',  ( 0.5274999999999997500, -2.252718095034783400, 0.5274999999999934200 ) ) ;
#2655 = DIRECTION ( 'NONE',  ( 0.0000000000000000000, -0.9975640502598240900, 0.06975647374412817500 ) ) ;
#2656 = DIRECTION ( 'NONE',  ( -1.000000000000000000, 0.0000000000000000000, -0.0000000000000000000 ) ) ;
#2657 = LINE ( 'NONE', #4268, #6005 ) ;
#2658 = EDGE_CURVE ( 'NONE', #1547, #5559, #9318, .T. ) ;
#2659 = VERTEX_POINT ( 'NONE', #7692 ) ;
#2660 =( NAMED_UNIT ( * ) SI_UNIT ( $, .STERADIAN. ) SOLID_ANGLE_UNIT ( ) );
#2661 = EDGE_CURVE ( 'NONE', #5810, #4998, #3296, .T. ) ;
#2662 = CARTESIAN_POINT ( 'NONE',  ( -1.177500000000000200, -2.608437217218518600, 0.2862570765601325000 ) ) ;
#2663 = CYLINDRICAL_SURFACE ( 'NONE', #6212, 0.09999999999999988100 ) ;
#2664 = PRESENTATION_LAYER_ASSIGNMENT (  '', '', ( #1203 ) ) ;
#2665 = DIRECTION ( 'NONE',  ( -1.000000000000000000, -0.0000000000000000000, -0.0000000000000000000 ) ) ;
#2666 = SURFACE_STYLE_USAGE ( .BOTH. , #6933 ) ;
#2667 = CARTESIAN_POINT ( 'NONE',  ( -1.827500000000000100, 3.189885311307101700, 2.710505431213761100E-017 ) ) ;
#2668 = ORIENTED_EDGE ( 'NONE', *, *, #2535, .F. ) ;
#2669 = FACE_OUTER_BOUND ( 'NONE', #6065, .T. ) ;
#2670 = PRESENTATION_LAYER_ASSIGNMENT (  '', '', ( #1678 ) ) ;
#2671 = FILL_AREA_STYLE_COLOUR ( '', #8436 ) ;
#2672 = FACE_OUTER_BOUND ( 'NONE', #8106, .T. ) ;
#2673 = EDGE_CURVE ( 'NONE', #458, #4099, #5195, .T. ) ;
#2674 = EDGE_CURVE ( 'NONE', #9370, #4393, #8837, .T. ) ;
#2675 = ORIENTED_EDGE ( 'NONE', *, *, #2729, .T. ) ;
#2676 = FACE_OUTER_BOUND ( 'NONE', #9335, .T. ) ;
#2677 = SURFACE_SIDE_STYLE ('',( #4320 ) ) ;
#2678 = ADVANCED_FACE ( 'NONE', ( #1591 ), #3045, .F. ) ;
#2679 = AXIS2_PLACEMENT_3D ( 'NONE', #11, #5075, #740 ) ;
#2680 = VECTOR ( 'NONE', #1943, 1000.000000000000000 ) ;
#2681 = DIRECTION ( 'NONE',  ( 0.0000000000000000000, 0.0000000000000000000, 1.000000000000000000 ) ) ;
#2682 = ORIENTED_EDGE ( 'NONE', *, *, #3509, .T. ) ;
#2683 = PRESENTATION_STYLE_ASSIGNMENT (( #1787 ) ) ;
#2684 = CARTESIAN_POINT ( 'NONE',  ( 1.422499999999999700, -2.497121287348441900, 0.4445903360673038000 ) ) ;
#2685 = FILL_AREA_STYLE_COLOUR ( '', #3992 ) ;
#2686 = DIRECTION ( 'NONE',  ( -1.000000000000000000, 0.0000000000000000000, -0.0000000000000000000 ) ) ;
#2687 = CARTESIAN_POINT ( 'NONE',  ( -0.5275000000000001900, 2.200000000000000200, 0.6724999999999941000 ) ) ;
#2688 = UNCERTAINTY_MEASURE_WITH_UNIT (LENGTH_MEASURE( 1.000000000000000100E-005 ), #1780, 'distance_accuracy_value', 'NONE');
#2689 = VECTOR ( 'NONE', #3993, 1000.000000000000000 ) ;
#2690 = FILL_AREA_STYLE_COLOUR ( '', #7802 ) ;
#2691 =( GEOMETRIC_REPRESENTATION_CONTEXT ( 3 ) GLOBAL_UNCERTAINTY_ASSIGNED_CONTEXT ( ( #820 ) ) GLOBAL_UNIT_ASSIGNED_CONTEXT ( ( #3170, #8191, #3908 ) ) REPRESENTATION_CONTEXT ( 'NONE', 'WORKASPACE' ) );
#2692 = DIRECTION ( 'NONE',  ( -0.0000000000000000000, 0.9975640502598242000, 0.06975647374412599600 ) ) ;
#2693 = DIRECTION ( 'NONE',  ( 0.0000000000000000000, 0.06975647374411951500, -0.9975640502598246400 ) ) ;
#2694 = FACE_OUTER_BOUND ( 'NONE', #7648, .T. ) ;
#2695 = UNCERTAINTY_MEASURE_WITH_UNIT (LENGTH_MEASURE( 1.000000000000000100E-005 ), #2048, 'distance_accuracy_value', 'NONE');
#2696 = CARTESIAN_POINT ( 'NONE',  ( -0.1225000000000002200, 2.200000000000000200, 0.6724999999999941000 ) ) ;
#2697 =( GEOMETRIC_REPRESENTATION_CONTEXT ( 3 ) GLOBAL_UNCERTAINTY_ASSIGNED_CONTEXT ( ( #7029 ) ) GLOBAL_UNIT_ASSIGNED_CONTEXT ( ( #3623, #3661, #622 ) ) REPRESENTATION_CONTEXT ( 'NONE', 'WORKASPACE' ) );
#2698 = ORIENTED_EDGE ( 'NONE', *, *, #2068, .T. ) ;
#2699 = STYLED_ITEM ( 'NONE', ( #8702 ), #5192 ) ;
#2700 = CARTESIAN_POINT ( 'NONE',  ( 0.1224999999999997800, -2.591346881151208100, 0.04185388424647555600 ) ) ;
#2701 = FILL_AREA_STYLE_COLOUR ( '', #4581 ) ;
#2702 = COLOUR_RGB ( '',1.000000000000000000, 1.000000000000000000, 1.000000000000000000 ) ;
#2703 = ORIENTED_EDGE ( 'NONE', *, *, #3377, .T. ) ;
#2704 = EDGE_CURVE ( 'NONE', #207, #8811, #6872, .T. ) ;
#2705 = DIRECTION ( 'NONE',  ( -1.000000000000000000, -0.0000000000000000000, -0.0000000000000000000 ) ) ;
#2706 = ORIENTED_EDGE ( 'NONE', *, *, #3425, .T. ) ;
#2707 = DIRECTION ( 'NONE',  ( 1.000000000000000000, 0.0000000000000000000, 0.0000000000000000000 ) ) ;
#2708 = LINE ( 'NONE', #7593, #6511 ) ;
#2709 = CARTESIAN_POINT ( 'NONE',  ( -0.5275000000000001900, -2.608437217218518600, 0.2862570765601325000 ) ) ;
#2710 = VECTOR ( 'NONE', #8674, 1000.000000000000000 ) ;
#2711 = PLANE ( 'NONE',  #1177 ) ;
#2712 = EDGE_CURVE ( 'NONE', #6213, #2510, #8609, .T. ) ;
#2713 =( LENGTH_UNIT ( ) NAMED_UNIT ( * ) SI_UNIT ( .MILLI., .METRE. ) );
#2714 = ORIENTED_EDGE ( 'NONE', *, *, #442, .T. ) ;
#2715 = FACE_OUTER_BOUND ( 'NONE', #8732, .T. ) ;
#2716 =( GEOMETRIC_REPRESENTATION_CONTEXT ( 3 ) GLOBAL_UNCERTAINTY_ASSIGNED_CONTEXT ( ( #5048 ) ) GLOBAL_UNIT_ASSIGNED_CONTEXT ( ( #5661, #1340, #6363 ) ) REPRESENTATION_CONTEXT ( 'NONE', 'WORKASPACE' ) );
#2717 = EDGE_LOOP ( 'NONE', ( #3888, #107, #6924, #517 ) ) ;
#2718 = CARTESIAN_POINT ( 'NONE',  ( -0.5275000000000001900, 2.200000000000000200, 0.6724999999999941000 ) ) ;
#2719 = VERTEX_POINT ( 'NONE', #4293 ) ;
#2720 = LINE ( 'NONE', #1914, #4406 ) ;
#2721 = COLOUR_RGB ( '',1.000000000000000000, 1.000000000000000000, 1.000000000000000000 ) ;
#2722 = SURFACE_SIDE_STYLE ('',( #4023 ) ) ;
#2723 = FILL_AREA_STYLE_COLOUR ( '', #3754 ) ;
#2724 = PRESENTATION_STYLE_ASSIGNMENT (( #7361 ) ) ;
#2725 = FILL_AREA_STYLE_COLOUR ( '', #8746 ) ;
#2726 = ADVANCED_FACE ( 'NONE', ( #916 ), #7663, .T. ) ;
#2727 = PLANE ( 'NONE',  #371 ) ;
#2728 = ORIENTED_EDGE ( 'NONE', *, *, #875, .T. ) ;
#2729 = EDGE_CURVE ( 'NONE', #3608, #5910, #211, .T. ) ;
#2730 = EDGE_CURVE ( 'NONE', #3629, #7575, #4095, .T. ) ;
#2731 = VERTEX_POINT ( 'NONE', #7322 ) ;
#2732 = CARTESIAN_POINT ( 'NONE',  ( 1.422499999999999700, -2.591346881151208100, 0.04185388424647555600 ) ) ;
#2733 = VERTEX_POINT ( 'NONE', #8295 ) ;
#2734 = LINE ( 'NONE', #1829, #544 ) ;
#2735 = LINE ( 'NONE', #6332, #6304 ) ;
#2736 = PRESENTATION_LAYER_ASSIGNMENT (  '', '', ( #1764 ) ) ;
#2737 = PRESENTATION_STYLE_ASSIGNMENT (( #4121 ) ) ;
#2738 =( NAMED_UNIT ( * ) PLANE_ANGLE_UNIT ( ) SI_UNIT ( $, .RADIAN. ) );
#2739 = ORIENTED_EDGE ( 'NONE', *, *, #3095, .F. ) ;
#2740 = AXIS2_PLACEMENT_3D ( 'NONE', #826, #5860, #1550 ) ;
#2741 = CARTESIAN_POINT ( 'NONE',  ( -0.5275000000000001900, 2.352474500060765600, 0.4344756473744061900 ) ) ;
#2742 = ORIENTED_EDGE ( 'NONE', *, *, #5584, .T. ) ;
#2743 = CARTESIAN_POINT ( 'NONE',  ( -1.177500000000000200, -2.352474500060765600, 0.4344756473744061900 ) ) ;
#2744 = CARTESIAN_POINT ( 'NONE',  ( 2.072499999999999800, -2.508680812192536400, 0.2792814291857203500 ) ) ;
#2745 = CIRCLE ( 'NONE', #1424, 0.09999999999999945000 ) ;
#2746 = ORIENTED_EDGE ( 'NONE', *, *, #6181, .T. ) ;
#2747 = LINE ( 'NONE', #1324, #6545 ) ;
#2748 = SURFACE_SIDE_STYLE ('',( #8950 ) ) ;
#2749 = CARTESIAN_POINT ( 'NONE',  ( -0.5275000000000001900, 2.252718095034784300, 0.4274999999999940500 ) ) ;
#2750 = FILL_AREA_STYLE_COLOUR ( '', #553 ) ;
#2751 = ORIENTED_EDGE ( 'NONE', *, *, #3484, .F. ) ;
#2752 = PRESENTATION_STYLE_ASSIGNMENT (( #709 ) ) ;
#2753 =( NAMED_UNIT ( * ) PLANE_ANGLE_UNIT ( ) SI_UNIT ( $, .RADIAN. ) );
#2754 = CARTESIAN_POINT ( 'NONE',  ( 1.827499999999999700, 2.591346881151208100, 0.04185388424647555600 ) ) ;
#2755 =( NAMED_UNIT ( * ) PLANE_ANGLE_UNIT ( ) SI_UNIT ( $, .RADIAN. ) );
#2756 = EDGE_LOOP ( 'NONE', ( #1920, #6888, #2598, #3880 ) ) ;
#2757 = FILL_AREA_STYLE ('',( #5398 ) ) ;
#2758 = UNCERTAINTY_MEASURE_WITH_UNIT (LENGTH_MEASURE( 1.000000000000000100E-005 ), #8749, 'distance_accuracy_value', 'NONE');
#2759 = FACE_OUTER_BOUND ( 'NONE', #4345, .T. ) ;
#2760 =( NAMED_UNIT ( * ) PLANE_ANGLE_UNIT ( ) SI_UNIT ( $, .RADIAN. ) );
#2761 = VERTEX_POINT ( 'NONE', #1870 ) ;
#2762 = DIRECTION ( 'NONE',  ( 0.0000000000000000000, -2.056603471294124000E-015, -1.000000000000000000 ) ) ;
#2763 = PLANE ( 'NONE',  #3245 ) ;
#2764 = DIRECTION ( 'NONE',  ( -1.000000000000000000, 0.0000000000000000000, -0.0000000000000000000 ) ) ;
#2765 = EDGE_LOOP ( 'NONE', ( #777, #2648, #6775, #1150 ) ) ;
#2766 = FILL_AREA_STYLE_COLOUR ( '', #6556 ) ;
#2767 = COLOUR_RGB ( '',1.000000000000000000, 1.000000000000000000, 1.000000000000000000 ) ;
#2768 = PRESENTATION_LAYER_ASSIGNMENT (  '', '', ( #3234 ) ) ;
#2769 = SURFACE_STYLE_USAGE ( .BOTH. , #7025 ) ;
#2770 =( GEOMETRIC_REPRESENTATION_CONTEXT ( 3 ) GLOBAL_UNCERTAINTY_ASSIGNED_CONTEXT ( ( #2066 ) ) GLOBAL_UNIT_ASSIGNED_CONTEXT ( ( #4781, #448, #5483 ) ) REPRESENTATION_CONTEXT ( 'NONE', 'WORKASPACE' ) );
#2771 = CARTESIAN_POINT ( 'NONE',  ( -1.177500000000000200, 2.252718095034784300, 0.6724999999999939900 ) ) ;
#2772 = EDGE_LOOP ( 'NONE', ( #3782, #3665, #2241, #7646 ) ) ;
#2773 = EDGE_CURVE ( 'NONE', #5855, #3839, #3873, .T. ) ;
#2774 = CARTESIAN_POINT ( 'NONE',  ( -2.072500000000000200, 2.200000000000000200, 0.5274999999999939700 ) ) ;
#2775 = FILL_AREA_STYLE_COLOUR ( '', #1483 ) ;
#2776 = DIRECTION ( 'NONE',  ( -1.000000000000000000, -0.0000000000000000000, -0.0000000000000000000 ) ) ;
#2777 =( NAMED_UNIT ( * ) PLANE_ANGLE_UNIT ( ) SI_UNIT ( $, .RADIAN. ) );
#2778 = AXIS2_PLACEMENT_3D ( 'NONE', #2287, #5077, #2838 ) ;
#2779 = ADVANCED_FACE ( 'NONE', ( #1148 ), #4413, .F. ) ;
#2780 = DIRECTION ( 'NONE',  ( -0.0000000000000000000, -0.0000000000000000000, 1.000000000000000000 ) ) ;
#2781 = STYLED_ITEM ( 'NONE', ( #7699 ), #5857 ) ;
#2782 =( NAMED_UNIT ( * ) PLANE_ANGLE_UNIT ( ) SI_UNIT ( $, .RADIAN. ) );
#2783 = ORIENTED_EDGE ( 'NONE', *, *, #3332, .F. ) ;
#2784 = COLOUR_RGB ( '',1.000000000000000000, 1.000000000000000000, 1.000000000000000000 ) ;
#2785 = CARTESIAN_POINT ( 'NONE',  ( -1.827500000000000100, 2.200000000000000200, 0.6724999999999941000 ) ) ;
#2786 = VECTOR ( 'NONE', #1881, 1000.000000000000200 ) ;
#2787 =( NAMED_UNIT ( * ) SI_UNIT ( $, .STERADIAN. ) SOLID_ANGLE_UNIT ( ) );
#2788 = DIRECTION ( 'NONE',  ( -1.000000000000000000, 0.0000000000000000000, -0.0000000000000000000 ) ) ;
#2789 = FACE_OUTER_BOUND ( 'NONE', #5852, .T. ) ;
#2790 = DIRECTION ( 'NONE',  ( 1.000000000000000000, 0.0000000000000000000, 0.0000000000000000000 ) ) ;
#2791 = EDGE_CURVE ( 'NONE', #232, #7211, #1245, .T. ) ;
#2792 = LINE ( 'NONE', #7141, #3807 ) ;
#2793 = EDGE_CURVE ( 'NONE', #7195, #2157, #3181, .T. ) ;
#2794 = CARTESIAN_POINT ( 'NONE',  ( -1.177500000000000200, 2.591346881151208100, 0.04185388424647555600 ) ) ;
#2795 =( LENGTH_UNIT ( ) NAMED_UNIT ( * ) SI_UNIT ( .MILLI., .METRE. ) );
#2796 = DIRECTION ( 'NONE',  ( 0.0000000000000000000, 0.0000000000000000000, 1.000000000000000000 ) ) ;
#2797 = DIRECTION ( 'NONE',  ( 1.000000000000000000, 0.0000000000000000000, 0.0000000000000000000 ) ) ;
#2798 = LINE ( 'NONE', #2771, #850 ) ;
#2799 = STYLED_ITEM ( 'NONE', ( #5949 ), #3107 ) ;
#2800 =( LENGTH_UNIT ( ) NAMED_UNIT ( * ) SI_UNIT ( .MILLI., .METRE. ) );
#2801 = FACE_OUTER_BOUND ( 'NONE', #3978, .T. ) ;
#2802 = SURFACE_STYLE_FILL_AREA ( #1865 ) ;
#2803 = STYLED_ITEM ( 'NONE', ( #7991 ), #222 ) ;
#2804 = DIRECTION ( 'NONE',  ( 1.000000000000000000, 0.0000000000000000000, -0.0000000000000000000 ) ) ;
#2805 = SURFACE_STYLE_USAGE ( .BOTH. , #7066 ) ;
#2806 = VERTEX_POINT ( 'NONE', #131 ) ;
#2807 = ORIENTED_EDGE ( 'NONE', *, *, #4161, .T. ) ;
#2808 = DIRECTION ( 'NONE',  ( -1.000000000000000000, 0.0000000000000000000, -0.0000000000000000000 ) ) ;
#2809 =( NAMED_UNIT ( * ) PLANE_ANGLE_UNIT ( ) SI_UNIT ( $, .RADIAN. ) );
#2810 = UNCERTAINTY_MEASURE_WITH_UNIT (LENGTH_MEASURE( 1.000000000000000100E-005 ), #395, 'distance_accuracy_value', 'NONE');
#2811 = MECHANICAL_DESIGN_GEOMETRIC_PRESENTATION_REPRESENTATION (  '', ( #1842 ), #3277 ) ;
#2812 = FILL_AREA_STYLE_COLOUR ( '', #8003 ) ;
#2813 = AXIS2_PLACEMENT_3D ( 'NONE', #1848, #3290, #8327 ) ;
#2814 = CARTESIAN_POINT ( 'NONE',  ( 2.072499999999999800, 2.591346881151208100, 0.04185388424647555600 ) ) ;
#2815 = DIRECTION ( 'NONE',  ( -1.000000000000000000, 0.0000000000000000000, -0.0000000000000000000 ) ) ;
#2816 = DIRECTION ( 'NONE',  ( 0.0000000000000000000, 0.06975647374412598200, -0.9975640502598242000 ) ) ;
#2817 = FACE_OUTER_BOUND ( 'NONE', #2627, .T. ) ;
#2818 = LINE ( 'NONE', #4678, #4492 ) ;
#2819 = CARTESIAN_POINT ( 'NONE',  ( 1.177499999999999800, -2.252718095034784300, 0.4274999999999940500 ) ) ;
#2820 = CARTESIAN_POINT ( 'NONE',  ( 0.1224999999999997800, 2.497121287348441900, 0.4445903360673038000 ) ) ;
#2821 = STYLED_ITEM ( 'NONE', ( #4562 ), #8945 ) ;
#2822 = DIRECTION ( 'NONE',  ( 0.0000000000000000000, -0.06975647374411951500, -0.9975640502598246400 ) ) ;
#2823 = DIRECTION ( 'NONE',  ( 0.0000000000000000000, 0.0000000000000000000, 1.000000000000000000 ) ) ;
#2824 = PLANE ( 'NONE',  #8908 ) ;
#2825 = ORIENTED_EDGE ( 'NONE', *, *, #5275, .F. ) ;
#2826 = ADVANCED_FACE ( 'NONE', ( #2969 ), #2021, .F. ) ;
#2827 = ORIENTED_EDGE ( 'NONE', *, *, #3375, .F. ) ;
#2828 = LINE ( 'NONE', #3398, #880 ) ;
#2829 = FACE_OUTER_BOUND ( 'NONE', #7987, .T. ) ;
#2830 = LINE ( 'NONE', #9393, #6619 ) ;
#2831 = CARTESIAN_POINT ( 'NONE',  ( 0.5274999999999997500, -2.497121287348441400, 0.4445903360673038000 ) ) ;
#2832 = COLOUR_RGB ( '',1.000000000000000000, 1.000000000000000000, 1.000000000000000000 ) ;
#2833 = AXIS2_PLACEMENT_3D ( 'NONE', #4103, #1210, #492 ) ;
#2834 = EDGE_LOOP ( 'NONE', ( #5750, #1433, #2961, #7319, #8714, #8557, #8, #295, #2608, #580, #9049, #6505 ) ) ;
#2835 = VERTEX_POINT ( 'NONE', #2314 ) ;
#2836 = FILL_AREA_STYLE ('',( #7819 ) ) ;
#2837 = AXIS2_PLACEMENT_3D ( 'NONE', #7135, #2868, #7873 ) ;
#2838 = DIRECTION ( 'NONE',  ( 0.0000000000000000000, -0.0000000000000000000, -1.000000000000000000 ) ) ;
#2839 =( LENGTH_UNIT ( ) NAMED_UNIT ( * ) SI_UNIT ( .MILLI., .METRE. ) );
#2840 = LINE ( 'NONE', #1202, #4732 ) ;
#2841 = VECTOR ( 'NONE', #2556, 1000.000000000000000 ) ;
#2842 = CARTESIAN_POINT ( 'NONE',  ( -0.5275000000000001900, -2.508680812192536400, 0.2792814291857203500 ) ) ;
#2843 = VERTEX_POINT ( 'NONE', #3630 ) ;
#2844 = EDGE_CURVE ( 'NONE', #1928, #2912, #7773, .T. ) ;
#2845 = EDGE_LOOP ( 'NONE', ( #4480, #3256, #414, #4263 ) ) ;
#2846 = CARTESIAN_POINT ( 'NONE',  ( -0.1225000000000002200, 2.591346881151208100, 0.04185388424647555600 ) ) ;
#2847 = VERTEX_POINT ( 'NONE', #3808 ) ;
#2848 = EDGE_CURVE ( 'NONE', #112, #4454, #4195, .T. ) ;
#2849 = DIRECTION ( 'NONE',  ( 1.000000000000000000, 0.0000000000000000000, 0.0000000000000000000 ) ) ;
#2850 = LINE ( 'NONE', #1069, #8599 ) ;
#2851 =( GEOMETRIC_REPRESENTATION_CONTEXT ( 3 ) GLOBAL_UNCERTAINTY_ASSIGNED_CONTEXT ( ( #3374 ) ) GLOBAL_UNIT_ASSIGNED_CONTEXT ( ( #1761, #6777, #2480 ) ) REPRESENTATION_CONTEXT ( 'NONE', 'WORKASPACE' ) );
#2852 = CIRCLE ( 'NONE', #771, 0.09999999999999988100 ) ;
#2853 = COLOUR_RGB ( '',1.000000000000000000, 1.000000000000000000, 1.000000000000000000 ) ;
#2854 = FACE_OUTER_BOUND ( 'NONE', #8635, .T. ) ;
#2855 = VERTEX_POINT ( 'NONE', #5254 ) ;
#2856 = MANIFOLD_SOLID_BREP ( 'Lead10', #6934 ) ;
#2857 = EDGE_LOOP ( 'NONE', ( #2728, #1691, #90, #8960 ) ) ;
#2858 = FILL_AREA_STYLE ('',( #4975 ) ) ;
#2859 = COLOUR_RGB ( '',1.000000000000000000, 1.000000000000000000, 1.000000000000000000 ) ;
#2860 = CARTESIAN_POINT ( 'NONE',  ( 1.177499999999999800, 2.252718095034784300, 0.4274999999999940500 ) ) ;
#2861 = ORIENTED_EDGE ( 'NONE', *, *, #2399, .T. ) ;
#2862 =( LENGTH_UNIT ( ) NAMED_UNIT ( * ) SI_UNIT ( .MILLI., .METRE. ) );
#2863 = EDGE_CURVE ( 'NONE', #3159, #8346, #2273, .T. ) ;
#2864 = LINE ( 'NONE', #4705, #4537 ) ;
#2865 = EDGE_CURVE ( 'NONE', #6161, #4072, #2047, .T. ) ;
#2866 = ORIENTED_EDGE ( 'NONE', *, *, #2531, .T. ) ;
#2867 = VECTOR ( 'NONE', #3697, 1000.000000000000000 ) ;
#2868 = DIRECTION ( 'NONE',  ( 1.000000000000000000, 0.0000000000000000000, 0.0000000000000000000 ) ) ;
#2869 = EDGE_LOOP ( 'NONE', ( #5440, #1, #3764, #7034 ) ) ;
#2870 = AXIS2_PLACEMENT_3D ( 'NONE', #2060, #7050, #2796 ) ;
#2871 = VECTOR ( 'NONE', #7753, 1000.000000000000000 ) ;
#2872 = VECTOR ( 'NONE', #440, 1000.000000000000000 ) ;
#2873 =( LENGTH_UNIT ( ) NAMED_UNIT ( * ) SI_UNIT ( .MILLI., .METRE. ) );
#2874 = DIRECTION ( 'NONE',  ( 1.000000000000000000, 8.673617379884035500E-017, 0.0000000000000000000 ) ) ;
#2875 = STYLED_ITEM ( 'NONE', ( #5233 ), #3911 ) ;
#2876 = ORIENTED_EDGE ( 'NONE', *, *, #5472, .T. ) ;
#2877 = PLANE ( 'NONE',  #9423 ) ;
#2878 = ORIENTED_EDGE ( 'NONE', *, *, #2579, .T. ) ;
#2879 = ADVANCED_FACE ( 'NONE', ( #1353 ), #8680, .F. ) ;
#2880 = PRESENTATION_STYLE_ASSIGNMENT (( #3775 ) ) ;
#2881 = CARTESIAN_POINT ( 'NONE',  ( -2.072500000000000200, 2.200000000000000200, 0.6724999999999941000 ) ) ;
#2882 = UNCERTAINTY_MEASURE_WITH_UNIT (LENGTH_MEASURE( 1.000000000000000100E-005 ), #8799, 'distance_accuracy_value', 'NONE');
#2883 = PLANE ( 'NONE',  #3221 ) ;
#2884 = SURFACE_STYLE_FILL_AREA ( #4051 ) ;
#2885 =( LENGTH_UNIT ( ) NAMED_UNIT ( * ) SI_UNIT ( .MILLI., .METRE. ) );
#2886 = VERTEX_POINT ( 'NONE', #7354 ) ;
#2887 = DIRECTION ( 'NONE',  ( 0.0000000000000000000, -1.000000000000000000, 2.056603471294124000E-015 ) ) ;
#2888 = SURFACE_SIDE_STYLE ('',( #812 ) ) ;
#2889 = FILL_AREA_STYLE ('',( #793 ) ) ;
#2890 = AXIS2_PLACEMENT_3D ( 'NONE', #4949, #610, #5681 ) ;
#2891 = CLOSED_SHELL ( 'NONE', ( #5631, #8500, #1783, #1716, #77, #9339, #6774, #1056, #5904, #5028, #1240, #8332, #7269, #1080 ) ) ;
#2892 = CARTESIAN_POINT ( 'NONE',  ( 2.500000000000000400, -2.200000000000000200, 0.5275000000000060800 ) ) ;
#2893 = DIRECTION ( 'NONE',  ( 1.000000000000000000, 0.0000000000000000000, -0.0000000000000000000 ) ) ;
#2894 = CARTESIAN_POINT ( 'NONE',  ( -1.177500000000000200, 2.601461569844106100, 0.1865006715341500400 ) ) ;
#2895 = DIRECTION ( 'NONE',  ( 0.0000000000000000000, -0.0000000000000000000, -1.000000000000000000 ) ) ;
#2896 = DIRECTION ( 'NONE',  ( -1.000000000000000000, -0.0000000000000000000, -0.0000000000000000000 ) ) ;
#2897 =( GEOMETRIC_REPRESENTATION_CONTEXT ( 3 ) GLOBAL_UNCERTAINTY_ASSIGNED_CONTEXT ( ( #2758 ) ) GLOBAL_UNIT_ASSIGNED_CONTEXT ( ( #8749, #5778, #5827 ) ) REPRESENTATION_CONTEXT ( 'NONE', 'WORKASPACE' ) );
#2898 = CARTESIAN_POINT ( 'NONE',  ( -1.424620215747131300, -1.124620215747131200, 1.090000000000000100 ) ) ;
#2899 = VECTOR ( 'NONE', #1142, 1000.000000000000200 ) ;
#2900 = STYLED_ITEM ( 'NONE', ( #1819 ), #5079 ) ;
#2901 = CARTESIAN_POINT ( 'NONE',  ( -0.1225000000000002200, 3.189885311307101700, 2.710505431213761100E-017 ) ) ;
#2902 =( NAMED_UNIT ( * ) SI_UNIT ( $, .STERADIAN. ) SOLID_ANGLE_UNIT ( ) );
#2903 = LINE ( 'NONE', #8903, #960 ) ;
#2904 = EDGE_CURVE ( 'NONE', #6945, #5112, #659, .T. ) ;
#2905 = DIRECTION ( 'NONE',  ( -0.0000000000000000000, 0.06975647374412208300, 0.9975640502598244200 ) ) ;
#2906 = PRESENTATION_STYLE_ASSIGNMENT (( #3119 ) ) ;
#2907 = AXIS2_PLACEMENT_3D ( 'NONE', #4905, #5616, #6235 ) ;
#2908 = DIRECTION ( 'NONE',  ( 1.000000000000000000, 0.0000000000000000000, 0.0000000000000000000 ) ) ;
#2909 = AXIS2_PLACEMENT_3D ( 'NONE', #6906, #9141, #3365 ) ;
#2910 = VECTOR ( 'NONE', #2130, 1000.000000000000200 ) ;
#2911 =( NAMED_UNIT ( * ) SI_UNIT ( $, .STERADIAN. ) SOLID_ANGLE_UNIT ( ) );
#2912 = VERTEX_POINT ( 'NONE', #7278 ) ;
#2913 = SURFACE_STYLE_USAGE ( .BOTH. , #19 ) ;
#2914 = CARTESIAN_POINT ( 'NONE',  ( -0.5275000000000001900, 2.608437217218518600, 0.2862570765601325000 ) ) ;
#2915 = DIRECTION ( 'NONE',  ( 0.0000000000000000000, 0.06975647374411951500, 0.9975640502598246400 ) ) ;
#2916 = CARTESIAN_POINT ( 'NONE',  ( -2.072500000000000200, 2.252718095034783400, 0.5274999999999934200 ) ) ;
#2917 = LINE ( 'NONE', #466, #2680 ) ;
#2918 = EDGE_CURVE ( 'NONE', #2806, #9337, #8108, .T. ) ;
#2919 = DIRECTION ( 'NONE',  ( 1.000000000000000000, 0.0000000000000000000, 0.0000000000000000000 ) ) ;
#2920 = EDGE_CURVE ( 'NONE', #8752, #8438, #2614, .T. ) ;
#2921 = ORIENTED_EDGE ( 'NONE', *, *, #1391, .T. ) ;
#2922 =( NAMED_UNIT ( * ) SI_UNIT ( $, .STERADIAN. ) SOLID_ANGLE_UNIT ( ) );
#2923 = ADVANCED_FACE ( 'NONE', ( #4308 ), #3390, .T. ) ;
#2924 = SURFACE_SIDE_STYLE ('',( #7244 ) ) ;
#2925 = LINE ( 'NONE', #8552, #2689 ) ;
#2926 = STYLED_ITEM ( 'NONE', ( #3184 ), #6821 ) ;
#2927 =( GEOMETRIC_REPRESENTATION_CONTEXT ( 3 ) GLOBAL_UNCERTAINTY_ASSIGNED_CONTEXT ( ( #3977 ) ) GLOBAL_UNIT_ASSIGNED_CONTEXT ( ( #7040, #2782, #7789 ) ) REPRESENTATION_CONTEXT ( 'NONE', 'WORKASPACE' ) );
#2928 =( NAMED_UNIT ( * ) SI_UNIT ( $, .STERADIAN. ) SOLID_ANGLE_UNIT ( ) );
#2929 = PRESENTATION_STYLE_ASSIGNMENT (( #5055 ) ) ;
#2930 = UNCERTAINTY_MEASURE_WITH_UNIT (LENGTH_MEASURE( 1.000000000000000100E-005 ), #7539, 'distance_accuracy_value', 'NONE');
#2931 = PRESENTATION_LAYER_ASSIGNMENT (  '', '', ( #2431 ) ) ;
#2932 = SURFACE_STYLE_USAGE ( .BOTH. , #2963 ) ;
#2933 = SURFACE_STYLE_USAGE ( .BOTH. , #7206 ) ;
#2934 = SURFACE_SIDE_STYLE ('',( #4098 ) ) ;
#2935 = MECHANICAL_DESIGN_GEOMETRIC_PRESENTATION_REPRESENTATION (  '', ( #1966 ), #3406 ) ;
#2936 = SURFACE_STYLE_USAGE ( .BOTH. , #7213 ) ;
#2937 = ORIENTED_EDGE ( 'NONE', *, *, #2220, .F. ) ;
#2938 = AXIS2_PLACEMENT_3D ( 'NONE', #1442, #6469, #2184 ) ;
#2939 = CARTESIAN_POINT ( 'NONE',  ( 0.7724999999999997400, 2.252718095034784300, 0.4274999999999940500 ) ) ;
#2940 = SURFACE_STYLE_FILL_AREA ( #8887 ) ;
#2941 = FILL_AREA_STYLE ('',( #5863 ) ) ;
#2942 = VECTOR ( 'NONE', #8524, 1000.000000000000000 ) ;
#2943 = DIRECTION ( 'NONE',  ( 0.0000000000000000000, 0.0000000000000000000, -1.000000000000000000 ) ) ;
#2944 = VERTEX_POINT ( 'NONE', #213 ) ;
#2945 = VERTEX_POINT ( 'NONE', #180 ) ;
#2946 = DIRECTION ( 'NONE',  ( 0.0000000000000000000, 0.0000000000000000000, 1.000000000000000000 ) ) ;
#2947 =( GEOMETRIC_REPRESENTATION_CONTEXT ( 3 ) GLOBAL_UNCERTAINTY_ASSIGNED_CONTEXT ( ( #750 ) ) GLOBAL_UNIT_ASSIGNED_CONTEXT ( ( #4077, #2560, #3032 ) ) REPRESENTATION_CONTEXT ( 'NONE', 'WORKASPACE' ) );
#2948 = ORIENTED_EDGE ( 'NONE', *, *, #1884, .F. ) ;
#2949 =( LENGTH_UNIT ( ) NAMED_UNIT ( * ) SI_UNIT ( .MILLI., .METRE. ) );
#2950 = VECTOR ( 'NONE', #8971, 1000.000000000000000 ) ;
#2951 = VECTOR ( 'NONE', #9402, 1000.000000000000000 ) ;
#2952 = ORIENTED_EDGE ( 'NONE', *, *, #7832, .F. ) ;
#2953 = DIRECTION ( 'NONE',  ( -1.000000000000000000, 0.0000000000000000000, -0.0000000000000000000 ) ) ;
#2954 = ORIENTED_EDGE ( 'NONE', *, *, #2339, .F. ) ;
#2955 = FILL_AREA_STYLE ('',( #1443 ) ) ;
#2956 = ORIENTED_EDGE ( 'NONE', *, *, #6066, .F. ) ;
#2957 = EDGE_CURVE ( 'NONE', #7957, #5871, #1693, .T. ) ;
#2958 = EDGE_LOOP ( 'NONE', ( #3953, #634, #9125, #4737 ) ) ;
#2959 = CARTESIAN_POINT ( 'NONE',  ( -1.177500000000000200, -2.252718095034784300, 0.4274999999999940500 ) ) ;
#2960 = AXIS2_PLACEMENT_3D ( 'NONE', #4284, #4257, #5927 ) ;
#2961 = ORIENTED_EDGE ( 'NONE', *, *, #503, .T. ) ;
#2962 = VECTOR ( 'NONE', #9418, 1000.000000000000000 ) ;
#2963 = SURFACE_SIDE_STYLE ('',( #6387 ) ) ;
#2964 = SURFACE_SIDE_STYLE ('',( #3010 ) ) ;
#2965 = STYLED_ITEM ( 'NONE', ( #6800 ), #5721 ) ;
#2966 = EDGE_LOOP ( 'NONE', ( #9380, #9422, #4947, #3579 ) ) ;
#2967 = ORIENTED_EDGE ( 'NONE', *, *, #4389, .F. ) ;
#2968 = DIRECTION ( 'NONE',  ( 0.0000000000000000000, -0.9975640502598245300, 0.06975647374412209700 ) ) ;
#2969 = FACE_OUTER_BOUND ( 'NONE', #7332, .T. ) ;
#2970 = ORIENTED_EDGE ( 'NONE', *, *, #1208, .T. ) ;
#2971 = ADVANCED_FACE ( 'NONE', ( #1465 ), #438, .F. ) ;
#2972 = CARTESIAN_POINT ( 'NONE',  ( 0.7724999999999997400, -2.608437217218518600, 0.2862570765601325000 ) ) ;
#2973 = DIRECTION ( 'NONE',  ( 0.0000000000000000000, 0.0000000000000000000, 1.000000000000000000 ) ) ;
#2974 = FACE_OUTER_BOUND ( 'NONE', #2497, .T. ) ;
#2975 = ORIENTED_EDGE ( 'NONE', *, *, #4177, .T. ) ;
#2976 = DIRECTION ( 'NONE',  ( -0.0000000000000000000, 0.9975640502598240900, 0.06975647374412817500 ) ) ;
#2977 = CARTESIAN_POINT ( 'NONE',  ( 1.177499999999999800, -2.601461569844106100, 0.1865006715341500400 ) ) ;
#2978 = EDGE_CURVE ( 'NONE', #8564, #2027, #774, .T. ) ;
#2979 = ORIENTED_EDGE ( 'NONE', *, *, #7949, .F. ) ;
#2980 = DIRECTION ( 'NONE',  ( -1.000000000000000000, -0.0000000000000000000, -0.0000000000000000000 ) ) ;
#2981 = PLANE ( 'NONE',  #1537 ) ;
#2982 = ORIENTED_EDGE ( 'NONE', *, *, #701, .F. ) ;
#2983 = CARTESIAN_POINT ( 'NONE',  ( -1.827500000000000100, -2.601461569844106100, 0.1865006715341501500 ) ) ;
#2984 = VECTOR ( 'NONE', #5581, 1000.000000000000000 ) ;
#2985 = FACE_OUTER_BOUND ( 'NONE', #2772, .T. ) ;
#2986 = VERTEX_POINT ( 'NONE', #3237 ) ;
#2987 = CIRCLE ( 'NONE', #7010, 0.09999999999999945000 ) ;
#2988 = DIRECTION ( 'NONE',  ( 0.0000000000000000000, -1.000000000000000000, 0.0000000000000000000 ) ) ;
#2989 =( NAMED_UNIT ( * ) PLANE_ANGLE_UNIT ( ) SI_UNIT ( $, .RADIAN. ) );
#2990 = ORIENTED_EDGE ( 'NONE', *, *, #2791, .T. ) ;
#2991 =( GEOMETRIC_REPRESENTATION_CONTEXT ( 3 ) GLOBAL_UNCERTAINTY_ASSIGNED_CONTEXT ( ( #8041 ) ) GLOBAL_UNIT_ASSIGNED_CONTEXT ( ( #1760, #7597, #4711 ) ) REPRESENTATION_CONTEXT ( 'NONE', 'WORKASPACE' ) );
#2992 = LINE ( 'NONE', #2141, #6548 ) ;
#2993 = ORIENTED_EDGE ( 'NONE', *, *, #2704, .T. ) ;
#2994 = CARTESIAN_POINT ( 'NONE',  ( 1.177499999999999800, -3.189885311307101700, 2.710505431213761100E-017 ) ) ;
#2995 = CARTESIAN_POINT ( 'NONE',  ( -1.827500000000000100, -2.200000000000000200, 0.6724999999999941000 ) ) ;
#2996 = VECTOR ( 'NONE', #9377, 1000.000000000000000 ) ;
#2997 = EDGE_CURVE ( 'NONE', #8031, #3839, #2720, .T. ) ;
#2998 = ORIENTED_EDGE ( 'NONE', *, *, #8473, .F. ) ;
#2999 = LINE ( 'NONE', #6272, #4880 ) ;
#3000 = CARTESIAN_POINT ( 'NONE',  ( -1.177500000000000200, 2.252718095034784300, 0.4274999999999940500 ) ) ;
#3001 = ORIENTED_EDGE ( 'NONE', *, *, #8967, .F. ) ;
#3002 = LINE ( 'NONE', #8428, #356 ) ;
#3003 = EDGE_LOOP ( 'NONE', ( #9026, #1907, #8350, #8142, #7929, #7747, #2861, #8571 ) ) ;
#3004 = DIRECTION ( 'NONE',  ( 0.0000000000000000000, -0.06975647374411951500, -0.9975640502598246400 ) ) ;
#3005 = AXIS2_PLACEMENT_3D ( 'NONE', #4516, #168, #5228 ) ;
#3006 = UNCERTAINTY_MEASURE_WITH_UNIT (LENGTH_MEASURE( 1.000000000000000100E-005 ), #6670, 'distance_accuracy_value', 'NONE');
#3007 = COLOUR_RGB ( '',1.000000000000000000, 1.000000000000000000, 1.000000000000000000 ) ;
#3008 = ORIENTED_EDGE ( 'NONE', *, *, #3150, .F. ) ;
#3009 = DIRECTION ( 'NONE',  ( -0.0000000000000000000, 0.0000000000000000000, 1.000000000000000000 ) ) ;
#3010 = SURFACE_STYLE_FILL_AREA ( #7245 ) ;
#3011 = DIRECTION ( 'NONE',  ( -0.0000000000000000000, 0.06975647374412208300, 0.9975640502598244200 ) ) ;
#3012 = CARTESIAN_POINT ( 'NONE',  ( -0.5275000000000001900, 2.508680812192536400, 0.2792814291857203500 ) ) ;
#3013 = ORIENTED_EDGE ( 'NONE', *, *, #3700, .F. ) ;
#3014 = PRESENTATION_STYLE_ASSIGNMENT (( #4643 ) ) ;
#3015 = FILL_AREA_STYLE_COLOUR ( '', #428 ) ;
#3016 = VECTOR ( 'NONE', #398, 1000.000000000000200 ) ;
#3017 = ADVANCED_FACE ( 'NONE', ( #2486 ), #8656, .F. ) ;
#3018 =( GEOMETRIC_REPRESENTATION_CONTEXT ( 3 ) GLOBAL_UNCERTAINTY_ASSIGNED_CONTEXT ( ( #2055 ) ) GLOBAL_UNIT_ASSIGNED_CONTEXT ( ( #6253, #7596, #8384 ) ) REPRESENTATION_CONTEXT ( 'NONE', 'WORKASPACE' ) );
#3019 = CIRCLE ( 'NONE', #9133, 0.2450000000000001600 ) ;
#3020 =( GEOMETRIC_REPRESENTATION_CONTEXT ( 3 ) GLOBAL_UNCERTAINTY_ASSIGNED_CONTEXT ( ( #8213 ) ) GLOBAL_UNIT_ASSIGNED_CONTEXT ( ( #1263, #6280, #2003 ) ) REPRESENTATION_CONTEXT ( 'NONE', 'WORKASPACE' ) );
#3021 = CARTESIAN_POINT ( 'NONE',  ( -0.5275000000000001900, -2.252718095034784300, 0.6724999999999939900 ) ) ;
#3022 = EDGE_CURVE ( 'NONE', #8498, #2986, #9293, .T. ) ;
#3023 =( NAMED_UNIT ( * ) PLANE_ANGLE_UNIT ( ) SI_UNIT ( $, .RADIAN. ) );
#3024 = VECTOR ( 'NONE', #542, 1000.000000000000100 ) ;
#3025 = LINE ( 'NONE', #4683, #4699 ) ;
#3026 = EDGE_CURVE ( 'NONE', #2027, #212, #5627, .T. ) ;
#3027 = DIRECTION ( 'NONE',  ( -1.000000000000000000, 0.0000000000000000000, -0.0000000000000000000 ) ) ;
#3028 = COLOUR_RGB ( '',1.000000000000000000, 1.000000000000000000, 1.000000000000000000 ) ;
#3029 = MECHANICAL_DESIGN_GEOMETRIC_PRESENTATION_REPRESENTATION (  '', ( #2054 ), #3493 ) ;
#3030 = CARTESIAN_POINT ( 'NONE',  ( 1.177499999999999800, 2.200000000000000200, 0.5274999999999939700 ) ) ;
#3031 = DIRECTION ( 'NONE',  ( 0.0000000000000000000, -0.9975640502598243100, -0.06975647374412599600 ) ) ;
#3032 =( NAMED_UNIT ( * ) SI_UNIT ( $, .STERADIAN. ) SOLID_ANGLE_UNIT ( ) );
#3033 = FILL_AREA_STYLE_COLOUR ( '', #227 ) ;
#3034 = ORIENTED_EDGE ( 'NONE', *, *, #8789, .F. ) ;
#3035 = CARTESIAN_POINT ( 'NONE',  ( -0.5275000000000001900, 2.601461569844106100, 0.1865006715341501500 ) ) ;
#3036 = EDGE_CURVE ( 'NONE', #932, #5504, #1815, .T. ) ;
#3037 =( NAMED_UNIT ( * ) SI_UNIT ( $, .STERADIAN. ) SOLID_ANGLE_UNIT ( ) );
#3038 = EDGE_CURVE ( 'NONE', #512, #5635, #3498, .T. ) ;
#3039 = DIRECTION ( 'NONE',  ( -1.000000000000000000, -0.0000000000000000000, -0.0000000000000000000 ) ) ;
#3040 = PLANE ( 'NONE',  #3954 ) ;
#3041 = VERTEX_POINT ( 'NONE', #2892 ) ;
#3042 = UNCERTAINTY_MEASURE_WITH_UNIT (LENGTH_MEASURE( 1.000000000000000100E-005 ), #7175, 'distance_accuracy_value', 'NONE');
#3043 = AXIS2_PLACEMENT_3D ( 'NONE', #8367, #4056, #9116 ) ;
#3044 = AXIS2_PLACEMENT_3D ( 'NONE', #1719, #8194, #3915 ) ;
#3045 = PLANE ( 'NONE',  #7695 ) ;
#3046 = EDGE_LOOP ( 'NONE', ( #1186, #1366, #8359, #7415 ) ) ;
#3047 = AXIS2_PLACEMENT_3D ( 'NONE', #2137, #931, #892 ) ;
#3048 = DIRECTION ( 'NONE',  ( -1.000000000000000000, -0.0000000000000000000, -0.0000000000000000000 ) ) ;
#3049 = ORIENTED_EDGE ( 'NONE', *, *, #7522, .F. ) ;
#3050 = LINE ( 'NONE', #3794, #4939 ) ;
#3051 = ORIENTED_EDGE ( 'NONE', *, *, #7636, .F. ) ;
#3052 = CIRCLE ( 'NONE', #2740, 0.09999999999999945000 ) ;
#3053 = CARTESIAN_POINT ( 'NONE',  ( 1.422499999999999700, 2.601461569844106100, 0.1865006715341501500 ) ) ;
#3054 = AXIS2_PLACEMENT_3D ( 'NONE', #1156, #6140, #6165 ) ;
#3055 = ADVANCED_FACE ( 'NONE', ( #5177 ), #646, .T. ) ;
#3056 = FILL_AREA_STYLE_COLOUR ( '', #1017 ) ;
#3057 = EDGE_LOOP ( 'NONE', ( #4596, #4311, #1022, #772 ) ) ;
#3058 = DIRECTION ( 'NONE',  ( 0.0000000000000000000, 0.0000000000000000000, 1.000000000000000000 ) ) ;
#3059 = ORIENTED_EDGE ( 'NONE', *, *, #5471, .T. ) ;
#3060 = DIRECTION ( 'NONE',  ( 1.000000000000000000, 0.0000000000000000000, -0.0000000000000000000 ) ) ;
#3061 = DIRECTION ( 'NONE',  ( 0.0000000000000000000, -0.06975647374412208300, 0.9975640502598244200 ) ) ;
#3062 = VECTOR ( 'NONE', #8166, 1000.000000000000000 ) ;
#3063 = ORIENTED_EDGE ( 'NONE', *, *, #4305, .F. ) ;
#3064 = DIRECTION ( 'NONE',  ( 0.0000000000000000000, 0.0000000000000000000, -1.000000000000000000 ) ) ;
#3065 = MECHANICAL_DESIGN_GEOMETRIC_PRESENTATION_REPRESENTATION (  '', ( #1115 ), #3548 ) ;
#3066 = ORIENTED_EDGE ( 'NONE', *, *, #1260, .F. ) ;
#3067 = ORIENTED_EDGE ( 'NONE', *, *, #7148, .T. ) ;
#3068 = CARTESIAN_POINT ( 'NONE',  ( 2.072499999999999800, -2.608437217218518600, 0.2862570765601324400 ) ) ;
#3069 = MECHANICAL_DESIGN_GEOMETRIC_PRESENTATION_REPRESENTATION (  '', ( #2094 ), #3550 ) ;
#3070 = DIRECTION ( 'NONE',  ( 1.000000000000000000, 0.0000000000000000000, 0.0000000000000000000 ) ) ;
#3071 = LINE ( 'NONE', #3368, #1137 ) ;
#3072 = VECTOR ( 'NONE', #8917, 1000.000000000000100 ) ;
#3073 = CARTESIAN_POINT ( 'NONE',  ( -2.750000000000000000, 2.200000000000000200, 0.6724999999999941000 ) ) ;
#3074 = VECTOR ( 'NONE', #5049, 1000.000000000000000 ) ;
#3075 = LINE ( 'NONE', #8529, #4747 ) ;
#3076 = EDGE_CURVE ( 'NONE', #2518, #4937, #4509, .T. ) ;
#3077 = VERTEX_POINT ( 'NONE', #4040 ) ;
#3078 = CARTESIAN_POINT ( 'NONE',  ( 0.1224999999999997800, -2.200000000000000200, 0.6724999999999941000 ) ) ;
#3079 = ORIENTED_EDGE ( 'NONE', *, *, #7649, .F. ) ;
#3080 = DIRECTION ( 'NONE',  ( 0.0000000000000000000, 0.06975647374412598200, -0.9975640502598242000 ) ) ;
#3081 = VECTOR ( 'NONE', #3248, 1000.000000000000000 ) ;
#3082 = MECHANICAL_DESIGN_GEOMETRIC_PRESENTATION_REPRESENTATION (  '', ( #2106 ), #3561 ) ;
#3083 = VERTEX_POINT ( 'NONE', #2118 ) ;
#3084 = SURFACE_STYLE_FILL_AREA ( #5608 ) ;
#3085 =( NAMED_UNIT ( * ) PLANE_ANGLE_UNIT ( ) SI_UNIT ( $, .RADIAN. ) );
#3086 = STYLED_ITEM ( 'NONE', ( #5218 ), #5996 ) ;
#3087 = CARTESIAN_POINT ( 'NONE',  ( 1.422499999999999700, 2.364034024904861500, 0.2691667404928227400 ) ) ;
#3088 = EDGE_LOOP ( 'NONE', ( #7589, #5305, #6966, #7527 ) ) ;
#3089 = FILL_AREA_STYLE_COLOUR ( '', #3514 ) ;
#3090 = ORIENTED_EDGE ( 'NONE', *, *, #6898, .F. ) ;
#3091 =( LENGTH_UNIT ( ) NAMED_UNIT ( * ) SI_UNIT ( .MILLI., .METRE. ) );
#3092 = DIRECTION ( 'NONE',  ( 0.0000000000000000000, 0.06975647374411951500, -0.9975640502598246400 ) ) ;
#3093 = SURFACE_STYLE_FILL_AREA ( #2941 ) ;
#3094 = EDGE_CURVE ( 'NONE', #6937, #5851, #6172, .T. ) ;
#3095 = EDGE_CURVE ( 'NONE', #6964, #7679, #2600, .T. ) ;
#3096 = ORIENTED_EDGE ( 'NONE', *, *, #8055, .F. ) ;
#3097 = PLANE ( 'NONE',  #6755 ) ;
#3098 = VERTEX_POINT ( 'NONE', #8868 ) ;
#3099 = UNCERTAINTY_MEASURE_WITH_UNIT (LENGTH_MEASURE( 1.000000000000000100E-005 ), #3460, 'distance_accuracy_value', 'NONE');
#3100 = DIRECTION ( 'NONE',  ( 0.0000000000000000000, 0.0000000000000000000, -1.000000000000000000 ) ) ;
#3101 = LINE ( 'NONE', #841, #6890 ) ;
#3102 = MECHANICAL_DESIGN_GEOMETRIC_PRESENTATION_REPRESENTATION (  '', ( #1627 ), #3578 ) ;
#3103 = FACE_OUTER_BOUND ( 'NONE', #3872, .T. ) ;
#3104 = FACE_OUTER_BOUND ( 'NONE', #9442, .T. ) ;
#3105 =( GEOMETRIC_REPRESENTATION_CONTEXT ( 3 ) GLOBAL_UNCERTAINTY_ASSIGNED_CONTEXT ( ( #2573 ) ) GLOBAL_UNIT_ASSIGNED_CONTEXT ( ( #5452, #2809, #6939 ) ) REPRESENTATION_CONTEXT ( 'NONE', 'WORKASPACE' ) );
#3106 = EDGE_LOOP ( 'NONE', ( #8371, #3284, #3962, #5207 ) ) ;
#3107 = ADVANCED_FACE ( 'NONE', ( #423 ), #664, .F. ) ;
#3108 = CARTESIAN_POINT ( 'NONE',  ( 1.422499999999999700, -2.508680812192536400, 0.2792814291857203500 ) ) ;
#3109 = PRESENTATION_LAYER_ASSIGNMENT (  '', '', ( #2619 ) ) ;
#3110 = UNCERTAINTY_MEASURE_WITH_UNIT (LENGTH_MEASURE( 1.000000000000000100E-005 ), #639, 'distance_accuracy_value', 'NONE');
#3111 = VECTOR ( 'NONE', #2686, 1000.000000000000000 ) ;
#3112 = CARTESIAN_POINT ( 'NONE',  ( -2.072500000000000200, 2.508680812192536400, 0.2792814291857203500 ) ) ;
#3113 = FACE_OUTER_BOUND ( 'NONE', #9290, .T. ) ;
#3114 = DIRECTION ( 'NONE',  ( 0.0000000000000000000, 0.9975640502598242000, 0.06975647374412598200 ) ) ;
#3115 = AXIS2_PLACEMENT_3D ( 'NONE', #6173, #2788, #1337 ) ;
#3116 = DIRECTION ( 'NONE',  ( 1.000000000000000000, -0.0000000000000000000, -0.0000000000000000000 ) ) ;
#3117 = MECHANICAL_DESIGN_GEOMETRIC_PRESENTATION_REPRESENTATION (  '', ( #2134 ), #3591 ) ;
#3118 = SURFACE_STYLE_FILL_AREA ( #2597 ) ;
#3119 = SURFACE_STYLE_USAGE ( .BOTH. , #7385 ) ;
#3120 = ORIENTED_EDGE ( 'NONE', *, *, #5883, .F. ) ;
#3121 = FILL_AREA_STYLE_COLOUR ( '', #5846 ) ;
#3122 = CARTESIAN_POINT ( 'NONE',  ( 0.5274999999999997500, 2.200000000000000200, 0.6724999999999941000 ) ) ;
#3123 =( GEOMETRIC_REPRESENTATION_CONTEXT ( 3 ) GLOBAL_UNCERTAINTY_ASSIGNED_CONTEXT ( ( #5788 ) ) GLOBAL_UNIT_ASSIGNED_CONTEXT ( ( #7502, #7606, #5689 ) ) REPRESENTATION_CONTEXT ( 'NONE', 'WORKASPACE' ) );
#3124 = VERTEX_POINT ( 'NONE', #247 ) ;
#3125 = CARTESIAN_POINT ( 'NONE',  ( -2.750000000000000000, -2.200000000000000200, 0.6724999999999941000 ) ) ;
#3126 = AXIS2_PLACEMENT_3D ( 'NONE', #769, #5813, #1517 ) ;
#3127 = PLANE ( 'NONE',  #288 ) ;
#3128 = DIRECTION ( 'NONE',  ( 0.0000000000000000000, 0.9975640502598242000, 0.06975647374412598200 ) ) ;
#3129 = DIRECTION ( 'NONE',  ( 0.0000000000000000000, 0.0000000000000000000, -1.000000000000000000 ) ) ;
#3130 = CARTESIAN_POINT ( 'NONE',  ( -0.5275000000000001900, -2.200000000000000200, 0.6724999999999941000 ) ) ;
#3131 =( GEOMETRIC_REPRESENTATION_CONTEXT ( 3 ) GLOBAL_UNCERTAINTY_ASSIGNED_CONTEXT ( ( #9057 ) ) GLOBAL_UNIT_ASSIGNED_CONTEXT ( ( #7116, #8897, #7830 ) ) REPRESENTATION_CONTEXT ( 'NONE', 'WORKASPACE' ) );
#3132 = CARTESIAN_POINT ( 'NONE',  ( -0.5275000000000001900, 2.364034024904861500, 0.2691667404928227400 ) ) ;
#3133 =( LENGTH_UNIT ( ) NAMED_UNIT ( * ) SI_UNIT ( .MILLI., .METRE. ) );
#3134 = AXIS2_PLACEMENT_3D ( 'NONE', #5932, #1635, #6663 ) ;
#3135 = LINE ( 'NONE', #8374, #8888 ) ;
#3136 = DIRECTION ( 'NONE',  ( 0.0000000000000000000, 0.06975647374412599600, 0.9975640502598242000 ) ) ;
#3137 = DIRECTION ( 'NONE',  ( 0.0000000000000000000, -1.000000000000000000, 0.0000000000000000000 ) ) ;
#3138 = ORIENTED_EDGE ( 'NONE', *, *, #2661, .F. ) ;
#3139 = SURFACE_SIDE_STYLE ('',( #2198 ) ) ;
#3140 = DIRECTION ( 'NONE',  ( 0.0000000000000000000, 0.06975647374411951500, -0.9975640502598246400 ) ) ;
#3141 = DIRECTION ( 'NONE',  ( 1.000000000000000000, -0.0000000000000000000, -0.0000000000000000000 ) ) ;
#3142 = EDGE_CURVE ( 'NONE', #4733, #8031, #2360, .T. ) ;
#3143 = ORIENTED_EDGE ( 'NONE', *, *, #2414, .F. ) ;
#3144 = MECHANICAL_DESIGN_GEOMETRIC_PRESENTATION_REPRESENTATION (  '', ( #1203 ), #3766 ) ;
#3145 = ADVANCED_FACE ( 'NONE', ( #7186 ), #762, .F. ) ;
#3146 = CARTESIAN_POINT ( 'NONE',  ( -0.1225000000000002200, -3.189885311307101700, 2.710505431213761100E-017 ) ) ;
#3147 = MECHANICAL_DESIGN_GEOMETRIC_PRESENTATION_REPRESENTATION (  '', ( #1678 ), #3632 ) ;
#3148 = ORIENTED_EDGE ( 'NONE', *, *, #7584, .T. ) ;
#3149 = UNCERTAINTY_MEASURE_WITH_UNIT (LENGTH_MEASURE( 1.000000000000000100E-005 ), #7729, 'distance_accuracy_value', 'NONE');
#3150 = EDGE_CURVE ( 'NONE', #5871, #2113, #2708, .T. ) ;
#3151 = EDGE_CURVE ( 'NONE', #788, #2855, #4616, .T. ) ;
#3152 = DIRECTION ( 'NONE',  ( 0.0000000000000000000, -0.06975647374411951500, -0.9975640502598246400 ) ) ;
#3153 = PRESENTATION_STYLE_ASSIGNMENT (( #9314 ) ) ;
#3154 =( NAMED_UNIT ( * ) PLANE_ANGLE_UNIT ( ) SI_UNIT ( $, .RADIAN. ) );
#3155 = VECTOR ( 'NONE', #6901, 999.9999999999998900 ) ;
#3156 = DIRECTION ( 'NONE',  ( -1.000000000000000000, 0.0000000000000000000, -0.0000000000000000000 ) ) ;
#3157 = ORIENTED_EDGE ( 'NONE', *, *, #8664, .F. ) ;
#3158 = AXIS2_PLACEMENT_3D ( 'NONE', #6497, #2214, #7233 ) ;
#3159 = VERTEX_POINT ( 'NONE', #271 ) ;
#3160 = PRESENTATION_LAYER_ASSIGNMENT (  '', '', ( #2196 ) ) ;
#3161 = SURFACE_STYLE_USAGE ( .BOTH. , #7447 ) ;
#3162 = CIRCLE ( 'NONE', #6251, 0.09999999999999988100 ) ;
#3163 = FACE_OUTER_BOUND ( 'NONE', #4316, .T. ) ;
#3164 = SURFACE_STYLE_USAGE ( .BOTH. , #6627 ) ;
#3165 = ADVANCED_FACE ( 'NONE', ( #4398 ), #8780, .F. ) ;
#3166 = VECTOR ( 'NONE', #1818, 1000.000000000000100 ) ;
#3167 = ORIENTED_EDGE ( 'NONE', *, *, #7708, .T. ) ;
#3168 = FILL_AREA_STYLE ('',( #4554 ) ) ;
#3169 = EDGE_LOOP ( 'NONE', ( #3944, #1482, #4879, #4856 ) ) ;
#3170 =( LENGTH_UNIT ( ) NAMED_UNIT ( * ) SI_UNIT ( .MILLI., .METRE. ) );
#3171 = VERTEX_POINT ( 'NONE', #302 ) ;
#3172 = DIRECTION ( 'NONE',  ( -1.000000000000000000, 0.0000000000000000000, -0.0000000000000000000 ) ) ;
#3173 = PRESENTATION_LAYER_ASSIGNMENT (  '', '', ( #3663 ) ) ;
#3174 = VECTOR ( 'NONE', #5215, 1000.000000000000000 ) ;
#3175 = SURFACE_STYLE_USAGE ( .BOTH. , #7460 ) ;
#3176 = PLANE ( 'NONE',  #3044 ) ;
#3177 = ORIENTED_EDGE ( 'NONE', *, *, #4755, .F. ) ;
#3178 = CARTESIAN_POINT ( 'NONE',  ( -0.1225000000000002200, -2.497121287348441900, 0.4445903360673038000 ) ) ;
#3179 = VERTEX_POINT ( 'NONE', #985 ) ;
#3180 = SURFACE_STYLE_USAGE ( .BOTH. , #7468 ) ;
#3181 = LINE ( 'NONE', #1136, #4854 ) ;
#3182 = VERTEX_POINT ( 'NONE', #1647 ) ;
#3183 = DIRECTION ( 'NONE',  ( -1.000000000000000000, 0.0000000000000000000, 0.0000000000000000000 ) ) ;
#3184 = PRESENTATION_STYLE_ASSIGNMENT (( #4400 ) ) ;
#3185 = ORIENTED_EDGE ( 'NONE', *, *, #6132, .F. ) ;
#3186 = DIRECTION ( 'NONE',  ( 0.0000000000000000000, 0.0000000000000000000, 1.000000000000000000 ) ) ;
#3187 = PRESENTATION_LAYER_ASSIGNMENT (  '', '', ( #2699 ) ) ;
#3188 = FACE_OUTER_BOUND ( 'NONE', #5882, .T. ) ;
#3189 = DIRECTION ( 'NONE',  ( -1.000000000000000000, -0.0000000000000000000, -0.0000000000000000000 ) ) ;
#3190 = VERTEX_POINT ( 'NONE', #7083 ) ;
#3191 = ADVANCED_FACE ( 'NONE', ( #9280 ), #4253, .F. ) ;
#3192 = CARTESIAN_POINT ( 'NONE',  ( 0.1224999999999997800, 2.200000000000000200, 0.5274999999999939700 ) ) ;
#3193 = CIRCLE ( 'NONE', #303, 0.2450000000000001600 ) ;
#3194 = ORIENTED_EDGE ( 'NONE', *, *, #5529, .F. ) ;
#3195 = EDGE_CURVE ( 'NONE', #2479, #3755, #3050, .T. ) ;
#3196 =( LENGTH_UNIT ( ) NAMED_UNIT ( * ) SI_UNIT ( .MILLI., .METRE. ) );
#3197 = ORIENTED_EDGE ( 'NONE', *, *, #7391, .F. ) ;
#3198 = EDGE_CURVE ( 'NONE', #9075, #4998, #8217, .T. ) ;
#3199 = ORIENTED_EDGE ( 'NONE', *, *, #5544, .T. ) ;
#3200 = VECTOR ( 'NONE', #8936, 1000.000000000000000 ) ;
#3201 = CARTESIAN_POINT ( 'NONE',  ( 0.1224999999999997800, -3.200000000000000200, 0.1446467872876744900 ) ) ;
#3202 = VECTOR ( 'NONE', #1555, 1000.000000000000000 ) ;
#3203 = FACE_OUTER_BOUND ( 'NONE', #1325, .T. ) ;
#3204 = DIRECTION ( 'NONE',  ( 0.0000000000000000000, 0.0000000000000000000, -1.000000000000000000 ) ) ;
#3205 = ORIENTED_EDGE ( 'NONE', *, *, #9058, .F. ) ;
#3206 = DIRECTION ( 'NONE',  ( 0.0000000000000000000, 0.0000000000000000000, 1.000000000000000000 ) ) ;
#3207 = EDGE_LOOP ( 'NONE', ( #7774, #4865, #4192, #3659 ) ) ;
#3208 = UNCERTAINTY_MEASURE_WITH_UNIT (LENGTH_MEASURE( 1.000000000000000100E-005 ), #33, 'distance_accuracy_value', 'NONE');
#3209 = DIRECTION ( 'NONE',  ( -1.000000000000000000, 0.0000000000000000000, -0.0000000000000000000 ) ) ;
#3210 = EDGE_CURVE ( 'NONE', #7081, #455, #1117, .T. ) ;
#3211 = CIRCLE ( 'NONE', #1594, 0.2450000000000001600 ) ;
#3212 = ADVANCED_FACE ( 'NONE', ( #4723 ), #6385, .T. ) ;
#3213 = EDGE_CURVE ( 'NONE', #474, #5253, #2828, .T. ) ;
#3214 = CARTESIAN_POINT ( 'NONE',  ( -2.424620215747131300, -2.200000000000000200, 1.100000000000000100 ) ) ;
#3215 = ADVANCED_FACE ( 'NONE', ( #8575 ), #4140, .T. ) ;
#3216 = VERTEX_POINT ( 'NONE', #4933 ) ;
#3217 = FACE_OUTER_BOUND ( 'NONE', #2845, .T. ) ;
#3218 = CARTESIAN_POINT ( 'NONE',  ( -0.1225000000000002200, 2.601461569844106100, 0.1865006715341500400 ) ) ;
#3219 = CARTESIAN_POINT ( 'NONE',  ( 0.7724999999999997400, 2.200000000000000200, 0.6724999999999941000 ) ) ;
#3220 = MECHANICAL_DESIGN_GEOMETRIC_PRESENTATION_REPRESENTATION (  '', ( #1764 ), #3706 ) ;
#3221 = AXIS2_PLACEMENT_3D ( 'NONE', #5822, #1528, #6554 ) ;
#3222 = DIRECTION ( 'NONE',  ( 0.0000000000000000000, 0.0000000000000000000, 1.000000000000000000 ) ) ;
#3223 = DIRECTION ( 'NONE',  ( -1.000000000000000000, 0.0000000000000000000, -0.0000000000000000000 ) ) ;
#3224 = SURFACE_STYLE_FILL_AREA ( #1803 ) ;
#3225 = AXIS2_PLACEMENT_3D ( 'NONE', #4054, #4120, #9144 ) ;
#3226 = DIRECTION ( 'NONE',  ( -1.000000000000000000, -0.0000000000000000000, 0.0000000000000000000 ) ) ;
#3227 = STYLED_ITEM ( 'NONE', ( #2683 ), #8201 ) ;
#3228 = SURFACE_STYLE_USAGE ( .BOTH. , #7510 ) ;
#3229 = CARTESIAN_POINT ( 'NONE',  ( 2.072499999999999800, 2.200000000000000200, 0.6724999999999941000 ) ) ;
#3230 = FILL_AREA_STYLE ('',( #6059 ) ) ;
#3231 = ADVANCED_FACE ( 'NONE', ( #9403 ), #8815, .F. ) ;
#3232 = DIRECTION ( 'NONE',  ( 0.0000000000000000000, -0.06975647374412598200, -0.9975640502598242000 ) ) ;
#3233 = CARTESIAN_POINT ( 'NONE',  ( 1.422499999999999700, 2.497121287348441900, 0.4445903360673038000 ) ) ;
#3234 = STYLED_ITEM ( 'NONE', ( #6116 ), #1147 ) ;
#3235 = AXIS2_PLACEMENT_3D ( 'NONE', #5578, #1275, #6291 ) ;
#3236 = SURFACE_STYLE_USAGE ( .BOTH. , #6016 ) ;
#3237 = CARTESIAN_POINT ( 'NONE',  ( -1.422500000000000100, 3.189885311307101700, 2.710505431213761100E-017 ) ) ;
#3238 = DIRECTION ( 'NONE',  ( 0.0000000000000000000, 0.0000000000000000000, 1.000000000000000000 ) ) ;
#3239 = EDGE_CURVE ( 'NONE', #2761, #4831, #5180, .T. ) ;
#3240 = CARTESIAN_POINT ( 'NONE',  ( 0.1224999999999997800, 2.608437217218518600, 0.2862570765601324400 ) ) ;
#3241 = DIRECTION ( 'NONE',  ( 0.0000000000000000000, 0.0000000000000000000, 1.000000000000000000 ) ) ;
#3242 = PRESENTATION_LAYER_ASSIGNMENT (  '', '', ( #2282 ) ) ;
#3243 = PLANE ( 'NONE',  #806 ) ;
#3244 = CARTESIAN_POINT ( 'NONE',  ( -1.422500000000000100, -2.608437217218518600, 0.2862570765601324400 ) ) ;
#3245 = AXIS2_PLACEMENT_3D ( 'NONE', #9317, #4934, #601 ) ;
#3246 = DIRECTION ( 'NONE',  ( 0.0000000000000000000, -0.06975647374412818900, -0.9975640502598240900 ) ) ;
#3247 =( NAMED_UNIT ( * ) PLANE_ANGLE_UNIT ( ) SI_UNIT ( $, .RADIAN. ) );
#3248 = DIRECTION ( 'NONE',  ( 0.0000000000000000000, -0.06975647374411951500, -0.9975640502598246400 ) ) ;
#3249 = ADVANCED_FACE ( 'NONE', ( #7634 ), #2361, .F. ) ;
#3250 = ORIENTED_EDGE ( 'NONE', *, *, #259, .F. ) ;
#3251 = SURFACE_STYLE_USAGE ( .BOTH. , #7548 ) ;
#3252 = EDGE_CURVE ( 'NONE', #6153, #8844, #4295, .T. ) ;
#3253 = DIRECTION ( 'NONE',  ( -1.000000000000000000, -0.0000000000000000000, -0.0000000000000000000 ) ) ;
#3254 = EDGE_CURVE ( 'NONE', #3629, #5274, #6174, .T. ) ;
#3255 = CARTESIAN_POINT ( 'NONE',  ( -0.9246202157471311600, -1.124620215747131200, 1.100000000000000100 ) ) ;
#3256 = ORIENTED_EDGE ( 'NONE', *, *, #6021, .F. ) ;
#3257 = DIRECTION ( 'NONE',  ( 0.0000000000000000000, -1.000000000000000000, -2.056603471294124000E-015 ) ) ;
#3258 = ORIENTED_EDGE ( 'NONE', *, *, #6232, .F. ) ;
#3259 = UNCERTAINTY_MEASURE_WITH_UNIT (LENGTH_MEASURE( 1.000000000000000100E-005 ), #5100, 'distance_accuracy_value', 'NONE');
#3260 = CARTESIAN_POINT ( 'NONE',  ( 1.422499999999999700, -2.608437217218518600, 0.2862570765601324400 ) ) ;
#3261 = CIRCLE ( 'NONE', #1450, 0.09999999999999988100 ) ;
#3262 = AXIS2_PLACEMENT_3D ( 'NONE', #973, #7834, #4166 ) ;
#3263 =( NAMED_UNIT ( * ) PLANE_ANGLE_UNIT ( ) SI_UNIT ( $, .RADIAN. ) );
#3264 = ORIENTED_EDGE ( 'NONE', *, *, #6810, .F. ) ;
#3265 = DIRECTION ( 'NONE',  ( 0.0000000000000000000, -0.06975647374411951500, 0.9975640502598246400 ) ) ;
#3266 = ORIENTED_EDGE ( 'NONE', *, *, #6357, .F. ) ;
#3267 = PRESENTATION_LAYER_ASSIGNMENT (  '', '', ( #2803 ) ) ;
#3268 = SURFACE_STYLE_USAGE ( .BOTH. , #7570 ) ;
#3269 = EDGE_LOOP ( 'NONE', ( #9178, #4748, #2714, #2807 ) ) ;
#3270 = PRESENTATION_STYLE_ASSIGNMENT (( #6915 ) ) ;
#3271 = SURFACE_SIDE_STYLE ('',( #9198 ) ) ;
#3272 = SURFACE_SIDE_STYLE ('',( #640 ) ) ;
#3273 = VECTOR ( 'NONE', #559, 1000.000000000000000 ) ;
#3274 = ADVANCED_FACE ( 'NONE', ( #5953 ), #1453, .T. ) ;
#3275 = DIRECTION ( 'NONE',  ( 0.0000000000000000000, 0.0000000000000000000, -1.000000000000000000 ) ) ;
#3276 = DIRECTION ( 'NONE',  ( 1.000000000000000000, 0.0000000000000000000, -0.0000000000000000000 ) ) ;
#3277 =( GEOMETRIC_REPRESENTATION_CONTEXT ( 3 ) GLOBAL_UNCERTAINTY_ASSIGNED_CONTEXT ( ( #6878 ) ) GLOBAL_UNIT_ASSIGNED_CONTEXT ( ( #1795, #6812, #2525 ) ) REPRESENTATION_CONTEXT ( 'NONE', 'WORKASPACE' ) );
#3278 = COLOUR_RGB ( '',1.000000000000000000, 1.000000000000000000, 1.000000000000000000 ) ;
#3279 = ORIENTED_EDGE ( 'NONE', *, *, #3816, .T. ) ;
#3280 = PRESENTATION_LAYER_ASSIGNMENT (  '', '', ( #2319 ) ) ;
#3281 = ORIENTED_EDGE ( 'NONE', *, *, #5471, .F. ) ;
#3282 =( NAMED_UNIT ( * ) SI_UNIT ( $, .STERADIAN. ) SOLID_ANGLE_UNIT ( ) );
#3283 = DIRECTION ( 'NONE',  ( 0.0000000000000000000, 0.0000000000000000000, 1.000000000000000000 ) ) ;
#3284 = ORIENTED_EDGE ( 'NONE', *, *, #308, .F. ) ;
#3285 = COLOUR_RGB ( '',1.000000000000000000, 1.000000000000000000, 1.000000000000000000 ) ;
#3286 = ORIENTED_EDGE ( 'NONE', *, *, #8337, .T. ) ;
#3287 = LINE ( 'NONE', #800, #3072 ) ;
#3288 = DIRECTION ( 'NONE',  ( 0.0000000000000000000, -0.06975647374412599600, 0.9975640502598242000 ) ) ;
#3289 = LINE ( 'NONE', #9399, #9056 ) ;
#3290 = DIRECTION ( 'NONE',  ( 0.0000000000000000000, 0.9848077530122084600, 0.1736481776669280300 ) ) ;
#3291 = DIRECTION ( 'NONE',  ( -1.000000000000000000, -0.0000000000000000000, -0.0000000000000000000 ) ) ;
#3292 = ORIENTED_EDGE ( 'NONE', *, *, #7261, .T. ) ;
#3293 = CARTESIAN_POINT ( 'NONE',  ( -0.7725000000000001900, -3.200000000000000200, 0.1446467872876744900 ) ) ;
#3294 = ORIENTED_EDGE ( 'NONE', *, *, #9084, .F. ) ;
#3295 = AXIS2_PLACEMENT_3D ( 'NONE', #8561, #9322, #7843 ) ;
#3296 = LINE ( 'NONE', #530, #1364 ) ;
#3297 = VERTEX_POINT ( 'NONE', #2111 ) ;
#3298 = CARTESIAN_POINT ( 'NONE',  ( -1.827500000000000100, -2.601461569844106100, 0.1865006715341500400 ) ) ;
#3299 = COLOUR_RGB ( '',1.000000000000000000, 1.000000000000000000, 1.000000000000000000 ) ;
#3300 = DIRECTION ( 'NONE',  ( 0.0000000000000000000, -0.06975647374412208300, 0.9975640502598244200 ) ) ;
#3301 = ORIENTED_EDGE ( 'NONE', *, *, #4582, .F. ) ;
#3302 = VERTEX_POINT ( 'NONE', #2846 ) ;
#3303 = CYLINDRICAL_SURFACE ( 'NONE', #2585, 0.09999999999999988100 ) ;
#3304 = AXIS2_PLACEMENT_3D ( 'NONE', #4775, #5548, #3458 ) ;
#3305 = FACE_OUTER_BOUND ( 'NONE', #2164, .T. ) ;
#3306 = PRESENTATION_LAYER_ASSIGNMENT (  '', '', ( #2333 ) ) ;
#3307 = SURFACE_STYLE_USAGE ( .BOTH. , #3271 ) ;
#3308 = SURFACE_STYLE_USAGE ( .BOTH. , #7603 ) ;
#3309 = ORIENTED_EDGE ( 'NONE', *, *, #6711, .T. ) ;
#3310 = COLOUR_RGB ( '',1.000000000000000000, 1.000000000000000000, 1.000000000000000000 ) ;
#3311 = PLANE ( 'NONE',  #4215 ) ;
#3312 = VERTEX_POINT ( 'NONE', #1371 ) ;
#3313 = DIRECTION ( 'NONE',  ( 0.0000000000000000000, 0.0000000000000000000, 1.000000000000000000 ) ) ;
#3314 = EDGE_CURVE ( 'NONE', #3852, #1572, #3379, .T. ) ;
#3315 = LINE ( 'NONE', #6238, #5214 ) ;
#3316 = VERTEX_POINT ( 'NONE', #3565 ) ;
#3317 = SURFACE_STYLE_USAGE ( .BOTH. , #7609 ) ;
#3318 = VECTOR ( 'NONE', #8298, 1000.000000000000000 ) ;
#3319 = EDGE_CURVE ( 'NONE', #6281, #7195, #5278, .T. ) ;
#3320 = EDGE_LOOP ( 'NONE', ( #7457, #8834, #5101, #8226 ) ) ;
#3321 = CARTESIAN_POINT ( 'NONE',  ( 0.7724999999999997400, 2.252718095034784300, 0.4274999999999940500 ) ) ;
#3322 = CARTESIAN_POINT ( 'NONE',  ( -2.750000000000000000, 2.200000000000000200, 0.5275000000000060800 ) ) ;
#3323 =( NAMED_UNIT ( * ) PLANE_ANGLE_UNIT ( ) SI_UNIT ( $, .RADIAN. ) );
#3324 = UNCERTAINTY_MEASURE_WITH_UNIT (LENGTH_MEASURE( 1.000000000000000100E-005 ), #2873, 'distance_accuracy_value', 'NONE');
#3325 = COLOUR_RGB ( '',1.000000000000000000, 1.000000000000000000, 1.000000000000000000 ) ;
#3326 = SURFACE_STYLE_USAGE ( .BOTH. , #7616 ) ;
#3327 = FACE_OUTER_BOUND ( 'NONE', #9085, .T. ) ;
#3328 = LINE ( 'NONE', #6600, #8867 ) ;
#3329 = CARTESIAN_POINT ( 'NONE',  ( 0.1224999999999997800, 2.508680812192536400, 0.2792814291857203500 ) ) ;
#3330 = VECTOR ( 'NONE', #7092, 1000.000000000000000 ) ;
#3331 = SURFACE_SIDE_STYLE ('',( #4684 ) ) ;
#3332 = EDGE_CURVE ( 'NONE', #667, #2847, #9165, .T. ) ;
#3333 = CARTESIAN_POINT ( 'NONE',  ( 1.827499999999999700, 2.200000000000000200, 0.5274999999999939700 ) ) ;
#3334 = EDGE_CURVE ( 'NONE', #3216, #6937, #3162, .T. ) ;
#3335 = CARTESIAN_POINT ( 'NONE',  ( 0.1224999999999997800, -3.189885311307101700, 2.710505431213761100E-017 ) ) ;
#3336 =( NAMED_UNIT ( * ) SI_UNIT ( $, .STERADIAN. ) SOLID_ANGLE_UNIT ( ) );
#3337 =( NAMED_UNIT ( * ) SI_UNIT ( $, .STERADIAN. ) SOLID_ANGLE_UNIT ( ) );
#3338 = AXIS2_PLACEMENT_3D ( 'NONE', #1290, #6311, #2026 ) ;
#3339 =( NAMED_UNIT ( * ) PLANE_ANGLE_UNIT ( ) SI_UNIT ( $, .RADIAN. ) );
#3340 = AXIS2_PLACEMENT_3D ( 'NONE', #1322, #7065, #2804 ) ;
#3341 =( LENGTH_UNIT ( ) NAMED_UNIT ( * ) SI_UNIT ( .MILLI., .METRE. ) );
#3342 = CARTESIAN_POINT ( 'NONE',  ( -1.827500000000000100, -2.601461569844106100, 0.1865006715341500400 ) ) ;
#3343 = DIRECTION ( 'NONE',  ( 0.0000000000000000000, -0.9975640502598243100, -0.06975647374412599600 ) ) ;
#3344 = CARTESIAN_POINT ( 'NONE',  ( 1.422499999999999700, 2.601461569844106100, 0.1865006715341500400 ) ) ;
#3345 = CARTESIAN_POINT ( 'NONE',  ( 1.177499999999999800, -2.608437217218518600, 0.2862570765601324400 ) ) ;
#3346 = PRESENTATION_STYLE_ASSIGNMENT (( #9195 ) ) ;
#3347 = PRESENTATION_LAYER_ASSIGNMENT (  '', '', ( #2375 ) ) ;
#3348 = DIRECTION ( 'NONE',  ( -1.000000000000000000, -0.0000000000000000000, -0.0000000000000000000 ) ) ;
#3349 = ORIENTED_EDGE ( 'NONE', *, *, #6779, .T. ) ;
#3350 = CARTESIAN_POINT ( 'NONE',  ( -1.827500000000000100, -2.364034024904861500, 0.2691667404928227400 ) ) ;
#3351 = FACE_OUTER_BOUND ( 'NONE', #457, .T. ) ;
#3352 = AXIS2_PLACEMENT_3D ( 'NONE', #4524, #174, #5235 ) ;
#3353 = DIRECTION ( 'NONE',  ( -1.000000000000000000, -0.0000000000000000000, -0.0000000000000000000 ) ) ;
#3354 =( LENGTH_UNIT ( ) NAMED_UNIT ( * ) SI_UNIT ( .MILLI., .METRE. ) );
#3355 = DIRECTION ( 'NONE',  ( 0.1710878697460332900, 0.1710878697460332900, 0.9702875252478147000 ) ) ;
#3356 = SURFACE_SIDE_STYLE ('',( #7338 ) ) ;
#3357 = EDGE_CURVE ( 'NONE', #1928, #3825, #6948, .T. ) ;
#3358 = DIRECTION ( 'NONE',  ( 0.0000000000000000000, 0.0000000000000000000, 1.000000000000000000 ) ) ;
#3359 = COLOUR_RGB ( '',1.000000000000000000, 1.000000000000000000, 1.000000000000000000 ) ;
#3360 = STYLED_ITEM ( 'NONE', ( #8013 ), #2567 ) ;
#3361 = SURFACE_SIDE_STYLE ('',( #3093 ) ) ;
#3362 = UNCERTAINTY_MEASURE_WITH_UNIT (LENGTH_MEASURE( 1.000000000000000100E-005 ), #7563, 'distance_accuracy_value', 'NONE');
#3363 = ORIENTED_EDGE ( 'NONE', *, *, #2729, .F. ) ;
#3364 = STYLED_ITEM ( 'NONE', ( #4666 ), #6036 ) ;
#3365 = DIRECTION ( 'NONE',  ( 0.0000000000000000000, 0.0000000000000000000, 1.000000000000000000 ) ) ;
#3366 = LINE ( 'NONE', #6753, #1446 ) ;
#3367 = COLOUR_RGB ( '',1.000000000000000000, 1.000000000000000000, 1.000000000000000000 ) ;
#3368 = CARTESIAN_POINT ( 'NONE',  ( 1.422499999999999700, 2.200000000000000200, 0.6724999999999941000 ) ) ;
#3369 = FILL_AREA_STYLE ('',( #1931 ) ) ;
#3370 =( NAMED_UNIT ( * ) PLANE_ANGLE_UNIT ( ) SI_UNIT ( $, .RADIAN. ) );
#3371 = ORIENTED_EDGE ( 'NONE', *, *, #813, .F. ) ;
#3372 = CARTESIAN_POINT ( 'NONE',  ( 0.1224999999999997800, -2.200000000000000200, 0.6724999999999941000 ) ) ;
#3373 = ORIENTED_EDGE ( 'NONE', *, *, #1543, .T. ) ;
#3374 = UNCERTAINTY_MEASURE_WITH_UNIT (LENGTH_MEASURE( 1.000000000000000100E-005 ), #1761, 'distance_accuracy_value', 'NONE');
#3375 = EDGE_CURVE ( 'NONE', #9367, #5675, #8699, .T. ) ;
#3376 = COLOUR_RGB ( '',1.000000000000000000, 1.000000000000000000, 1.000000000000000000 ) ;
#3377 = EDGE_CURVE ( 'NONE', #6161, #8989, #4835, .T. ) ;
#3378 = ORIENTED_EDGE ( 'NONE', *, *, #1239, .F. ) ;
#3379 = LINE ( 'NONE', #2814, #8921 ) ;
#3380 = LINE ( 'NONE', #8279, #6949 ) ;
#3381 = ORIENTED_EDGE ( 'NONE', *, *, #2549, .T. ) ;
#3382 = SURFACE_SIDE_STYLE ('',( #4586 ) ) ;
#3383 = COLOUR_RGB ( '',1.000000000000000000, 1.000000000000000000, 1.000000000000000000 ) ;
#3384 = ORIENTED_EDGE ( 'NONE', *, *, #3686, .F. ) ;
#3385 = PRESENTATION_STYLE_ASSIGNMENT (( #1630 ) ) ;
#3386 = EDGE_LOOP ( 'NONE', ( #527, #1180, #8080, #8796 ) ) ;
#3387 = AXIS2_PLACEMENT_3D ( 'NONE', #5081, #743, #5796 ) ;
#3388 = ORIENTED_EDGE ( 'NONE', *, *, #1816, .F. ) ;
#3389 = PRESENTATION_LAYER_ASSIGNMENT (  '', '', ( #3894 ) ) ;
#3390 = CYLINDRICAL_SURFACE ( 'NONE', #4415, 0.2450000000000002200 ) ;
#3391 = VECTOR ( 'NONE', #865, 1000.000000000000000 ) ;
#3392 = LINE ( 'NONE', #2112, #3174 ) ;
#3393 = CARTESIAN_POINT ( 'NONE',  ( 0.7724999999999997400, 2.252718095034783400, 0.5274999999999934200 ) ) ;
#3394 = COLOUR_RGB ( '',1.000000000000000000, 1.000000000000000000, 1.000000000000000000 ) ;
#3395 = MECHANICAL_DESIGN_GEOMETRIC_PRESENTATION_REPRESENTATION (  '', ( #2431 ), #3899 ) ;
#3396 = PLANE ( 'NONE',  #3730 ) ;
#3397 = ORIENTED_EDGE ( 'NONE', *, *, #5011, .F. ) ;
#3398 = CARTESIAN_POINT ( 'NONE',  ( 0.1224999999999997800, -2.200000000000000200, 0.5274999999999939700 ) ) ;
#3399 =( NAMED_UNIT ( * ) PLANE_ANGLE_UNIT ( ) SI_UNIT ( $, .RADIAN. ) );
#3400 = VERTEX_POINT ( 'NONE', #2168 ) ;
#3401 = CARTESIAN_POINT ( 'NONE',  ( -0.7725000000000001900, 2.252718095034784300, 0.4274999999999940500 ) ) ;
#3402 = FILL_AREA_STYLE ('',( #2685 ) ) ;
#3403 = DIRECTION ( 'NONE',  ( 1.000000000000000000, 0.0000000000000000000, 0.0000000000000000000 ) ) ;
#3404 = ORIENTED_EDGE ( 'NONE', *, *, #6413, .T. ) ;
#3405 = CARTESIAN_POINT ( 'NONE',  ( 0.5274999999999997500, 2.601461569844106100, 0.1865006715341500400 ) ) ;
#3406 =( GEOMETRIC_REPRESENTATION_CONTEXT ( 3 ) GLOBAL_UNCERTAINTY_ASSIGNED_CONTEXT ( ( #2882 ) ) GLOBAL_UNIT_ASSIGNED_CONTEXT ( ( #8799, #4470, #124 ) ) REPRESENTATION_CONTEXT ( 'NONE', 'WORKASPACE' ) );
#3407 = VECTOR ( 'NONE', #275, 999.9999999999998900 ) ;
#3408 = VECTOR ( 'NONE', #2199, 1000.000000000000000 ) ;
#3409 = LINE ( 'NONE', #519, #5304 ) ;
#3410 = STYLED_ITEM ( 'NONE', ( #5098 ), #4558 ) ;
#3411 = CARTESIAN_POINT ( 'NONE',  ( -0.1225000000000002200, 2.200000000000000200, 0.5274999999999939700 ) ) ;
#3412 = ORIENTED_EDGE ( 'NONE', *, *, #3198, .F. ) ;
#3413 = LINE ( 'NONE', #3856, #1490 ) ;
#3414 = ORIENTED_EDGE ( 'NONE', *, *, #3641, .F. ) ;
#3415 = CARTESIAN_POINT ( 'NONE',  ( -2.072500000000000200, 2.200000000000000200, 0.5274999999999939700 ) ) ;
#3416 = CARTESIAN_POINT ( 'NONE',  ( -2.424620215747131300, -2.124620215747131400, 0.1000000000000000100 ) ) ;
#3417 = FACE_OUTER_BOUND ( 'NONE', #3618, .T. ) ;
#3418 = FILL_AREA_STYLE ('',( #4123 ) ) ;
#3419 = FACE_OUTER_BOUND ( 'NONE', #7247, .T. ) ;
#3420 = ORIENTED_EDGE ( 'NONE', *, *, #763, .F. ) ;
#3421 = STYLED_ITEM ( 'NONE', ( #5874 ), #9276 ) ;
#3422 = VERTEX_POINT ( 'NONE', #5740 ) ;
#3423 = VECTOR ( 'NONE', #4546, 1000.000000000000000 ) ;
#3424 = VECTOR ( 'NONE', #2207, 999.9999999999998900 ) ;
#3425 = EDGE_CURVE ( 'NONE', #8119, #1001, #4618, .T. ) ;
#3426 = FILL_AREA_STYLE ('',( #2701 ) ) ;
#3427 = EDGE_LOOP ( 'NONE', ( #5297, #4658, #5145, #5007 ) ) ;
#3428 = CARTESIAN_POINT ( 'NONE',  ( -1.827500000000000100, 3.189885311307101700, 2.710505431213761100E-017 ) ) ;
#3429 = STYLED_ITEM ( 'NONE', ( #425 ), #2202 ) ;
#3430 = VERTEX_POINT ( 'NONE', #7926 ) ;
#3431 = ADVANCED_FACE ( 'NONE', ( #1009 ), #7523, .T. ) ;
#3432 = COLOUR_RGB ( '',1.000000000000000000, 1.000000000000000000, 1.000000000000000000 ) ;
#3433 = PLANE ( 'NONE',  #7057 ) ;
#3434 = PRESENTATION_LAYER_ASSIGNMENT (  '', '', ( #2965 ) ) ;
#3435 = FILL_AREA_STYLE_COLOUR ( '', #1908 ) ;
#3436 =( NAMED_UNIT ( * ) SI_UNIT ( $, .STERADIAN. ) SOLID_ANGLE_UNIT ( ) );
#3437 = VECTOR ( 'NONE', #977, 999.9999999999998900 ) ;
#3438 = EDGE_LOOP ( 'NONE', ( #5325, #2668, #5862, #7930 ) ) ;
#3439 = FILL_AREA_STYLE_COLOUR ( '', #585 ) ;
#3440 = CARTESIAN_POINT ( 'NONE',  ( -1.422500000000000100, 2.252718095034784300, 0.6724999999999939900 ) ) ;
#3441 = LINE ( 'NONE', #6001, #2201 ) ;
#3442 = UNCERTAINTY_MEASURE_WITH_UNIT (LENGTH_MEASURE( 1.000000000000000100E-005 ), #8797, 'distance_accuracy_value', 'NONE');
#3443 = DIRECTION ( 'NONE',  ( 0.0000000000000000000, 0.0000000000000000000, -1.000000000000000000 ) ) ;
#3444 = VECTOR ( 'NONE', #1228, 1000.000000000000000 ) ;
#3445 = SURFACE_STYLE_FILL_AREA ( #2757 ) ;
#3446 = EDGE_CURVE ( 'NONE', #4431, #474, #3961, .T. ) ;
#3447 =( LENGTH_UNIT ( ) NAMED_UNIT ( * ) SI_UNIT ( .MILLI., .METRE. ) );
#3448 = SURFACE_SIDE_STYLE ('',( #1834 ) ) ;
#3449 = DIRECTION ( 'NONE',  ( -1.000000000000000000, 0.0000000000000000000, -0.0000000000000000000 ) ) ;
#3450 = UNCERTAINTY_MEASURE_WITH_UNIT (LENGTH_MEASURE( 1.000000000000000100E-005 ), #8726, 'distance_accuracy_value', 'NONE');
#3451 = ORIENTED_EDGE ( 'NONE', *, *, #8019, .F. ) ;
#3452 = PRESENTATION_LAYER_ASSIGNMENT (  '', '', ( #3939 ) ) ;
#3453 = DIRECTION ( 'NONE',  ( 0.0000000000000000000, -0.9975640502598242000, -0.06975647374412599600 ) ) ;
#3454 = STYLED_ITEM ( 'NONE', ( #6411 ), #77 ) ;
#3455 = FILL_AREA_STYLE ('',( #3543 ) ) ;
#3456 = EDGE_CURVE ( 'NONE', #9005, #7559, #6512, .T. ) ;
#3457 = VECTOR ( 'NONE', #1399, 1000.000000000000000 ) ;
#3458 = DIRECTION ( 'NONE',  ( 1.000000000000000000, 0.0000000000000000000, 0.0000000000000000000 ) ) ;
#3459 = STYLED_ITEM ( 'NONE', ( #3385 ), #7551 ) ;
#3460 =( LENGTH_UNIT ( ) NAMED_UNIT ( * ) SI_UNIT ( .MILLI., .METRE. ) );
#3461 = STYLED_ITEM ( 'NONE', ( #6902 ), #4124 ) ;
#3462 = FILL_AREA_STYLE_COLOUR ( '', #6852 ) ;
#3463 = CARTESIAN_POINT ( 'NONE',  ( -1.422500000000000100, -3.189885311307101700, 2.710505431213761100E-017 ) ) ;
#3464 = DIRECTION ( 'NONE',  ( 1.000000000000000000, 0.0000000000000000000, 0.0000000000000000000 ) ) ;
#3465 = DIRECTION ( 'NONE',  ( -1.000000000000000000, -0.0000000000000000000, -0.0000000000000000000 ) ) ;
#3466 = CARTESIAN_POINT ( 'NONE',  ( 2.424620215747132200, -2.124620215747131400, 1.100000000000000100 ) ) ;
#3467 = AXIS2_PLACEMENT_3D ( 'NONE', #421, #5470, #1178 ) ;
#3468 = CARTESIAN_POINT ( 'NONE',  ( -1.424620215747131300, -1.124620215747131200, 1.100000000000000100 ) ) ;
#3469 = SURFACE_STYLE_FILL_AREA ( #5152 ) ;
#3470 = CARTESIAN_POINT ( 'NONE',  ( -0.5275000000000001900, 2.252718095034783400, 0.5274999999999934200 ) ) ;
#3471 = PLANE ( 'NONE',  #5030 ) ;
#3472 = ADVANCED_FACE ( 'NONE', ( #73 ), #2883, .T. ) ;
#3473 =( NAMED_UNIT ( * ) PLANE_ANGLE_UNIT ( ) SI_UNIT ( $, .RADIAN. ) );
#3474 = VECTOR ( 'NONE', #525, 1000.000000000000100 ) ;
#3475 = PRESENTATION_LAYER_ASSIGNMENT (  '', '', ( #3987 ) ) ;
#3476 = ORIENTED_EDGE ( 'NONE', *, *, #2920, .T. ) ;
#3477 = DIRECTION ( 'NONE',  ( -1.000000000000000000, 0.0000000000000000000, -0.0000000000000000000 ) ) ;
#3478 = FACE_OUTER_BOUND ( 'NONE', #3386, .T. ) ;
#3479 = VECTOR ( 'NONE', #3209, 1000.000000000000000 ) ;
#3480 = PLANE ( 'NONE',  #2890 ) ;
#3481 = LINE ( 'NONE', #5010, #9272 ) ;
#3482 = VERTEX_POINT ( 'NONE', #6518 ) ;
#3483 = UNCERTAINTY_MEASURE_WITH_UNIT (LENGTH_MEASURE( 1.000000000000000100E-005 ), #8125, 'distance_accuracy_value', 'NONE');
#3484 = EDGE_CURVE ( 'NONE', #8672, #4549, #4941, .T. ) ;
#3485 = DIRECTION ( 'NONE',  ( -1.000000000000000000, 0.0000000000000000000, -0.0000000000000000000 ) ) ;
#3486 = ORIENTED_EDGE ( 'NONE', *, *, #4894, .T. ) ;
#3487 = FACE_OUTER_BOUND ( 'NONE', #2869, .T. ) ;
#3488 = EDGE_CURVE ( 'NONE', #2847, #4431, #3052, .T. ) ;
#3489 = DIRECTION ( 'NONE',  ( -1.000000000000000000, -0.0000000000000000000, -0.0000000000000000000 ) ) ;
#3490 = ORIENTED_EDGE ( 'NONE', *, *, #8405, .F. ) ;
#3491 = VECTOR ( 'NONE', #8999, 1000.000000000000100 ) ;
#3492 = FILL_AREA_STYLE ('',( #4201 ) ) ;
#3493 =( GEOMETRIC_REPRESENTATION_CONTEXT ( 3 ) GLOBAL_UNCERTAINTY_ASSIGNED_CONTEXT ( ( #7690 ) ) GLOBAL_UNIT_ASSIGNED_CONTEXT ( ( #89, #5155, #834 ) ) REPRESENTATION_CONTEXT ( 'NONE', 'WORKASPACE' ) );
#3494 = VERTEX_POINT ( 'NONE', #8775 ) ;
#3495 = FILL_AREA_STYLE_COLOUR ( '', #3654 ) ;
#3496 = ORIENTED_EDGE ( 'NONE', *, *, #8018, .F. ) ;
#3497 = CARTESIAN_POINT ( 'NONE',  ( -0.5275000000000001900, -2.200000000000000200, 0.5274999999999939700 ) ) ;
#3498 = LINE ( 'NONE', #126, #7067 ) ;
#3499 = DIRECTION ( 'NONE',  ( 0.0000000000000000000, -0.06975647374411951500, 0.9975640502598246400 ) ) ;
#3500 = LINE ( 'NONE', #2270, #6398 ) ;
#3501 =( NAMED_UNIT ( * ) SI_UNIT ( $, .STERADIAN. ) SOLID_ANGLE_UNIT ( ) );
#3502 = FACE_OUTER_BOUND ( 'NONE', #7427, .T. ) ;
#3503 = ORIENTED_EDGE ( 'NONE', *, *, #885, .F. ) ;
#3504 = FILL_AREA_STYLE_COLOUR ( '', #911 ) ;
#3505 = CARTESIAN_POINT ( 'NONE',  ( 0.1224999999999997800, -2.252718095034783400, 0.5274999999999934200 ) ) ;
#3506 = ORIENTED_EDGE ( 'NONE', *, *, #6972, .F. ) ;
#3507 = CARTESIAN_POINT ( 'NONE',  ( -1.177500000000000200, 2.364034024904861500, 0.2691667404928227400 ) ) ;
#3508 = ORIENTED_EDGE ( 'NONE', *, *, #4926, .F. ) ;
#3509 = EDGE_CURVE ( 'NONE', #8833, #2101, #1122, .T. ) ;
#3510 = EDGE_CURVE ( 'NONE', #8606, #4414, #6842, .T. ) ;
#3511 = VERTEX_POINT ( 'NONE', #3030 ) ;
#3512 =( NAMED_UNIT ( * ) SI_UNIT ( $, .STERADIAN. ) SOLID_ANGLE_UNIT ( ) );
#3513 = ORIENTED_EDGE ( 'NONE', *, *, #1075, .T. ) ;
#3514 = COLOUR_RGB ( '',1.000000000000000000, 1.000000000000000000, 1.000000000000000000 ) ;
#3515 = LINE ( 'NONE', #1369, #1585 ) ;
#3516 = STYLED_ITEM ( 'NONE', ( #7216 ), #7235 ) ;
#3517 = CARTESIAN_POINT ( 'NONE',  ( 0.1224999999999997800, 2.608437217218518600, 0.2862570765601325000 ) ) ;
#3518 = PRESENTATION_LAYER_ASSIGNMENT (  '', '', ( #2555 ) ) ;
#3519 = ORIENTED_EDGE ( 'NONE', *, *, #2418, .F. ) ;
#3520 =( NAMED_UNIT ( * ) PLANE_ANGLE_UNIT ( ) SI_UNIT ( $, .RADIAN. ) );
#3521 = VERTEX_POINT ( 'NONE', #5147 ) ;
#3522 =( LENGTH_UNIT ( ) NAMED_UNIT ( * ) SI_UNIT ( .MILLI., .METRE. ) );
#3523 = CARTESIAN_POINT ( 'NONE',  ( -1.177500000000000200, 3.189885311307101700, 2.710505431213761100E-017 ) ) ;
#3524 = FILL_AREA_STYLE ('',( #7069 ) ) ;
#3525 = VECTOR ( 'NONE', #4260, 1000.000000000000000 ) ;
#3526 = ORIENTED_EDGE ( 'NONE', *, *, #5931, .F. ) ;
#3527 = AXIS2_PLACEMENT_3D ( 'NONE', #401, #1021, #2329 ) ;
#3528 = ADVANCED_FACE ( 'NONE', ( #2829 ), #3844, .F. ) ;
#3529 = FILL_AREA_STYLE ('',( #2812 ) ) ;
#3530 = FACE_OUTER_BOUND ( 'NONE', #5166, .T. ) ;
#3531 = SURFACE_SIDE_STYLE ('',( #647 ) ) ;
#3532 = EDGE_LOOP ( 'NONE', ( #2470, #6613, #4474, #9048, #7988, #5020, #5421, #6870, #3745, #5217, #9208, #7324 ) ) ;
#3533 = COLOUR_RGB ( '',1.000000000000000000, 1.000000000000000000, 1.000000000000000000 ) ;
#3534 = CARTESIAN_POINT ( 'NONE',  ( -1.422500000000000100, -3.189885311307101700, 2.710505431213761100E-017 ) ) ;
#3535 = DIRECTION ( 'NONE',  ( -1.000000000000000000, 0.0000000000000000000, -0.0000000000000000000 ) ) ;
#3536 = VERTEX_POINT ( 'NONE', #3789 ) ;
#3537 = SURFACE_SIDE_STYLE ('',( #5012 ) ) ;
#3538 = AXIS2_PLACEMENT_3D ( 'NONE', #1888, #2577, #8382 ) ;
#3539 = CARTESIAN_POINT ( 'NONE',  ( 0.7724999999999997400, 2.497121287348441900, 0.4445903360673038000 ) ) ;
#3540 = DIRECTION ( 'NONE',  ( 0.0000000000000000000, -0.06975647374411951500, -0.9975640502598246400 ) ) ;
#3541 = CARTESIAN_POINT ( 'NONE',  ( -0.7725000000000001900, 2.508680812192536400, 0.2792814291857203500 ) ) ;
#3542 = FACE_OUTER_BOUND ( 'NONE', #1385, .T. ) ;
#3543 = FILL_AREA_STYLE_COLOUR ( '', #8133 ) ;
#3544 = ORIENTED_EDGE ( 'NONE', *, *, #7162, .T. ) ;
#3545 = DIRECTION ( 'NONE',  ( 0.0000000000000000000, 0.0000000000000000000, 1.000000000000000000 ) ) ;
#3546 = CARTESIAN_POINT ( 'NONE',  ( 1.827499999999999700, 2.200000000000000200, 0.5274999999999939700 ) ) ;
#3547 = ORIENTED_EDGE ( 'NONE', *, *, #8285, .F. ) ;
#3548 =( GEOMETRIC_REPRESENTATION_CONTEXT ( 3 ) GLOBAL_UNCERTAINTY_ASSIGNED_CONTEXT ( ( #7739 ) ) GLOBAL_UNIT_ASSIGNED_CONTEXT ( ( #4493, #9236, #5802 ) ) REPRESENTATION_CONTEXT ( 'NONE', 'WORKASPACE' ) );
#3549 = CARTESIAN_POINT ( 'NONE',  ( -1.422500000000000100, -2.200000000000000200, 0.5274999999999939700 ) ) ;
#3550 =( GEOMETRIC_REPRESENTATION_CONTEXT ( 3 ) GLOBAL_UNCERTAINTY_ASSIGNED_CONTEXT ( ( #8081 ) ) GLOBAL_UNIT_ASSIGNED_CONTEXT ( ( #7945, #3658, #8705 ) ) REPRESENTATION_CONTEXT ( 'NONE', 'WORKASPACE' ) );
#3551 = DIRECTION ( 'NONE',  ( 0.0000000000000000000, -0.06975647374412208300, 0.9975640502598244200 ) ) ;
#3552 = VERTEX_POINT ( 'NONE', #146 ) ;
#3553 = SURFACE_STYLE_FILL_AREA ( #6126 ) ;
#3554 = EDGE_CURVE ( 'NONE', #8005, #8605, #7635, .T. ) ;
#3555 = LINE ( 'NONE', #2065, #7352 ) ;
#3556 = SURFACE_STYLE_USAGE ( .BOTH. , #7848 ) ;
#3557 = VECTOR ( 'NONE', #6710, 1000.000000000000200 ) ;
#3558 =( NAMED_UNIT ( * ) SI_UNIT ( $, .STERADIAN. ) SOLID_ANGLE_UNIT ( ) );
#3559 = SURFACE_SIDE_STYLE ('',( #1042 ) ) ;
#3560 = FILL_AREA_STYLE ('',( #6381 ) ) ;
#3561 =( GEOMETRIC_REPRESENTATION_CONTEXT ( 3 ) GLOBAL_UNCERTAINTY_ASSIGNED_CONTEXT ( ( #9381 ) ) GLOBAL_UNIT_ASSIGNED_CONTEXT ( ( #7103, #8633, #2902 ) ) REPRESENTATION_CONTEXT ( 'NONE', 'WORKASPACE' ) );
#3562 = CARTESIAN_POINT ( 'NONE',  ( -2.072500000000000200, 3.189885311307101700, 2.710505431213761100E-017 ) ) ;
#3563 = AXIS2_PLACEMENT_3D ( 'NONE', #1801, #6819, #2532 ) ;
#3564 = UNCERTAINTY_MEASURE_WITH_UNIT (LENGTH_MEASURE( 1.000000000000000100E-005 ), #7437, 'distance_accuracy_value', 'NONE');
#3565 = CARTESIAN_POINT ( 'NONE',  ( -1.827500000000000100, 2.200000000000000200, 0.5274999999999939700 ) ) ;
#3566 = VECTOR ( 'NONE', #4948, 1000.000000000000100 ) ;
#3567 = DIRECTION ( 'NONE',  ( 0.0000000000000000000, -0.06975647374411951500, -0.9975640502598246400 ) ) ;
#3568 = SURFACE_STYLE_USAGE ( .BOTH. , #3361 ) ;
#3569 = DIRECTION ( 'NONE',  ( 0.0000000000000000000, 2.056603471294124000E-015, -1.000000000000000000 ) ) ;
#3570 = DIRECTION ( 'NONE',  ( 0.0000000000000000000, 0.9975640502598245300, 0.06975647374412209700 ) ) ;
#3571 = EDGE_CURVE ( 'NONE', #4994, #9112, #183, .T. ) ;
#3572 = EDGE_CURVE ( 'NONE', #9027, #5635, #9404, .T. ) ;
#3573 = SURFACE_STYLE_USAGE ( .BOTH. , #7863 ) ;
#3574 = DIRECTION ( 'NONE',  ( 0.0000000000000000000, 0.0000000000000000000, -1.000000000000000000 ) ) ;
#3575 = DIRECTION ( 'NONE',  ( 0.0000000000000000000, 0.06975647374412599600, 0.9975640502598242000 ) ) ;
#3576 = ADVANCED_FACE ( 'NONE', ( #1668 ), #8457, .F. ) ;
#3577 =( NAMED_UNIT ( * ) SI_UNIT ( $, .STERADIAN. ) SOLID_ANGLE_UNIT ( ) );
#3578 =( GEOMETRIC_REPRESENTATION_CONTEXT ( 3 ) GLOBAL_UNCERTAINTY_ASSIGNED_CONTEXT ( ( #8717 ) ) GLOBAL_UNIT_ASSIGNED_CONTEXT ( ( #9336, #4952, #613 ) ) REPRESENTATION_CONTEXT ( 'NONE', 'WORKASPACE' ) );
#3579 = ORIENTED_EDGE ( 'NONE', *, *, #5014, .T. ) ;
#3580 = CARTESIAN_POINT ( 'NONE',  ( -1.177500000000000200, -2.601461569844106100, 0.1865006715341501500 ) ) ;
#3581 = VECTOR ( 'NONE', #3355, 999.9999999999998900 ) ;
#3582 = MECHANICAL_DESIGN_GEOMETRIC_PRESENTATION_REPRESENTATION (  '', ( #2619 ), #4071 ) ;
#3583 = PLANE ( 'NONE',  #2679 ) ;
#3584 = CARTESIAN_POINT ( 'NONE',  ( 0.1224999999999997800, 3.189885311307101700, 2.710505431213761100E-017 ) ) ;
#3585 = ORIENTED_EDGE ( 'NONE', *, *, #4704, .F. ) ;
#3586 = SURFACE_SIDE_STYLE ('',( #3084 ) ) ;
#3587 = VECTOR ( 'NONE', #2422, 1000.000000000000100 ) ;
#3588 = STYLED_ITEM ( 'NONE', ( #7164 ), #7906 ) ;
#3589 = CARTESIAN_POINT ( 'NONE',  ( -0.5275000000000001900, 2.497121287348441400, 0.4445903360673038000 ) ) ;
#3590 = CIRCLE ( 'NONE', #4090, 0.2450000000000004400 ) ;
#3591 =( GEOMETRIC_REPRESENTATION_CONTEXT ( 3 ) GLOBAL_UNCERTAINTY_ASSIGNED_CONTEXT ( ( #5832 ) ) GLOBAL_UNIT_ASSIGNED_CONTEXT ( ( #5630, #1317, #6346 ) ) REPRESENTATION_CONTEXT ( 'NONE', 'WORKASPACE' ) );
#3592 = CARTESIAN_POINT ( 'NONE',  ( 1.422499999999999700, 2.608437217218518600, 0.2862570765601325000 ) ) ;
#3593 = SURFACE_SIDE_STYLE ('',( #2884 ) ) ;
#3594 =( NAMED_UNIT ( * ) SI_UNIT ( $, .STERADIAN. ) SOLID_ANGLE_UNIT ( ) );
#3595 = FILL_AREA_STYLE ('',( #8678 ) ) ;
#3596 = VECTOR ( 'NONE', #7896, 1000.000000000000000 ) ;
#3597 = VECTOR ( 'NONE', #8222, 1000.000000000000100 ) ;
#3598 = DIRECTION ( 'NONE',  ( 1.000000000000000000, 0.0000000000000000000, 0.0000000000000000000 ) ) ;
#3599 = PRESENTATION_LAYER_ASSIGNMENT (  '', '', ( #2645 ) ) ;
#3600 = CARTESIAN_POINT ( 'NONE',  ( -2.500000000000000000, 2.200000000000000200, 0.5275000000000060800 ) ) ;
#3601 = FILL_AREA_STYLE ('',( #9385 ) ) ;
#3602 = CARTESIAN_POINT ( 'NONE',  ( -2.353649013936948800, 2.053649013936949400, 1.502497686542511900 ) ) ;
#3603 = ORIENTED_EDGE ( 'NONE', *, *, #4464, .F. ) ;
#3604 = COLOUR_RGB ( '',1.000000000000000000, 1.000000000000000000, 1.000000000000000000 ) ;
#3605 = FACE_OUTER_BOUND ( 'NONE', #2596, .T. ) ;
#3606 = DIRECTION ( 'NONE',  ( -1.000000000000000000, 0.0000000000000000000, -0.0000000000000000000 ) ) ;
#3607 = ORIENTED_EDGE ( 'NONE', *, *, #4161, .F. ) ;
#3608 = VERTEX_POINT ( 'NONE', #2380 ) ;
#3609 = UNCERTAINTY_MEASURE_WITH_UNIT (LENGTH_MEASURE( 1.000000000000000100E-005 ), #5970, 'distance_accuracy_value', 'NONE');
#3610 = ORIENTED_EDGE ( 'NONE', *, *, #3868, .F. ) ;
#3611 = FILL_AREA_STYLE_COLOUR ( '', #3680 ) ;
#3612 = AXIS2_PLACEMENT_3D ( 'NONE', #3078, #8079, #3806 ) ;
#3613 = LINE ( 'NONE', #967, #5279 ) ;
#3614 = ORIENTED_EDGE ( 'NONE', *, *, #4758, .F. ) ;
#3615 = ORIENTED_EDGE ( 'NONE', *, *, #4407, .F. ) ;
#3616 = SURFACE_STYLE_FILL_AREA ( #1694 ) ;
#3617 = ADVANCED_FACE ( 'NONE', ( #994 ), #3851, .F. ) ;
#3618 = EDGE_LOOP ( 'NONE', ( #7110, #1451, #2212, #5392, #5229, #3861, #2368, #1723, #551, #8827, #6567, #8854 ) ) ;
#3619 = FILL_AREA_STYLE_COLOUR ( '', #764 ) ;
#3620 = ORIENTED_EDGE ( 'NONE', *, *, #3210, .F. ) ;
#3621 = EDGE_CURVE ( 'NONE', #1988, #8020, #292, .T. ) ;
#3622 = CYLINDRICAL_SURFACE ( 'NONE', #6809, 0.09999999999999988100 ) ;
#3623 =( LENGTH_UNIT ( ) NAMED_UNIT ( * ) SI_UNIT ( .MILLI., .METRE. ) );
#3624 = PLANE ( 'NONE',  #482 ) ;
#3625 = FACE_OUTER_BOUND ( 'NONE', #8036, .T. ) ;
#3626 = LINE ( 'NONE', #5820, #1698 ) ;
#3627 = PRESENTATION_STYLE_ASSIGNMENT (( #9384 ) ) ;
#3628 = CARTESIAN_POINT ( 'NONE',  ( 2.072499999999999800, 2.252718095034783400, 0.5274999999999934200 ) ) ;
#3629 = VERTEX_POINT ( 'NONE', #8914 ) ;
#3630 = CARTESIAN_POINT ( 'NONE',  ( -1.827500000000000100, -2.497121287348441400, 0.4445903360673038000 ) ) ;
#3631 = ORIENTED_EDGE ( 'NONE', *, *, #6666, .F. ) ;
#3632 =( GEOMETRIC_REPRESENTATION_CONTEXT ( 3 ) GLOBAL_UNCERTAINTY_ASSIGNED_CONTEXT ( ( #8655 ) ) GLOBAL_UNIT_ASSIGNED_CONTEXT ( ( #2949, #2989, #3037 ) ) REPRESENTATION_CONTEXT ( 'NONE', 'WORKASPACE' ) );
#3633 = DIRECTION ( 'NONE',  ( 0.0000000000000000000, 1.000000000000000000, -2.056603471294124000E-015 ) ) ;
#3634 = CARTESIAN_POINT ( 'NONE',  ( -0.5275000000000001900, 3.189885311307101700, 2.710505431213761100E-017 ) ) ;
#3635 = VERTEX_POINT ( 'NONE', #4585 ) ;
#3636 = LINE ( 'NONE', #404, #7432 ) ;
#3637 =( LENGTH_UNIT ( ) NAMED_UNIT ( * ) SI_UNIT ( .MILLI., .METRE. ) );
#3638 = VECTOR ( 'NONE', #2705, 1000.000000000000000 ) ;
#3639 = EDGE_CURVE ( 'NONE', #2491, #3990, #2244, .T. ) ;
#3640 = COLOUR_RGB ( '',1.000000000000000000, 1.000000000000000000, 1.000000000000000000 ) ;
#3641 = EDGE_CURVE ( 'NONE', #2886, #6726, #3948, .T. ) ;
#3642 = EDGE_LOOP ( 'NONE', ( #5140, #7660, #8363, #8808 ) ) ;
#3643 = CARTESIAN_POINT ( 'NONE',  ( 0.1224999999999997800, -2.200000000000000200, 0.5274999999999939700 ) ) ;
#3644 = ORIENTED_EDGE ( 'NONE', *, *, #7779, .F. ) ;
#3645 = VECTOR ( 'NONE', #1959, 1000.000000000000000 ) ;
#3646 = AXIS2_PLACEMENT_3D ( 'NONE', #3634, #8683, #4363 ) ;
#3647 = SURFACE_STYLE_FILL_AREA ( #2139 ) ;
#3648 = LINE ( 'NONE', #2744, #7227 ) ;
#3649 = DIRECTION ( 'NONE',  ( 0.0000000000000000000, 0.0000000000000000000, 1.000000000000000000 ) ) ;
#3650 = LINE ( 'NONE', #2994, #8017 ) ;
#3651 =( NAMED_UNIT ( * ) PLANE_ANGLE_UNIT ( ) SI_UNIT ( $, .RADIAN. ) );
#3652 = MECHANICAL_DESIGN_GEOMETRIC_PRESENTATION_REPRESENTATION (  '', ( #2196 ), #4139 ) ;
#3653 = EDGE_LOOP ( 'NONE', ( #159, #4644, #6297, #8703 ) ) ;
#3654 = COLOUR_RGB ( '',1.000000000000000000, 1.000000000000000000, 1.000000000000000000 ) ;
#3655 =( LENGTH_UNIT ( ) NAMED_UNIT ( * ) SI_UNIT ( .MILLI., .METRE. ) );
#3656 = ORIENTED_EDGE ( 'NONE', *, *, #2599, .F. ) ;
#3657 = LINE ( 'NONE', #3132, #7236 ) ;
#3658 =( NAMED_UNIT ( * ) PLANE_ANGLE_UNIT ( ) SI_UNIT ( $, .RADIAN. ) );
#3659 = ORIENTED_EDGE ( 'NONE', *, *, #268, .T. ) ;
#3660 = CARTESIAN_POINT ( 'NONE',  ( 0.7724999999999997400, 2.497121287348441400, 0.4445903360673038000 ) ) ;
#3661 =( NAMED_UNIT ( * ) PLANE_ANGLE_UNIT ( ) SI_UNIT ( $, .RADIAN. ) );
#3662 = COLOUR_RGB ( '',1.000000000000000000, 1.000000000000000000, 1.000000000000000000 ) ;
#3663 = STYLED_ITEM ( 'NONE', ( #3014 ), #8644 ) ;
#3664 = CARTESIAN_POINT ( 'NONE',  ( -0.5275000000000001900, -2.364034024904861500, 0.2691667404928227400 ) ) ;
#3665 = ORIENTED_EDGE ( 'NONE', *, *, #744, .F. ) ;
#3666 = DIRECTION ( 'NONE',  ( 0.0000000000000000000, 0.0000000000000000000, 1.000000000000000000 ) ) ;
#3667 = DIRECTION ( 'NONE',  ( 0.0000000000000000000, 0.0000000000000000000, 1.000000000000000000 ) ) ;
#3668 = FACE_OUTER_BOUND ( 'NONE', #1352, .T. ) ;
#3669 = CARTESIAN_POINT ( 'NONE',  ( 0.1224999999999997800, -2.601461569844106100, 0.1865006715341501500 ) ) ;
#3670 = CARTESIAN_POINT ( 'NONE',  ( -0.1225000000000002200, 2.601461569844106100, 0.1865006715341501500 ) ) ;
#3671 = PLANE ( 'NONE',  #6982 ) ;
#3672 = ORIENTED_EDGE ( 'NONE', *, *, #6794, .T. ) ;
#3673 = FILL_AREA_STYLE ('',( #7960 ) ) ;
#3674 = ADVANCED_FACE ( 'NONE', ( #7514 ), #3176, .F. ) ;
#3675 = AXIS2_PLACEMENT_3D ( 'NONE', #5713, #6263, #480 ) ;
#3676 = SURFACE_STYLE_USAGE ( .BOTH. , #7961 ) ;
#3677 = SURFACE_STYLE_FILL_AREA ( #3418 ) ;
#3678 = MECHANICAL_DESIGN_GEOMETRIC_PRESENTATION_REPRESENTATION (  '', ( #2699 ), #4157 ) ;
#3679 = DIRECTION ( 'NONE',  ( 0.0000000000000000000, 0.0000000000000000000, -1.000000000000000000 ) ) ;
#3680 = COLOUR_RGB ( '',1.000000000000000000, 1.000000000000000000, 1.000000000000000000 ) ;
#3681 = EDGE_CURVE ( 'NONE', #693, #8281, #3719, .T. ) ;
#3682 =( LENGTH_UNIT ( ) NAMED_UNIT ( * ) SI_UNIT ( .MILLI., .METRE. ) );
#3683 = UNCERTAINTY_MEASURE_WITH_UNIT (LENGTH_MEASURE( 1.000000000000000100E-005 ), #6254, 'distance_accuracy_value', 'NONE');
#3684 = VECTOR ( 'NONE', #3140, 1000.000000000000000 ) ;
#3685 = FILL_AREA_STYLE ('',( #6513 ) ) ;
#3686 = EDGE_CURVE ( 'NONE', #6234, #9370, #66, .T. ) ;
#3687 = DIRECTION ( 'NONE',  ( 0.0000000000000000000, 0.0000000000000000000, 1.000000000000000000 ) ) ;
#3688 = STYLED_ITEM ( 'NONE', ( #1725 ), #6108 ) ;
#3689 = VECTOR ( 'NONE', #5791, 1000.000000000000000 ) ;
#3690 = SURFACE_SIDE_STYLE ('',( #5618 ) ) ;
#3691 = VERTEX_POINT ( 'NONE', #267 ) ;
#3692 = LINE ( 'NONE', #2741, #7262 ) ;
#3693 =( NAMED_UNIT ( * ) SI_UNIT ( $, .STERADIAN. ) SOLID_ANGLE_UNIT ( ) );
#3694 = DIRECTION ( 'NONE',  ( -0.0000000000000000000, -0.0000000000000000000, 1.000000000000000000 ) ) ;
#3695 = SURFACE_STYLE_USAGE ( .BOTH. , #5151 ) ;
#3696 = DIRECTION ( 'NONE',  ( -1.000000000000000000, -8.673617379884035500E-017, 0.0000000000000000000 ) ) ;
#3697 = DIRECTION ( 'NONE',  ( -0.0000000000000000000, -0.0000000000000000000, 1.000000000000000000 ) ) ;
#3698 = VECTOR ( 'NONE', #8468, 1000.000000000000000 ) ;
#3699 = EDGE_CURVE ( 'NONE', #2719, #3302, #1794, .T. ) ;
#3700 = EDGE_CURVE ( 'NONE', #305, #6726, #5605, .T. ) ;
#3701 = ORIENTED_EDGE ( 'NONE', *, *, #1504, .F. ) ;
#3702 = FACE_OUTER_BOUND ( 'NONE', #3768, .T. ) ;
#3703 = CARTESIAN_POINT ( 'NONE',  ( 2.072499999999999800, -2.200000000000000200, 0.5274999999999939700 ) ) ;
#3704 = DIRECTION ( 'NONE',  ( -1.000000000000000000, -0.0000000000000000000, -0.0000000000000000000 ) ) ;
#3705 = LINE ( 'NONE', #1554, #5588 ) ;
#3706 =( GEOMETRIC_REPRESENTATION_CONTEXT ( 3 ) GLOBAL_UNCERTAINTY_ASSIGNED_CONTEXT ( ( #2001 ) ) GLOBAL_UNIT_ASSIGNED_CONTEXT ( ( #1014, #6032, #1749 ) ) REPRESENTATION_CONTEXT ( 'NONE', 'WORKASPACE' ) );
#3707 = STYLED_ITEM ( 'NONE', ( #6386 ), #3528 ) ;
#3708 = DIRECTION ( 'NONE',  ( -1.000000000000000000, -0.0000000000000000000, -0.0000000000000000000 ) ) ;
#3709 = COLOUR_RGB ( '',1.000000000000000000, 1.000000000000000000, 1.000000000000000000 ) ;
#3710 = AXIS2_PLACEMENT_3D ( 'NONE', #8556, #7187, #7023 ) ;
#3711 = LINE ( 'NONE', #1885, #9014 ) ;
#3712 = DIRECTION ( 'NONE',  ( -1.000000000000000000, 0.0000000000000000000, -0.0000000000000000000 ) ) ;
#3713 = AXIS2_PLACEMENT_3D ( 'NONE', #274, #5337, #1025 ) ;
#3714 = ADVANCED_FACE ( 'NONE', ( #7286 ), #296, .F. ) ;
#3715 = DIRECTION ( 'NONE',  ( 0.0000000000000000000, 0.0000000000000000000, 1.000000000000000000 ) ) ;
#3716 = ORIENTED_EDGE ( 'NONE', *, *, #3758, .F. ) ;
#3717 = DIRECTION ( 'NONE',  ( -1.000000000000000000, -0.0000000000000000000, -0.0000000000000000000 ) ) ;
#3718 = VECTOR ( 'NONE', #7397, 999.9999999999998900 ) ;
#3719 = LINE ( 'NONE', #5329, #7742 ) ;
#3720 = DIRECTION ( 'NONE',  ( 1.000000000000000000, 0.0000000000000000000, -0.0000000000000000000 ) ) ;
#3721 = FACE_OUTER_BOUND ( 'NONE', #4346, .T. ) ;
#3722 = CARTESIAN_POINT ( 'NONE',  ( -2.500000000000000000, -2.200000000000000200, 0.6724999999999941000 ) ) ;
#3723 = EDGE_LOOP ( 'NONE', ( #4720, #7610, #3281, #2256 ) ) ;
#3724 = CARTESIAN_POINT ( 'NONE',  ( 1.177499999999999800, -2.200000000000000200, 0.6724999999999941000 ) ) ;
#3725 = FILL_AREA_STYLE ('',( #7275 ) ) ;
#3726 = AXIS2_PLACEMENT_3D ( 'NONE', #8289, #6993, #7404 ) ;
#3727 = VERTEX_POINT ( 'NONE', #7489 ) ;
#3728 = FILL_AREA_STYLE_COLOUR ( '', #4086 ) ;
#3729 = SURFACE_STYLE_FILL_AREA ( #2889 ) ;
#3730 = AXIS2_PLACEMENT_3D ( 'NONE', #6256, #1986, #6984 ) ;
#3731 = STYLED_ITEM ( 'NONE', ( #5866 ), #9438 ) ;
#3732 = COLOUR_RGB ( '',1.000000000000000000, 1.000000000000000000, 1.000000000000000000 ) ;
#3733 = VECTOR ( 'NONE', #7265, 1000.000000000000000 ) ;
#3734 = VERTEX_POINT ( 'NONE', #340 ) ;
#3735 = VECTOR ( 'NONE', #6023, 1000.000000000000000 ) ;
#3736 = DIRECTION ( 'NONE',  ( 0.0000000000000000000, 0.06975647374412598200, -0.9975640502598242000 ) ) ;
#3737 = ORIENTED_EDGE ( 'NONE', *, *, #8789, .T. ) ;
#3738 = UNCERTAINTY_MEASURE_WITH_UNIT (LENGTH_MEASURE( 1.000000000000000100E-005 ), #5479, 'distance_accuracy_value', 'NONE');
#3739 = EDGE_CURVE ( 'NONE', #3957, #1116, #2818, .T. ) ;
#3740 = ORIENTED_EDGE ( 'NONE', *, *, #3936, .T. ) ;
#3741 = VECTOR ( 'NONE', #2327, 1000.000000000000000 ) ;
#3742 = FILL_AREA_STYLE_COLOUR ( '', #1085 ) ;
#3743 = MECHANICAL_DESIGN_GEOMETRIC_PRESENTATION_REPRESENTATION (  '', ( #2282 ), #4225 ) ;
#3744 = SURFACE_STYLE_FILL_AREA ( #8886 ) ;
#3745 = ORIENTED_EDGE ( 'NONE', *, *, #7344, .T. ) ;
#3746 = PRESENTATION_LAYER_ASSIGNMENT (  '', '', ( #2781 ) ) ;
#3747 = VERTEX_POINT ( 'NONE', #6826 ) ;
#3748 = UNCERTAINTY_MEASURE_WITH_UNIT (LENGTH_MEASURE( 1.000000000000000100E-005 ), #7722, 'distance_accuracy_value', 'NONE');
#3749 = ORIENTED_EDGE ( 'NONE', *, *, #4306, .F. ) ;
#3750 = ORIENTED_EDGE ( 'NONE', *, *, #8694, .F. ) ;
#3751 = LINE ( 'NONE', #3785, #7546 ) ;
#3752 = FACE_OUTER_BOUND ( 'NONE', #3320, .T. ) ;
#3753 = CARTESIAN_POINT ( 'NONE',  ( 1.422499999999999700, 2.608437217218518600, 0.2862570765601325000 ) ) ;
#3754 = COLOUR_RGB ( '',1.000000000000000000, 1.000000000000000000, 1.000000000000000000 ) ;
#3755 = VERTEX_POINT ( 'NONE', #1090 ) ;
#3756 = EDGE_CURVE ( 'NONE', #5069, #5650, #872, .T. ) ;
#3757 = CARTESIAN_POINT ( 'NONE',  ( -0.5275000000000001900, 2.591346881151208100, 0.04185388424647555600 ) ) ;
#3758 = EDGE_CURVE ( 'NONE', #5253, #7530, #6379, .T. ) ;
#3759 = ORIENTED_EDGE ( 'NONE', *, *, #5825, .T. ) ;
#3760 = CARTESIAN_POINT ( 'NONE',  ( -0.5275000000000001900, -2.591346881151208100, 0.04185388424647555600 ) ) ;
#3761 =( NAMED_UNIT ( * ) PLANE_ANGLE_UNIT ( ) SI_UNIT ( $, .RADIAN. ) );
#3762 = SURFACE_STYLE_USAGE ( .BOTH. , #8046 ) ;
#3763 = LINE ( 'NONE', #5519, #3525 ) ;
#3764 = ORIENTED_EDGE ( 'NONE', *, *, #3828, .F. ) ;
#3765 = FACE_OUTER_BOUND ( 'NONE', #6306, .T. ) ;
#3766 =( GEOMETRIC_REPRESENTATION_CONTEXT ( 3 ) GLOBAL_UNCERTAINTY_ASSIGNED_CONTEXT ( ( #6012 ) ) GLOBAL_UNIT_ASSIGNED_CONTEXT ( ( #4105, #9158, #4800 ) ) REPRESENTATION_CONTEXT ( 'NONE', 'WORKASPACE' ) );
#3767 = DIRECTION ( 'NONE',  ( 0.0000000000000000000, 0.0000000000000000000, -1.000000000000000000 ) ) ;
#3768 = EDGE_LOOP ( 'NONE', ( #6955, #6326, #1157, #1707, #2030, #6221, #747, #1934, #4180, #7643, #2675, #547 ) ) ;
#3769 = MECHANICAL_DESIGN_GEOMETRIC_PRESENTATION_REPRESENTATION (  '', ( #2799 ), #4247 ) ;
#3770 = DIRECTION ( 'NONE',  ( 0.0000000000000000000, 0.0000000000000000000, 1.000000000000000000 ) ) ;
#3771 = SURFACE_STYLE_FILL_AREA ( #3725 ) ;
#3772 = CARTESIAN_POINT ( 'NONE',  ( -2.072500000000000200, 2.252718095034784300, 0.4274999999999940500 ) ) ;
#3773 = ORIENTED_EDGE ( 'NONE', *, *, #7845, .T. ) ;
#3774 = ADVANCED_FACE ( 'NONE', ( #6158 ), #5383, .F. ) ;
#3775 = SURFACE_STYLE_USAGE ( .BOTH. , #8054 ) ;
#3776 = MECHANICAL_DESIGN_GEOMETRIC_PRESENTATION_REPRESENTATION (  '', ( #2803 ), #4249 ) ;
#3777 = LINE ( 'NONE', #1407, #5660 ) ;
#3778 = ORIENTED_EDGE ( 'NONE', *, *, #463, .T. ) ;
#3779 = EDGE_LOOP ( 'NONE', ( #2279, #1063, #4154, #6839 ) ) ;
#3780 = STYLED_ITEM ( 'NONE', ( #8090 ), #7719 ) ;
#3781 = COLOUR_RGB ( '',1.000000000000000000, 1.000000000000000000, 1.000000000000000000 ) ;
#3782 = ORIENTED_EDGE ( 'NONE', *, *, #5405, .F. ) ;
#3783 = MECHANICAL_DESIGN_GEOMETRIC_PRESENTATION_REPRESENTATION (  '', ( #2319 ), #4256 ) ;
#3784 = CARTESIAN_POINT ( 'NONE',  ( -0.5275000000000001900, -3.189885311307101700, 2.710505431213761100E-017 ) ) ;
#3785 = CARTESIAN_POINT ( 'NONE',  ( 0.1224999999999997800, 2.601461569844106100, 0.1865006715341501500 ) ) ;
#3786 = EDGE_LOOP ( 'NONE', ( #6597, #249, #7469, #9344 ) ) ;
#3787 = CARTESIAN_POINT ( 'NONE',  ( 2.500000000000000000, -2.200000000000000200, 0.6724999999999941000 ) ) ;
#3788 = FILL_AREA_STYLE_COLOUR ( '', #1603 ) ;
#3789 = CARTESIAN_POINT ( 'NONE',  ( -2.072500000000000200, 3.200000000000000200, 0.1446467872876744900 ) ) ;
#3790 = ORIENTED_EDGE ( 'NONE', *, *, #8065, .T. ) ;
#3791 =( NAMED_UNIT ( * ) PLANE_ANGLE_UNIT ( ) SI_UNIT ( $, .RADIAN. ) );
#3792 = CARTESIAN_POINT ( 'NONE',  ( -1.827500000000000100, 2.601461569844106100, 0.1865006715341500400 ) ) ;
#3793 =( NAMED_UNIT ( * ) SI_UNIT ( $, .STERADIAN. ) SOLID_ANGLE_UNIT ( ) );
#3794 = CARTESIAN_POINT ( 'NONE',  ( -1.422500000000000100, 2.200000000000000200, 0.6724999999999941000 ) ) ;
#3795 = MECHANICAL_DESIGN_GEOMETRIC_PRESENTATION_REPRESENTATION (  '', ( #2821 ), #4267 ) ;
#3796 = UNCERTAINTY_MEASURE_WITH_UNIT (LENGTH_MEASURE( 1.000000000000000100E-005 ), #3091, 'distance_accuracy_value', 'NONE');
#3797 = SURFACE_STYLE_USAGE ( .BOTH. , #7274 ) ;
#3798 = VECTOR ( 'NONE', #6097, 1000.000000000000000 ) ;
#3799 = FILL_AREA_STYLE_COLOUR ( '', #1686 ) ;
#3800 = LINE ( 'NONE', #2074, #3566 ) ;
#3801 = AXIS2_PLACEMENT_3D ( 'NONE', #1961, #6530, #6947 ) ;
#3802 = CARTESIAN_POINT ( 'NONE',  ( -2.072500000000000200, -2.497121287348441400, 0.4445903360673038000 ) ) ;
#3803 = VECTOR ( 'NONE', #4510, 1000.000000000000000 ) ;
#3804 = MECHANICAL_DESIGN_GEOMETRIC_PRESENTATION_REPRESENTATION (  '', ( #2333 ), #4276 ) ;
#3805 = ORIENTED_EDGE ( 'NONE', *, *, #4361, .F. ) ;
#3806 = DIRECTION ( 'NONE',  ( 0.0000000000000000000, 1.000000000000000000, 2.056603471294124000E-015 ) ) ;
#3807 = VECTOR ( 'NONE', #7879, 1000.000000000000000 ) ;
#3808 = CARTESIAN_POINT ( 'NONE',  ( 0.1224999999999997800, -2.352474500060765600, 0.4344756473744061900 ) ) ;
#3809 = ORIENTED_EDGE ( 'NONE', *, *, #5724, .T. ) ;
#3810 = EDGE_CURVE ( 'NONE', #2085, #1964, #1082, .T. ) ;
#3811 =( NAMED_UNIT ( * ) SI_UNIT ( $, .STERADIAN. ) SOLID_ANGLE_UNIT ( ) );
#3812 = SURFACE_STYLE_FILL_AREA ( #1320 ) ;
#3813 = DIRECTION ( 'NONE',  ( -1.000000000000000000, 0.0000000000000000000, -0.0000000000000000000 ) ) ;
#3814 = CARTESIAN_POINT ( 'NONE',  ( -0.5275000000000001900, -2.200000000000000200, 0.6724999999999941000 ) ) ;
#3815 = VECTOR ( 'NONE', #6205, 1000.000000000000000 ) ;
#3816 = EDGE_CURVE ( 'NONE', #6875, #5274, #8537, .T. ) ;
#3817 = AXIS2_PLACEMENT_3D ( 'NONE', #2520, #7529, #3238 ) ;
#3818 = ADVANCED_FACE ( 'NONE', ( #8297 ), #6162, .F. ) ;
#3819 =( NAMED_UNIT ( * ) SI_UNIT ( $, .STERADIAN. ) SOLID_ANGLE_UNIT ( ) );
#3820 = COLOUR_RGB ( '',1.000000000000000000, 1.000000000000000000, 1.000000000000000000 ) ;
#3821 = DIRECTION ( 'NONE',  ( -0.0000000000000000000, 0.06975647374412818900, -0.9975640502598240900 ) ) ;
#3822 = PRESENTATION_STYLE_ASSIGNMENT (( #4735 ) ) ;
#3823 =( LENGTH_UNIT ( ) NAMED_UNIT ( * ) SI_UNIT ( .MILLI., .METRE. ) );
#3824 = CARTESIAN_POINT ( 'NONE',  ( 0.7724999999999997400, -3.189885311307101700, 2.710505431213761100E-017 ) ) ;
#3825 = VERTEX_POINT ( 'NONE', #9089 ) ;
#3826 = DIRECTION ( 'NONE',  ( 0.0000000000000000000, 1.000000000000000000, 0.0000000000000000000 ) ) ;
#3827 = EDGE_CURVE ( 'NONE', #1248, #6058, #144, .T. ) ;
#3828 = EDGE_CURVE ( 'NONE', #444, #4994, #2097, .T. ) ;
#3829 = PLANE ( 'NONE',  #2960 ) ;
#3830 = CARTESIAN_POINT ( 'NONE',  ( -1.827500000000000100, 2.601461569844106100, 0.1865006715341500400 ) ) ;
#3831 = ORIENTED_EDGE ( 'NONE', *, *, #1239, .T. ) ;
#3832 = DIRECTION ( 'NONE',  ( 0.0000000000000000000, -0.9975640502598243100, -0.06975647374412599600 ) ) ;
#3833 =( NAMED_UNIT ( * ) SI_UNIT ( $, .STERADIAN. ) SOLID_ANGLE_UNIT ( ) );
#3834 = AXIS2_PLACEMENT_3D ( 'NONE', #8558, #4243, #9319 ) ;
#3835 = LINE ( 'NONE', #2647, #3597 ) ;
#3836 = PRESENTATION_LAYER_ASSIGNMENT (  '', '', ( #2875 ) ) ;
#3837 = PLANE ( 'NONE',  #6946 ) ;
#3838 = DIRECTION ( 'NONE',  ( 0.0000000000000000000, 1.000000000000000000, -2.056603471294124000E-015 ) ) ;
#3839 = VERTEX_POINT ( 'NONE', #9291 ) ;
#3840 = VERTEX_POINT ( 'NONE', #583 ) ;
#3841 = CARTESIAN_POINT ( 'NONE',  ( -1.827500000000000100, 2.252718095034783400, 0.5274999999999934200 ) ) ;
#3842 = SURFACE_STYLE_FILL_AREA ( #4870 ) ;
#3843 =( NAMED_UNIT ( * ) PLANE_ANGLE_UNIT ( ) SI_UNIT ( $, .RADIAN. ) );
#3844 = CYLINDRICAL_SURFACE ( 'NONE', #6571, 0.09999999999999988100 ) ;
#3845 = LINE ( 'NONE', #847, #1669 ) ;
#3846 = CARTESIAN_POINT ( 'NONE',  ( -2.500000000000000000, 2.200000000000000200, 1.100000000000000100 ) ) ;
#3847 = MECHANICAL_DESIGN_GEOMETRIC_PRESENTATION_REPRESENTATION (  '', ( #2375 ), #4330 ) ;
#3848 = LINE ( 'NONE', #1130, #1913 ) ;
#3849 = CARTESIAN_POINT ( 'NONE',  ( 2.424620215747131700, 2.124620215747132300, 1.100000000000000100 ) ) ;
#3850 = EDGE_LOOP ( 'NONE', ( #2970, #3264, #6366, #1916 ) ) ;
#3851 = PLANE ( 'NONE',  #2075 ) ;
#3852 = VERTEX_POINT ( 'NONE', #5644 ) ;
#3853 = CARTESIAN_POINT ( 'NONE',  ( -1.827500000000000100, -3.189885311307101700, 2.710505431213761100E-017 ) ) ;
#3854 = FACE_OUTER_BOUND ( 'NONE', #7099, .T. ) ;
#3855 = SURFACE_SIDE_STYLE ('',( #2337 ) ) ;
#3856 = CARTESIAN_POINT ( 'NONE',  ( -0.7725000000000001900, -2.591346881151208100, 0.04185388424647555600 ) ) ;
#3857 = STYLED_ITEM ( 'NONE', ( #4443 ), #1569 ) ;
#3858 = ORIENTED_EDGE ( 'NONE', *, *, #6307, .T. ) ;
#3859 = VERTEX_POINT ( 'NONE', #7031 ) ;
#3860 = UNCERTAINTY_MEASURE_WITH_UNIT (LENGTH_MEASURE( 1.000000000000000100E-005 ), #1462, 'distance_accuracy_value', 'NONE');
#3861 = ORIENTED_EDGE ( 'NONE', *, *, #9360, .T. ) ;
#3862 = PRESENTATION_LAYER_ASSIGNMENT (  '', '', ( #2900 ) ) ;
#3863 = FILL_AREA_STYLE_COLOUR ( '', #8224 ) ;
#3864 = ADVANCED_FACE ( 'NONE', ( #7358 ), #6352, .T. ) ;
#3865 = DIRECTION ( 'NONE',  ( -1.000000000000000000, 0.0000000000000000000, -0.0000000000000000000 ) ) ;
#3866 = LINE ( 'NONE', #8773, #4087 ) ;
#3867 = CIRCLE ( 'NONE', #6688, 0.09999999999999945000 ) ;
#3868 = EDGE_CURVE ( 'NONE', #3852, #6978, #7595, .T. ) ;
#3869 = ORIENTED_EDGE ( 'NONE', *, *, #5711, .T. ) ;
#3870 = PLANE ( 'NONE',  #3563 ) ;
#3871 = DIRECTION ( 'NONE',  ( 0.0000000000000000000, -0.06975647374412208300, 0.9975640502598244200 ) ) ;
#3872 = EDGE_LOOP ( 'NONE', ( #816, #4989, #4292, #678, #218, #5358, #8812, #5739, #3895, #7192, #1941, #8023 ) ) ;
#3873 = LINE ( 'NONE', #8904, #1942 ) ;
#3874 = PRESENTATION_LAYER_ASSIGNMENT (  '', '', ( #3360 ) ) ;
#3875 = ORIENTED_EDGE ( 'NONE', *, *, #6544, .F. ) ;
#3876 =( LENGTH_UNIT ( ) NAMED_UNIT ( * ) SI_UNIT ( .MILLI., .METRE. ) );
#3877 = PRESENTATION_LAYER_ASSIGNMENT (  '', '', ( #3364 ) ) ;
#3878 = ORIENTED_EDGE ( 'NONE', *, *, #270, .F. ) ;
#3879 = DIRECTION ( 'NONE',  ( 8.673617379884035500E-017, -1.000000000000000000, 0.0000000000000000000 ) ) ;
#3880 = ORIENTED_EDGE ( 'NONE', *, *, #6607, .T. ) ;
#3881 = CARTESIAN_POINT ( 'NONE',  ( 0.7724999999999997400, -2.252718095034784300, 0.6724999999999939900 ) ) ;
#3882 = COLOUR_RGB ( '',1.000000000000000000, 1.000000000000000000, 1.000000000000000000 ) ;
#3883 = VECTOR ( 'NONE', #3011, 1000.000000000000200 ) ;
#3884 = EDGE_CURVE ( 'NONE', #5172, #8913, #3800, .T. ) ;
#3885 = EDGE_CURVE ( 'NONE', #3216, #4954, #9362, .T. ) ;
#3886 = ORIENTED_EDGE ( 'NONE', *, *, #4651, .F. ) ;
#3887 = DIRECTION ( 'NONE',  ( 0.0000000000000000000, 0.0000000000000000000, 1.000000000000000000 ) ) ;
#3888 = ORIENTED_EDGE ( 'NONE', *, *, #6245, .T. ) ;
#3889 = CARTESIAN_POINT ( 'NONE',  ( 2.072499999999999800, -3.189885311307101700, 2.710505431213761100E-017 ) ) ;
#3890 = VECTOR ( 'NONE', #7350, 1000.000000000000100 ) ;
#3891 = PRESENTATION_LAYER_ASSIGNMENT (  '', '', ( #2926 ) ) ;
#3892 = DIRECTION ( 'NONE',  ( 0.0000000000000000000, 0.0000000000000000000, -1.000000000000000000 ) ) ;
#3893 = SURFACE_STYLE_FILL_AREA ( #1933 ) ;
#3894 = STYLED_ITEM ( 'NONE', ( #4074 ), #3274 ) ;
#3895 = ORIENTED_EDGE ( 'NONE', *, *, #385, .T. ) ;
#3896 = LINE ( 'NONE', #7633, #5547 ) ;
#3897 = ORIENTED_EDGE ( 'NONE', *, *, #1563, .T. ) ;
#3898 = DIRECTION ( 'NONE',  ( -0.0000000000000000000, 0.06975647374412818900, -0.9975640502598240900 ) ) ;
#3899 =( GEOMETRIC_REPRESENTATION_CONTEXT ( 3 ) GLOBAL_UNCERTAINTY_ASSIGNED_CONTEXT ( ( #2167 ) ) GLOBAL_UNIT_ASSIGNED_CONTEXT ( ( #233, #190, #165 ) ) REPRESENTATION_CONTEXT ( 'NONE', 'WORKASPACE' ) );
#3900 = VECTOR ( 'NONE', #1416, 1000.000000000000000 ) ;
#3901 = PRESENTATION_STYLE_ASSIGNMENT (( #7465 ) ) ;
#3902 = CARTESIAN_POINT ( 'NONE',  ( 0.5274999999999997500, -2.252718095034784300, 0.4274999999999940500 ) ) ;
#3903 =( NAMED_UNIT ( * ) PLANE_ANGLE_UNIT ( ) SI_UNIT ( $, .RADIAN. ) );
#3904 = ORIENTED_EDGE ( 'NONE', *, *, #464, .T. ) ;
#3905 = SURFACE_STYLE_USAGE ( .BOTH. , #8188 ) ;
#3906 = PRESENTATION_LAYER_ASSIGNMENT (  '', '', ( #3410 ) ) ;
#3907 = LINE ( 'NONE', #9148, #18 ) ;
#3908 =( NAMED_UNIT ( * ) SI_UNIT ( $, .STERADIAN. ) SOLID_ANGLE_UNIT ( ) );
#3909 = PLANE ( 'NONE',  #5138 ) ;
#3910 = CIRCLE ( 'NONE', #8154, 0.09999999999999988100 ) ;
#3911 = ADVANCED_FACE ( 'NONE', ( #7136 ), #2663, .F. ) ;
#3912 =( NAMED_UNIT ( * ) PLANE_ANGLE_UNIT ( ) SI_UNIT ( $, .RADIAN. ) );
#3913 = SURFACE_STYLE_FILL_AREA ( #230 ) ;
#3914 = UNCERTAINTY_MEASURE_WITH_UNIT (LENGTH_MEASURE( 1.000000000000000100E-005 ), #8183, 'distance_accuracy_value', 'NONE');
#3915 = DIRECTION ( 'NONE',  ( 0.0000000000000000000, 0.06975647374411951500, 0.9975640502598246400 ) ) ;
#3916 = STYLED_ITEM ( 'NONE', ( #854 ), #1056 ) ;
#3917 = VERTEX_POINT ( 'NONE', #1397 ) ;
#3918 = SURFACE_STYLE_FILL_AREA ( #6719 ) ;
#3919 = CARTESIAN_POINT ( 'NONE',  ( -2.072500000000000200, 2.252718095034784300, 0.4274999999999940500 ) ) ;
#3920 = AXIS2_PLACEMENT_3D ( 'NONE', #3192, #8210, #3928 ) ;
#3921 =( NAMED_UNIT ( * ) PLANE_ANGLE_UNIT ( ) SI_UNIT ( $, .RADIAN. ) );
#3922 = CIRCLE ( 'NONE', #5222, 0.2450000000000001600 ) ;
#3923 = EDGE_CURVE ( 'NONE', #3839, #6206, #4569, .T. ) ;
#3924 = CARTESIAN_POINT ( 'NONE',  ( 1.177499999999999800, 2.200000000000000200, 0.5274999999999939700 ) ) ;
#3925 = LINE ( 'NONE', #7780, #9241 ) ;
#3926 = CARTESIAN_POINT ( 'NONE',  ( -1.177500000000000200, -2.497121287348441900, 0.4445903360673038000 ) ) ;
#3927 = PRESENTATION_LAYER_ASSIGNMENT (  '', '', ( #3429 ) ) ;
#3928 = DIRECTION ( 'NONE',  ( 1.000000000000000000, 0.0000000000000000000, 0.0000000000000000000 ) ) ;
#3929 = MECHANICAL_DESIGN_GEOMETRIC_PRESENTATION_REPRESENTATION (  '', ( #2965 ), #4396 ) ;
#3930 = SURFACE_STYLE_FILL_AREA ( #4855 ) ;
#3931 =( NAMED_UNIT ( * ) SI_UNIT ( $, .STERADIAN. ) SOLID_ANGLE_UNIT ( ) );
#3932 = SURFACE_STYLE_USAGE ( .BOTH. , #8218 ) ;
#3933 = ADVANCED_FACE ( 'NONE', ( #8412 ), #7138, .F. ) ;
#3934 = DIRECTION ( 'NONE',  ( -1.000000000000000000, -0.0000000000000000000, -0.0000000000000000000 ) ) ;
#3935 = FILL_AREA_STYLE ('',( #264 ) ) ;
#3936 = EDGE_CURVE ( 'NONE', #5559, #8989, #7474, .T. ) ;
#3937 = CARTESIAN_POINT ( 'NONE',  ( -0.1225000000000002200, 2.591346881151208100, 0.04185388424647555600 ) ) ;
#3938 = LINE ( 'NONE', #7953, #2009 ) ;
#3939 = STYLED_ITEM ( 'NONE', ( #8931 ), #2971 ) ;
#3940 = CARTESIAN_POINT ( 'NONE',  ( -1.827500000000000100, 2.497121287348441900, 0.4445903360673038000 ) ) ;
#3941 = CARTESIAN_POINT ( 'NONE',  ( 2.072499999999999800, 2.200000000000000200, 0.5274999999999939700 ) ) ;
#3942 = SURFACE_SIDE_STYLE ('',( #7199 ) ) ;
#3943 = DIRECTION ( 'NONE',  ( 0.0000000000000000000, -1.000000000000000000, 2.056603471294124000E-015 ) ) ;
#3944 = ORIENTED_EDGE ( 'NONE', *, *, #5340, .F. ) ;
#3945 = AXIS2_PLACEMENT_3D ( 'NONE', #4196, #5926, #7620 ) ;
#3946 = EDGE_CURVE ( 'NONE', #512, #232, #3910, .T. ) ;
#3947 = LINE ( 'NONE', #8324, #7513 ) ;
#3948 = LINE ( 'NONE', #243, #5824 ) ;
#3949 = LINE ( 'NONE', #6391, #7288 ) ;
#3950 = ADVANCED_FACE ( 'NONE', ( #21 ), #3583, .F. ) ;
#3951 = DIRECTION ( 'NONE',  ( -1.000000000000000000, 0.0000000000000000000, -0.0000000000000000000 ) ) ;
#3952 = SURFACE_STYLE_USAGE ( .BOTH. , #1724 ) ;
#3953 = ORIENTED_EDGE ( 'NONE', *, *, #1546, .F. ) ;
#3954 = AXIS2_PLACEMENT_3D ( 'NONE', #7347, #3070, #8074 ) ;
#3955 = ORIENTED_EDGE ( 'NONE', *, *, #4347, .F. ) ;
#3956 = PRESENTATION_LAYER_ASSIGNMENT (  '', '', ( #3461 ) ) ;
#3957 = VERTEX_POINT ( 'NONE', #6509 ) ;
#3958 = FILL_AREA_STYLE ('',( #284 ) ) ;
#3959 = CARTESIAN_POINT ( 'NONE',  ( 1.422499999999999700, 2.608437217218518600, 0.2862570765601324400 ) ) ;
#3960 = COLOUR_RGB ( '',1.000000000000000000, 1.000000000000000000, 1.000000000000000000 ) ;
#3961 = LINE ( 'NONE', #5086, #2032 ) ;
#3962 = ORIENTED_EDGE ( 'NONE', *, *, #7689, .T. ) ;
#3963 =( NAMED_UNIT ( * ) PLANE_ANGLE_UNIT ( ) SI_UNIT ( $, .RADIAN. ) );
#3964 = ORIENTED_EDGE ( 'NONE', *, *, #152, .F. ) ;
#3965 = CARTESIAN_POINT ( 'NONE',  ( -1.827500000000000100, 2.364034024904861500, 0.2691667404928227400 ) ) ;
#3966 = ORIENTED_EDGE ( 'NONE', *, *, #3946, .F. ) ;
#3967 = SURFACE_STYLE_USAGE ( .BOTH. , #8270 ) ;
#3968 = STYLED_ITEM ( 'NONE', ( #5126 ), #8830 ) ;
#3969 = CARTESIAN_POINT ( 'NONE',  ( -1.827500000000000100, -3.200000000000000200, 0.1446467872876744900 ) ) ;
#3970 = ORIENTED_EDGE ( 'NONE', *, *, #7377, .F. ) ;
#3971 = LINE ( 'NONE', #4489, #87 ) ;
#3972 = ORIENTED_EDGE ( 'NONE', *, *, #490, .F. ) ;
#3973 = DIRECTION ( 'NONE',  ( 0.0000000000000000000, -0.06975647374411951500, 0.9975640502598246400 ) ) ;
#3974 = PRESENTATION_STYLE_ASSIGNMENT (( #32 ) ) ;
#3975 = ORIENTED_EDGE ( 'NONE', *, *, #9343, .F. ) ;
#3976 = ORIENTED_EDGE ( 'NONE', *, *, #5950, .T. ) ;
#3977 = UNCERTAINTY_MEASURE_WITH_UNIT (LENGTH_MEASURE( 1.000000000000000100E-005 ), #7040, 'distance_accuracy_value', 'NONE');
#3978 = EDGE_LOOP ( 'NONE', ( #3148, #3143, #2956, #643 ) ) ;
#3979 = DIRECTION ( 'NONE',  ( 0.0000000000000000000, -0.06975647374412598200, -0.9975640502598242000 ) ) ;
#3980 = COLOUR_RGB ( '',1.000000000000000000, 1.000000000000000000, 1.000000000000000000 ) ;
#3981 = ADVANCED_FACE ( 'NONE', ( #4896 ), #1496, .F. ) ;
#3982 = ORIENTED_EDGE ( 'NONE', *, *, #217, .T. ) ;
#3983 = FILL_AREA_STYLE_COLOUR ( '', #1367 ) ;
#3984 = SURFACE_STYLE_FILL_AREA ( #7981 ) ;
#3985 = PLANE ( 'NONE',  #7638 ) ;
#3986 = LINE ( 'NONE', #5916, #5408 ) ;
#3987 = STYLED_ITEM ( 'NONE', ( #8839 ), #1783 ) ;
#3988 = CIRCLE ( 'NONE', #8849, 0.09999999999999988100 ) ;
#3989 = CARTESIAN_POINT ( 'NONE',  ( -0.1225000000000002200, -2.591346881151208100, 0.04185388424647555600 ) ) ;
#3990 = VERTEX_POINT ( 'NONE', #7918 ) ;
#3991 = CARTESIAN_POINT ( 'NONE',  ( 1.827499999999999700, 2.508680812192536400, 0.2792814291857203500 ) ) ;
#3992 = COLOUR_RGB ( '',1.000000000000000000, 1.000000000000000000, 1.000000000000000000 ) ;
#3993 = DIRECTION ( 'NONE',  ( 0.0000000000000000000, 1.000000000000000000, -2.056603471294124000E-015 ) ) ;
#3994 = ORIENTED_EDGE ( 'NONE', *, *, #7261, .F. ) ;
#3995 = SURFACE_STYLE_FILL_AREA ( #4159 ) ;
#3996 = EDGE_CURVE ( 'NONE', #6401, #2036, #4242, .T. ) ;
#3997 = VERTEX_POINT ( 'NONE', #722 ) ;
#3998 = LINE ( 'NONE', #758, #9326 ) ;
#3999 = EDGE_CURVE ( 'NONE', #4887, #4556, #370, .T. ) ;
#4000 = ORIENTED_EDGE ( 'NONE', *, *, #555, .T. ) ;
#4001 = CARTESIAN_POINT ( 'NONE',  ( -0.7725000000000001900, 2.601461569844106100, 0.1865006715341501500 ) ) ;
#4002 =( NAMED_UNIT ( * ) PLANE_ANGLE_UNIT ( ) SI_UNIT ( $, .RADIAN. ) );
#4003 = FACE_OUTER_BOUND ( 'NONE', #5506, .T. ) ;
#4004 = ORIENTED_EDGE ( 'NONE', *, *, #7089, .T. ) ;
#4005 = PRESENTATION_STYLE_ASSIGNMENT (( #502 ) ) ;
#4006 = ADVANCED_FACE ( 'NONE', ( #6118 ), #72, .F. ) ;
#4007 = DIRECTION ( 'NONE',  ( -1.000000000000000000, -0.0000000000000000000, 0.0000000000000000000 ) ) ;
#4008 = ORIENTED_EDGE ( 'NONE', *, *, #1297, .T. ) ;
#4009 = LINE ( 'NONE', #7237, #5670 ) ;
#4010 = EDGE_CURVE ( 'NONE', #8383, #5821, #5225, .T. ) ;
#4011 = FACE_OUTER_BOUND ( 'NONE', #7112, .T. ) ;
#4012 = EDGE_CURVE ( 'NONE', #3997, #5069, #3328, .T. ) ;
#4013 = PRESENTATION_STYLE_ASSIGNMENT (( #3228 ) ) ;
#4014 = FILL_AREA_STYLE ('',( #5057 ) ) ;
#4015 = VERTEX_POINT ( 'NONE', #2318 ) ;
#4016 = PRESENTATION_LAYER_ASSIGNMENT (  '', '', ( #3516 ) ) ;
#4017 =( NAMED_UNIT ( * ) PLANE_ANGLE_UNIT ( ) SI_UNIT ( $, .RADIAN. ) );
#4018 = MECHANICAL_DESIGN_GEOMETRIC_PRESENTATION_REPRESENTATION (  '', ( #2555 ), #4478 ) ;
#4019 =( LENGTH_UNIT ( ) NAMED_UNIT ( * ) SI_UNIT ( .MILLI., .METRE. ) );
#4020 = PRESENTATION_STYLE_ASSIGNMENT (( #2286 ) ) ;
#4021 = SURFACE_SIDE_STYLE ('',( #5762 ) ) ;
#4022 =( NAMED_UNIT ( * ) PLANE_ANGLE_UNIT ( ) SI_UNIT ( $, .RADIAN. ) );
#4023 = SURFACE_STYLE_FILL_AREA ( #7002 ) ;
#4024 = STYLED_ITEM ( 'NONE', ( #4382 ), #810 ) ;
#4025 = DIRECTION ( 'NONE',  ( 0.0000000000000000000, 0.0000000000000000000, 1.000000000000000000 ) ) ;
#4026 = CARTESIAN_POINT ( 'NONE',  ( 2.072499999999999800, -2.364034024904861500, 0.2691667404928227400 ) ) ;
#4027 = LINE ( 'NONE', #8227, #7590 ) ;
#4028 = CARTESIAN_POINT ( 'NONE',  ( -1.177500000000000200, 2.252718095034783400, 0.5274999999999934200 ) ) ;
#4029 = VERTEX_POINT ( 'NONE', #8058 ) ;
#4030 = VECTOR ( 'NONE', #1905, 1000.000000000000100 ) ;
#4031 = STYLED_ITEM ( 'NONE', ( #3346 ), #8321 ) ;
#4032 = DIRECTION ( 'NONE',  ( -1.000000000000000000, -0.0000000000000000000, -0.0000000000000000000 ) ) ;
#4033 = UNCERTAINTY_MEASURE_WITH_UNIT (LENGTH_MEASURE( 1.000000000000000100E-005 ), #7888, 'distance_accuracy_value', 'NONE');
#4034 = DIRECTION ( 'NONE',  ( 1.000000000000000000, 0.0000000000000000000, 0.0000000000000000000 ) ) ;
#4035 = ORIENTED_EDGE ( 'NONE', *, *, #2773, .F. ) ;
#4036 = SURFACE_SIDE_STYLE ('',( #2631 ) ) ;
#4037 = ORIENTED_EDGE ( 'NONE', *, *, #1201, .F. ) ;
#4038 = FILL_AREA_STYLE ('',( #7587 ) ) ;
#4039 = DIRECTION ( 'NONE',  ( 0.0000000000000000000, 0.9975640502598242000, 0.06975647374412598200 ) ) ;
#4040 = CARTESIAN_POINT ( 'NONE',  ( 2.072499999999999800, -2.352474500060765600, 0.4344756473744061900 ) ) ;
#4041 = SURFACE_STYLE_USAGE ( .BOTH. , #8344 ) ;
#4042 = LINE ( 'NONE', #3335, #3815 ) ;
#4043 = CARTESIAN_POINT ( 'NONE',  ( 0.1224999999999997800, -2.608437217218518600, 0.2862570765601325000 ) ) ;
#4044 = LINE ( 'NONE', #8254, #5920 ) ;
#4045 = EDGE_CURVE ( 'NONE', #2248, #667, #7128, .T. ) ;
#4046 = DIRECTION ( 'NONE',  ( -1.000000000000000000, 0.0000000000000000000, -0.0000000000000000000 ) ) ;
#4047 =( NAMED_UNIT ( * ) PLANE_ANGLE_UNIT ( ) SI_UNIT ( $, .RADIAN. ) );
#4048 = VERTEX_POINT ( 'NONE', #4484 ) ;
#4049 = ADVANCED_FACE ( 'NONE', ( #3113 ), #1612, .F. ) ;
#4050 = CARTESIAN_POINT ( 'NONE',  ( 2.750000000000000000, 2.200000000000000200, 0.6724999999999941000 ) ) ;
#4051 = FILL_AREA_STYLE ('',( #6701 ) ) ;
#4052 = PRESENTATION_LAYER_ASSIGNMENT (  '', '', ( #3086 ) ) ;
#4053 =( NAMED_UNIT ( * ) PLANE_ANGLE_UNIT ( ) SI_UNIT ( $, .RADIAN. ) );
#4054 = CARTESIAN_POINT ( 'NONE',  ( -0.5275000000000001900, -2.608437217218518600, 0.2862570765601324400 ) ) ;
#4055 = ORIENTED_EDGE ( 'NONE', *, *, #1127, .F. ) ;
#4056 = DIRECTION ( 'NONE',  ( 1.000000000000000000, 0.0000000000000000000, -0.0000000000000000000 ) ) ;
#4057 =( NAMED_UNIT ( * ) PLANE_ANGLE_UNIT ( ) SI_UNIT ( $, .RADIAN. ) );
#4058 = EDGE_CURVE ( 'NONE', #1587, #318, #4352, .T. ) ;
#4059 = EDGE_CURVE ( 'NONE', #7790, #4414, #2419, .T. ) ;
#4060 = CARTESIAN_POINT ( 'NONE',  ( 2.072499999999999800, -2.200000000000000200, 0.5274999999999939700 ) ) ;
#4061 = EDGE_LOOP ( 'NONE', ( #5719, #8095, #4936, #1355 ) ) ;
#4062 =( LENGTH_UNIT ( ) NAMED_UNIT ( * ) SI_UNIT ( .MILLI., .METRE. ) );
#4063 = VERTEX_POINT ( 'NONE', #6668 ) ;
#4064 = STYLED_ITEM ( 'NONE', ( #1843 ), #6744 ) ;
#4065 = VECTOR ( 'NONE', #3300, 1000.000000000000200 ) ;
#4066 = AXIS2_PLACEMENT_3D ( 'NONE', #4145, #1473, #3666 ) ;
#4067 = CARTESIAN_POINT ( 'NONE',  ( -2.353649013936948400, -2.053649013936949000, 1.502497686542511900 ) ) ;
#4068 =( NAMED_UNIT ( * ) PLANE_ANGLE_UNIT ( ) SI_UNIT ( $, .RADIAN. ) );
#4069 = DIRECTION ( 'NONE',  ( 0.0000000000000000000, 0.0000000000000000000, 1.000000000000000000 ) ) ;
#4070 = ORIENTED_EDGE ( 'NONE', *, *, #6373, .T. ) ;
#4071 =( GEOMETRIC_REPRESENTATION_CONTEXT ( 3 ) GLOBAL_UNCERTAINTY_ASSIGNED_CONTEXT ( ( #6700 ) ) GLOBAL_UNIT_ASSIGNED_CONTEXT ( ( #8959, #8747, #8711 ) ) REPRESENTATION_CONTEXT ( 'NONE', 'WORKASPACE' ) );
#4072 = VERTEX_POINT ( 'NONE', #3841 ) ;
#4073 = DIRECTION ( 'NONE',  ( 0.0000000000000000000, 0.0000000000000000000, 1.000000000000000000 ) ) ;
#4074 = PRESENTATION_STYLE_ASSIGNMENT (( #8574 ) ) ;
#4075 = SURFACE_SIDE_STYLE ('',( #1039 ) ) ;
#4076 = VECTOR ( 'NONE', #2440, 1000.000000000000000 ) ;
#4077 =( LENGTH_UNIT ( ) NAMED_UNIT ( * ) SI_UNIT ( .MILLI., .METRE. ) );
#4078 = SURFACE_STYLE_USAGE ( .BOTH. , #5130 ) ;
#4079 = ORIENTED_EDGE ( 'NONE', *, *, #2121, .T. ) ;
#4080 = UNCERTAINTY_MEASURE_WITH_UNIT (LENGTH_MEASURE( 1.000000000000000100E-005 ), #8313, 'distance_accuracy_value', 'NONE');
#4081 = AXIS2_PLACEMENT_3D ( 'NONE', #4968, #3569, #8619 ) ;
#4082 = ORIENTED_EDGE ( 'NONE', *, *, #217, .F. ) ;
#4083 = DIRECTION ( 'NONE',  ( 0.0000000000000000000, 0.0000000000000000000, 1.000000000000000000 ) ) ;
#4084 = ORIENTED_EDGE ( 'NONE', *, *, #6679, .F. ) ;
#4085 = CARTESIAN_POINT ( 'NONE',  ( 0.1224999999999997800, -2.200000000000000200, 0.5274999999999939700 ) ) ;
#4086 = COLOUR_RGB ( '',1.000000000000000000, 1.000000000000000000, 1.000000000000000000 ) ;
#4087 = VECTOR ( 'NONE', #3715, 1000.000000000000000 ) ;
#4088 = CARTESIAN_POINT ( 'NONE',  ( -1.424620215747131300, -1.124620215747131200, 1.100000000000000100 ) ) ;
#4089 = SURFACE_STYLE_FILL_AREA ( #5754 ) ;
#4090 = AXIS2_PLACEMENT_3D ( 'NONE', #5033, #3276, #8454 ) ;
#4091 = ORIENTED_EDGE ( 'NONE', *, *, #8196, .T. ) ;
#4092 = UNCERTAINTY_MEASURE_WITH_UNIT (LENGTH_MEASURE( 1.000000000000000100E-005 ), #287, 'distance_accuracy_value', 'NONE');
#4093 = ORIENTED_EDGE ( 'NONE', *, *, #7272, .F. ) ;
#4094 = MECHANICAL_DESIGN_GEOMETRIC_PRESENTATION_REPRESENTATION (  '', ( #2645 ), #4564 ) ;
#4095 = CIRCLE ( 'NONE', #7154, 0.09999999999999945000 ) ;
#4096 = DIRECTION ( 'NONE',  ( -0.9848077530122086900, -9.706642775421859400E-017, 0.1736481776669275600 ) ) ;
#4097 = ORIENTED_EDGE ( 'NONE', *, *, #6372, .F. ) ;
#4098 = SURFACE_STYLE_FILL_AREA ( #7209 ) ;
#4099 = VERTEX_POINT ( 'NONE', #8882 ) ;
#4100 = PRESENTATION_STYLE_ASSIGNMENT (( #5240 ) ) ;
#4101 = CARTESIAN_POINT ( 'NONE',  ( 2.072499999999999800, -2.200000000000000200, 0.6724999999999941000 ) ) ;
#4102 = ORIENTED_EDGE ( 'NONE', *, *, #9269, .T. ) ;
#4103 = CARTESIAN_POINT ( 'NONE',  ( 0.1224999999999997800, 2.608437217218518600, 0.2862570765601324400 ) ) ;
#4104 = ORIENTED_EDGE ( 'NONE', *, *, #4461, .T. ) ;
#4105 =( LENGTH_UNIT ( ) NAMED_UNIT ( * ) SI_UNIT ( .MILLI., .METRE. ) );
#4106 = STYLED_ITEM ( 'NONE', ( #1236 ), #2108 ) ;
#4107 = LINE ( 'NONE', #6994, #3883 ) ;
#4108 = STYLED_ITEM ( 'NONE', ( #5455 ), #5631 ) ;
#4109 = ORIENTED_EDGE ( 'NONE', *, *, #4507, .T. ) ;
#4110 = DIRECTION ( 'NONE',  ( 0.0000000000000000000, -0.9975640502598243100, -0.06975647374412599600 ) ) ;
#4111 = VERTEX_POINT ( 'NONE', #194 ) ;
#4112 = CARTESIAN_POINT ( 'NONE',  ( -0.5275000000000001900, 2.200000000000000200, 0.5274999999999939700 ) ) ;
#4113 = FILL_AREA_STYLE_COLOUR ( '', #7568 ) ;
#4114 = FACE_OUTER_BOUND ( 'NONE', #6320, .T. ) ;
#4115 = VECTOR ( 'NONE', #663, 1000.000000000000000 ) ;
#4116 = FILL_AREA_STYLE_COLOUR ( '', #4884 ) ;
#4117 = CIRCLE ( 'NONE', #5200, 0.5000000000000001100 ) ;
#4118 = EDGE_CURVE ( 'NONE', #7559, #6179, #6224, .T. ) ;
#4119 = ORIENTED_EDGE ( 'NONE', *, *, #8764, .F. ) ;
#4120 = DIRECTION ( 'NONE',  ( -1.000000000000000000, -0.0000000000000000000, -0.0000000000000000000 ) ) ;
#4121 = SURFACE_STYLE_USAGE ( .BOTH. , #8432 ) ;
#4122 = EDGE_LOOP ( 'NONE', ( #336, #4079, #2536, #2878, #2746, #7927, #1449, #9278, #149, #321, #5072, #1672 ) ) ;
#4123 = FILL_AREA_STYLE_COLOUR ( '', #7011 ) ;
#4124 = MANIFOLD_SOLID_BREP ( 'Lead5', #6228 ) ;
#4125 = LINE ( 'NONE', #4631, #4351 ) ;
#4126 = VECTOR ( 'NONE', #1666, 1000.000000000000200 ) ;
#4127 =( LENGTH_UNIT ( ) NAMED_UNIT ( * ) SI_UNIT ( .MILLI., .METRE. ) );
#4128 = ORIENTED_EDGE ( 'NONE', *, *, #75, .T. ) ;
#4129 = FACE_OUTER_BOUND ( 'NONE', #2966, .T. ) ;
#4130 = EDGE_CURVE ( 'NONE', #540, #5999, #5333, .T. ) ;
#4131 = VECTOR ( 'NONE', #3348, 1000.000000000000000 ) ;
#4132 = EDGE_CURVE ( 'NONE', #4804, #9302, #9220, .T. ) ;
#4133 = SURFACE_SIDE_STYLE ('',( #1643 ) ) ;
#4134 = SURFACE_SIDE_STYLE ('',( #3995 ) ) ;
#4135 = DIRECTION ( 'NONE',  ( -1.000000000000000000, 0.0000000000000000000, -0.0000000000000000000 ) ) ;
#4136 = COLOUR_RGB ( '',1.000000000000000000, 1.000000000000000000, 1.000000000000000000 ) ;
#4137 = STYLED_ITEM ( 'NONE', ( #3974 ), #7482 ) ;
#4138 = SURFACE_SIDE_STYLE ('',( #2393 ) ) ;
#4139 =( GEOMETRIC_REPRESENTATION_CONTEXT ( 3 ) GLOBAL_UNCERTAINTY_ASSIGNED_CONTEXT ( ( #6693 ) ) GLOBAL_UNIT_ASSIGNED_CONTEXT ( ( #3682, #8736, #4395 ) ) REPRESENTATION_CONTEXT ( 'NONE', 'WORKASPACE' ) );
#4140 = PLANE ( 'NONE',  #8410 ) ;
#4141 = CARTESIAN_POINT ( 'NONE',  ( -1.827500000000000100, -2.252718095034784300, 0.4274999999999940500 ) ) ;
#4142 = SURFACE_STYLE_USAGE ( .BOTH. , #8453 ) ;
#4143 = DIRECTION ( 'NONE',  ( 0.0000000000000000000, -1.000000000000000000, 0.0000000000000000000 ) ) ;
#4144 = CARTESIAN_POINT ( 'NONE',  ( -1.177500000000000200, 2.601461569844106100, 0.1865006715341500400 ) ) ;
#4145 = CARTESIAN_POINT ( 'NONE',  ( -2.072500000000000200, -2.608437217218518600, 0.2862570765601325000 ) ) ;
#4146 = UNCERTAINTY_MEASURE_WITH_UNIT (LENGTH_MEASURE( 1.000000000000000100E-005 ), #3823, 'distance_accuracy_value', 'NONE');
#4147 = AXIS2_PLACEMENT_3D ( 'NONE', #7414, #1711, #4609 ) ;
#4148 = CARTESIAN_POINT ( 'NONE',  ( 0.5274999999999997500, 2.364034024904861500, 0.2691667404928227400 ) ) ;
#4149 = ORIENTED_EDGE ( 'NONE', *, *, #6307, .F. ) ;
#4150 = ADVANCED_FACE ( 'NONE', ( #1512 ), #2534, .F. ) ;
#4151 = SURFACE_STYLE_USAGE ( .BOTH. , #8463 ) ;
#4152 = UNCERTAINTY_MEASURE_WITH_UNIT (LENGTH_MEASURE( 1.000000000000000100E-005 ), #9207, 'distance_accuracy_value', 'NONE');
#4153 = ORIENTED_EDGE ( 'NONE', *, *, #1623, .F. ) ;
#4154 = ORIENTED_EDGE ( 'NONE', *, *, #70, .T. ) ;
#4155 = CARTESIAN_POINT ( 'NONE',  ( 1.177499999999999800, -2.252718095034783400, 0.5274999999999934200 ) ) ;
#4156 = AXIS2_PLACEMENT_3D ( 'NONE', #1336, #1507, #1965 ) ;
#4157 =( GEOMETRIC_REPRESENTATION_CONTEXT ( 3 ) GLOBAL_UNCERTAINTY_ASSIGNED_CONTEXT ( ( #1113 ) ) GLOBAL_UNIT_ASSIGNED_CONTEXT ( ( #1111, #6134, #1853 ) ) REPRESENTATION_CONTEXT ( 'NONE', 'WORKASPACE' ) );
#4158 = SURFACE_STYLE_USAGE ( .BOTH. , #8476 ) ;
#4159 = FILL_AREA_STYLE ('',( #6166 ) ) ;
#4160 = DIRECTION ( 'NONE',  ( 0.0000000000000000000, 0.06975647374412817500, 0.9975640502598240900 ) ) ;
#4161 = EDGE_CURVE ( 'NONE', #7044, #5541, #6335, .T. ) ;
#4162 = DIRECTION ( 'NONE',  ( -1.000000000000000000, 0.0000000000000000000, -0.0000000000000000000 ) ) ;
#4163 = EDGE_CURVE ( 'NONE', #6964, #1988, #4452, .T. ) ;
#4164 =( NAMED_UNIT ( * ) SI_UNIT ( $, .STERADIAN. ) SOLID_ANGLE_UNIT ( ) );
#4165 = DIRECTION ( 'NONE',  ( 0.0000000000000000000, 0.9975640502598243100, -0.06975647374412599600 ) ) ;
#4166 = DIRECTION ( 'NONE',  ( 0.0000000000000000000, 0.0000000000000000000, 1.000000000000000000 ) ) ;
#4167 = ORIENTED_EDGE ( 'NONE', *, *, #3026, .T. ) ;
#4168 = AXIS2_PLACEMENT_3D ( 'NONE', #7086, #2816, #7837 ) ;
#4169 = LINE ( 'NONE', #7091, #7741 ) ;
#4170 = VECTOR ( 'NONE', #3821, 1000.000000000000100 ) ;
#4171 =( NAMED_UNIT ( * ) SI_UNIT ( $, .STERADIAN. ) SOLID_ANGLE_UNIT ( ) );
#4172 =( LENGTH_UNIT ( ) NAMED_UNIT ( * ) SI_UNIT ( .MILLI., .METRE. ) );
#4173 = SURFACE_SIDE_STYLE ('',( #1052 ) ) ;
#4174 = EDGE_LOOP ( 'NONE', ( #6673, #390, #1460, #891 ) ) ;
#4175 = CARTESIAN_POINT ( 'NONE',  ( -1.177500000000000200, -2.364034024904861500, 0.2691667404928227400 ) ) ;
#4176 = ORIENTED_EDGE ( 'NONE', *, *, #2978, .T. ) ;
#4177 = EDGE_CURVE ( 'NONE', #4613, #458, #823, .T. ) ;
#4178 = EDGE_CURVE ( 'NONE', #8583, #9302, #578, .T. ) ;
#4179 = FACE_OUTER_BOUND ( 'NONE', #9192, .T. ) ;
#4180 = ORIENTED_EDGE ( 'NONE', *, *, #270, .T. ) ;
#4181 = VERTEX_POINT ( 'NONE', #1049 ) ;
#4182 = PRESENTATION_LAYER_ASSIGNMENT (  '', '', ( #3707 ) ) ;
#4183 = CARTESIAN_POINT ( 'NONE',  ( -1.177500000000000200, 2.352474500060765600, 0.4344756473744061900 ) ) ;
#4184 = LINE ( 'NONE', #5710, #2259 ) ;
#4185 = LINE ( 'NONE', #5268, #313 ) ;
#4186 = DIRECTION ( 'NONE',  ( -1.000000000000000000, -0.0000000000000000000, -0.0000000000000000000 ) ) ;
#4187 = UNCERTAINTY_MEASURE_WITH_UNIT (LENGTH_MEASURE( 1.000000000000000100E-005 ), #4888, 'distance_accuracy_value', 'NONE');
#4188 = AXIS2_PLACEMENT_3D ( 'NONE', #7521, #7664, #7582 ) ;
#4189 = FACE_OUTER_BOUND ( 'NONE', #6664, .T. ) ;
#4190 = ADVANCED_FACE ( 'NONE', ( #5886 ), #2504, .T. ) ;
#4191 =( NAMED_UNIT ( * ) SI_UNIT ( $, .STERADIAN. ) SOLID_ANGLE_UNIT ( ) );
#4192 = ORIENTED_EDGE ( 'NONE', *, *, #5948, .T. ) ;
#4193 = CARTESIAN_POINT ( 'NONE',  ( -0.1225000000000002200, 2.252718095034783400, 0.5274999999999934200 ) ) ;
#4194 = VERTEX_POINT ( 'NONE', #329 ) ;
#4195 = LINE ( 'NONE', #5184, #6071 ) ;
#4196 = CARTESIAN_POINT ( 'NONE',  ( -2.750000000000000000, 2.200000000000000200, 0.5275000000000060800 ) ) ;
#4197 = DIRECTION ( 'NONE',  ( 1.000000000000000000, 0.0000000000000000000, 0.0000000000000000000 ) ) ;
#4198 = ORIENTED_EDGE ( 'NONE', *, *, #8063, .T. ) ;
#4199 = PRESENTATION_LAYER_ASSIGNMENT (  '', '', ( #3227 ) ) ;
#4200 = VECTOR ( 'NONE', #4538, 1000.000000000000000 ) ;
#4201 = FILL_AREA_STYLE_COLOUR ( '', #2702 ) ;
#4202 = VECTOR ( 'NONE', #5170, 1000.000000000000000 ) ;
#4203 = DIRECTION ( 'NONE',  ( 0.0000000000000000000, 0.0000000000000000000, 1.000000000000000000 ) ) ;
#4204 = ORIENTED_EDGE ( 'NONE', *, *, #7346, .F. ) ;
#4205 = CIRCLE ( 'NONE', #3817, 0.09999999999999988100 ) ;
#4206 = CARTESIAN_POINT ( 'NONE',  ( -1.827500000000000100, 2.200000000000000200, 0.6724999999999941000 ) ) ;
#4207 = ORIENTED_EDGE ( 'NONE', *, *, #2296, .T. ) ;
#4208 = DIRECTION ( 'NONE',  ( 1.000000000000000000, 0.0000000000000000000, 0.0000000000000000000 ) ) ;
#4209 = LINE ( 'NONE', #8423, #6084 ) ;
#4210 = ORIENTED_EDGE ( 'NONE', *, *, #1368, .T. ) ;
#4211 = MECHANICAL_DESIGN_GEOMETRIC_PRESENTATION_REPRESENTATION (  '', ( #3234 ), #4679 ) ;
#4212 = PRESENTATION_STYLE_ASSIGNMENT (( #3268 ) ) ;
#4213 = VERTEX_POINT ( 'NONE', #6823 ) ;
#4214 = STYLED_ITEM ( 'NONE', ( #6971 ), #4734 ) ;
#4215 = AXIS2_PLACEMENT_3D ( 'NONE', #6215, #1923, #6926 ) ;
#4216 = CARTESIAN_POINT ( 'NONE',  ( -1.177500000000000200, -2.608437217218518600, 0.2862570765601324400 ) ) ;
#4217 = ORIENTED_EDGE ( 'NONE', *, *, #5362, .F. ) ;
#4218 = LINE ( 'NONE', #2489, #349 ) ;
#4219 = EDGE_CURVE ( 'NONE', #5373, #6193, #6105, .T. ) ;
#4220 = COLOUR_RGB ( '',1.000000000000000000, 1.000000000000000000, 1.000000000000000000 ) ;
#4221 = DIRECTION ( 'NONE',  ( -1.000000000000000000, 0.0000000000000000000, -0.0000000000000000000 ) ) ;
#4222 = VERTEX_POINT ( 'NONE', #2539 ) ;
#4223 = CARTESIAN_POINT ( 'NONE',  ( -0.7725000000000001900, -2.200000000000000200, 0.6724999999999941000 ) ) ;
#4224 = DIRECTION ( 'NONE',  ( 1.000000000000000000, 0.0000000000000000000, 0.0000000000000000000 ) ) ;
#4225 =( GEOMETRIC_REPRESENTATION_CONTEXT ( 3 ) GLOBAL_UNCERTAINTY_ASSIGNED_CONTEXT ( ( #4990 ) ) GLOBAL_UNIT_ASSIGNED_CONTEXT ( ( #1624, #8308, #919 ) ) REPRESENTATION_CONTEXT ( 'NONE', 'WORKASPACE' ) );
#4226 = ORIENTED_EDGE ( 'NONE', *, *, #6564, .F. ) ;
#4227 = MECHANICAL_DESIGN_GEOMETRIC_PRESENTATION_REPRESENTATION (  '', ( #2781 ), #4694 ) ;
#4228 = CARTESIAN_POINT ( 'NONE',  ( 2.072499999999999800, 2.252718095034783400, 0.5274999999999934200 ) ) ;
#4229 = VECTOR ( 'NONE', #3156, 1000.000000000000000 ) ;
#4230 = VECTOR ( 'NONE', #6756, 1000.000000000000000 ) ;
#4231 = ORIENTED_EDGE ( 'NONE', *, *, #1260, .T. ) ;
#4232 = CARTESIAN_POINT ( 'NONE',  ( 1.177499999999999800, -2.200000000000000200, 0.6724999999999941000 ) ) ;
#4233 = DIRECTION ( 'NONE',  ( 0.0000000000000000000, 0.0000000000000000000, 1.000000000000000000 ) ) ;
#4234 = PRESENTATION_STYLE_ASSIGNMENT (( #4672 ) ) ;
#4235 = SURFACE_STYLE_USAGE ( .BOTH. , #8553 ) ;
#4236 = FILL_AREA_STYLE_COLOUR ( '', #6441 ) ;
#4237 = PRESENTATION_STYLE_ASSIGNMENT (( #2769 ) ) ;
#4238 = EDGE_CURVE ( 'NONE', #7764, #3635, #7115, .T. ) ;
#4239 = LINE ( 'NONE', #7833, #2311 ) ;
#4240 = EDGE_CURVE ( 'NONE', #7543, #7256, #1392, .T. ) ;
#4241 = CARTESIAN_POINT ( 'NONE',  ( 0.7724999999999997400, 3.200000000000000200, 0.1446467872876744900 ) ) ;
#4242 = LINE ( 'NONE', #6546, #7821 ) ;
#4243 = DIRECTION ( 'NONE',  ( 0.0000000000000000000, 0.0000000000000000000, 1.000000000000000000 ) ) ;
#4244 = CYLINDRICAL_SURFACE ( 'NONE', #5819, 0.2450000000000004400 ) ;
#4245 = ADVANCED_FACE ( 'NONE', ( #5216 ), #4701, .F. ) ;
#4246 = DIRECTION ( 'NONE',  ( -1.000000000000000000, 0.0000000000000000000, -0.0000000000000000000 ) ) ;
#4247 =( GEOMETRIC_REPRESENTATION_CONTEXT ( 3 ) GLOBAL_UNCERTAINTY_ASSIGNED_CONTEXT ( ( #7160 ) ) GLOBAL_UNIT_ASSIGNED_CONTEXT ( ( #4740, #1993, #2576 ) ) REPRESENTATION_CONTEXT ( 'NONE', 'WORKASPACE' ) );
#4248 = CARTESIAN_POINT ( 'NONE',  ( 1.422499999999999700, 2.200000000000000200, 0.6724999999999941000 ) ) ;
#4249 =( GEOMETRIC_REPRESENTATION_CONTEXT ( 3 ) GLOBAL_UNCERTAINTY_ASSIGNED_CONTEXT ( ( #1185 ) ) GLOBAL_UNIT_ASSIGNED_CONTEXT ( ( #4567, #4587, #4599 ) ) REPRESENTATION_CONTEXT ( 'NONE', 'WORKASPACE' ) );
#4250 = CARTESIAN_POINT ( 'NONE',  ( 2.072499999999999800, 3.189885311307101700, 2.710505431213761100E-017 ) ) ;
#4251 = ORIENTED_EDGE ( 'NONE', *, *, #4815, .T. ) ;
#4252 = SURFACE_STYLE_USAGE ( .BOTH. , #8567 ) ;
#4253 = PLANE ( 'NONE',  #4540 ) ;
#4254 = AXIS2_PLACEMENT_3D ( 'NONE', #1101, #6117, #1837 ) ;
#4255 = SURFACE_STYLE_USAGE ( .BOTH. , #8570 ) ;
#4256 =( GEOMETRIC_REPRESENTATION_CONTEXT ( 3 ) GLOBAL_UNCERTAINTY_ASSIGNED_CONTEXT ( ( #6816 ) ) GLOBAL_UNIT_ASSIGNED_CONTEXT ( ( #7613, #3323, #8368 ) ) REPRESENTATION_CONTEXT ( 'NONE', 'WORKASPACE' ) );
#4257 = DIRECTION ( 'NONE',  ( 0.0000000000000000000, -0.9975640502598245300, 0.06975647374412209700 ) ) ;
#4258 = UNCERTAINTY_MEASURE_WITH_UNIT (LENGTH_MEASURE( 1.000000000000000100E-005 ), #5903, 'distance_accuracy_value', 'NONE');
#4259 =( LENGTH_UNIT ( ) NAMED_UNIT ( * ) SI_UNIT ( .MILLI., .METRE. ) );
#4260 = DIRECTION ( 'NONE',  ( 0.0000000000000000000, -1.000000000000000000, 0.0000000000000000000 ) ) ;
#4261 = DIRECTION ( 'NONE',  ( 0.0000000000000000000, 0.06975647374412208300, -0.9975640502598244200 ) ) ;
#4262 = DIRECTION ( 'NONE',  ( 0.0000000000000000000, 0.0000000000000000000, -1.000000000000000000 ) ) ;
#4263 = ORIENTED_EDGE ( 'NONE', *, *, #1440, .T. ) ;
#4264 = DIRECTION ( 'NONE',  ( -1.000000000000000000, -0.0000000000000000000, 0.0000000000000000000 ) ) ;
#4265 = PLANE ( 'NONE',  #7021 ) ;
#4266 = ORIENTED_EDGE ( 'NONE', *, *, #7205, .T. ) ;
#4267 =( GEOMETRIC_REPRESENTATION_CONTEXT ( 3 ) GLOBAL_UNCERTAINTY_ASSIGNED_CONTEXT ( ( #5958 ) ) GLOBAL_UNIT_ASSIGNED_CONTEXT ( ( #2862, #7868, #3577 ) ) REPRESENTATION_CONTEXT ( 'NONE', 'WORKASPACE' ) );
#4268 = CARTESIAN_POINT ( 'NONE',  ( -2.072500000000000200, -2.497121287348441900, 0.4445903360673038000 ) ) ;
#4269 = VECTOR ( 'NONE', #5954, 1000.000000000000100 ) ;
#4270 = CARTESIAN_POINT ( 'NONE',  ( 1.422499999999999700, 2.252718095034784300, 0.4274999999999940500 ) ) ;
#4271 = CARTESIAN_POINT ( 'NONE',  ( -0.5275000000000001900, 2.200000000000000200, 0.6724999999999941000 ) ) ;
#4272 = FACE_OUTER_BOUND ( 'NONE', #3088, .T. ) ;
#4273 = PLANE ( 'NONE',  #2837 ) ;
#4274 = STYLED_ITEM ( 'NONE', ( #99 ), #1974 ) ;
#4275 =( NAMED_UNIT ( * ) PLANE_ANGLE_UNIT ( ) SI_UNIT ( $, .RADIAN. ) );
#4276 =( GEOMETRIC_REPRESENTATION_CONTEXT ( 3 ) GLOBAL_UNCERTAINTY_ASSIGNED_CONTEXT ( ( #8407 ) ) GLOBAL_UNIT_ASSIGNED_CONTEXT ( ( #2191, #7200, #2928 ) ) REPRESENTATION_CONTEXT ( 'NONE', 'WORKASPACE' ) );
#4277 = PRESENTATION_STYLE_ASSIGNMENT (( #6135 ) ) ;
#4278 = SURFACE_STYLE_USAGE ( .BOTH. , #8608 ) ;
#4279 = VERTEX_POINT ( 'NONE', #4001 ) ;
#4280 = EDGE_CURVE ( 'NONE', #4290, #1684, #6892, .T. ) ;
#4281 = ADVANCED_FACE ( 'NONE', ( #3104 ), #5993, .F. ) ;
#4282 = CARTESIAN_POINT ( 'NONE',  ( 2.750000000000000000, 2.200000000000000200, 0.5275000000000060800 ) ) ;
#4283 = ORIENTED_EDGE ( 'NONE', *, *, #9153, .T. ) ;
#4284 = CARTESIAN_POINT ( 'NONE',  ( 0.1224999999999997800, -2.352474500060765600, 0.4344756473744061900 ) ) ;
#4285 = CARTESIAN_POINT ( 'NONE',  ( -0.5275000000000001900, -3.200000000000000200, 0.1446467872876744900 ) ) ;
#4286 = VECTOR ( 'NONE', #3152, 1000.000000000000000 ) ;
#4287 = EDGE_CURVE ( 'NONE', #3297, #3124, #7928, .T. ) ;
#4288 = DIRECTION ( 'NONE',  ( -1.000000000000000000, -0.0000000000000000000, -0.0000000000000000000 ) ) ;
#4289 = AXIS2_PLACEMENT_3D ( 'NONE', #3219, #8246, #3943 ) ;
#4290 = VERTEX_POINT ( 'NONE', #5469 ) ;
#4291 = CARTESIAN_POINT ( 'NONE',  ( 2.072499999999999800, -2.591346881151208100, 0.04185388424647555600 ) ) ;
#4292 = ORIENTED_EDGE ( 'NONE', *, *, #6973, .T. ) ;
#4293 = CARTESIAN_POINT ( 'NONE',  ( 0.1224999999999997800, 2.591346881151208100, 0.04185388424647555600 ) ) ;
#4294 = VECTOR ( 'NONE', #5587, 999.9999999999998900 ) ;
#4295 = LINE ( 'NONE', #4228, #8099 ) ;
#4296 =( NAMED_UNIT ( * ) PLANE_ANGLE_UNIT ( ) SI_UNIT ( $, .RADIAN. ) );
#4297 = SURFACE_STYLE_FILL_AREA ( #1478 ) ;
#4298 = VERTEX_POINT ( 'NONE', #6192 ) ;
#4299 = SURFACE_SIDE_STYLE ('',( #9430 ) ) ;
#4300 = CARTESIAN_POINT ( 'NONE',  ( -1.422500000000000100, 3.189885311307101700, 2.710505431213761100E-017 ) ) ;
#4301 = ORIENTED_EDGE ( 'NONE', *, *, #4132, .T. ) ;
#4302 = FACE_OUTER_BOUND ( 'NONE', #2291, .T. ) ;
#4303 = CARTESIAN_POINT ( 'NONE',  ( -1.827500000000000100, 2.252718095034784300, 0.4274999999999940500 ) ) ;
#4304 = ORIENTED_EDGE ( 'NONE', *, *, #7569, .F. ) ;
#4305 = EDGE_CURVE ( 'NONE', #5194, #3190, #4117, .T. ) ;
#4306 = EDGE_CURVE ( 'NONE', #2733, #1587, #471, .T. ) ;
#4307 = ORIENTED_EDGE ( 'NONE', *, *, #8249, .T. ) ;
#4308 = FACE_OUTER_BOUND ( 'NONE', #1045, .T. ) ;
#4309 = CARTESIAN_POINT ( 'NONE',  ( 0.5274999999999997500, 2.352474500060765600, 0.4344756473744061900 ) ) ;
#4310 = FACE_OUTER_BOUND ( 'NONE', #6443, .T. ) ;
#4311 = ORIENTED_EDGE ( 'NONE', *, *, #3739, .F. ) ;
#4312 = UNCERTAINTY_MEASURE_WITH_UNIT (LENGTH_MEASURE( 1.000000000000000100E-005 ), #8451, 'distance_accuracy_value', 'NONE');
#4313 = STYLED_ITEM ( 'NONE', ( #8369 ), #7360 ) ;
#4314 = SURFACE_SIDE_STYLE ('',( #957 ) ) ;
#4315 = MECHANICAL_DESIGN_GEOMETRIC_PRESENTATION_REPRESENTATION (  '', ( #2875 ), #4780 ) ;
#4316 = EDGE_LOOP ( 'NONE', ( #69, #1298, #39, #4301 ) ) ;
#4317 = CLOSED_SHELL ( 'NONE', ( #314, #266, #1569, #7133, #3249, #7551, #6659, #5067, #2726, #8990, #7360, #5770, #8945, #852 ) ) ;
#4318 =( LENGTH_UNIT ( ) NAMED_UNIT ( * ) SI_UNIT ( .MILLI., .METRE. ) );
#4319 = ORIENTED_EDGE ( 'NONE', *, *, #9155, .F. ) ;
#4320 = SURFACE_STYLE_FILL_AREA ( #8282 ) ;
#4321 = PRESENTATION_STYLE_ASSIGNMENT (( #7943 ) ) ;
#4322 = CARTESIAN_POINT ( 'NONE',  ( -2.072500000000000200, -2.252718095034783400, 0.5274999999999934200 ) ) ;
#4323 = VECTOR ( 'NONE', #9160, 1000.000000000000000 ) ;
#4324 = DIRECTION ( 'NONE',  ( 0.0000000000000000000, 0.0000000000000000000, 1.000000000000000000 ) ) ;
#4325 = ORIENTED_EDGE ( 'NONE', *, *, #6711, .F. ) ;
#4326 = FACE_OUTER_BOUND ( 'NONE', #4861, .T. ) ;
#4327 = VERTEX_POINT ( 'NONE', #8403 ) ;
#4328 = DIRECTION ( 'NONE',  ( -1.000000000000000000, -0.0000000000000000000, -0.0000000000000000000 ) ) ;
#4329 = SURFACE_STYLE_USAGE ( .BOTH. , #4927 ) ;
#4330 =( GEOMETRIC_REPRESENTATION_CONTEXT ( 3 ) GLOBAL_UNCERTAINTY_ASSIGNED_CONTEXT ( ( #8818 ) ) GLOBAL_UNIT_ASSIGNED_CONTEXT ( ( #2839, #7849, #3558 ) ) REPRESENTATION_CONTEXT ( 'NONE', 'WORKASPACE' ) );
#4331 = FILL_AREA_STYLE ('',( #1409 ) ) ;
#4332 = DIRECTION ( 'NONE',  ( -1.000000000000000000, 0.0000000000000000000, -0.0000000000000000000 ) ) ;
#4333 = LINE ( 'NONE', #676, #8136 ) ;
#4334 = EDGE_LOOP ( 'NONE', ( #2254, #3607, #5601, #1895 ) ) ;
#4335 = DIRECTION ( 'NONE',  ( -0.0000000000000000000, 0.9975640502598242000, 0.06975647374412599600 ) ) ;
#4336 = PRESENTATION_STYLE_ASSIGNMENT (( #596 ) ) ;
#4337 = VERTEX_POINT ( 'NONE', #7640 ) ;
#4338 = SURFACE_STYLE_USAGE ( .BOTH. , #8661 ) ;
#4339 = ADVANCED_FACE ( 'NONE', ( #2190 ), #460, .F. ) ;
#4340 = AXIS2_PLACEMENT_3D ( 'NONE', #4144, #832, #5485 ) ;
#4341 = DIRECTION ( 'NONE',  ( -0.1710878697460332900, 0.1710878697460327700, -0.9702875252478148100 ) ) ;
#4342 = ORIENTED_EDGE ( 'NONE', *, *, #3572, .F. ) ;
#4343 = LINE ( 'NONE', #6243, #1268 ) ;
#4344 = MECHANICAL_DESIGN_GEOMETRIC_PRESENTATION_REPRESENTATION (  '', ( #2900 ), #4797 ) ;
#4345 = EDGE_LOOP ( 'NONE', ( #3975, #4675, #1166, #6542 ) ) ;
#4346 = EDGE_LOOP ( 'NONE', ( #6811, #3519, #708, #2698 ) ) ;
#4347 = EDGE_CURVE ( 'NONE', #7253, #5411, #7685, .T. ) ;
#4348 = FACE_OUTER_BOUND ( 'NONE', #7538, .T. ) ;
#4349 =( NAMED_UNIT ( * ) PLANE_ANGLE_UNIT ( ) SI_UNIT ( $, .RADIAN. ) );
#4350 = DIRECTION ( 'NONE',  ( 0.0000000000000000000, -0.06975647374412208300, 0.9975640502598244200 ) ) ;
#4351 = VECTOR ( 'NONE', #2430, 1000.000000000000000 ) ;
#4352 = CIRCLE ( 'NONE', #2493, 0.09999999999999988100 ) ;
#4353 = DIRECTION ( 'NONE',  ( -1.000000000000000000, -0.0000000000000000000, -0.0000000000000000000 ) ) ;
#4354 = MECHANICAL_DESIGN_GEOMETRIC_PRESENTATION_REPRESENTATION (  '', ( #3360 ), #4805 ) ;
#4355 = VECTOR ( 'NONE', #9354, 1000.000000000000100 ) ;
#4356 = MECHANICAL_DESIGN_GEOMETRIC_PRESENTATION_REPRESENTATION (  '', ( #3364 ), #4808 ) ;
#4357 = FILL_AREA_STYLE ('',( #3619 ) ) ;
#4358 = CARTESIAN_POINT ( 'NONE',  ( -0.1225000000000002200, 2.364034024904861500, 0.2691667404928227400 ) ) ;
#4359 = CARTESIAN_POINT ( 'NONE',  ( 1.422499999999999700, 2.591346881151208100, 0.04185388424647555600 ) ) ;
#4360 = CARTESIAN_POINT ( 'NONE',  ( 1.827499999999999700, -2.497121287348441900, 0.4445903360673038000 ) ) ;
#4361 = EDGE_CURVE ( 'NONE', #1002, #7550, #4343, .T. ) ;
#4362 = EDGE_CURVE ( 'NONE', #1714, #2659, #5109, .T. ) ;
#4363 = DIRECTION ( 'NONE',  ( 0.0000000000000000000, 0.06975647374412817500, 0.9975640502598240900 ) ) ;
#4364 = CARTESIAN_POINT ( 'NONE',  ( 1.422499999999999700, -2.200000000000000200, 0.5274999999999939700 ) ) ;
#4365 = UNCERTAINTY_MEASURE_WITH_UNIT (LENGTH_MEASURE( 1.000000000000000100E-005 ), #5236, 'distance_accuracy_value', 'NONE');
#4366 =( NAMED_UNIT ( * ) SI_UNIT ( $, .STERADIAN. ) SOLID_ANGLE_UNIT ( ) );
#4367 = MECHANICAL_DESIGN_GEOMETRIC_PRESENTATION_REPRESENTATION (  '', ( #2926 ), #4819 ) ;
#4368 = AXIS2_PLACEMENT_3D ( 'NONE', #8517, #5614, #8548 ) ;
#4369 = DIRECTION ( 'NONE',  ( 1.000000000000000000, 0.0000000000000000000, 0.0000000000000000000 ) ) ;
#4370 = DIRECTION ( 'NONE',  ( 1.000000000000000000, -0.0000000000000000000, -0.0000000000000000000 ) ) ;
#4371 = UNCERTAINTY_MEASURE_WITH_UNIT (LENGTH_MEASURE( 1.000000000000000100E-005 ), #2617, 'distance_accuracy_value', 'NONE');
#4372 =( NAMED_UNIT ( * ) SI_UNIT ( $, .STERADIAN. ) SOLID_ANGLE_UNIT ( ) );
#4373 = SURFACE_STYLE_FILL_AREA ( #1062 ) ;
#4374 = AXIS2_PLACEMENT_3D ( 'NONE', #8836, #4494, #153 ) ;
#4375 = ADVANCED_FACE ( 'NONE', ( #3203 ), #507, .T. ) ;
#4376 = FACE_OUTER_BOUND ( 'NONE', #565, .T. ) ;
#4377 = MECHANICAL_DESIGN_GEOMETRIC_PRESENTATION_REPRESENTATION (  '', ( #3410 ), #4840 ) ;
#4378 = DIRECTION ( 'NONE',  ( 0.0000000000000000000, 0.0000000000000000000, 1.000000000000000000 ) ) ;
#4379 = CARTESIAN_POINT ( 'NONE',  ( -0.5275000000000001900, -2.601461569844106100, 0.1865006715341500400 ) ) ;
#4380 = CARTESIAN_POINT ( 'NONE',  ( -1.422500000000000100, 2.601461569844106100, 0.1865006715341500400 ) ) ;
#4381 = AXIS2_PLACEMENT_3D ( 'NONE', #7442, #7475, #7305 ) ;
#4382 = PRESENTATION_STYLE_ASSIGNMENT (( #2115 ) ) ;
#4383 = STYLED_ITEM ( 'NONE', ( #1370 ), #4646 ) ;
#4384 = PRESENTATION_LAYER_ASSIGNMENT (  '', '', ( #3421 ) ) ;
#4385 = SURFACE_SIDE_STYLE ('',( #6064 ) ) ;
#4386 = SURFACE_STYLE_USAGE ( .BOTH. , #8724 ) ;
#4387 =( NAMED_UNIT ( * ) PLANE_ANGLE_UNIT ( ) SI_UNIT ( $, .RADIAN. ) );
#4388 = ORIENTED_EDGE ( 'NONE', *, *, #4045, .F. ) ;
#4389 = EDGE_CURVE ( 'NONE', #6968, #105, #2999, .T. ) ;
#4390 = FACE_OUTER_BOUND ( 'NONE', #3003, .T. ) ;
#4391 = DIRECTION ( 'NONE',  ( -1.000000000000000000, 0.0000000000000000000, -0.0000000000000000000 ) ) ;
#4392 = MECHANICAL_DESIGN_GEOMETRIC_PRESENTATION_REPRESENTATION (  '', ( #3429 ), #4863 ) ;
#4393 = VERTEX_POINT ( 'NONE', #3416 ) ;
#4394 = ORIENTED_EDGE ( 'NONE', *, *, #3036, .T. ) ;
#4395 =( NAMED_UNIT ( * ) SI_UNIT ( $, .STERADIAN. ) SOLID_ANGLE_UNIT ( ) );
#4396 =( GEOMETRIC_REPRESENTATION_CONTEXT ( 3 ) GLOBAL_UNCERTAINTY_ASSIGNED_CONTEXT ( ( #2930 ) ) GLOBAL_UNIT_ASSIGNED_CONTEXT ( ( #7539, #3247, #8294 ) ) REPRESENTATION_CONTEXT ( 'NONE', 'WORKASPACE' ) );
#4397 = MANIFOLD_SOLID_BREP ( 'Lead13', #7782 ) ;
#4398 = FACE_OUTER_BOUND ( 'NONE', #5294, .T. ) ;
#4399 = CIRCLE ( 'NONE', #8253, 0.2450000000000004400 ) ;
#4400 = SURFACE_STYLE_USAGE ( .BOTH. , #8738 ) ;
#4401 = VERTEX_POINT ( 'NONE', #7733 ) ;
#4402 = DIRECTION ( 'NONE',  ( -1.000000000000000000, 0.0000000000000000000, -0.0000000000000000000 ) ) ;
#4403 = ORIENTED_EDGE ( 'NONE', *, *, #5163, .T. ) ;
#4404 =( LENGTH_UNIT ( ) NAMED_UNIT ( * ) SI_UNIT ( .MILLI., .METRE. ) );
#4405 = VERTEX_POINT ( 'NONE', #1998 ) ;
#4406 = VECTOR ( 'NONE', #405, 1000.000000000000000 ) ;
#4407 = EDGE_CURVE ( 'NONE', #7630, #4954, #8509, .T. ) ;
#4408 = PLANE ( 'NONE',  #1474 ) ;
#4409 = CARTESIAN_POINT ( 'NONE',  ( -1.177500000000000200, -2.200000000000000200, 0.5274999999999939700 ) ) ;
#4410 = ORIENTED_EDGE ( 'NONE', *, *, #4857, .T. ) ;
#4411 = DIRECTION ( 'NONE',  ( -1.000000000000000000, -0.0000000000000000000, 0.0000000000000000000 ) ) ;
#4412 = ORIENTED_EDGE ( 'NONE', *, *, #3884, .F. ) ;
#4413 = PLANE ( 'NONE',  #2181 ) ;
#4414 = VERTEX_POINT ( 'NONE', #8530 ) ;
#4415 = AXIS2_PLACEMENT_3D ( 'NONE', #8048, #2776, #9295 ) ;
#4416 = SURFACE_SIDE_STYLE ('',( #5181 ) ) ;
#4417 = CARTESIAN_POINT ( 'NONE',  ( -1.827500000000000100, 2.252718095034784300, 0.4274999999999940500 ) ) ;
#4418 = ORIENTED_EDGE ( 'NONE', *, *, #1032, .T. ) ;
#4419 = LINE ( 'NONE', #7494, #4639 ) ;
#4420 = ADVANCED_FACE ( 'NONE', ( #4003 ), #3471, .T. ) ;
#4421 = LINE ( 'NONE', #74, #6075 ) ;
#4422 = DIRECTION ( 'NONE',  ( -0.0000000000000000000, 1.000000000000000000, -0.0000000000000000000 ) ) ;
#4423 = PRESENTATION_STYLE_ASSIGNMENT (( #4255 ) ) ;
#4424 = UNCERTAINTY_MEASURE_WITH_UNIT (LENGTH_MEASURE( 1.000000000000000100E-005 ), #3133, 'distance_accuracy_value', 'NONE');
#4425 = PRESENTATION_LAYER_ASSIGNMENT (  '', '', ( #3454 ) ) ;
#4426 = EDGE_CURVE ( 'NONE', #8606, #6153, #5206, .T. ) ;
#4427 = ORIENTED_EDGE ( 'NONE', *, *, #7143, .T. ) ;
#4428 = FILL_AREA_STYLE ('',( #5815 ) ) ;
#4429 = ORIENTED_EDGE ( 'NONE', *, *, #628, .F. ) ;
#4430 = FACE_OUTER_BOUND ( 'NONE', #5401, .T. ) ;
#4431 = VERTEX_POINT ( 'NONE', #3505 ) ;
#4432 = PRESENTATION_LAYER_ASSIGNMENT (  '', '', ( #3459 ) ) ;
#4433 = COLOUR_RGB ( '',1.000000000000000000, 1.000000000000000000, 1.000000000000000000 ) ;
#4434 = CYLINDRICAL_SURFACE ( 'NONE', #6266, 0.2450000000000002200 ) ;
#4435 = MECHANICAL_DESIGN_GEOMETRIC_PRESENTATION_REPRESENTATION (  '', ( #3461 ), #4901 ) ;
#4436 = EDGE_LOOP ( 'NONE', ( #8906, #4055, #8707, #4508, #5245, #3185, #8720, #7403, #1053, #1602, #5755, #1007 ) ) ;
#4437 = CARTESIAN_POINT ( 'NONE',  ( -1.827500000000000100, 2.591346881151208100, 0.04185388424647555600 ) ) ;
#4438 = ORIENTED_EDGE ( 'NONE', *, *, #7229, .F. ) ;
#4439 = VECTOR ( 'NONE', #4629, 1000.000000000000000 ) ;
#4440 = CARTESIAN_POINT ( 'NONE',  ( 0.7724999999999997400, -3.189885311307101700, 2.710505431213761100E-017 ) ) ;
#4441 = DIRECTION ( 'NONE',  ( -1.000000000000000000, -0.0000000000000000000, -0.0000000000000000000 ) ) ;
#4442 = CARTESIAN_POINT ( 'NONE',  ( -1.177500000000000200, -2.508680812192536400, 0.2792814291857203500 ) ) ;
#4443 = PRESENTATION_STYLE_ASSIGNMENT (( #9237 ) ) ;
#4444 = LINE ( 'NONE', #8312, #8027 ) ;
#4445 = EDGE_LOOP ( 'NONE', ( #8215, #498, #9432, #2611, #1924, #8138, #6762, #1828, #5338, #2078, #4930, #2982 ) ) ;
#4446 = SURFACE_STYLE_USAGE ( .BOTH. , #9001 ) ;
#4447 = CARTESIAN_POINT ( 'NONE',  ( -0.5275000000000001900, 2.252718095034784300, 0.6724999999999939900 ) ) ;
#4448 = AXIS2_PLACEMENT_3D ( 'NONE', #1878, #6223, #1937 ) ;
#4449 = ORIENTED_EDGE ( 'NONE', *, *, #7832, .T. ) ;
#4450 = SURFACE_STYLE_USAGE ( .BOTH. , #8782 ) ;
#4451 = ORIENTED_EDGE ( 'NONE', *, *, #9015, .F. ) ;
#4452 = LINE ( 'NONE', #3201, #8034 ) ;
#4453 = DIRECTION ( 'NONE',  ( 0.0000000000000000000, -0.9975640502598242000, 0.06975647374412599600 ) ) ;
#4454 = VERTEX_POINT ( 'NONE', #9320 ) ;
#4455 = SURFACE_STYLE_FILL_AREA ( #3958 ) ;
#4456 = AXIS2_PLACEMENT_3D ( 'NONE', #8202, #8513, #8413 ) ;
#4457 = DIRECTION ( 'NONE',  ( 0.0000000000000000000, -0.06975647374412818900, -0.9975640502598240900 ) ) ;
#4458 = LINE ( 'NONE', #7005, #6340 ) ;
#4459 = AXIS2_PLACEMENT_3D ( 'NONE', #2732, #7737, #3453 ) ;
#4460 = LINE ( 'NONE', #703, #8286 ) ;
#4461 = EDGE_CURVE ( 'NONE', #4222, #8255, #1381, .T. ) ;
#4462 = DIRECTION ( 'NONE',  ( 0.0000000000000000000, 1.000000000000000000, 0.0000000000000000000 ) ) ;
#4463 = CARTESIAN_POINT ( 'NONE',  ( 1.177499999999999800, 2.364034024904861500, 0.2691667404928227400 ) ) ;
#4464 = EDGE_CURVE ( 'NONE', #4015, #1135, #9081, .T. ) ;
#4465 = ADVANCED_FACE ( 'NONE', ( #3305 ), #2824, .F. ) ;
#4466 = SURFACE_SIDE_STYLE ('',( #5514 ) ) ;
#4467 = AXIS2_PLACEMENT_3D ( 'NONE', #2328, #7343, #3064 ) ;
#4468 = FILL_AREA_STYLE_COLOUR ( '', #6618 ) ;
#4469 = DIRECTION ( 'NONE',  ( 1.000000000000000000, 0.0000000000000000000, 0.0000000000000000000 ) ) ;
#4470 =( NAMED_UNIT ( * ) PLANE_ANGLE_UNIT ( ) SI_UNIT ( $, .RADIAN. ) );
#4471 = UNCERTAINTY_MEASURE_WITH_UNIT (LENGTH_MEASURE( 1.000000000000000100E-005 ), #4127, 'distance_accuracy_value', 'NONE');
#4472 = EDGE_CURVE ( 'NONE', #537, #4506, #4333, .T. ) ;
#4473 = EDGE_CURVE ( 'NONE', #3494, #7764, #6211, .T. ) ;
#4474 = ORIENTED_EDGE ( 'NONE', *, *, #7470, .T. ) ;
#4475 = DIRECTION ( 'NONE',  ( 0.0000000000000000000, 0.0000000000000000000, -1.000000000000000000 ) ) ;
#4476 =( NAMED_UNIT ( * ) PLANE_ANGLE_UNIT ( ) SI_UNIT ( $, .RADIAN. ) );
#4477 = MECHANICAL_DESIGN_GEOMETRIC_PRESENTATION_REPRESENTATION (  '', ( #3516 ), #4946 ) ;
#4478 =( GEOMETRIC_REPRESENTATION_CONTEXT ( 3 ) GLOBAL_UNCERTAINTY_ASSIGNED_CONTEXT ( ( #2688 ) ) GLOBAL_UNIT_ASSIGNED_CONTEXT ( ( #1780, #6801, #2512 ) ) REPRESENTATION_CONTEXT ( 'NONE', 'WORKASPACE' ) );
#4479 = DIRECTION ( 'NONE',  ( -1.000000000000000000, -0.0000000000000000000, -0.0000000000000000000 ) ) ;
#4480 = ORIENTED_EDGE ( 'NONE', *, *, #902, .T. ) ;
#4481 = FILL_AREA_STYLE ('',( #2634 ) ) ;
#4482 = LINE ( 'NONE', #1649, #8068 ) ;
#4483 = PRESENTATION_LAYER_ASSIGNMENT (  '', '', ( #4024 ) ) ;
#4484 = CARTESIAN_POINT ( 'NONE',  ( -1.827500000000000100, -2.508680812192536400, 0.2792814291857203500 ) ) ;
#4485 = SURFACE_STYLE_FILL_AREA ( #7697 ) ;
#4486 = DIRECTION ( 'NONE',  ( 0.0000000000000000000, 2.056603471294124000E-015, -1.000000000000000000 ) ) ;
#4487 = DIRECTION ( 'NONE',  ( -1.000000000000000000, 0.0000000000000000000, -0.0000000000000000000 ) ) ;
#4488 = AXIS2_PLACEMENT_3D ( 'NONE', #4101, #4799, #473 ) ;
#4489 = CARTESIAN_POINT ( 'NONE',  ( -1.827500000000000100, 2.200000000000000200, 0.5274999999999939700 ) ) ;
#4490 = CARTESIAN_POINT ( 'NONE',  ( 0.7724999999999997400, -2.591346881151208100, 0.04185388424647555600 ) ) ;
#4491 = LINE ( 'NONE', #7936, #2581 ) ;
#4492 = VECTOR ( 'NONE', #6102, 1000.000000000000000 ) ;
#4493 =( LENGTH_UNIT ( ) NAMED_UNIT ( * ) SI_UNIT ( .MILLI., .METRE. ) );
#4494 = DIRECTION ( 'NONE',  ( -1.000000000000000000, -0.0000000000000000000, 0.0000000000000000000 ) ) ;
#4495 = ORIENTED_EDGE ( 'NONE', *, *, #8889, .F. ) ;
#4496 = DIRECTION ( 'NONE',  ( 1.000000000000000000, 0.0000000000000000000, 0.0000000000000000000 ) ) ;
#4497 = STYLED_ITEM ( 'NONE', ( #130 ), #1387 ) ;
#4498 = ORIENTED_EDGE ( 'NONE', *, *, #1737, .F. ) ;
#4499 = COLOUR_RGB ( '',1.000000000000000000, 1.000000000000000000, 1.000000000000000000 ) ;
#4500 = PLANE ( 'NONE',  #3945 ) ;
#4501 = AXIS2_PLACEMENT_3D ( 'NONE', #2972, #7968, #3687 ) ;
#4502 = COLOUR_RGB ( '',1.000000000000000000, 1.000000000000000000, 1.000000000000000000 ) ;
#4503 = CARTESIAN_POINT ( 'NONE',  ( -0.5275000000000001900, 2.508680812192536400, 0.2792814291857203500 ) ) ;
#4504 = VECTOR ( 'NONE', #8287, 1000.000000000000100 ) ;
#4505 = ADVANCED_FACE ( 'NONE', ( #462 ), #6444, .F. ) ;
#4506 = VERTEX_POINT ( 'NONE', #2148 ) ;
#4507 = EDGE_CURVE ( 'NONE', #3747, #2986, #9202, .T. ) ;
#4508 = ORIENTED_EDGE ( 'NONE', *, *, #627, .F. ) ;
#4509 = LINE ( 'NONE', #4359, #6397 ) ;
#4510 = DIRECTION ( 'NONE',  ( 0.0000000000000000000, 0.0000000000000000000, 1.000000000000000000 ) ) ;
#4511 = COLOUR_RGB ( '',1.000000000000000000, 1.000000000000000000, 1.000000000000000000 ) ;
#4512 = VECTOR ( 'NONE', #4441, 1000.000000000000000 ) ;
#4513 = AXIS2_PLACEMENT_3D ( 'NONE', #3321, #4662, #6154 ) ;
#4514 = DIRECTION ( 'NONE',  ( 0.0000000000000000000, 0.0000000000000000000, 1.000000000000000000 ) ) ;
#4515 = LINE ( 'NONE', #3703, #6180 ) ;
#4516 = CARTESIAN_POINT ( 'NONE',  ( 0.7724999999999997400, 2.497121287348441900, 0.4445903360673038000 ) ) ;
#4517 = MECHANICAL_DESIGN_GEOMETRIC_PRESENTATION_REPRESENTATION (  '', ( #3086 ), #5002 ) ;
#4518 = ORIENTED_EDGE ( 'NONE', *, *, #9006, .T. ) ;
#4519 = ORIENTED_EDGE ( 'NONE', *, *, #1918, .T. ) ;
#4520 = DIRECTION ( 'NONE',  ( 1.000000000000000000, 0.0000000000000000000, 0.0000000000000000000 ) ) ;
#4521 = VECTOR ( 'NONE', #8753, 1000.000000000000000 ) ;
#4522 = VECTOR ( 'NONE', #917, 1000.000000000000000 ) ;
#4523 = SURFACE_STYLE_FILL_AREA ( #4610 ) ;
#4524 = CARTESIAN_POINT ( 'NONE',  ( -1.827500000000000100, 2.591346881151208100, 0.04185388424647555600 ) ) ;
#4525 = SURFACE_SIDE_STYLE ('',( #7398 ) ) ;
#4526 = ORIENTED_EDGE ( 'NONE', *, *, #3816, .F. ) ;
#4527 = EDGE_CURVE ( 'NONE', #3734, #4872, #1722, .T. ) ;
#4528 = EDGE_CURVE ( 'NONE', #8734, #365, #7228, .T. ) ;
#4529 = ORIENTED_EDGE ( 'NONE', *, *, #7740, .F. ) ;
#4530 = FILL_AREA_STYLE ('',( #5249 ) ) ;
#4531 = FILL_AREA_STYLE_COLOUR ( '', #396 ) ;
#4532 = ORIENTED_EDGE ( 'NONE', *, *, #7026, .F. ) ;
#4533 = FILL_AREA_STYLE ('',( #5212 ) ) ;
#4534 = LINE ( 'NONE', #6233, #4323 ) ;
#4535 = UNCERTAINTY_MEASURE_WITH_UNIT (LENGTH_MEASURE( 1.000000000000000100E-005 ), #4565, 'distance_accuracy_value', 'NONE');
#4536 = PRESENTATION_LAYER_ASSIGNMENT (  '', '', ( #4064 ) ) ;
#4537 = VECTOR ( 'NONE', #3253, 1000.000000000000000 ) ;
#4538 = DIRECTION ( 'NONE',  ( 0.0000000000000000000, -1.000000000000000000, 0.0000000000000000000 ) ) ;
#4539 = ORIENTED_EDGE ( 'NONE', *, *, #3026, .F. ) ;
#4540 = AXIS2_PLACEMENT_3D ( 'NONE', #755, #6954, #1887 ) ;
#4541 = CARTESIAN_POINT ( 'NONE',  ( -1.422500000000000100, -2.200000000000000200, 0.6724999999999941000 ) ) ;
#4542 = VECTOR ( 'NONE', #8802, 1000.000000000000000 ) ;
#4543 = DIRECTION ( 'NONE',  ( 0.0000000000000000000, -0.9975640502598242000, 0.06975647374412598200 ) ) ;
#4544 = ORIENTED_EDGE ( 'NONE', *, *, #8319, .T. ) ;
#4545 = SURFACE_STYLE_FILL_AREA ( #3455 ) ;
#4546 = DIRECTION ( 'NONE',  ( -1.000000000000000000, -0.0000000000000000000, -0.0000000000000000000 ) ) ;
#4547 = PLANE ( 'NONE',  #4984 ) ;
#4548 = FACE_OUTER_BOUND ( 'NONE', #2179, .T. ) ;
#4549 = VERTEX_POINT ( 'NONE', #734 ) ;
#4550 = CIRCLE ( 'NONE', #263, 0.2450000000000001600 ) ;
#4551 = DIRECTION ( 'NONE',  ( -0.0000000000000000000, 1.000000000000000000, -0.0000000000000000000 ) ) ;
#4552 = ORIENTED_EDGE ( 'NONE', *, *, #4938, .T. ) ;
#4553 = PRESENTATION_LAYER_ASSIGNMENT (  '', '', ( #3588 ) ) ;
#4554 = FILL_AREA_STYLE_COLOUR ( '', #7007 ) ;
#4555 = AXIS2_PLACEMENT_3D ( 'NONE', #603, #5669, #1347 ) ;
#4556 = VERTEX_POINT ( 'NONE', #2215 ) ;
#4557 = PRESENTATION_STYLE_ASSIGNMENT (( #3317 ) ) ;
#4558 = ADVANCED_FACE ( 'NONE', ( #3419 ), #4434, .T. ) ;
#4559 = SURFACE_SIDE_STYLE ('',( #3744 ) ) ;
#4560 = ORIENTED_EDGE ( 'NONE', *, *, #2339, .T. ) ;
#4561 = SURFACE_SIDE_STYLE ('',( #2940 ) ) ;
#4562 = PRESENTATION_STYLE_ASSIGNMENT (( #7134 ) ) ;
#4563 = AXIS2_PLACEMENT_3D ( 'NONE', #4112, #3887, #2849 ) ;
#4564 =( GEOMETRIC_REPRESENTATION_CONTEXT ( 3 ) GLOBAL_UNCERTAINTY_ASSIGNED_CONTEXT ( ( #57 ) ) GLOBAL_UNIT_ASSIGNED_CONTEXT ( ( #6569, #2277, #7281 ) ) REPRESENTATION_CONTEXT ( 'NONE', 'WORKASPACE' ) );
#4565 =( LENGTH_UNIT ( ) NAMED_UNIT ( * ) SI_UNIT ( .MILLI., .METRE. ) );
#4566 = ORIENTED_EDGE ( 'NONE', *, *, #5179, .F. ) ;
#4567 =( LENGTH_UNIT ( ) NAMED_UNIT ( * ) SI_UNIT ( .MILLI., .METRE. ) );
#4568 = DIRECTION ( 'NONE',  ( 1.000000000000000000, 0.0000000000000000000, 0.0000000000000000000 ) ) ;
#4569 = LINE ( 'NONE', #2100, #720 ) ;
#4570 = AXIS2_PLACEMENT_3D ( 'NONE', #1429, #2976, #8710 ) ;
#4571 = CARTESIAN_POINT ( 'NONE',  ( -1.422500000000000100, 2.591346881151208100, 0.04185388424647555600 ) ) ;
#4572 = FILL_AREA_STYLE_COLOUR ( '', #6249 ) ;
#4573 = PRESENTATION_LAYER_ASSIGNMENT (  '', '', ( #4108 ) ) ;
#4574 = CARTESIAN_POINT ( 'NONE',  ( -0.5275000000000001900, -2.352474500060765600, 0.4344756473744061900 ) ) ;
#4575 = CARTESIAN_POINT ( 'NONE',  ( -1.827500000000000100, 3.200000000000000200, 0.1446467872876744900 ) ) ;
#4576 = COLOUR_RGB ( '',1.000000000000000000, 1.000000000000000000, 1.000000000000000000 ) ;
#4577 =( NAMED_UNIT ( * ) SI_UNIT ( $, .STERADIAN. ) SOLID_ANGLE_UNIT ( ) );
#4578 = VECTOR ( 'NONE', #8665, 1000.000000000000100 ) ;
#4579 = CARTESIAN_POINT ( 'NONE',  ( 2.072499999999999800, 2.608437217218518600, 0.2862570765601325000 ) ) ;
#4580 = DIRECTION ( 'NONE',  ( 0.1710878697460328200, 0.1710878697460328800, -0.9702875252478149200 ) ) ;
#4581 = COLOUR_RGB ( '',1.000000000000000000, 1.000000000000000000, 1.000000000000000000 ) ;
#4582 = EDGE_CURVE ( 'NONE', #2912, #2731, #8257, .T. ) ;
#4583 = FILL_AREA_STYLE_COLOUR ( '', #1132 ) ;
#4584 = UNCERTAINTY_MEASURE_WITH_UNIT (LENGTH_MEASURE( 1.000000000000000100E-005 ), #3447, 'distance_accuracy_value', 'NONE');
#4585 = CARTESIAN_POINT ( 'NONE',  ( -0.5275000000000001900, 2.352474500060765600, 0.4344756473744061900 ) ) ;
#4586 = SURFACE_STYLE_FILL_AREA ( #7680 ) ;
#4587 =( NAMED_UNIT ( * ) PLANE_ANGLE_UNIT ( ) SI_UNIT ( $, .RADIAN. ) );
#4588 = STYLED_ITEM ( 'NONE', ( #7541 ), #2856 ) ;
#4589 = FILL_AREA_STYLE ('',( #6139 ) ) ;
#4590 = ORIENTED_EDGE ( 'NONE', *, *, #6020, .F. ) ;
#4591 = CARTESIAN_POINT ( 'NONE',  ( 1.422499999999999700, 2.364034024904861500, 0.2691667404928227400 ) ) ;
#4592 = VECTOR ( 'NONE', #7493, 1000.000000000000000 ) ;
#4593 = SURFACE_STYLE_USAGE ( .BOTH. , #4134 ) ;
#4594 = DIRECTION ( 'NONE',  ( -1.000000000000000000, -0.0000000000000000000, -0.0000000000000000000 ) ) ;
#4595 = SURFACE_STYLE_FILL_AREA ( #6953 ) ;
#4596 = ORIENTED_EDGE ( 'NONE', *, *, #7876, .F. ) ;
#4597 = EDGE_CURVE ( 'NONE', #105, #7564, #799, .T. ) ;
#4598 = EDGE_CURVE ( 'NONE', #554, #5172, #3650, .T. ) ;
#4599 =( NAMED_UNIT ( * ) SI_UNIT ( $, .STERADIAN. ) SOLID_ANGLE_UNIT ( ) );
#4600 = CARTESIAN_POINT ( 'NONE',  ( 1.422499999999999700, 3.189885311307101700, 2.710505431213761100E-017 ) ) ;
#4601 = DIRECTION ( 'NONE',  ( 0.0000000000000000000, -0.9975640502598245300, 0.06975647374412209700 ) ) ;
#4602 = ADVANCED_FACE ( 'NONE', ( #6316 ), #1595, .T. ) ;
#4603 = DIRECTION ( 'NONE',  ( -1.000000000000000000, -0.0000000000000000000, -0.0000000000000000000 ) ) ;
#4604 = PRESENTATION_LAYER_ASSIGNMENT (  '', '', ( #4137 ) ) ;
#4605 = LINE ( 'NONE', #993, #6494 ) ;
#4606 = DIRECTION ( 'NONE',  ( 0.0000000000000000000, 0.0000000000000000000, -1.000000000000000000 ) ) ;
#4607 = ORIENTED_EDGE ( 'NONE', *, *, #5543, .T. ) ;
#4608 =( NAMED_UNIT ( * ) PLANE_ANGLE_UNIT ( ) SI_UNIT ( $, .RADIAN. ) );
#4609 = DIRECTION ( 'NONE',  ( 0.0000000000000000000, 0.0000000000000000000, 1.000000000000000000 ) ) ;
#4610 = FILL_AREA_STYLE ('',( #238 ) ) ;
#4611 = MECHANICAL_DESIGN_GEOMETRIC_PRESENTATION_REPRESENTATION (  '', ( #3663 ), #5093 ) ;
#4612 = VECTOR ( 'NONE', #7043, 1000.000000000000000 ) ;
#4613 = VERTEX_POINT ( 'NONE', #6143 ) ;
#4614 = DIRECTION ( 'NONE',  ( 0.0000000000000000000, -0.06975647374412208300, 0.9975640502598244200 ) ) ;
#4615 = ORIENTED_EDGE ( 'NONE', *, *, #2354, .T. ) ;
#4616 = LINE ( 'NONE', #1469, #6276 ) ;
#4617 = DIRECTION ( 'NONE',  ( 0.0000000000000000000, 0.0000000000000000000, 1.000000000000000000 ) ) ;
#4618 = LINE ( 'NONE', #7173, #2710 ) ;
#4619 = ADVANCED_FACE ( 'NONE', ( #3530 ), #1835, .T. ) ;
#4620 = CARTESIAN_POINT ( 'NONE',  ( -1.827500000000000100, 2.200000000000000200, 0.6724999999999941000 ) ) ;
#4621 = ORIENTED_EDGE ( 'NONE', *, *, #2791, .F. ) ;
#4622 = VECTOR ( 'NONE', #6684, 1000.000000000000000 ) ;
#4623 = STYLED_ITEM ( 'NONE', ( #1720 ), #1716 ) ;
#4624 = ORIENTED_EDGE ( 'NONE', *, *, #4801, .F. ) ;
#4625 = ORIENTED_EDGE ( 'NONE', *, *, #8388, .T. ) ;
#4626 = DIRECTION ( 'NONE',  ( 0.0000000000000000000, -1.000000000000000000, -2.056603471294124000E-015 ) ) ;
#4627 = STYLED_ITEM ( 'NONE', ( #3822 ), #5203 ) ;
#4628 = VECTOR ( 'NONE', #7836, 1000.000000000000000 ) ;
#4629 = DIRECTION ( 'NONE',  ( -1.000000000000000000, 0.0000000000000000000, -0.0000000000000000000 ) ) ;
#4630 = SURFACE_STYLE_FILL_AREA ( #6639 ) ;
#4631 = CARTESIAN_POINT ( 'NONE',  ( 0.1224999999999997800, 3.200000000000000200, 0.1446467872876744900 ) ) ;
#4632 = EDGE_CURVE ( 'NONE', #5766, #7438, #7326, .T. ) ;
#4633 = ORIENTED_EDGE ( 'NONE', *, *, #1488, .F. ) ;
#4634 = DIRECTION ( 'NONE',  ( 0.0000000000000000000, 0.0000000000000000000, 1.000000000000000000 ) ) ;
#4635 =( NAMED_UNIT ( * ) PLANE_ANGLE_UNIT ( ) SI_UNIT ( $, .RADIAN. ) );
#4636 = ORIENTED_EDGE ( 'NONE', *, *, #964, .F. ) ;
#4637 = EDGE_CURVE ( 'NONE', #2912, #1979, #9069, .T. ) ;
#4638 = ORIENTED_EDGE ( 'NONE', *, *, #3332, .T. ) ;
#4639 = VECTOR ( 'NONE', #2616, 1000.000000000000000 ) ;
#4640 = FILL_AREA_STYLE_COLOUR ( '', #7815 ) ;
#4641 = PRESENTATION_LAYER_ASSIGNMENT (  '', '', ( #3688 ) ) ;
#4642 = CYLINDRICAL_SURFACE ( 'NONE', #6375, 0.09999999999999939500 ) ;
#4643 = SURFACE_STYLE_USAGE ( .BOTH. , #8985 ) ;
#4644 = ORIENTED_EDGE ( 'NONE', *, *, #1313, .F. ) ;
#4645 = EDGE_LOOP ( 'NONE', ( #3167, #6099, #4759, #5301 ) ) ;
#4646 = ADVANCED_FACE ( 'NONE', ( #5418 ), #1162, .F. ) ;
#4647 = CYLINDRICAL_SURFACE ( 'NONE', #2404, 0.09999999999999988100 ) ;
#4648 = ORIENTED_EDGE ( 'NONE', *, *, #5708, .T. ) ;
#4649 = COLOUR_RGB ( '',1.000000000000000000, 1.000000000000000000, 1.000000000000000000 ) ;
#4650 = UNCERTAINTY_MEASURE_WITH_UNIT (LENGTH_MEASURE( 1.000000000000000100E-005 ), #9371, 'distance_accuracy_value', 'NONE');
#4651 = EDGE_CURVE ( 'NONE', #1219, #7957, #2629, .T. ) ;
#4652 = EDGE_CURVE ( 'NONE', #3917, #554, #681, .T. ) ;
#4653 = VERTEX_POINT ( 'NONE', #1919 ) ;
#4654 = COLOUR_RGB ( '',1.000000000000000000, 1.000000000000000000, 1.000000000000000000 ) ;
#4655 = DIRECTION ( 'NONE',  ( 0.0000000000000000000, 0.06975647374411951500, -0.9975640502598246400 ) ) ;
#4656 = ORIENTED_EDGE ( 'NONE', *, *, #8515, .T. ) ;
#4657 =( LENGTH_UNIT ( ) NAMED_UNIT ( * ) SI_UNIT ( .MILLI., .METRE. ) );
#4658 = ORIENTED_EDGE ( 'NONE', *, *, #1144, .F. ) ;
#4659 = CARTESIAN_POINT ( 'NONE',  ( -2.072500000000000200, -2.200000000000000200, 0.6724999999999941000 ) ) ;
#4660 = AXIS2_PLACEMENT_3D ( 'NONE', #6795, #2507, #7515 ) ;
#4661 = LINE ( 'NONE', #3405, #8267 ) ;
#4662 = DIRECTION ( 'NONE',  ( 1.000000000000000000, -0.0000000000000000000, 0.0000000000000000000 ) ) ;
#4663 = PRESENTATION_STYLE_ASSIGNMENT (( #9244 ) ) ;
#4664 = MECHANICAL_DESIGN_GEOMETRIC_PRESENTATION_REPRESENTATION (  '', ( #3707 ), #5139 ) ;
#4665 = ORIENTED_EDGE ( 'NONE', *, *, #8055, .T. ) ;
#4666 = PRESENTATION_STYLE_ASSIGNMENT (( #484 ) ) ;
#4667 = SURFACE_SIDE_STYLE ('',( #2293 ) ) ;
#4668 = VERTEX_POINT ( 'NONE', #6921 ) ;
#4669 = CARTESIAN_POINT ( 'NONE',  ( -0.7725000000000001900, -2.252718095034783400, 0.5274999999999934200 ) ) ;
#4670 = AXIS2_PLACEMENT_3D ( 'NONE', #7232, #8422, #8265 ) ;
#4671 = SURFACE_STYLE_FILL_AREA ( #2955 ) ;
#4672 = SURFACE_STYLE_USAGE ( .BOTH. , #9004 ) ;
#4673 = FILL_AREA_STYLE_COLOUR ( '', #8768 ) ;
#4674 = ADVANCED_FACE ( 'NONE', ( #6424 ), #477, .T. ) ;
#4675 = ORIENTED_EDGE ( 'NONE', *, *, #4637, .F. ) ;
#4676 = MECHANICAL_DESIGN_GEOMETRIC_PRESENTATION_REPRESENTATION (  '', ( #3227 ), #5146 ) ;
#4677 =( NAMED_UNIT ( * ) PLANE_ANGLE_UNIT ( ) SI_UNIT ( $, .RADIAN. ) );
#4678 = CARTESIAN_POINT ( 'NONE',  ( 1.422499999999999700, 2.200000000000000200, 0.6724999999999941000 ) ) ;
#4679 =( GEOMETRIC_REPRESENTATION_CONTEXT ( 3 ) GLOBAL_UNCERTAINTY_ASSIGNED_CONTEXT ( ( #3442 ) ) GLOBAL_UNIT_ASSIGNED_CONTEXT ( ( #8797, #5310, #2787 ) ) REPRESENTATION_CONTEXT ( 'NONE', 'WORKASPACE' ) );
#4680 = VECTOR ( 'NONE', #7484, 1000.000000000000000 ) ;
#4681 = PRESENTATION_LAYER_ASSIGNMENT (  '', '', ( #4214 ) ) ;
#4682 = PRESENTATION_LAYER_ASSIGNMENT (  '', '', ( #3731 ) ) ;
#4683 = CARTESIAN_POINT ( 'NONE',  ( -0.5275000000000001900, -2.508680812192536400, 0.2792814291857203500 ) ) ;
#4684 = SURFACE_STYLE_FILL_AREA ( #7619 ) ;
#4685 = CARTESIAN_POINT ( 'NONE',  ( 0.7724999999999997400, 2.591346881151208100, 0.04185388424647555600 ) ) ;
#4686 = FILL_AREA_STYLE ('',( #1790 ) ) ;
#4687 = CYLINDRICAL_SURFACE ( 'NONE', #187, 0.2450000000000002200 ) ;
#4688 = EDGE_CURVE ( 'NONE', #7328, #3422, #4534, .T. ) ;
#4689 = ORIENTED_EDGE ( 'NONE', *, *, #7649, .T. ) ;
#4690 = COLOUR_RGB ( '',1.000000000000000000, 1.000000000000000000, 1.000000000000000000 ) ;
#4691 = ADVANCED_FACE ( 'NONE', ( #6199 ), #3396, .F. ) ;
#4692 = CARTESIAN_POINT ( 'NONE',  ( -1.422500000000000100, 2.252718095034784300, 0.4274999999999940500 ) ) ;
#4693 = DIRECTION ( 'NONE',  ( 0.0000000000000000000, 0.0000000000000000000, -1.000000000000000000 ) ) ;
#4694 =( GEOMETRIC_REPRESENTATION_CONTEXT ( 3 ) GLOBAL_UNCERTAINTY_ASSIGNED_CONTEXT ( ( #225 ) ) GLOBAL_UNIT_ASSIGNED_CONTEXT ( ( #8625, #4296, #9383 ) ) REPRESENTATION_CONTEXT ( 'NONE', 'WORKASPACE' ) );
#4695 = FACE_OUTER_BOUND ( 'NONE', #6944, .T. ) ;
#4696 = DIRECTION ( 'NONE',  ( -1.000000000000000000, -0.0000000000000000000, -0.0000000000000000000 ) ) ;
#4697 = DIRECTION ( 'NONE',  ( 0.0000000000000000000, -1.000000000000000000, -2.056603471294124000E-015 ) ) ;
#4698 = ORIENTED_EDGE ( 'NONE', *, *, #6671, .F. ) ;
#4699 = VECTOR ( 'NONE', #6859, 1000.000000000000000 ) ;
#4700 = ORIENTED_EDGE ( 'NONE', *, *, #6796, .T. ) ;
#4701 = PLANE ( 'NONE',  #2813 ) ;
#4702 = VECTOR ( 'NONE', #2980, 1000.000000000000000 ) ;
#4703 = UNCERTAINTY_MEASURE_WITH_UNIT (LENGTH_MEASURE( 1.000000000000000100E-005 ), #8244, 'distance_accuracy_value', 'NONE');
#4704 = EDGE_CURVE ( 'NONE', #4048, #7081, #1709, .T. ) ;
#4705 = CARTESIAN_POINT ( 'NONE',  ( 1.422499999999999700, -2.252718095034784300, 0.6724999999999939900 ) ) ;
#4706 = EDGE_CURVE ( 'NONE', #2646, #8272, #9189, .T. ) ;
#4707 = ORIENTED_EDGE ( 'NONE', *, *, #148, .F. ) ;
#4708 = FILL_AREA_STYLE ('',( #6100 ) ) ;
#4709 = STYLED_ITEM ( 'NONE', ( #6210 ), #6659 ) ;
#4710 = DIRECTION ( 'NONE',  ( 1.000000000000000000, 0.0000000000000000000, 0.0000000000000000000 ) ) ;
#4711 =( NAMED_UNIT ( * ) SI_UNIT ( $, .STERADIAN. ) SOLID_ANGLE_UNIT ( ) );
#4712 = DIRECTION ( 'NONE',  ( -0.0000000000000000000, -0.0000000000000000000, 1.000000000000000000 ) ) ;
#4713 = ORIENTED_EDGE ( 'NONE', *, *, #2548, .T. ) ;
#4714 = VECTOR ( 'NONE', #8157, 1000.000000000000000 ) ;
#4715 =( NAMED_UNIT ( * ) SI_UNIT ( $, .STERADIAN. ) SOLID_ANGLE_UNIT ( ) );
#4716 =( LENGTH_UNIT ( ) NAMED_UNIT ( * ) SI_UNIT ( .MILLI., .METRE. ) );
#4717 = CARTESIAN_POINT ( 'NONE',  ( 1.177499999999999800, 3.189885311307101700, 2.710505431213761100E-017 ) ) ;
#4718 = EDGE_LOOP ( 'NONE', ( #8977, #8514, #898, #7978, #8821, #2506, #8116, #6751, #600, #2952, #8716, #6990 ) ) ;
#4719 = AXIS2_PLACEMENT_3D ( 'NONE', #1034, #311, #3241 ) ;
#4720 = ORIENTED_EDGE ( 'NONE', *, *, #2005, .T. ) ;
#4721 = STYLED_ITEM ( 'NONE', ( #1968 ), #4339 ) ;
#4722 = CARTESIAN_POINT ( 'NONE',  ( -2.424620215747131300, 2.124620215747131900, 0.1000000000000000100 ) ) ;
#4723 = FACE_OUTER_BOUND ( 'NONE', #4174, .T. ) ;
#4724 = VECTOR ( 'NONE', #3717, 1000.000000000000000 ) ;
#4725 = CIRCLE ( 'NONE', #5165, 0.09999999999999988100 ) ;
#4726 = ORIENTED_EDGE ( 'NONE', *, *, #555, .F. ) ;
#4727 = LINE ( 'NONE', #3989, #4504 ) ;
#4728 = FILL_AREA_STYLE_COLOUR ( '', #8631 ) ;
#4729 = ORIENTED_EDGE ( 'NONE', *, *, #1752, .T. ) ;
#4730 = VERTEX_POINT ( 'NONE', #4868 ) ;
#4731 =( LENGTH_UNIT ( ) NAMED_UNIT ( * ) SI_UNIT ( .MILLI., .METRE. ) );
#4732 = VECTOR ( 'NONE', #2058, 1000.000000000000000 ) ;
#4733 = VERTEX_POINT ( 'NONE', #4802 ) ;
#4734 = ADVANCED_FACE ( 'NONE', ( #7214 ), #3433, .F. ) ;
#4735 = SURFACE_STYLE_USAGE ( .BOTH. , #9087 ) ;
#4736 = VERTEX_POINT ( 'NONE', #4900 ) ;
#4737 = ORIENTED_EDGE ( 'NONE', *, *, #1504, .T. ) ;
#4738 = FILL_AREA_STYLE ('',( #5149 ) ) ;
#4739 = ORIENTED_EDGE ( 'NONE', *, *, #8340, .T. ) ;
#4740 =( LENGTH_UNIT ( ) NAMED_UNIT ( * ) SI_UNIT ( .MILLI., .METRE. ) );
#4741 =( NAMED_UNIT ( * ) PLANE_ANGLE_UNIT ( ) SI_UNIT ( $, .RADIAN. ) );
#4742 = LINE ( 'NONE', #2820, #4522 ) ;
#4743 = FILL_AREA_STYLE_COLOUR ( '', #4220 ) ;
#4744 = VECTOR ( 'NONE', #956, 1000.000000000000000 ) ;
#4745 = PRESENTATION_LAYER_ASSIGNMENT (  '', '', ( #4274 ) ) ;
#4746 = VECTOR ( 'NONE', #6457, 1000.000000000000000 ) ;
#4747 = VECTOR ( 'NONE', #4910, 1000.000000000000000 ) ;
#4748 = ORIENTED_EDGE ( 'NONE', *, *, #1980, .F. ) ;
#4749 = DIRECTION ( 'NONE',  ( 0.0000000000000000000, -2.056603471294124000E-015, -1.000000000000000000 ) ) ;
#4750 = ORIENTED_EDGE ( 'NONE', *, *, #3198, .T. ) ;
#4751 = VECTOR ( 'NONE', #4551, 1000.000000000000000 ) ;
#4752 = DIRECTION ( 'NONE',  ( -1.000000000000000000, -0.0000000000000000000, -0.0000000000000000000 ) ) ;
#4753 = ORIENTED_EDGE ( 'NONE', *, *, #948, .F. ) ;
#4754 = UNCERTAINTY_MEASURE_WITH_UNIT (LENGTH_MEASURE( 1.000000000000000100E-005 ), #9226, 'distance_accuracy_value', 'NONE');
#4755 = EDGE_CURVE ( 'NONE', #9391, #2387, #3409, .T. ) ;
#4756 = LINE ( 'NONE', #2544, #6525 ) ;
#4757 = ORIENTED_EDGE ( 'NONE', *, *, #1996, .F. ) ;
#4758 = EDGE_CURVE ( 'NONE', #7543, #9247, #2735, .T. ) ;
#4759 = ORIENTED_EDGE ( 'NONE', *, *, #7162, .F. ) ;
#4760 = STYLED_ITEM ( 'NONE', ( #5107 ), #6515 ) ;
#4761 = FILL_AREA_STYLE_COLOUR ( '', #3640 ) ;
#4762 = CARTESIAN_POINT ( 'NONE',  ( 0.7724999999999997400, -2.200000000000000200, 0.5274999999999939700 ) ) ;
#4763 = FACE_OUTER_BOUND ( 'NONE', #7875, .T. ) ;
#4764 = UNCERTAINTY_MEASURE_WITH_UNIT (LENGTH_MEASURE( 1.000000000000000100E-005 ), #1927, 'distance_accuracy_value', 'NONE');
#4765 = ORIENTED_EDGE ( 'NONE', *, *, #1543, .F. ) ;
#4766 = DIRECTION ( 'NONE',  ( -1.000000000000000000, 0.0000000000000000000, -0.0000000000000000000 ) ) ;
#4767 = ORIENTED_EDGE ( 'NONE', *, *, #4991, .F. ) ;
#4768 =( NAMED_UNIT ( * ) SI_UNIT ( $, .STERADIAN. ) SOLID_ANGLE_UNIT ( ) );
#4769 = SURFACE_STYLE_FILL_AREA ( #101 ) ;
#4770 = EDGE_CURVE ( 'NONE', #5537, #641, #787, .T. ) ;
#4771 = COLOUR_RGB ( '',1.000000000000000000, 1.000000000000000000, 1.000000000000000000 ) ;
#4772 = SURFACE_SIDE_STYLE ('',( #6060 ) ) ;
#4773 = EDGE_CURVE ( 'NONE', #1960, #3734, #8248, .T. ) ;
#4774 = EDGE_LOOP ( 'NONE', ( #9286, #7004, #783, #4959 ) ) ;
#4775 = CARTESIAN_POINT ( 'NONE',  ( 2.072499999999999800, -2.200000000000000200, 0.5274999999999939700 ) ) ;
#4776 = PLANE ( 'NONE',  #5183 ) ;
#4777 = ORIENTED_EDGE ( 'NONE', *, *, #4473, .F. ) ;
#4778 = PRESENTATION_LAYER_ASSIGNMENT (  '', '', ( #4313 ) ) ;
#4779 = DIRECTION ( 'NONE',  ( 0.0000000000000000000, -0.9975640502598240900, 0.06975647374412817500 ) ) ;
#4780 =( GEOMETRIC_REPRESENTATION_CONTEXT ( 3 ) GLOBAL_UNCERTAINTY_ASSIGNED_CONTEXT ( ( #1685 ) ) GLOBAL_UNIT_ASSIGNED_CONTEXT ( ( #8604, #4275, #9365 ) ) REPRESENTATION_CONTEXT ( 'NONE', 'WORKASPACE' ) );
#4781 =( LENGTH_UNIT ( ) NAMED_UNIT ( * ) SI_UNIT ( .MILLI., .METRE. ) );
#4782 =( NAMED_UNIT ( * ) SI_UNIT ( $, .STERADIAN. ) SOLID_ANGLE_UNIT ( ) );
#4783 = CARTESIAN_POINT ( 'NONE',  ( -0.5275000000000001900, -2.591346881151208100, 0.04185388424647555600 ) ) ;
#4784 = ORIENTED_EDGE ( 'NONE', *, *, #719, .T. ) ;
#4785 = FILL_AREA_STYLE_COLOUR ( '', #3662 ) ;
#4786 = FACE_OUTER_BOUND ( 'NONE', #2857, .T. ) ;
#4787 = CARTESIAN_POINT ( 'NONE',  ( 0.1224999999999997800, -2.200000000000000200, 0.6724999999999941000 ) ) ;
#4788 = STYLED_ITEM ( 'NONE', ( #5459 ), #8500 ) ;
#4789 = PLANE ( 'NONE',  #9364 ) ;
#4790 = DIRECTION ( 'NONE',  ( 1.000000000000000000, 0.0000000000000000000, 0.0000000000000000000 ) ) ;
#4791 = COLOUR_RGB ( '',0.0000000000000000000, 0.0000000000000000000, 1.000000000000000000 ) ;
#4792 = MANIFOLD_SOLID_BREP ( 'Lead9', #8469 ) ;
#4793 = VECTOR ( 'NONE', #3813, 1000.000000000000000 ) ;
#4794 = AXIS2_PLACEMENT_3D ( 'NONE', #8618, #9210, #5129 ) ;
#4795 = LINE ( 'NONE', #4309, #2910 ) ;
#4796 =( LENGTH_UNIT ( ) NAMED_UNIT ( * ) SI_UNIT ( .MILLI., .METRE. ) );
#4797 =( GEOMETRIC_REPRESENTATION_CONTEXT ( 3 ) GLOBAL_UNCERTAINTY_ASSIGNED_CONTEXT ( ( #5437 ) ) GLOBAL_UNIT_ASSIGNED_CONTEXT ( ( #5259, #959, #5980 ) ) REPRESENTATION_CONTEXT ( 'NONE', 'WORKASPACE' ) );
#4798 = DIRECTION ( 'NONE',  ( -0.0000000000000000000, 0.06975647374412818900, -0.9975640502598240900 ) ) ;
#4799 = DIRECTION ( 'NONE',  ( 0.0000000000000000000, -1.000000000000000000, 0.0000000000000000000 ) ) ;
#4800 =( NAMED_UNIT ( * ) SI_UNIT ( $, .STERADIAN. ) SOLID_ANGLE_UNIT ( ) );
#4801 = EDGE_CURVE ( 'NONE', #1307, #5188, #9309, .T. ) ;
#4802 = CARTESIAN_POINT ( 'NONE',  ( -2.750000000000000000, -2.200000000000000200, 0.6724999999999941000 ) ) ;
#4803 = VECTOR ( 'NONE', #1903, 1000.000000000000100 ) ;
#4804 = VERTEX_POINT ( 'NONE', #590 ) ;
#4805 =( GEOMETRIC_REPRESENTATION_CONTEXT ( 3 ) GLOBAL_UNCERTAINTY_ASSIGNED_CONTEXT ( ( #4312 ) ) GLOBAL_UNIT_ASSIGNED_CONTEXT ( ( #8451, #7661, #7749 ) ) REPRESENTATION_CONTEXT ( 'NONE', 'WORKASPACE' ) );
#4806 = CARTESIAN_POINT ( 'NONE',  ( -0.7725000000000001900, 2.591346881151208100, 0.04185388424647555600 ) ) ;
#4807 = PLANE ( 'NONE',  #1233 ) ;
#4808 =( GEOMETRIC_REPRESENTATION_CONTEXT ( 3 ) GLOBAL_UNCERTAINTY_ASSIGNED_CONTEXT ( ( #2401 ) ) GLOBAL_UNIT_ASSIGNED_CONTEXT ( ( #5527, #1220, #6240 ) ) REPRESENTATION_CONTEXT ( 'NONE', 'WORKASPACE' ) );
#4809 = UNCERTAINTY_MEASURE_WITH_UNIT (LENGTH_MEASURE( 1.000000000000000100E-005 ), #6960, 'distance_accuracy_value', 'NONE');
#4810 = SURFACE_SIDE_STYLE ('',( #6559 ) ) ;
#4811 =( NAMED_UNIT ( * ) PLANE_ANGLE_UNIT ( ) SI_UNIT ( $, .RADIAN. ) );
#4812 = CARTESIAN_POINT ( 'NONE',  ( 0.7724999999999997400, -2.591346881151208100, 0.04185388424647555600 ) ) ;
#4813 = DIRECTION ( 'NONE',  ( 0.0000000000000000000, -0.9975640502598243100, -0.06975647374412599600 ) ) ;
#4814 = EDGE_CURVE ( 'NONE', #1824, #3159, #3515, .T. ) ;
#4815 = EDGE_CURVE ( 'NONE', #82, #1476, #1832, .T. ) ;
#4816 =( NAMED_UNIT ( * ) SI_UNIT ( $, .STERADIAN. ) SOLID_ANGLE_UNIT ( ) );
#4817 = PLANE ( 'NONE',  #4997 ) ;
#4818 = ORIENTED_EDGE ( 'NONE', *, *, #831, .F. ) ;
#4819 =( GEOMETRIC_REPRESENTATION_CONTEXT ( 3 ) GLOBAL_UNCERTAINTY_ASSIGNED_CONTEXT ( ( #9003 ) ) GLOBAL_UNIT_ASSIGNED_CONTEXT ( ( #45, #5118, #782 ) ) REPRESENTATION_CONTEXT ( 'NONE', 'WORKASPACE' ) );
#4820 = SURFACE_STYLE_USAGE ( .BOTH. , #7600 ) ;
#4821 = MECHANICAL_DESIGN_GEOMETRIC_PRESENTATION_REPRESENTATION (  '', ( #3894 ), #5306 ) ;
#4822 = CARTESIAN_POINT ( 'NONE',  ( 0.7724999999999997400, -2.200000000000000200, 0.6724999999999941000 ) ) ;
#4823 = PRESENTATION_STYLE_ASSIGNMENT (( #205 ) ) ;
#4824 =( LENGTH_UNIT ( ) NAMED_UNIT ( * ) SI_UNIT ( .MILLI., .METRE. ) );
#4825 = VECTOR ( 'NONE', #9264, 1000.000000000000000 ) ;
#4826 = CARTESIAN_POINT ( 'NONE',  ( -2.072500000000000200, -2.200000000000000200, 0.5274999999999939700 ) ) ;
#4827 = ORIENTED_EDGE ( 'NONE', *, *, #7998, .F. ) ;
#4828 = AXIS2_PLACEMENT_3D ( 'NONE', #3068, #3060, #3186 ) ;
#4829 = ADVANCED_FACE ( 'NONE', ( #3752 ), #9372, .F. ) ;
#4830 =( LENGTH_UNIT ( ) NAMED_UNIT ( * ) SI_UNIT ( .MILLI., .METRE. ) );
#4831 = VERTEX_POINT ( 'NONE', #3562 ) ;
#4832 = SURFACE_SIDE_STYLE ('',( #8338 ) ) ;
#4833 = PRESENTATION_STYLE_ASSIGNMENT (( #310 ) ) ;
#4834 = PLANE ( 'NONE',  #1656 ) ;
#4835 = LINE ( 'NONE', #5031, #8467 ) ;
#4836 =( NAMED_UNIT ( * ) PLANE_ANGLE_UNIT ( ) SI_UNIT ( $, .RADIAN. ) );
#4837 = SURFACE_STYLE_USAGE ( .BOTH. , #6262 ) ;
#4838 = CARTESIAN_POINT ( 'NONE',  ( 2.072499999999999800, -2.252718095034784300, 0.4274999999999940500 ) ) ;
#4839 = AXIS2_PLACEMENT_3D ( 'NONE', #5895, #1590, #6610 ) ;
#4840 =( GEOMETRIC_REPRESENTATION_CONTEXT ( 3 ) GLOBAL_UNCERTAINTY_ASSIGNED_CONTEXT ( ( #3208 ) ) GLOBAL_UNIT_ASSIGNED_CONTEXT ( ( #33, #5102, #766 ) ) REPRESENTATION_CONTEXT ( 'NONE', 'WORKASPACE' ) );
#4841 = EDGE_LOOP ( 'NONE', ( #3197, #6748, #4729, #7060 ) ) ;
#4842 = SURFACE_SIDE_STYLE ('',( #6783 ) ) ;
#4843 = ORIENTED_EDGE ( 'NONE', *, *, #442, .F. ) ;
#4844 = FILL_AREA_STYLE_COLOUR ( '', #5896 ) ;
#4845 = FACE_OUTER_BOUND ( 'NONE', #5191, .T. ) ;
#4846 = CARTESIAN_POINT ( 'NONE',  ( -0.5275000000000001900, -2.591346881151208100, 0.04185388424647555600 ) ) ;
#4847 = DIRECTION ( 'NONE',  ( 0.0000000000000000000, -0.06975647374411951500, -0.9975640502598246400 ) ) ;
#4848 = PRESENTATION_STYLE_ASSIGNMENT (( #6468 ) ) ;
#4849 = PRESENTATION_LAYER_ASSIGNMENT (  '', '', ( #3916 ) ) ;
#4850 =( NAMED_UNIT ( * ) PLANE_ANGLE_UNIT ( ) SI_UNIT ( $, .RADIAN. ) );
#4851 = ORIENTED_EDGE ( 'NONE', *, *, #8718, .F. ) ;
#4852 = EDGE_LOOP ( 'NONE', ( #5977, #7662, #9044, #5776, #4438, #6421, #8790, #632, #7172, #2455, #7196, #6625 ) ) ;
#4853 = MECHANICAL_DESIGN_GEOMETRIC_PRESENTATION_REPRESENTATION (  '', ( #3421 ), #5336 ) ;
#4854 = VECTOR ( 'NONE', #59, 1000.000000000000100 ) ;
#4855 = FILL_AREA_STYLE ('',( #9221 ) ) ;
#4856 = ORIENTED_EDGE ( 'NONE', *, *, #3868, .T. ) ;
#4857 = EDGE_CURVE ( 'NONE', #8402, #3825, #7085, .T. ) ;
#4858 = EDGE_LOOP ( 'NONE', ( #2621, #8823, #9196, #4418 ) ) ;
#4859 = PRESENTATION_STYLE_ASSIGNMENT (( #6039 ) ) ;
#4860 =( NAMED_UNIT ( * ) PLANE_ANGLE_UNIT ( ) SI_UNIT ( $, .RADIAN. ) );
#4861 = EDGE_LOOP ( 'NONE', ( #4560, #6499, #8480, #2481 ) ) ;
#4862 = ORIENTED_EDGE ( 'NONE', *, *, #9269, .F. ) ;
#4863 =( GEOMETRIC_REPRESENTATION_CONTEXT ( 3 ) GLOBAL_UNCERTAINTY_ASSIGNED_CONTEXT ( ( #2332 ) ) GLOBAL_UNIT_ASSIGNED_CONTEXT ( ( #866, #354, #219 ) ) REPRESENTATION_CONTEXT ( 'NONE', 'WORKASPACE' ) );
#4864 = VECTOR ( 'NONE', #1896, 999.9999999999998900 ) ;
#4865 = ORIENTED_EDGE ( 'NONE', *, *, #2483, .F. ) ;
#4866 = UNCERTAINTY_MEASURE_WITH_UNIT (LENGTH_MEASURE( 1.000000000000000100E-005 ), #8300, 'distance_accuracy_value', 'NONE');
#4867 = FACE_OUTER_BOUND ( 'NONE', #6450, .T. ) ;
#4868 = CARTESIAN_POINT ( 'NONE',  ( -0.7725000000000001900, -2.252718095034784300, 0.6724999999999939900 ) ) ;
#4869 = STYLED_ITEM ( 'NONE', ( #7824 ), #5770 ) ;
#4870 = FILL_AREA_STYLE ('',( #3435 ) ) ;
#4871 = PLANE ( 'NONE',  #2907 ) ;
#4872 = VERTEX_POINT ( 'NONE', #4322 ) ;
#4873 = LINE ( 'NONE', #4291, #6772 ) ;
#4874 = APPLICATION_PROTOCOL_DEFINITION ( 'draft international standard', 'automotive_design', 1998, #5585 ) ;
#4875 = EDGE_LOOP ( 'NONE', ( #1562, #8221, #86, #2637 ) ) ;
#4876 = DIRECTION ( 'NONE',  ( -1.000000000000000000, 0.0000000000000000000, -0.0000000000000000000 ) ) ;
#4877 = LINE ( 'NONE', #8712, #6555 ) ;
#4878 = CARTESIAN_POINT ( 'NONE',  ( -0.5275000000000001900, 3.189885311307101700, 2.710505431213761100E-017 ) ) ;
#4879 = ORIENTED_EDGE ( 'NONE', *, *, #9058, .T. ) ;
#4880 = VECTOR ( 'NONE', #4847, 1000.000000000000000 ) ;
#4881 = EDGE_CURVE ( 'NONE', #1002, #2200, #1358, .T. ) ;
#4882 = EDGE_CURVE ( 'NONE', #444, #1714, #3289, .T. ) ;
#4883 = VERTEX_POINT ( 'NONE', #7887 ) ;
#4884 = COLOUR_RGB ( '',1.000000000000000000, 1.000000000000000000, 1.000000000000000000 ) ;
#4885 = CARTESIAN_POINT ( 'NONE',  ( -1.827500000000000100, 2.200000000000000200, 0.5274999999999939700 ) ) ;
#4886 =( NAMED_UNIT ( * ) SI_UNIT ( $, .STERADIAN. ) SOLID_ANGLE_UNIT ( ) );
#4887 = VERTEX_POINT ( 'NONE', #1426 ) ;
#4888 =( LENGTH_UNIT ( ) NAMED_UNIT ( * ) SI_UNIT ( .MILLI., .METRE. ) );
#4889 = ADVANCED_FACE ( 'NONE', ( #1139 ), #8601, .F. ) ;
#4890 = SURFACE_STYLE_FILL_AREA ( #4530 ) ;
#4891 = MECHANICAL_DESIGN_GEOMETRIC_PRESENTATION_REPRESENTATION (  '', ( #3939 ), #5357 ) ;
#4892 = EDGE_LOOP ( 'NONE', ( #98, #8361, #2462, #4210 ) ) ;
#4893 = MECHANICAL_DESIGN_GEOMETRIC_PRESENTATION_REPRESENTATION (  '', ( #3454 ), #5361 ) ;
#4894 = EDGE_CURVE ( 'NONE', #3124, #3997, #4969, .T. ) ;
#4895 = DIRECTION ( 'NONE',  ( 0.0000000000000000000, -0.06975647374412208300, 0.9975640502598244200 ) ) ;
#4896 = FACE_OUTER_BOUND ( 'NONE', #2043, .T. ) ;
#4897 = SURFACE_SIDE_STYLE ('',( #6876 ) ) ;
#4898 = PLANE ( 'NONE',  #2128 ) ;
#4899 = MECHANICAL_DESIGN_GEOMETRIC_PRESENTATION_REPRESENTATION (  '', ( #3459 ), #5367 ) ;
#4900 = CARTESIAN_POINT ( 'NONE',  ( -0.7725000000000001900, 2.252718095034784300, 0.6724999999999939900 ) ) ;
#4901 =( GEOMETRIC_REPRESENTATION_CONTEXT ( 3 ) GLOBAL_UNCERTAINTY_ASSIGNED_CONTEXT ( ( #1403 ) ) GLOBAL_UNIT_ASSIGNED_CONTEXT ( ( #3876, #8907, #4577 ) ) REPRESENTATION_CONTEXT ( 'NONE', 'WORKASPACE' ) );
#4902 = CARTESIAN_POINT ( 'NONE',  ( -1.827500000000000100, 3.189885311307101700, 2.710505431213761100E-017 ) ) ;
#4903 = ORIENTED_EDGE ( 'NONE', *, *, #3681, .F. ) ;
#4904 = FACE_OUTER_BOUND ( 'NONE', #3532, .T. ) ;
#4905 = CARTESIAN_POINT ( 'NONE',  ( 2.424620215747131700, 2.389798641241192700E-016, 1.100000000000000100 ) ) ;
#4906 = APPLICATION_CONTEXT ( 'automotive_design' ) ;
#4907 = CARTESIAN_POINT ( 'NONE',  ( 1.422499999999999700, 2.200000000000000200, 0.5274999999999939700 ) ) ;
#4908 = PRESENTATION_LAYER_ASSIGNMENT (  '', '', ( #3968 ) ) ;
#4909 = FILL_AREA_STYLE ('',( #9273 ) ) ;
#4910 = DIRECTION ( 'NONE',  ( -1.000000000000000000, -0.0000000000000000000, -0.0000000000000000000 ) ) ;
#4911 = SURFACE_SIDE_STYLE ('',( #7799 ) ) ;
#4912 = DIRECTION ( 'NONE',  ( 1.000000000000000000, 0.0000000000000000000, 0.0000000000000000000 ) ) ;
#4913 = SURFACE_STYLE_FILL_AREA ( #6348 ) ;
#4914 = DIRECTION ( 'NONE',  ( 0.0000000000000000000, 0.0000000000000000000, 1.000000000000000000 ) ) ;
#4915 = MECHANICAL_DESIGN_GEOMETRIC_PRESENTATION_REPRESENTATION (  '', ( #3987 ), #5391 ) ;
#4916 = VECTOR ( 'NONE', #7666, 1000.000000000000000 ) ;
#4917 = AXIS2_PLACEMENT_3D ( 'NONE', #4216, #9283, #4914 ) ;
#4918 = CARTESIAN_POINT ( 'NONE',  ( 2.750000000000000000, -2.200000000000000200, 0.6724999999999941000 ) ) ;
#4919 = DIRECTION ( 'NONE',  ( 0.0000000000000000000, 0.06975647374412208300, -0.9975640502598244200 ) ) ;
#4920 = EDGE_CURVE ( 'NONE', #1143, #3727, #5189, .T. ) ;
#4921 = ADVANCED_FACE ( 'NONE', ( #909 ), #5772, .F. ) ;
#4922 = DIRECTION ( 'NONE',  ( -0.0000000000000000000, 0.06975647374412208300, 0.9975640502598244200 ) ) ;
#4923 = UNCERTAINTY_MEASURE_WITH_UNIT (LENGTH_MEASURE( 1.000000000000000100E-005 ), #9180, 'distance_accuracy_value', 'NONE');
#4924 = CARTESIAN_POINT ( 'NONE',  ( -1.827500000000000100, -2.608437217218518600, 0.2862570765601324400 ) ) ;
#4925 = FILL_AREA_STYLE ('',( #1929 ) ) ;
#4926 = EDGE_CURVE ( 'NONE', #8811, #1382, #2156, .T. ) ;
#4927 = SURFACE_SIDE_STYLE ('',( #119 ) ) ;
#4928 =( NAMED_UNIT ( * ) PLANE_ANGLE_UNIT ( ) SI_UNIT ( $, .RADIAN. ) );
#4929 = AXIS2_PLACEMENT_3D ( 'NONE', #2351, #7368, #3100 ) ;
#4930 = ORIENTED_EDGE ( 'NONE', *, *, #4815, .F. ) ;
#4931 = AXIS2_PLACEMENT_3D ( 'NONE', #1559, #6585, #2302 ) ;
#4932 = SURFACE_SIDE_STYLE ('',( #694 ) ) ;
#4933 = CARTESIAN_POINT ( 'NONE',  ( 1.422499999999999700, 2.508680812192536400, 0.2792814291857203500 ) ) ;
#4934 = DIRECTION ( 'NONE',  ( -0.0000000000000000000, 0.0000000000000000000, 1.000000000000000000 ) ) ;
#4935 = FILL_AREA_STYLE ('',( #3504 ) ) ;
#4936 = ORIENTED_EDGE ( 'NONE', *, *, #8719, .T. ) ;
#4937 = VERTEX_POINT ( 'NONE', #5797 ) ;
#4938 = EDGE_CURVE ( 'NONE', #5639, #3536, #7656, .T. ) ;
#4939 = VECTOR ( 'NONE', #4617, 1000.000000000000000 ) ;
#4940 = EDGE_CURVE ( 'NONE', #2843, #9068, #5966, .T. ) ;
#4941 = LINE ( 'NONE', #2255, #8578 ) ;
#4942 = DIRECTION ( 'NONE',  ( 0.0000000000000000000, -1.000000000000000000, 2.056603471294124000E-015 ) ) ;
#4943 = ORIENTED_EDGE ( 'NONE', *, *, #1813, .T. ) ;
#4944 = VERTEX_POINT ( 'NONE', #1527 ) ;
#4945 = ORIENTED_EDGE ( 'NONE', *, *, #4240, .T. ) ;
#4946 =( GEOMETRIC_REPRESENTATION_CONTEXT ( 3 ) GLOBAL_UNCERTAINTY_ASSIGNED_CONTEXT ( ( #7277 ) ) GLOBAL_UNIT_ASSIGNED_CONTEXT ( ( #6908, #2639, #7639 ) ) REPRESENTATION_CONTEXT ( 'NONE', 'WORKASPACE' ) );
#4947 = ORIENTED_EDGE ( 'NONE', *, *, #831, .T. ) ;
#4948 = DIRECTION ( 'NONE',  ( -0.0000000000000000000, 0.9975640502598242000, 0.06975647374412599600 ) ) ;
#4949 = CARTESIAN_POINT ( 'NONE',  ( -1.827500000000000100, -2.591346881151208100, 0.04185388424647555600 ) ) ;
#4950 = DIRECTION ( 'NONE',  ( 0.0000000000000000000, 0.06975647374412599600, 0.9975640502598242000 ) ) ;
#4951 = PRESENTATION_STYLE_ASSIGNMENT (( #2044 ) ) ;
#4952 =( NAMED_UNIT ( * ) PLANE_ANGLE_UNIT ( ) SI_UNIT ( $, .RADIAN. ) );
#4953 = SURFACE_STYLE_FILL_AREA ( #1718 ) ;
#4954 = VERTEX_POINT ( 'NONE', #8742 ) ;
#4955 = MECHANICAL_DESIGN_GEOMETRIC_PRESENTATION_REPRESENTATION (  '', ( #4024 ), #5438 ) ;
#4956 =( NAMED_UNIT ( * ) PLANE_ANGLE_UNIT ( ) SI_UNIT ( $, .RADIAN. ) );
#4957 = VERTEX_POINT ( 'NONE', #46 ) ;
#4958 = EDGE_LOOP ( 'NONE', ( #1582, #5983, #3397, #2372 ) ) ;
#4959 = ORIENTED_EDGE ( 'NONE', *, *, #6682, .T. ) ;
#4960 =( NAMED_UNIT ( * ) SI_UNIT ( $, .STERADIAN. ) SOLID_ANGLE_UNIT ( ) );
#4961 = ORIENTED_EDGE ( 'NONE', *, *, #3621, .F. ) ;
#4962 = CARTESIAN_POINT ( 'NONE',  ( -1.827500000000000100, -2.252718095034784300, 0.4274999999999940500 ) ) ;
#4963 = CARTESIAN_POINT ( 'NONE',  ( 2.072499999999999800, 2.601461569844106100, 0.1865006715341500400 ) ) ;
#4964 = FACE_OUTER_BOUND ( 'NONE', #9095, .T. ) ;
#4965 =( LENGTH_UNIT ( ) NAMED_UNIT ( * ) SI_UNIT ( .MILLI., .METRE. ) );
#4966 = PRESENTATION_LAYER_ASSIGNMENT (  '', '', ( #4031 ) ) ;
#4967 = CIRCLE ( 'NONE', #7624, 0.2450000000000001600 ) ;
#4968 = CARTESIAN_POINT ( 'NONE',  ( 2.072499999999999800, -2.200000000000000200, 0.6724999999999941000 ) ) ;
#4969 = LINE ( 'NONE', #9439, #3074 ) ;
#4970 = VECTOR ( 'NONE', #2764, 1000.000000000000000 ) ;
#4971 = FILL_AREA_STYLE ('',( #3495 ) ) ;
#4972 = ORIENTED_EDGE ( 'NONE', *, *, #6730, .T. ) ;
#4973 = FILL_AREA_STYLE_COLOUR ( '', #3980 ) ;
#4974 = EDGE_LOOP ( 'NONE', ( #273, #1596, #3079, #999 ) ) ;
#4975 = FILL_AREA_STYLE_COLOUR ( '', #250 ) ;
#4976 = VECTOR ( 'NONE', #2403, 1000.000000000000100 ) ;
#4977 = DIRECTION ( 'NONE',  ( 0.0000000000000000000, -1.000000000000000000, 0.0000000000000000000 ) ) ;
#4978 = DIRECTION ( 'NONE',  ( 0.0000000000000000000, 0.0000000000000000000, -1.000000000000000000 ) ) ;
#4979 = CYLINDRICAL_SURFACE ( 'NONE', #7058, 0.2450000000000002200 ) ;
#4980 = ORIENTED_EDGE ( 'NONE', *, *, #4407, .T. ) ;
#4981 = CYLINDRICAL_SURFACE ( 'NONE', #4456, 0.09999999999999988100 ) ;
#4982 = ADVANCED_FACE ( 'NONE', ( #1932 ), #2253, .F. ) ;
#4983 = PRESENTATION_STYLE_ASSIGNMENT (( #8642 ) ) ;
#4984 = AXIS2_PLACEMENT_3D ( 'NONE', #6121, #1218, #2086 ) ;
#4985 = PLANE ( 'NONE',  #5694 ) ;
#4986 = ORIENTED_EDGE ( 'NONE', *, *, #964, .T. ) ;
#4987 = AXIS2_PLACEMENT_3D ( 'NONE', #15, #5085, #746 ) ;
#4988 = SURFACE_STYLE_USAGE ( .BOTH. , #9361 ) ;
#4989 = ORIENTED_EDGE ( 'NONE', *, *, #1621, .T. ) ;
#4990 = UNCERTAINTY_MEASURE_WITH_UNIT (LENGTH_MEASURE( 1.000000000000000100E-005 ), #1624, 'distance_accuracy_value', 'NONE');
#4991 = EDGE_CURVE ( 'NONE', #430, #4549, #3866, .T. ) ;
#4992 = PRESENTATION_STYLE_ASSIGNMENT (( #1386 ) ) ;
#4993 = CARTESIAN_POINT ( 'NONE',  ( -0.7725000000000001900, -2.497121287348441900, 0.4445903360673038000 ) ) ;
#4994 = VERTEX_POINT ( 'NONE', #4440 ) ;
#4995 = CARTESIAN_POINT ( 'NONE',  ( 0.1224999999999997800, 2.364034024904861500, 0.2691667404928227400 ) ) ;
#4996 =( NAMED_UNIT ( * ) PLANE_ANGLE_UNIT ( ) SI_UNIT ( $, .RADIAN. ) );
#4997 = AXIS2_PLACEMENT_3D ( 'NONE', #1492, #1342, #3499 ) ;
#4998 = VERTEX_POINT ( 'NONE', #78 ) ;
#4999 = LINE ( 'NONE', #5137, #8629 ) ;
#5000 = CARTESIAN_POINT ( 'NONE',  ( -1.177500000000000200, 2.252718095034784300, 0.4274999999999940500 ) ) ;
#5001 = CARTESIAN_POINT ( 'NONE',  ( 0.1224999999999997800, -2.252718095034783400, 0.5274999999999934200 ) ) ;
#5002 =( GEOMETRIC_REPRESENTATION_CONTEXT ( 3 ) GLOBAL_UNCERTAINTY_ASSIGNED_CONTEXT ( ( #8938 ) ) GLOBAL_UNIT_ASSIGNED_CONTEXT ( ( #2561, #7579, #3282 ) ) REPRESENTATION_CONTEXT ( 'NONE', 'WORKASPACE' ) );
#5003 = UNCERTAINTY_MEASURE_WITH_UNIT (LENGTH_MEASURE( 1.000000000000000100E-005 ), #8810, 'distance_accuracy_value', 'NONE');
#5004 = VECTOR ( 'NONE', #5923, 1000.000000000000000 ) ;
#5005 = PRESENTATION_STYLE_ASSIGNMENT (( #2595 ) ) ;
#5006 = DIRECTION ( 'NONE',  ( 0.0000000000000000000, 0.06975647374412817500, 0.9975640502598240900 ) ) ;
#5007 = ORIENTED_EDGE ( 'NONE', *, *, #3827, .T. ) ;
#5008 = CARTESIAN_POINT ( 'NONE',  ( 0.1224999999999997800, 2.200000000000000200, 0.5274999999999939700 ) ) ;
#5009 = CARTESIAN_POINT ( 'NONE',  ( 2.072499999999999800, -2.200000000000000200, 0.6724999999999941000 ) ) ;
#5010 = CARTESIAN_POINT ( 'NONE',  ( 1.177499999999999800, 2.200000000000000200, 0.6724999999999941000 ) ) ;
#5011 = EDGE_CURVE ( 'NONE', #365, #3400, #3626, .T. ) ;
#5012 = SURFACE_STYLE_FILL_AREA ( #5743 ) ;
#5013 = DIRECTION ( 'NONE',  ( -0.0000000000000000000, -0.0000000000000000000, 1.000000000000000000 ) ) ;
#5014 = EDGE_CURVE ( 'NONE', #3494, #9433, #9428, .T. ) ;
#5015 = SURFACE_STYLE_FILL_AREA ( #848 ) ;
#5016 =( LENGTH_UNIT ( ) NAMED_UNIT ( * ) SI_UNIT ( .MILLI., .METRE. ) );
#5017 = DIRECTION ( 'NONE',  ( 0.0000000000000000000, 0.0000000000000000000, -1.000000000000000000 ) ) ;
#5018 = ORIENTED_EDGE ( 'NONE', *, *, #7377, .T. ) ;
#5019 = MECHANICAL_DESIGN_GEOMETRIC_PRESENTATION_REPRESENTATION (  '', ( #4064 ), #5476 ) ;
#5020 = ORIENTED_EDGE ( 'NONE', *, *, #1816, .T. ) ;
#5021 = PRESENTATION_LAYER_ASSIGNMENT (  '', '', ( #5477 ) ) ;
#5022 = CARTESIAN_POINT ( 'NONE',  ( 1.422499999999999700, -2.497121287348441400, 0.4445903360673038000 ) ) ;
#5023 = STYLED_ITEM ( 'NONE', ( #4833 ), #314 ) ;
#5024 =( LENGTH_UNIT ( ) NAMED_UNIT ( * ) SI_UNIT ( .MILLI., .METRE. ) );
#5025 = SURFACE_SIDE_STYLE ('',( #7364 ) ) ;
#5026 =( NAMED_UNIT ( * ) SI_UNIT ( $, .STERADIAN. ) SOLID_ANGLE_UNIT ( ) );
#5027 = MECHANICAL_DESIGN_GEOMETRIC_PRESENTATION_REPRESENTATION (  '', ( #3588 ), #5486 ) ;
#5028 = ADVANCED_FACE ( 'NONE', ( #9181 ), #8040, .F. ) ;
#5029 = DIRECTION ( 'NONE',  ( -1.000000000000000000, 0.0000000000000000000, -0.0000000000000000000 ) ) ;
#5030 = AXIS2_PLACEMENT_3D ( 'NONE', #7051, #2797, #7808 ) ;
#5031 = CARTESIAN_POINT ( 'NONE',  ( -1.827500000000000100, 2.352474500060765600, 0.4344756473744061900 ) ) ;
#5032 = DIRECTION ( 'NONE',  ( 1.000000000000000000, 0.0000000000000000000, 0.0000000000000000000 ) ) ;
#5033 = CARTESIAN_POINT ( 'NONE',  ( 1.827499999999999700, -2.608437217218518600, 0.2862570765601324400 ) ) ;
#5034 = FILL_AREA_STYLE ('',( #123 ) ) ;
#5035 = SURFACE_STYLE_USAGE ( .BOTH. , #9409 ) ;
#5036 = FACE_OUTER_BOUND ( 'NONE', #413, .T. ) ;
#5037 = SURFACE_SIDE_STYLE ('',( #8504 ) ) ;
#5038 = STYLED_ITEM ( 'NONE', ( #7159 ), #958 ) ;
#5039 = LINE ( 'NONE', #4060, #974 ) ;
#5040 = VERTEX_POINT ( 'NONE', #7298 ) ;
#5041 =( NAMED_UNIT ( * ) PLANE_ANGLE_UNIT ( ) SI_UNIT ( $, .RADIAN. ) );
#5042 = UNCERTAINTY_MEASURE_WITH_UNIT (LENGTH_MEASURE( 1.000000000000000100E-005 ), #5024, 'distance_accuracy_value', 'NONE');
#5043 = PLANE ( 'NONE',  #6648 ) ;
#5044 = CARTESIAN_POINT ( 'NONE',  ( 0.7724999999999997400, 2.608437217218518600, 0.2862570765601325000 ) ) ;
#5045 = PRESENTATION_LAYER_ASSIGNMENT (  '', '', ( #4106 ) ) ;
#5046 = ORIENTED_EDGE ( 'NONE', *, *, #3213, .F. ) ;
#5047 = MECHANICAL_DESIGN_GEOMETRIC_PRESENTATION_REPRESENTATION (  '', ( #4108 ), #5517 ) ;
#5048 = UNCERTAINTY_MEASURE_WITH_UNIT (LENGTH_MEASURE( 1.000000000000000100E-005 ), #5661, 'distance_accuracy_value', 'NONE');
#5049 = DIRECTION ( 'NONE',  ( -1.000000000000000000, -0.0000000000000000000, -0.0000000000000000000 ) ) ;
#5050 = VERTEX_POINT ( 'NONE', #3787 ) ;
#5051 = DIRECTION ( 'NONE',  ( -1.000000000000000000, 0.0000000000000000000, -0.0000000000000000000 ) ) ;
#5052 = COLOUR_RGB ( '',1.000000000000000000, 1.000000000000000000, 1.000000000000000000 ) ;
#5053 = EDGE_CURVE ( 'NONE', #1572, #3552, #8479, .T. ) ;
#5054 =( NAMED_UNIT ( * ) SI_UNIT ( $, .STERADIAN. ) SOLID_ANGLE_UNIT ( ) );
#5055 = SURFACE_STYLE_USAGE ( .BOTH. , #9445 ) ;
#5056 = EDGE_LOOP ( 'NONE', ( #3063, #5892 ) ) ;
#5057 = FILL_AREA_STYLE_COLOUR ( '', #7304 ) ;
#5058 = CARTESIAN_POINT ( 'NONE',  ( -0.1225000000000002200, -2.352474500060765600, 0.4344756473744061900 ) ) ;
#5059 = ORIENTED_EDGE ( 'NONE', *, *, #513, .T. ) ;
#5060 = FILL_AREA_STYLE ('',( #2268 ) ) ;
#5061 = AXIS2_PLACEMENT_3D ( 'NONE', #2819, #2919, #3767 ) ;
#5062 = VECTOR ( 'NONE', #657, 1000.000000000000000 ) ;
#5063 = COLOUR_RGB ( '',1.000000000000000000, 1.000000000000000000, 1.000000000000000000 ) ;
#5064 = ORIENTED_EDGE ( 'NONE', *, *, #1015, .T. ) ;
#5065 = DIRECTION ( 'NONE',  ( 0.0000000000000000000, -1.000000000000000000, -2.056603471294124000E-015 ) ) ;
#5066 = LINE ( 'NONE', #3937, #3166 ) ;
#5067 = ADVANCED_FACE ( 'NONE', ( #6526 ), #5205, .F. ) ;
#5068 = PLANE ( 'NONE',  #3126 ) ;
#5069 = VERTEX_POINT ( 'NONE', #8062 ) ;
#5070 = EDGE_CURVE ( 'NONE', #3316, #8402, #3971, .T. ) ;
#5071 = EDGE_CURVE ( 'NONE', #667, #7559, #2040, .T. ) ;
#5072 = ORIENTED_EDGE ( 'NONE', *, *, #5114, .T. ) ;
#5073 = SURFACE_STYLE_FILL_AREA ( #5582 ) ;
#5074 = MECHANICAL_DESIGN_GEOMETRIC_PRESENTATION_REPRESENTATION (  '', ( #4137 ), #5552 ) ;
#5075 = DIRECTION ( 'NONE',  ( 0.0000000000000000000, 2.056603471294124000E-015, -1.000000000000000000 ) ) ;
#5076 = AXIS2_PLACEMENT_3D ( 'NONE', #5144, #821, #5849 ) ;
#5077 = DIRECTION ( 'NONE',  ( 0.0000000000000000000, -1.000000000000000000, 0.0000000000000000000 ) ) ;
#5078 = EDGE_LOOP ( 'NONE', ( #918, #497, #8569, #9400 ) ) ;
#5079 = MANIFOLD_SOLID_BREP ( 'Lead7', #6182 ) ;
#5080 = VERTEX_POINT ( 'NONE', #3849 ) ;
#5081 = CARTESIAN_POINT ( 'NONE',  ( 1.827499999999999700, 2.252718095034784300, 0.4274999999999940500 ) ) ;
#5082 = VECTOR ( 'NONE', #8853, 1000.000000000000000 ) ;
#5083 = ORIENTED_EDGE ( 'NONE', *, *, #744, .T. ) ;
#5084 = COLOUR_RGB ( '',1.000000000000000000, 1.000000000000000000, 1.000000000000000000 ) ;
#5085 = DIRECTION ( 'NONE',  ( 1.000000000000000000, 0.0000000000000000000, 0.0000000000000000000 ) ) ;
#5086 = CARTESIAN_POINT ( 'NONE',  ( 0.1224999999999997800, -2.200000000000000200, 0.5274999999999939700 ) ) ;
#5087 = VERTEX_POINT ( 'NONE', #7387 ) ;
#5088 = LINE ( 'NONE', #8203, #6975 ) ;
#5089 = ORIENTED_EDGE ( 'NONE', *, *, #9139, .F. ) ;
#5090 = CARTESIAN_POINT ( 'NONE',  ( -1.827500000000000100, -2.252718095034784300, 0.6724999999999939900 ) ) ;
#5091 = DIRECTION ( 'NONE',  ( 0.0000000000000000000, 0.0000000000000000000, 1.000000000000000000 ) ) ;
#5092 = DIRECTION ( 'NONE',  ( 0.0000000000000000000, 0.0000000000000000000, 1.000000000000000000 ) ) ;
#5093 =( GEOMETRIC_REPRESENTATION_CONTEXT ( 3 ) GLOBAL_UNCERTAINTY_ASSIGNED_CONTEXT ( ( #7503 ) ) GLOBAL_UNIT_ASSIGNED_CONTEXT ( ( #290, #5349, #1051 ) ) REPRESENTATION_CONTEXT ( 'NONE', 'WORKASPACE' ) );
#5094 = DIRECTION ( 'NONE',  ( -1.000000000000000000, -0.0000000000000000000, -0.0000000000000000000 ) ) ;
#5095 = LINE ( 'NONE', #1165, #4864 ) ;
#5096 = ORIENTED_EDGE ( 'NONE', *, *, #8584, .T. ) ;
#5097 = DIRECTION ( 'NONE',  ( 0.0000000000000000000, 0.9975640502598243100, -0.06975647374412599600 ) ) ;
#5098 = PRESENTATION_STYLE_ASSIGNMENT (( #4386 ) ) ;
#5099 = VERTEX_POINT ( 'NONE', #6697 ) ;
#5100 =( LENGTH_UNIT ( ) NAMED_UNIT ( * ) SI_UNIT ( .MILLI., .METRE. ) );
#5101 = ORIENTED_EDGE ( 'NONE', *, *, #4472, .F. ) ;
#5102 =( NAMED_UNIT ( * ) PLANE_ANGLE_UNIT ( ) SI_UNIT ( $, .RADIAN. ) );
#5103 = SURFACE_STYLE_FILL_AREA ( #5309 ) ;
#5104 = PRESENTATION_LAYER_ASSIGNMENT (  '', '', ( #4623 ) ) ;
#5105 = UNCERTAINTY_MEASURE_WITH_UNIT (LENGTH_MEASURE( 1.000000000000000100E-005 ), #7629, 'distance_accuracy_value', 'NONE');
#5106 = VECTOR ( 'NONE', #2656, 1000.000000000000000 ) ;
#5107 = PRESENTATION_STYLE_ASSIGNMENT (( #5390 ) ) ;
#5108 = ORIENTED_EDGE ( 'NONE', *, *, #261, .F. ) ;
#5109 = LINE ( 'NONE', #9182, #6780 ) ;
#5110 = PRESENTATION_LAYER_ASSIGNMENT (  '', '', ( #4627 ) ) ;
#5111 = CARTESIAN_POINT ( 'NONE',  ( 1.827499999999999700, -2.252718095034784300, 0.6724999999999939900 ) ) ;
#5112 = VERTEX_POINT ( 'NONE', #7418 ) ;
#5113 = ORIENTED_EDGE ( 'NONE', *, *, #7706, .T. ) ;
#5114 = EDGE_CURVE ( 'NONE', #5871, #6213, #5629, .T. ) ;
#5115 = CARTESIAN_POINT ( 'NONE',  ( 1.422499999999999700, -2.601461569844106100, 0.1865006715341500400 ) ) ;
#5116 = VECTOR ( 'NONE', #6178, 1000.000000000000000 ) ;
#5117 = PRESENTATION_STYLE_ASSIGNMENT (( #3905 ) ) ;
#5118 =( NAMED_UNIT ( * ) PLANE_ANGLE_UNIT ( ) SI_UNIT ( $, .RADIAN. ) );
#5119 = EDGE_CURVE ( 'NONE', #1572, #71, #7534, .T. ) ;
#5120 = VERTEX_POINT ( 'NONE', #3881 ) ;
#5121 = CIRCLE ( 'NONE', #6601, 0.09999999999999988100 ) ;
#5122 = ADVANCED_FACE ( 'NONE', ( #6853 ), #6010, .F. ) ;
#5123 = MECHANICAL_DESIGN_GEOMETRIC_PRESENTATION_REPRESENTATION (  '', ( #3688 ), #5589 ) ;
#5124 = FILL_AREA_STYLE_COLOUR ( '', #3367 ) ;
#5125 =( NAMED_UNIT ( * ) SI_UNIT ( $, .STERADIAN. ) SOLID_ANGLE_UNIT ( ) );
#5126 = PRESENTATION_STYLE_ASSIGNMENT (( #4151 ) ) ;
#5127 = PRESENTATION_STYLE_ASSIGNMENT (( #6388 ) ) ;
#5128 = DIRECTION ( 'NONE',  ( -1.000000000000000000, -0.0000000000000000000, -0.0000000000000000000 ) ) ;
#5129 = DIRECTION ( 'NONE',  ( 0.0000000000000000000, 0.0000000000000000000, 1.000000000000000000 ) ) ;
#5130 = SURFACE_SIDE_STYLE ('',( #2473 ) ) ;
#5131 = LINE ( 'NONE', #2496, #7016 ) ;
#5132 = DIRECTION ( 'NONE',  ( 0.0000000000000000000, -1.000000000000000000, -2.056603471294124000E-015 ) ) ;
#5133 = EDGE_CURVE ( 'NONE', #1394, #8119, #7884, .T. ) ;
#5134 = EDGE_CURVE ( 'NONE', #1514, #4736, #2365, .T. ) ;
#5135 =( LENGTH_UNIT ( ) NAMED_UNIT ( * ) SI_UNIT ( .MILLI., .METRE. ) );
#5136 = DIRECTION ( 'NONE',  ( 0.0000000000000000000, 0.0000000000000000000, -1.000000000000000000 ) ) ;
#5137 = CARTESIAN_POINT ( 'NONE',  ( -1.177500000000000200, 2.497121287348441400, 0.4445903360673038000 ) ) ;
#5138 = AXIS2_PLACEMENT_3D ( 'NONE', #2466, #7485, #3204 ) ;
#5139 =( GEOMETRIC_REPRESENTATION_CONTEXT ( 3 ) GLOBAL_UNCERTAINTY_ASSIGNED_CONTEXT ( ( #6969 ) ) GLOBAL_UNIT_ASSIGNED_CONTEXT ( ( #1586, #6606, #2322 ) ) REPRESENTATION_CONTEXT ( 'NONE', 'WORKASPACE' ) );
#5140 = ORIENTED_EDGE ( 'NONE', *, *, #7472, .T. ) ;
#5141 = SURFACE_STYLE_USAGE ( .BOTH. , #67 ) ;
#5142 = PRESENTATION_LAYER_ASSIGNMENT (  '', '', ( #2247 ) ) ;
#5143 = CARTESIAN_POINT ( 'NONE',  ( -0.7725000000000001900, 2.608437217218518600, 0.2862570765601325000 ) ) ;
#5144 = CARTESIAN_POINT ( 'NONE',  ( -1.827500000000000100, 2.608437217218518600, 0.2862570765601324400 ) ) ;
#5145 = ORIENTED_EDGE ( 'NONE', *, *, #9015, .T. ) ;
#5146 =( GEOMETRIC_REPRESENTATION_CONTEXT ( 3 ) GLOBAL_UNCERTAINTY_ASSIGNED_CONTEXT ( ( #6006 ) ) GLOBAL_UNIT_ASSIGNED_CONTEXT ( ( #6806, #2517, #7524 ) ) REPRESENTATION_CONTEXT ( 'NONE', 'WORKASPACE' ) );
#5147 = CARTESIAN_POINT ( 'NONE',  ( 1.177499999999999800, -2.200000000000000200, 0.5274999999999939700 ) ) ;
#5148 = SURFACE_STYLE_USAGE ( .BOTH. , #9136 ) ;
#5149 = FILL_AREA_STYLE_COLOUR ( '', #2721 ) ;
#5150 =( NAMED_UNIT ( * ) SI_UNIT ( $, .STERADIAN. ) SOLID_ANGLE_UNIT ( ) );
#5151 = SURFACE_SIDE_STYLE ('',( #7880 ) ) ;
#5152 = FILL_AREA_STYLE ('',( #7308 ) ) ;
#5153 = PRESENTATION_STYLE_ASSIGNMENT (( #3762 ) ) ;
#5154 = UNCERTAINTY_MEASURE_WITH_UNIT (LENGTH_MEASURE( 1.000000000000000100E-005 ), #8266, 'distance_accuracy_value', 'NONE');
#5155 =( NAMED_UNIT ( * ) PLANE_ANGLE_UNIT ( ) SI_UNIT ( $, .RADIAN. ) );
#5156 = PRESENTATION_STYLE_ASSIGNMENT (( #1755 ) ) ;
#5157 = SURFACE_SIDE_STYLE ('',( #324 ) ) ;
#5158 = MECHANICAL_DESIGN_GEOMETRIC_PRESENTATION_REPRESENTATION (  '', ( #4214 ), #5636 ) ;
#5159 = MECHANICAL_DESIGN_GEOMETRIC_PRESENTATION_REPRESENTATION (  '', ( #3731 ), #5637 ) ;
#5160 = CARTESIAN_POINT ( 'NONE',  ( 1.422499999999999700, -2.591346881151208100, 0.04185388424647555600 ) ) ;
#5161 = ADVANCED_FACE ( 'NONE', ( #5955 ), #8988, .F. ) ;
#5162 = ORIENTED_EDGE ( 'NONE', *, *, #8889, .T. ) ;
#5163 = EDGE_CURVE ( 'NONE', #699, #693, #1456, .T. ) ;
#5164 = CARTESIAN_POINT ( 'NONE',  ( -2.072500000000000200, 2.364034024904861500, 0.2691667404928227400 ) ) ;
#5165 = AXIS2_PLACEMENT_3D ( 'NONE', #1494, #9431, #8857 ) ;
#5166 = EDGE_LOOP ( 'NONE', ( #4648, #1234, #3547, #5831 ) ) ;
#5167 = ORIENTED_EDGE ( 'NONE', *, *, #5232, .T. ) ;
#5168 = CARTESIAN_POINT ( 'NONE',  ( 0.5274999999999997500, 2.591346881151208100, 0.04185388424647555600 ) ) ;
#5169 = COLOUR_RGB ( '',1.000000000000000000, 1.000000000000000000, 1.000000000000000000 ) ;
#5170 = DIRECTION ( 'NONE',  ( 0.0000000000000000000, 1.000000000000000000, 0.0000000000000000000 ) ) ;
#5171 =( LENGTH_UNIT ( ) NAMED_UNIT ( * ) SI_UNIT ( .MILLI., .METRE. ) );
#5172 = VERTEX_POINT ( 'NONE', #337 ) ;
#5173 = EDGE_LOOP ( 'NONE', ( #5908, #5785, #7969, #9298, #1541, #5922, #3205, #7090, #5384, #2143, #6575, #1012 ) ) ;
#5174 = FILL_AREA_STYLE ('',( #4468 ) ) ;
#5175 = ORIENTED_EDGE ( 'NONE', *, *, #1313, .T. ) ;
#5176 = EDGE_CURVE ( 'NONE', #686, #3302, #5066, .T. ) ;
#5177 = FACE_OUTER_BOUND ( 'NONE', #7902, .T. ) ;
#5178 = DIRECTION ( 'NONE',  ( 0.0000000000000000000, 0.0000000000000000000, -1.000000000000000000 ) ) ;
#5179 = EDGE_CURVE ( 'NONE', #8952, #331, #8924, .T. ) ;
#5180 = LINE ( 'NONE', #4902, #3273 ) ;
#5181 = SURFACE_STYLE_FILL_AREA ( #8760 ) ;
#5182 = ORIENTED_EDGE ( 'NONE', *, *, #5232, .F. ) ;
#5183 = AXIS2_PLACEMENT_3D ( 'NONE', #5512, #1211, #6230 ) ;
#5184 = CARTESIAN_POINT ( 'NONE',  ( 2.072499999999999800, -2.200000000000000200, 0.6724999999999941000 ) ) ;
#5185 = ORIENTED_EDGE ( 'NONE', *, *, #4347, .T. ) ;
#5186 = STYLED_ITEM ( 'NONE', ( #1675 ), #3145 ) ;
#5187 = SURFACE_SIDE_STYLE ('',( #2367 ) ) ;
#5188 = VERTEX_POINT ( 'NONE', #1089 ) ;
#5189 = LINE ( 'NONE', #7924, #4746 ) ;
#5190 = STYLED_ITEM ( 'NONE', ( #9041 ), #248 ) ;
#5191 = EDGE_LOOP ( 'NONE', ( #3878, #5520, #7072, #5546 ) ) ;
#5192 = MANIFOLD_SOLID_BREP ( 'Lead6', #935 ) ;
#5193 = FILL_AREA_STYLE ('',( #3742 ) ) ;
#5194 = VERTEX_POINT ( 'NONE', #3255 ) ;
#5195 = LINE ( 'NONE', #1534, #7093 ) ;
#5196 = VERTEX_POINT ( 'NONE', #2545 ) ;
#5197 = PRESENTATION_LAYER_ASSIGNMENT (  '', '', ( #3780 ) ) ;
#5198 = VECTOR ( 'NONE', #4046, 1000.000000000000000 ) ;
#5199 = CARTESIAN_POINT ( 'NONE',  ( 0.1224999999999997800, -2.608437217218518600, 0.2862570765601324400 ) ) ;
#5200 = AXIS2_PLACEMENT_3D ( 'NONE', #4088, #9147, #4790 ) ;
#5201 = ORIENTED_EDGE ( 'NONE', *, *, #5724, .F. ) ;
#5202 = ORIENTED_EDGE ( 'NONE', *, *, #2904, .F. ) ;
#5203 = ADVANCED_FACE ( 'NONE', ( #1232 ), #2568, .F. ) ;
#5204 = SURFACE_STYLE_FILL_AREA ( #5676 ) ;
#5205 = PLANE ( 'NONE',  #3352 ) ;
#5206 = CIRCLE ( 'NONE', #4555, 0.09999999999999945000 ) ;
#5207 = ORIENTED_EDGE ( 'NONE', *, *, #3022, .T. ) ;
#5208 = CARTESIAN_POINT ( 'NONE',  ( -1.177500000000000200, 2.497121287348441400, 0.4445903360673038000 ) ) ;
#5209 = LINE ( 'NONE', #4878, #1054 ) ;
#5210 = CARTESIAN_POINT ( 'NONE',  ( 0.7724999999999997400, 2.200000000000000200, 0.6724999999999941000 ) ) ;
#5211 = VERTEX_POINT ( 'NONE', #7552 ) ;
#5212 = FILL_AREA_STYLE_COLOUR ( '', #5978 ) ;
#5213 = UNCERTAINTY_MEASURE_WITH_UNIT (LENGTH_MEASURE( 1.000000000000000100E-005 ), #3354, 'distance_accuracy_value', 'NONE');
#5214 = VECTOR ( 'NONE', #3489, 1000.000000000000000 ) ;
#5215 = DIRECTION ( 'NONE',  ( -1.000000000000000000, -0.0000000000000000000, -0.0000000000000000000 ) ) ;
#5216 = FACE_OUTER_BOUND ( 'NONE', #9171, .T. ) ;
#5217 = ORIENTED_EDGE ( 'NONE', *, *, #5643, .T. ) ;
#5218 = PRESENTATION_STYLE_ASSIGNMENT (( #6840 ) ) ;
#5219 = MECHANICAL_DESIGN_GEOMETRIC_PRESENTATION_REPRESENTATION (  '', ( #4274 ), #5702 ) ;
#5220 = DIRECTION ( 'NONE',  ( -1.000000000000000000, 0.0000000000000000000, -0.0000000000000000000 ) ) ;
#5221 = VECTOR ( 'NONE', #4246, 1000.000000000000000 ) ;
#5222 = AXIS2_PLACEMENT_3D ( 'NONE', #2959, #7964, #3679 ) ;
#5223 = VECTOR ( 'NONE', #2138, 1000.000000000000000 ) ;
#5224 = FILL_AREA_STYLE_COLOUR ( '', #7362 ) ;
#5225 = LINE ( 'NONE', #5168, #9104 ) ;
#5226 = CIRCLE ( 'NONE', #9258, 0.09999999999999945000 ) ;
#5227 = EDGE_CURVE ( 'NONE', #1329, #182, #6922, .T. ) ;
#5228 = DIRECTION ( 'NONE',  ( 0.0000000000000000000, -0.06975647374411951500, 0.9975640502598246400 ) ) ;
#5229 = ORIENTED_EDGE ( 'NONE', *, *, #5179, .T. ) ;
#5230 = CARTESIAN_POINT ( 'NONE',  ( 0.7724999999999997400, -3.189885311307101700, 2.710505431213761100E-017 ) ) ;
#5231 = CARTESIAN_POINT ( 'NONE',  ( 0.7724999999999997400, -2.608437217218518600, 0.2862570765601324400 ) ) ;
#5232 = EDGE_CURVE ( 'NONE', #2646, #3312, #3135, .T. ) ;
#5233 = PRESENTATION_STYLE_ASSIGNMENT (( #3556 ) ) ;
#5234 = PRESENTATION_LAYER_ASSIGNMENT (  '', '', ( #4760 ) ) ;
#5235 = DIRECTION ( 'NONE',  ( 0.0000000000000000000, 0.9975640502598242000, -0.06975647374412599600 ) ) ;
#5236 =( LENGTH_UNIT ( ) NAMED_UNIT ( * ) SI_UNIT ( .MILLI., .METRE. ) );
#5237 = DIRECTION ( 'NONE',  ( 0.0000000000000000000, 0.0000000000000000000, 1.000000000000000000 ) ) ;
#5238 = CARTESIAN_POINT ( 'NONE',  ( 0.5274999999999997500, 2.497121287348441900, 0.4445903360673038000 ) ) ;
#5239 = CARTESIAN_POINT ( 'NONE',  ( -1.422500000000000100, 2.591346881151208100, 0.04185388424647555600 ) ) ;
#5240 = SURFACE_STYLE_USAGE ( .BOTH. , #181 ) ;
#5241 = EDGE_CURVE ( 'NONE', #5851, #2518, #8671, .T. ) ;
#5242 = CARTESIAN_POINT ( 'NONE',  ( -2.072500000000000200, -2.364034024904861500, 0.2691667404928227400 ) ) ;
#5243 = EDGE_CURVE ( 'NONE', #1047, #112, #5039, .T. ) ;
#5244 = CARTESIAN_POINT ( 'NONE',  ( -1.827500000000000100, 2.601461569844106100, 0.1865006715341501500 ) ) ;
#5245 = ORIENTED_EDGE ( 'NONE', *, *, #902, .F. ) ;
#5246 = COLOUR_RGB ( '',1.000000000000000000, 1.000000000000000000, 1.000000000000000000 ) ;
#5247 = CARTESIAN_POINT ( 'NONE',  ( 2.750000000000000000, -2.200000000000000200, 0.6724999999999941000 ) ) ;
#5248 = ADVANCED_FACE ( 'NONE', ( #6699 ), #8406, .F. ) ;
#5249 = FILL_AREA_STYLE_COLOUR ( '', #3007 ) ;
#5250 = MECHANICAL_DESIGN_GEOMETRIC_PRESENTATION_REPRESENTATION (  '', ( #4313 ), #5730 ) ;
#5251 = PRESENTATION_LAYER_ASSIGNMENT (  '', '', ( #5733 ) ) ;
#5252 = SURFACE_SIDE_STYLE ('',( #5691 ) ) ;
#5253 = VERTEX_POINT ( 'NONE', #6195 ) ;
#5254 = CARTESIAN_POINT ( 'NONE',  ( -0.1225000000000002200, -2.252718095034784300, 0.6724999999999939900 ) ) ;
#5255 = PRESENTATION_STYLE_ASSIGNMENT (( #3180 ) ) ;
#5256 = CARTESIAN_POINT ( 'NONE',  ( 2.072499999999999800, 2.508680812192536400, 0.2792814291857203500 ) ) ;
#5257 = CARTESIAN_POINT ( 'NONE',  ( -2.072500000000000200, 2.200000000000000200, 0.6724999999999941000 ) ) ;
#5258 = PRESENTATION_LAYER_ASSIGNMENT (  '', '', ( #4788 ) ) ;
#5259 =( LENGTH_UNIT ( ) NAMED_UNIT ( * ) SI_UNIT ( .MILLI., .METRE. ) );
#5260 = UNCERTAINTY_MEASURE_WITH_UNIT (LENGTH_MEASURE( 1.000000000000000100E-005 ), #6862, 'distance_accuracy_value', 'NONE');
#5261 =( LENGTH_UNIT ( ) NAMED_UNIT ( * ) SI_UNIT ( .MILLI., .METRE. ) );
#5262 = VECTOR ( 'NONE', #2515, 1000.000000000000000 ) ;
#5263 = FILL_AREA_STYLE ('',( #1757 ) ) ;
#5264 =( NAMED_UNIT ( * ) SI_UNIT ( $, .STERADIAN. ) SOLID_ANGLE_UNIT ( ) );
#5265 = CARTESIAN_POINT ( 'NONE',  ( -0.5275000000000001900, 2.252718095034784300, 0.4274999999999940500 ) ) ;
#5266 = AXIS2_PLACEMENT_3D ( 'NONE', #4838, #7975, #85 ) ;
#5267 = ORIENTED_EDGE ( 'NONE', *, *, #1670, .F. ) ;
#5268 = CARTESIAN_POINT ( 'NONE',  ( -0.5275000000000001900, -2.200000000000000200, 0.6724999999999941000 ) ) ;
#5269 = SURFACE_STYLE_FILL_AREA ( #9271 ) ;
#5270 = AXIS2_PLACEMENT_3D ( 'NONE', #241, #5292, #981 ) ;
#5271 = VECTOR ( 'NONE', #204, 1000.000000000000000 ) ;
#5272 = FILL_AREA_STYLE_COLOUR ( '', #1265 ) ;
#5273 = ORIENTED_EDGE ( 'NONE', *, *, #5456, .T. ) ;
#5274 = VERTEX_POINT ( 'NONE', #1206 ) ;
#5275 = EDGE_CURVE ( 'NONE', #8010, #4181, #2917, .T. ) ;
#5276 = ORIENTED_EDGE ( 'NONE', *, *, #6066, .T. ) ;
#5277 = VECTOR ( 'NONE', #8199, 1000.000000000000000 ) ;
#5278 = LINE ( 'NONE', #4285, #5062 ) ;
#5279 = VECTOR ( 'NONE', #2905, 1000.000000000000200 ) ;
#5280 = VECTOR ( 'NONE', #6763, 1000.000000000000000 ) ;
#5281 = ORIENTED_EDGE ( 'NONE', *, *, #2278, .F. ) ;
#5282 = SURFACE_STYLE_FILL_AREA ( #904 ) ;
#5283 = CARTESIAN_POINT ( 'NONE',  ( -2.500000000000000000, 2.200000000000000200, 0.5275000000000060800 ) ) ;
#5284 = MECHANICAL_DESIGN_GEOMETRIC_PRESENTATION_REPRESENTATION (  '', ( #2408 ), #5773 ) ;
#5285 = ORIENTED_EDGE ( 'NONE', *, *, #2187, .T. ) ;
#5286 = DIRECTION ( 'NONE',  ( 0.0000000000000000000, 0.0000000000000000000, 1.000000000000000000 ) ) ;
#5287 = ORIENTED_EDGE ( 'NONE', *, *, #4598, .F. ) ;
#5288 = VECTOR ( 'NONE', #8143, 1000.000000000000200 ) ;
#5289 = FACE_OUTER_BOUND ( 'NONE', #4841, .T. ) ;
#5290 = ADVANCED_FACE ( 'NONE', ( #731 ), #7490, .T. ) ;
#5291 = VECTOR ( 'NONE', #4580, 1000.000000000000000 ) ;
#5292 = DIRECTION ( 'NONE',  ( -1.000000000000000000, -0.0000000000000000000, -0.0000000000000000000 ) ) ;
#5293 = PRESENTATION_STYLE_ASSIGNMENT (( #117 ) ) ;
#5294 = EDGE_LOOP ( 'NONE', ( #4767, #3371, #1799, #6958 ) ) ;
#5295 = EDGE_CURVE ( 'NONE', #3840, #6058, #5807, .T. ) ;
#5296 = EDGE_CURVE ( 'NONE', #8243, #1960, #44, .T. ) ;
#5297 = ORIENTED_EDGE ( 'NONE', *, *, #5295, .F. ) ;
#5298 = PLANE ( 'NONE',  #7255 ) ;
#5299 =( NAMED_UNIT ( * ) PLANE_ANGLE_UNIT ( ) SI_UNIT ( $, .RADIAN. ) );
#5300 = CARTESIAN_POINT ( 'NONE',  ( 1.827499999999999700, 2.252718095034784300, 0.4274999999999940500 ) ) ;
#5301 = ORIENTED_EDGE ( 'NONE', *, *, #8271, .T. ) ;
#5302 = CARTESIAN_POINT ( 'NONE',  ( -1.177500000000000200, -2.252718095034784300, 0.4274999999999940500 ) ) ;
#5303 = SURFACE_STYLE_FILL_AREA ( #1759 ) ;
#5304 = VECTOR ( 'NONE', #2780, 1000.000000000000000 ) ;
#5305 = ORIENTED_EDGE ( 'NONE', *, *, #1207, .F. ) ;
#5306 =( GEOMETRIC_REPRESENTATION_CONTEXT ( 3 ) GLOBAL_UNCERTAINTY_ASSIGNED_CONTEXT ( ( #1294 ) ) GLOBAL_UNIT_ASSIGNED_CONTEXT ( ( #4259, #9341, #4960 ) ) REPRESENTATION_CONTEXT ( 'NONE', 'WORKASPACE' ) );
#5307 = CIRCLE ( 'NONE', #8325, 0.09999999999999945000 ) ;
#5308 = ORIENTED_EDGE ( 'NONE', *, *, #4598, .T. ) ;
#5309 = FILL_AREA_STYLE ('',( #5272 ) ) ;
#5310 =( NAMED_UNIT ( * ) PLANE_ANGLE_UNIT ( ) SI_UNIT ( $, .RADIAN. ) );
#5311 = AXIS2_PLACEMENT_3D ( 'NONE', #417, #629, #599 ) ;
#5312 = COLOUR_RGB ( '',1.000000000000000000, 1.000000000000000000, 1.000000000000000000 ) ;
#5313 = VECTOR ( 'NONE', #8684, 1000.000000000000100 ) ;
#5314 = CARTESIAN_POINT ( 'NONE',  ( -1.177500000000000200, -2.608437217218518600, 0.2862570765601324400 ) ) ;
#5315 = EDGE_LOOP ( 'NONE', ( #561, #7321, #6621, #7581 ) ) ;
#5316 = ADVANCED_FACE ( 'NONE', ( #1771 ), #6247, .F. ) ;
#5317 = ORIENTED_EDGE ( 'NONE', *, *, #1792, .F. ) ;
#5318 = AXIS2_PLACEMENT_3D ( 'NONE', #5924, #1625, #6650 ) ;
#5319 = CIRCLE ( 'NONE', #9454, 0.2450000000000001600 ) ;
#5320 = STYLED_ITEM ( 'NONE', ( #4212 ), #4602 ) ;
#5321 = LINE ( 'NONE', #2687, #5106 ) ;
#5322 = CARTESIAN_POINT ( 'NONE',  ( -0.9246202157471311600, -1.124620215747131200, 1.090000000000000100 ) ) ;
#5323 = VERTEX_POINT ( 'NONE', #4155 ) ;
#5324 = SURFACE_STYLE_USAGE ( .BOTH. , #265 ) ;
#5325 = ORIENTED_EDGE ( 'NONE', *, *, #7148, .F. ) ;
#5326 = CARTESIAN_POINT ( 'NONE',  ( 0.7724999999999997400, 2.601461569844106100, 0.1865006715341500400 ) ) ;
#5327 =( LENGTH_UNIT ( ) NAMED_UNIT ( * ) SI_UNIT ( .MILLI., .METRE. ) );
#5328 = EDGE_LOOP ( 'NONE', ( #5281, #5880, #3404, #3831 ) ) ;
#5329 = CARTESIAN_POINT ( 'NONE',  ( -2.072500000000000200, -3.189885311307101700, 2.710505431213761100E-017 ) ) ;
#5330 = FACE_OUTER_BOUND ( 'NONE', #1497, .T. ) ;
#5331 = MECHANICAL_DESIGN_GEOMETRIC_PRESENTATION_REPRESENTATION (  '', ( #3916 ), #5806 ) ;
#5332 = UNCERTAINTY_MEASURE_WITH_UNIT (LENGTH_MEASURE( 1.000000000000000100E-005 ), #9242, 'distance_accuracy_value', 'NONE');
#5333 = LINE ( 'NONE', #5283, #3437 ) ;
#5334 = AXIS2_PLACEMENT_3D ( 'NONE', #809, #6831, #380 ) ;
#5335 =( NAMED_UNIT ( * ) SI_UNIT ( $, .STERADIAN. ) SOLID_ANGLE_UNIT ( ) );
#5336 =( GEOMETRIC_REPRESENTATION_CONTEXT ( 3 ) GLOBAL_UNCERTAINTY_ASSIGNED_CONTEXT ( ( #1772 ) ) GLOBAL_UNIT_ASSIGNED_CONTEXT ( ( #5366, #1074, #6083 ) ) REPRESENTATION_CONTEXT ( 'NONE', 'WORKASPACE' ) );
#5337 = DIRECTION ( 'NONE',  ( 0.0000000000000000000, 0.9975640502598246400, -0.06975647374411951500 ) ) ;
#5338 = ORIENTED_EDGE ( 'NONE', *, *, #7706, .F. ) ;
#5339 = FILL_AREA_STYLE ('',( #2450 ) ) ;
#5340 = EDGE_CURVE ( 'NONE', #242, #6978, #1091, .T. ) ;
#5341 = LINE ( 'NONE', #7678, #8984 ) ;
#5342 = VECTOR ( 'NONE', #8617, 1000.000000000000100 ) ;
#5343 = DIRECTION ( 'NONE',  ( 0.0000000000000000000, -0.06975647374411951500, -0.9975640502598246400 ) ) ;
#5344 = ADVANCED_FACE ( 'NONE', ( #4695 ), #8505, .F. ) ;
#5345 = PRESENTATION_LAYER_ASSIGNMENT (  '', '', ( #5817 ) ) ;
#5346 =( LENGTH_UNIT ( ) NAMED_UNIT ( * ) SI_UNIT ( .MILLI., .METRE. ) );
#5347 = AXIS2_PLACEMENT_3D ( 'NONE', #2562, #7580, #3283 ) ;
#5348 = CARTESIAN_POINT ( 'NONE',  ( 1.827499999999999700, 2.497121287348441900, 0.4445903360673038000 ) ) ;
#5349 =( NAMED_UNIT ( * ) PLANE_ANGLE_UNIT ( ) SI_UNIT ( $, .RADIAN. ) );
#5350 = EDGE_CURVE ( 'NONE', #802, #8847, #8547, .T. ) ;
#5351 = FACE_OUTER_BOUND ( 'NONE', #6203, .T. ) ;
#5352 = EDGE_CURVE ( 'NONE', #82, #1700, #2798, .T. ) ;
#5353 = SURFACE_SIDE_STYLE ('',( #426 ) ) ;
#5354 = FILL_AREA_STYLE ('',( #2471 ) ) ;
#5355 = ADVANCED_FACE ( 'NONE', ( #6359 ), #579, .F. ) ;
#5356 = CARTESIAN_POINT ( 'NONE',  ( 0.5274999999999997500, -2.364034024904861500, 0.2691667404928227400 ) ) ;
#5357 =( GEOMETRIC_REPRESENTATION_CONTEXT ( 3 ) GLOBAL_UNCERTAINTY_ASSIGNED_CONTEXT ( ( #6641 ) ) GLOBAL_UNIT_ASSIGNED_CONTEXT ( ( #1159, #8311, #8015 ) ) REPRESENTATION_CONTEXT ( 'NONE', 'WORKASPACE' ) );
#5358 = ORIENTED_EDGE ( 'NONE', *, *, #5662, .T. ) ;
#5359 = COLOUR_RGB ( '',1.000000000000000000, 1.000000000000000000, 1.000000000000000000 ) ;
#5360 = ADVANCED_FACE ( 'NONE', ( #2110 ), #1882, .F. ) ;
#5361 =( GEOMETRIC_REPRESENTATION_CONTEXT ( 3 ) GLOBAL_UNCERTAINTY_ASSIGNED_CONTEXT ( ( #732 ) ) GLOBAL_UNIT_ASSIGNED_CONTEXT ( ( #2088, #2145, #2180 ) ) REPRESENTATION_CONTEXT ( 'NONE', 'WORKASPACE' ) );
#5362 = EDGE_CURVE ( 'NONE', #7506, #3608, #5699, .T. ) ;
#5363 = FILL_AREA_STYLE ('',( #1768 ) ) ;
#5364 = DIRECTION ( 'NONE',  ( 1.000000000000000000, 0.0000000000000000000, 0.0000000000000000000 ) ) ;
#5365 = VECTOR ( 'NONE', #2262, 999.9999999999998900 ) ;
#5366 =( LENGTH_UNIT ( ) NAMED_UNIT ( * ) SI_UNIT ( .MILLI., .METRE. ) );
#5367 =( GEOMETRIC_REPRESENTATION_CONTEXT ( 3 ) GLOBAL_UNCERTAINTY_ASSIGNED_CONTEXT ( ( #5897 ) ) GLOBAL_UNIT_ASSIGNED_CONTEXT ( ( #6657, #2356, #7375 ) ) REPRESENTATION_CONTEXT ( 'NONE', 'WORKASPACE' ) );
#5368 = SURFACE_STYLE_FILL_AREA ( #376 ) ;
#5369 = STYLED_ITEM ( 'NONE', ( #5117 ), #4150 ) ;
#5370 = ORIENTED_EDGE ( 'NONE', *, *, #8018, .T. ) ;
#5371 =( NAMED_UNIT ( * ) PLANE_ANGLE_UNIT ( ) SI_UNIT ( $, .RADIAN. ) );
#5372 = CARTESIAN_POINT ( 'NONE',  ( 1.177499999999999800, -2.608437217218518600, 0.2862570765601325000 ) ) ;
#5373 = VERTEX_POINT ( 'NONE', #2831 ) ;
#5374 = CARTESIAN_POINT ( 'NONE',  ( -0.5275000000000001900, 2.252718095034784300, 0.4274999999999940500 ) ) ;
#5375 = UNCERTAINTY_MEASURE_WITH_UNIT (LENGTH_MEASURE( 1.000000000000000100E-005 ), #51, 'distance_accuracy_value', 'NONE');
#5376 = CARTESIAN_POINT ( 'NONE',  ( 0.7724999999999997400, -2.200000000000000200, 0.6724999999999941000 ) ) ;
#5377 = VECTOR ( 'NONE', #8364, 1000.000000000000200 ) ;
#5378 = VECTOR ( 'NONE', #4614, 1000.000000000000200 ) ;
#5379 = MECHANICAL_DESIGN_GEOMETRIC_PRESENTATION_REPRESENTATION (  '', ( #3968 ), #5864 ) ;
#5380 = LINE ( 'NONE', #7150, #3596 ) ;
#5381 = ADVANCED_FACE ( 'NONE', ( #7369 ), #4273, .F. ) ;
#5382 = ORIENTED_EDGE ( 'NONE', *, *, #6910, .T. ) ;
#5383 = PLANE ( 'NONE',  #8851 ) ;
#5384 = ORIENTED_EDGE ( 'NONE', *, *, #8584, .F. ) ;
#5385 = CARTESIAN_POINT ( 'NONE',  ( 1.827499999999999700, -2.508680812192536400, 0.2792814291857203500 ) ) ;
#5386 = FILL_AREA_STYLE_COLOUR ( '', #2476 ) ;
#5387 = VECTOR ( 'NONE', #1679, 1000.000000000000000 ) ;
#5388 = PLANE ( 'NONE',  #116 ) ;
#5389 = SURFACE_STYLE_FILL_AREA ( #5363 ) ;
#5390 = SURFACE_STYLE_USAGE ( .BOTH. , #348 ) ;
#5391 =( GEOMETRIC_REPRESENTATION_CONTEXT ( 3 ) GLOBAL_UNCERTAINTY_ASSIGNED_CONTEXT ( ( #350 ) ) GLOBAL_UNIT_ASSIGNED_CONTEXT ( ( #4657, #6941, #1951 ) ) REPRESENTATION_CONTEXT ( 'NONE', 'WORKASPACE' ) );
#5392 = ORIENTED_EDGE ( 'NONE', *, *, #1079, .T. ) ;
#5393 = VERTEX_POINT ( 'NONE', #6374 ) ;
#5394 = AXIS2_PLACEMENT_3D ( 'NONE', #5600, #6319, #2033 ) ;
#5395 = VECTOR ( 'NONE', #3540, 1000.000000000000000 ) ;
#5396 = SURFACE_STYLE_FILL_AREA ( #4925 ) ;
#5397 = DIRECTION ( 'NONE',  ( 0.0000000000000000000, 0.0000000000000000000, -1.000000000000000000 ) ) ;
#5398 = FILL_AREA_STYLE_COLOUR ( '', #7012 ) ;
#5399 = VERTEX_POINT ( 'NONE', #3580 ) ;
#5400 = EDGE_CURVE ( 'NONE', #7302, #8212, #4795, .T. ) ;
#5401 = EDGE_LOOP ( 'NONE', ( #2037, #3701, #4986, #2623 ) ) ;
#5402 = FILL_AREA_STYLE_COLOUR ( '', #1617 ) ;
#5403 = CARTESIAN_POINT ( 'NONE',  ( -1.177500000000000200, -2.200000000000000200, 0.6724999999999941000 ) ) ;
#5404 = ORIENTED_EDGE ( 'NONE', *, *, #8826, .T. ) ;
#5405 = EDGE_CURVE ( 'NONE', #3755, #1700, #7608, .T. ) ;
#5406 = VERTEX_POINT ( 'NONE', #5022 ) ;
#5407 = AXIS2_PLACEMENT_3D ( 'NONE', #862, #4496, #154 ) ;
#5408 = VECTOR ( 'NONE', #2342, 1000.000000000000000 ) ;
#5409 = VECTOR ( 'NONE', #7144, 1000.000000000000000 ) ;
#5410 = CARTESIAN_POINT ( 'NONE',  ( -1.177500000000000200, 2.200000000000000200, 0.6724999999999941000 ) ) ;
#5411 = VERTEX_POINT ( 'NONE', #6447 ) ;
#5412 = DIRECTION ( 'NONE',  ( 1.000000000000000000, -0.0000000000000000000, 0.0000000000000000000 ) ) ;
#5413 = ORIENTED_EDGE ( 'NONE', *, *, #719, .F. ) ;
#5414 = LINE ( 'NONE', #9061, #9065 ) ;
#5415 = SURFACE_STYLE_USAGE ( .BOTH. , #373 ) ;
#5416 = ORIENTED_EDGE ( 'NONE', *, *, #4706, .T. ) ;
#5417 = FILL_AREA_STYLE ('',( #9045 ) ) ;
#5418 = FACE_OUTER_BOUND ( 'NONE', #3786, .T. ) ;
#5419 = EDGE_CURVE ( 'NONE', #597, #3511, #8427, .T. ) ;
#5420 = EDGE_CURVE ( 'NONE', #8274, #686, #6694, .T. ) ;
#5421 = ORIENTED_EDGE ( 'NONE', *, *, #5420, .T. ) ;
#5422 = CIRCLE ( 'NONE', #1549, 0.2450000000000001600 ) ;
#5423 = FILL_AREA_STYLE_COLOUR ( '', #8550 ) ;
#5424 = ORIENTED_EDGE ( 'NONE', *, *, #3, .F. ) ;
#5425 = CARTESIAN_POINT ( 'NONE',  ( 1.422499999999999700, -2.591346881151208100, 0.04185388424647555600 ) ) ;
#5426 = DIRECTION ( 'NONE',  ( -1.000000000000000000, 0.0000000000000000000, -0.0000000000000000000 ) ) ;
#5427 = CARTESIAN_POINT ( 'NONE',  ( -1.827500000000000100, -2.200000000000000200, 0.6724999999999941000 ) ) ;
#5428 = STYLED_ITEM ( 'NONE', ( #2737 ), #7269 ) ;
#5429 = COLOUR_RGB ( '',1.000000000000000000, 1.000000000000000000, 1.000000000000000000 ) ;
#5430 = STYLED_ITEM ( 'NONE', ( #4277 ), #3774 ) ;
#5431 = DIRECTION ( 'NONE',  ( -9.856383386231856400E-017, 1.000000000000000000, -0.0000000000000000000 ) ) ;
#5432 = ORIENTED_EDGE ( 'NONE', *, *, #1032, .F. ) ;
#5433 = ADVANCED_FACE ( 'NONE', ( #2672 ), #2153, .F. ) ;
#5434 =( NAMED_UNIT ( * ) SI_UNIT ( $, .STERADIAN. ) SOLID_ANGLE_UNIT ( ) );
#5435 = EDGE_LOOP ( 'NONE', ( #289, #1108, #2062, #4980, #7667, #9186, #2275, #9306, #3373, #3279, #1244, #7509 ) ) ;
#5436 = CARTESIAN_POINT ( 'NONE',  ( 0.5274999999999997500, 2.200000000000000200, 0.6724999999999941000 ) ) ;
#5437 = UNCERTAINTY_MEASURE_WITH_UNIT (LENGTH_MEASURE( 1.000000000000000100E-005 ), #5259, 'distance_accuracy_value', 'NONE');
#5438 =( GEOMETRIC_REPRESENTATION_CONTEXT ( 3 ) GLOBAL_UNCERTAINTY_ASSIGNED_CONTEXT ( ( #8160 ) ) GLOBAL_UNIT_ASSIGNED_CONTEXT ( ( #2084, #753, #728 ) ) REPRESENTATION_CONTEXT ( 'NONE', 'WORKASPACE' ) );
#5439 = DIRECTION ( 'NONE',  ( -1.000000000000000000, 0.0000000000000000000, -0.0000000000000000000 ) ) ;
#5440 = ORIENTED_EDGE ( 'NONE', *, *, #4362, .T. ) ;
#5441 = LINE ( 'NONE', #9028, #9096 ) ;
#5442 = MECHANICAL_DESIGN_GEOMETRIC_PRESENTATION_REPRESENTATION (  '', ( #4031 ), #5918 ) ;
#5443 = DIRECTION ( 'NONE',  ( -0.0000000000000000000, -1.000000000000000000, -0.0000000000000000000 ) ) ;
#5444 = DIRECTION ( 'NONE',  ( 0.0000000000000000000, -0.06975647374412818900, -0.9975640502598240900 ) ) ;
#5445 = LINE ( 'NONE', #6315, #9099 ) ;
#5446 = PLANE ( 'NONE',  #3467 ) ;
#5447 = LINE ( 'NONE', #893, #5223 ) ;
#5448 =( NAMED_UNIT ( * ) SI_UNIT ( $, .STERADIAN. ) SOLID_ANGLE_UNIT ( ) );
#5449 =( NAMED_UNIT ( * ) PLANE_ANGLE_UNIT ( ) SI_UNIT ( $, .RADIAN. ) );
#5450 = CARTESIAN_POINT ( 'NONE',  ( 1.422499999999999700, -2.352474500060765600, 0.4344756473744061900 ) ) ;
#5451 = PRESENTATION_LAYER_ASSIGNMENT (  '', '', ( #4497 ) ) ;
#5452 =( LENGTH_UNIT ( ) NAMED_UNIT ( * ) SI_UNIT ( .MILLI., .METRE. ) );
#5453 = SURFACE_STYLE_FILL_AREA ( #2836 ) ;
#5454 = DIRECTION ( 'NONE',  ( 1.000000000000000000, 0.0000000000000000000, 0.0000000000000000000 ) ) ;
#5455 = PRESENTATION_STYLE_ASSIGNMENT (( #949 ) ) ;
#5456 = EDGE_CURVE ( 'NONE', #5406, #6401, #1994, .T. ) ;
#5457 = CARTESIAN_POINT ( 'NONE',  ( 1.422499999999999700, -3.200000000000000200, 0.1446467872876744900 ) ) ;
#5458 = ORIENTED_EDGE ( 'NONE', *, *, #844, .T. ) ;
#5459 = PRESENTATION_STYLE_ASSIGNMENT (( #692 ) ) ;
#5460 = DIRECTION ( 'NONE',  ( -0.0000000000000000000, 0.0000000000000000000, 1.000000000000000000 ) ) ;
#5461 = STYLED_ITEM ( 'NONE', ( #6208 ), #2468 ) ;
#5462 = DIRECTION ( 'NONE',  ( 0.0000000000000000000, 0.0000000000000000000, -1.000000000000000000 ) ) ;
#5463 = ORIENTED_EDGE ( 'NONE', *, *, #9358, .F. ) ;
#5464 = PRESENTATION_LAYER_ASSIGNMENT (  '', '', ( #5937 ) ) ;
#5465 = PRESENTATION_STYLE_ASSIGNMENT (( #4988 ) ) ;
#5466 = DIRECTION ( 'NONE',  ( 0.0000000000000000000, -0.06975647374412598200, -0.9975640502598242000 ) ) ;
#5467 = LINE ( 'NONE', #4067, #3581 ) ;
#5468 = CARTESIAN_POINT ( 'NONE',  ( -1.827500000000000100, -2.252718095034784300, 0.4274999999999940500 ) ) ;
#5469 = CARTESIAN_POINT ( 'NONE',  ( -0.7725000000000001900, 3.200000000000000200, 0.1446467872876744900 ) ) ;
#5470 = DIRECTION ( 'NONE',  ( -0.0000000000000000000, 0.0000000000000000000, 1.000000000000000000 ) ) ;
#5471 = EDGE_CURVE ( 'NONE', #4944, #1154, #3922, .T. ) ;
#5472 = EDGE_CURVE ( 'NONE', #5847, #5040, #36, .T. ) ;
#5473 = VERTEX_POINT ( 'NONE', #2218 ) ;
#5474 = CARTESIAN_POINT ( 'NONE',  ( 0.1224999999999997800, 2.352474500060765600, 0.4344756473744061900 ) ) ;
#5475 = COLOUR_RGB ( '',1.000000000000000000, 1.000000000000000000, 1.000000000000000000 ) ;
#5476 =( GEOMETRIC_REPRESENTATION_CONTEXT ( 3 ) GLOBAL_UNCERTAINTY_ASSIGNED_CONTEXT ( ( #4650 ) ) GLOBAL_UNIT_ASSIGNED_CONTEXT ( ( #9371, #4996, #649 ) ) REPRESENTATION_CONTEXT ( 'NONE', 'WORKASPACE' ) );
#5477 = STYLED_ITEM ( 'NONE', ( #2590 ), #3215 ) ;
#5478 = DIRECTION ( 'NONE',  ( 0.0000000000000000000, 0.0000000000000000000, 1.000000000000000000 ) ) ;
#5479 =( LENGTH_UNIT ( ) NAMED_UNIT ( * ) SI_UNIT ( .MILLI., .METRE. ) );
#5480 = ORIENTED_EDGE ( 'NONE', *, *, #2673, .T. ) ;
#5481 = AXIS2_PLACEMENT_3D ( 'NONE', #9154, #8777, #3892 ) ;
#5482 = LINE ( 'NONE', #1405, #5262 ) ;
#5483 =( NAMED_UNIT ( * ) SI_UNIT ( $, .STERADIAN. ) SOLID_ANGLE_UNIT ( ) );
#5484 = DIRECTION ( 'NONE',  ( 0.0000000000000000000, 0.0000000000000000000, -1.000000000000000000 ) ) ;
#5485 = DIRECTION ( 'NONE',  ( 0.0000000000000000000, -0.9975640502598242000, 0.06975647374412598200 ) ) ;
#5486 =( GEOMETRIC_REPRESENTATION_CONTEXT ( 3 ) GLOBAL_UNCERTAINTY_ASSIGNED_CONTEXT ( ( #1883 ) ) GLOBAL_UNIT_ASSIGNED_CONTEXT ( ( #706, #5745, #1434 ) ) REPRESENTATION_CONTEXT ( 'NONE', 'WORKASPACE' ) );
#5487 = VERTEX_POINT ( 'NONE', #8731 ) ;
#5488 = AXIS2_PLACEMENT_3D ( 'NONE', #4270, #9356, #4978 ) ;
#5489 = UNCERTAINTY_MEASURE_WITH_UNIT (LENGTH_MEASURE( 1.000000000000000100E-005 ), #4965, 'distance_accuracy_value', 'NONE');
#5490 = FILL_AREA_STYLE ('',( #4785 ) ) ;
#5491 = VECTOR ( 'NONE', #3092, 1000.000000000000000 ) ;
#5492 = CYLINDRICAL_SURFACE ( 'NONE', #139, 0.09999999999999988100 ) ;
#5493 = CARTESIAN_POINT ( 'NONE',  ( -1.177500000000000200, 2.364034024904861500, 0.2691667404928227400 ) ) ;
#5494 = ORIENTED_EDGE ( 'NONE', *, *, #962, .F. ) ;
#5495 = FILL_AREA_STYLE_COLOUR ( '', #5775 ) ;
#5496 = ORIENTED_EDGE ( 'NONE', *, *, #5584, .F. ) ;
#5497 = PRESENTATION_LAYER_ASSIGNMENT (  '', '', ( #5038 ) ) ;
#5498 = PLANE ( 'NONE',  #4448 ) ;
#5499 = VERTEX_POINT ( 'NONE', #7240 ) ;
#5500 = ORIENTED_EDGE ( 'NONE', *, *, #6898, .T. ) ;
#5501 = PRESENTATION_STYLE_ASSIGNMENT (( #8452 ) ) ;
#5502 = STYLED_ITEM ( 'NONE', ( #2880 ), #9030 ) ;
#5503 = LINE ( 'NONE', #4822, #1454 ) ;
#5504 = VERTEX_POINT ( 'NONE', #40 ) ;
#5505 = CARTESIAN_POINT ( 'NONE',  ( 1.422499999999999700, 2.252718095034784300, 0.4274999999999940500 ) ) ;
#5506 = EDGE_LOOP ( 'NONE', ( #8357, #3737, #5276, #2323, #6868, #5404, #2263, #3544, #7671, #4638, #8784, #6786 ) ) ;
#5507 = ORIENTED_EDGE ( 'NONE', *, *, #5726, .T. ) ;
#5508 = CARTESIAN_POINT ( 'NONE',  ( 0.5274999999999997500, -2.601461569844106100, 0.1865006715341500400 ) ) ;
#5509 = VERTEX_POINT ( 'NONE', #5111 ) ;
#5510 = CARTESIAN_POINT ( 'NONE',  ( -2.750000000000000000, -2.200000000000000200, 0.5275000000000060800 ) ) ;
#5511 = LINE ( 'NONE', #1706, #7417 ) ;
#5512 = CARTESIAN_POINT ( 'NONE',  ( 1.422499999999999700, 2.591346881151208100, 0.04185388424647555600 ) ) ;
#5513 = MECHANICAL_DESIGN_GEOMETRIC_PRESENTATION_REPRESENTATION (  '', ( #4106 ), #5997 ) ;
#5514 = SURFACE_STYLE_FILL_AREA ( #8795 ) ;
#5515 = FACE_OUTER_BOUND ( 'NONE', #7064, .T. ) ;
#5516 = DIRECTION ( 'NONE',  ( 1.000000000000000000, 0.0000000000000000000, 0.0000000000000000000 ) ) ;
#5517 =( GEOMETRIC_REPRESENTATION_CONTEXT ( 3 ) GLOBAL_UNCERTAINTY_ASSIGNED_CONTEXT ( ( #3609 ) ) GLOBAL_UNIT_ASSIGNED_CONTEXT ( ( #5970, #1661, #6690 ) ) REPRESENTATION_CONTEXT ( 'NONE', 'WORKASPACE' ) );
#5518 = ORIENTED_EDGE ( 'NONE', *, *, #9392, .T. ) ;
#5519 = CARTESIAN_POINT ( 'NONE',  ( -1.827500000000000100, 2.200000000000000200, 0.5274999999999939700 ) ) ;
#5520 = ORIENTED_EDGE ( 'NONE', *, *, #5014, .F. ) ;
#5521 = CARTESIAN_POINT ( 'NONE',  ( 2.072499999999999800, 2.497121287348441400, 0.4445903360673038000 ) ) ;
#5522 = DIRECTION ( 'NONE',  ( 1.000000000000000000, 0.0000000000000000000, 0.0000000000000000000 ) ) ;
#5523 = VERTEX_POINT ( 'NONE', #775 ) ;
#5524 =( LENGTH_UNIT ( ) NAMED_UNIT ( * ) SI_UNIT ( .MILLI., .METRE. ) );
#5525 = VECTOR ( 'NONE', #988, 1000.000000000000100 ) ;
#5526 = LINE ( 'NONE', #3322, #1710 ) ;
#5527 =( LENGTH_UNIT ( ) NAMED_UNIT ( * ) SI_UNIT ( .MILLI., .METRE. ) );
#5528 = ORIENTED_EDGE ( 'NONE', *, *, #5931, .T. ) ;
#5529 = EDGE_CURVE ( 'NONE', #1964, #8734, #9239, .T. ) ;
#5530 = EDGE_LOOP ( 'NONE', ( #4266, #9275, #6163, #147 ) ) ;
#5531 = FACE_OUTER_BOUND ( 'NONE', #1558, .T. ) ;
#5532 = DIRECTION ( 'NONE',  ( 0.0000000000000000000, -0.9975640502598242000, -0.06975647374412599600 ) ) ;
#5533 = LINE ( 'NONE', #6239, #6767 ) ;
#5534 = ADVANCED_FACE ( 'NONE', ( #7483 ), #4687, .T. ) ;
#5535 = VECTOR ( 'NONE', #7715, 1000.000000000000000 ) ;
#5536 = CARTESIAN_POINT ( 'NONE',  ( -1.827500000000000100, -3.189885311307101700, 2.710505431213761100E-017 ) ) ;
#5537 = VERTEX_POINT ( 'NONE', #3021 ) ;
#5538 = PRESENTATION_LAYER_ASSIGNMENT (  '', '', ( #4588 ) ) ;
#5539 = CIRCLE ( 'NONE', #6553, 0.2450000000000004400 ) ;
#5540 = DIRECTION ( 'NONE',  ( 0.0000000000000000000, 0.0000000000000000000, 1.000000000000000000 ) ) ;
#5541 = VERTEX_POINT ( 'NONE', #8029 ) ;
#5542 = VECTOR ( 'NONE', #1657, 1000.000000000000000 ) ;
#5543 = EDGE_CURVE ( 'NONE', #520, #242, #6581, .T. ) ;
#5544 = EDGE_CURVE ( 'NONE', #1514, #1002, #3019, .T. ) ;
#5545 =( NAMED_UNIT ( * ) SI_UNIT ( $, .STERADIAN. ) SOLID_ANGLE_UNIT ( ) );
#5546 = ORIENTED_EDGE ( 'NONE', *, *, #9155, .T. ) ;
#5547 = VECTOR ( 'NONE', #1898, 1000.000000000000000 ) ;
#5548 = DIRECTION ( 'NONE',  ( -0.0000000000000000000, 0.0000000000000000000, 1.000000000000000000 ) ) ;
#5549 = SURFACE_SIDE_STYLE ('',( #8135 ) ) ;
#5550 = ORIENTED_EDGE ( 'NONE', *, *, #5598, .T. ) ;
#5551 = UNCERTAINTY_MEASURE_WITH_UNIT (LENGTH_MEASURE( 1.000000000000000100E-005 ), #8980, 'distance_accuracy_value', 'NONE');
#5552 =( GEOMETRIC_REPRESENTATION_CONTEXT ( 3 ) GLOBAL_UNCERTAINTY_ASSIGNED_CONTEXT ( ( #3259 ) ) GLOBAL_UNIT_ASSIGNED_CONTEXT ( ( #5100, #765, #5811 ) ) REPRESENTATION_CONTEXT ( 'NONE', 'WORKASPACE' ) );
#5553 = VECTOR ( 'NONE', #633, 1000.000000000000000 ) ;
#5554 =( NAMED_UNIT ( * ) SI_UNIT ( $, .STERADIAN. ) SOLID_ANGLE_UNIT ( ) );
#5555 = AXIS2_PLACEMENT_3D ( 'NONE', #5115, #779, #5818 ) ;
#5556 =( LENGTH_UNIT ( ) NAMED_UNIT ( * ) SI_UNIT ( .MILLI., .METRE. ) );
#5557 = DIRECTION ( 'NONE',  ( 0.0000000000000000000, -1.000000000000000000, 2.056603471294124000E-015 ) ) ;
#5558 = CARTESIAN_POINT ( 'NONE',  ( 0.7724999999999997400, -2.497121287348441400, 0.4445903360673038000 ) ) ;
#5559 = VERTEX_POINT ( 'NONE', #5164 ) ;
#5560 = CARTESIAN_POINT ( 'NONE',  ( 1.177499999999999800, -2.252718095034784300, 0.4274999999999940500 ) ) ;
#5561 =( NAMED_UNIT ( * ) PLANE_ANGLE_UNIT ( ) SI_UNIT ( $, .RADIAN. ) );
#5562 =( LENGTH_UNIT ( ) NAMED_UNIT ( * ) SI_UNIT ( .MILLI., .METRE. ) );
#5563 = VECTOR ( 'NONE', #8435, 1000.000000000000000 ) ;
#5564 = SURFACE_STYLE_FILL_AREA ( #2195 ) ;
#5565 = DIRECTION ( 'NONE',  ( 1.000000000000000000, -0.0000000000000000000, -0.0000000000000000000 ) ) ;
#5566 = DIRECTION ( 'NONE',  ( -8.541845642371238300E-017, 0.9848077530122086900, 0.1736481776669275600 ) ) ;
#5567 = CIRCLE ( 'NONE', #729, 0.09999999999999988100 ) ;
#5568 = SURFACE_STYLE_USAGE ( .BOTH. , #511 ) ;
#5569 = MECHANICAL_DESIGN_GEOMETRIC_PRESENTATION_REPRESENTATION (  '', ( #4623 ), #6040 ) ;
#5570 = COLOUR_RGB ( '',1.000000000000000000, 1.000000000000000000, 1.000000000000000000 ) ;
#5571 = MECHANICAL_DESIGN_GEOMETRIC_PRESENTATION_REPRESENTATION (  '', ( #4627 ), #6043 ) ;
#5572 = ORIENTED_EDGE ( 'NONE', *, *, #6113, .F. ) ;
#5573 = COLOUR_RGB ( '',1.000000000000000000, 1.000000000000000000, 1.000000000000000000 ) ;
#5574 = DIRECTION ( 'NONE',  ( 0.0000000000000000000, 1.000000000000000000, 2.056603471294124000E-015 ) ) ;
#5575 = DIRECTION ( 'NONE',  ( -0.0000000000000000000, 1.000000000000000000, -0.0000000000000000000 ) ) ;
#5576 = EDGE_CURVE ( 'NONE', #1001, #5648, #8538, .T. ) ;
#5577 = ADVANCED_FACE ( 'NONE', ( #2789 ), #5879, .F. ) ;
#5578 = CARTESIAN_POINT ( 'NONE',  ( 2.072499999999999800, 2.252718095034784300, 0.4274999999999940500 ) ) ;
#5579 = COLOUR_RGB ( '',1.000000000000000000, 1.000000000000000000, 1.000000000000000000 ) ;
#5580 = SURFACE_STYLE_USAGE ( .BOTH. , #522 ) ;
#5581 = DIRECTION ( 'NONE',  ( -1.000000000000000000, -0.0000000000000000000, -0.0000000000000000000 ) ) ;
#5582 = FILL_AREA_STYLE ('',( #7303 ) ) ;
#5583 = PLANE ( 'NONE',  #5678 ) ;
#5584 = EDGE_CURVE ( 'NONE', #5411, #5323, #7598, .T. ) ;
#5585 = APPLICATION_CONTEXT ( 'automotive_design' ) ;
#5586 = CARTESIAN_POINT ( 'NONE',  ( 0.1224999999999997800, 2.508680812192536400, 0.2792814291857203500 ) ) ;
#5587 = DIRECTION ( 'NONE',  ( 0.0000000000000000000, 0.9975640502598243100, -0.06975647374412599600 ) ) ;
#5588 = VECTOR ( 'NONE', #1309, 1000.000000000000000 ) ;
#5589 =( GEOMETRIC_REPRESENTATION_CONTEXT ( 3 ) GLOBAL_UNCERTAINTY_ASSIGNED_CONTEXT ( ( #8419 ) ) GLOBAL_UNIT_ASSIGNED_CONTEXT ( ( #1380, #6394, #2120 ) ) REPRESENTATION_CONTEXT ( 'NONE', 'WORKASPACE' ) );
#5590 = PLANE ( 'NONE',  #4168 ) ;
#5591 = CARTESIAN_POINT ( 'NONE',  ( -1.827500000000000100, -3.189885311307101700, 2.710505431213761100E-017 ) ) ;
#5592 = DIRECTION ( 'NONE',  ( 1.000000000000000000, 0.0000000000000000000, 0.0000000000000000000 ) ) ;
#5593 = FACE_OUTER_BOUND ( 'NONE', #81, .T. ) ;
#5594 = CARTESIAN_POINT ( 'NONE',  ( 1.422499999999999700, 2.252718095034784300, 0.6724999999999939900 ) ) ;
#5595 =( NAMED_UNIT ( * ) SI_UNIT ( $, .STERADIAN. ) SOLID_ANGLE_UNIT ( ) );
#5596 = FILL_AREA_STYLE_COLOUR ( '', #2310 ) ;
#5597 = VECTOR ( 'NONE', #593, 1000.000000000000000 ) ;
#5598 = EDGE_CURVE ( 'NONE', #537, #5729, #2098, .T. ) ;
#5599 = EDGE_CURVE ( 'NONE', #7395, #802, #145, .T. ) ;
#5600 = CARTESIAN_POINT ( 'NONE',  ( 2.072499999999999800, -2.591346881151208100, 0.04185388424647555600 ) ) ;
#5601 = ORIENTED_EDGE ( 'NONE', *, *, #1741, .T. ) ;
#5602 = STYLED_ITEM ( 'NONE', ( #1472 ), #7133 ) ;
#5603 = FACE_OUTER_BOUND ( 'NONE', #6724, .T. ) ;
#5604 = PRESENTATION_LAYER_ASSIGNMENT (  '', '', ( #6078 ) ) ;
#5605 = LINE ( 'NONE', #8236, #5378 ) ;
#5606 = DIRECTION ( 'NONE',  ( 0.0000000000000000000, 2.056603471294124000E-015, -1.000000000000000000 ) ) ;
#5607 = VECTOR ( 'NONE', #7084, 1000.000000000000000 ) ;
#5608 = FILL_AREA_STYLE ('',( #6419 ) ) ;
#5609 = ORIENTED_EDGE ( 'NONE', *, *, #7470, .F. ) ;
#5610 = MECHANICAL_DESIGN_GEOMETRIC_PRESENTATION_REPRESENTATION (  '', ( #2247 ), #6086 ) ;
#5611 = DIRECTION ( 'NONE',  ( 0.0000000000000000000, -0.9975640502598245300, 0.06975647374412209700 ) ) ;
#5612 = VERTEX_POINT ( 'NONE', #8879 ) ;
#5613 = UNCERTAINTY_MEASURE_WITH_UNIT (LENGTH_MEASURE( 1.000000000000000100E-005 ), #4731, 'distance_accuracy_value', 'NONE');
#5614 = DIRECTION ( 'NONE',  ( -1.000000000000000000, 0.0000000000000000000, -0.0000000000000000000 ) ) ;
#5615 = PRESENTATION_STYLE_ASSIGNMENT (( #5828 ) ) ;
#5616 = DIRECTION ( 'NONE',  ( 0.9848077530122086900, 9.706642775421859400E-017, 0.1736481776669275600 ) ) ;
#5617 = ORIENTED_EDGE ( 'NONE', *, *, #4238, .F. ) ;
#5618 = SURFACE_STYLE_FILL_AREA ( #7970 ) ;
#5619 = LINE ( 'NONE', #6414, #5387 ) ;
#5620 = ORIENTED_EDGE ( 'NONE', *, *, #3756, .T. ) ;
#5621 = CARTESIAN_POINT ( 'NONE',  ( -1.177500000000000200, -2.497121287348441400, 0.4445903360673038000 ) ) ;
#5622 = ORIENTED_EDGE ( 'NONE', *, *, #9143, .T. ) ;
#5623 = CIRCLE ( 'NONE', #1326, 0.09999999999999988100 ) ;
#5624 = ORIENTED_EDGE ( 'NONE', *, *, #4773, .T. ) ;
#5625 = CARTESIAN_POINT ( 'NONE',  ( -0.1225000000000002200, 2.252718095034784300, 0.6724999999999939900 ) ) ;
#5626 = ORIENTED_EDGE ( 'NONE', *, *, #4894, .F. ) ;
#5627 = LINE ( 'NONE', #4360, #5395 ) ;
#5628 = DIRECTION ( 'NONE',  ( -1.000000000000000000, -0.0000000000000000000, -0.0000000000000000000 ) ) ;
#5629 = CIRCLE ( 'NONE', #5270, 0.09999999999999945000 ) ;
#5630 =( LENGTH_UNIT ( ) NAMED_UNIT ( * ) SI_UNIT ( .MILLI., .METRE. ) );
#5631 = ADVANCED_FACE ( 'NONE', ( #1877 ), #3837, .F. ) ;
#5632 = STYLED_ITEM ( 'NONE', ( #8639 ), #1240 ) ;
#5633 = FILL_AREA_STYLE_COLOUR ( '', #6222 ) ;
#5634 = ORIENTED_EDGE ( 'NONE', *, *, #1741, .F. ) ;
#5635 = VERTEX_POINT ( 'NONE', #3112 ) ;
#5636 =( GEOMETRIC_REPRESENTATION_CONTEXT ( 3 ) GLOBAL_UNCERTAINTY_ASSIGNED_CONTEXT ( ( #3099 ) ) GLOBAL_UNIT_ASSIGNED_CONTEXT ( ( #3460, #8516, #4191 ) ) REPRESENTATION_CONTEXT ( 'NONE', 'WORKASPACE' ) );
#5637 =( GEOMETRIC_REPRESENTATION_CONTEXT ( 3 ) GLOBAL_UNCERTAINTY_ASSIGNED_CONTEXT ( ( #4152 ) ) GLOBAL_UNIT_ASSIGNED_CONTEXT ( ( #9207, #4836, #500 ) ) REPRESENTATION_CONTEXT ( 'NONE', 'WORKASPACE' ) );
#5638 = FILL_AREA_STYLE_COLOUR ( '', #8306 ) ;
#5639 = VERTEX_POINT ( 'NONE', #4575 ) ;
#5640 = FACE_OUTER_BOUND ( 'NONE', #2140, .T. ) ;
#5641 = VECTOR ( 'NONE', #8060, 1000.000000000000000 ) ;
#5642 = VECTOR ( 'NONE', #2692, 1000.000000000000100 ) ;
#5643 = EDGE_CURVE ( 'NONE', #1390, #5541, #2903, .T. ) ;
#5644 = CARTESIAN_POINT ( 'NONE',  ( 2.072499999999999800, 3.189885311307101700, 2.710505431213761100E-017 ) ) ;
#5645 = ORIENTED_EDGE ( 'NONE', *, *, #93, .F. ) ;
#5646 = ORIENTED_EDGE ( 'NONE', *, *, #875, .F. ) ;
#5647 = DIRECTION ( 'NONE',  ( 0.0000000000000000000, 0.9975640502598242000, -0.06975647374412599600 ) ) ;
#5648 = VERTEX_POINT ( 'NONE', #1704 ) ;
#5649 = AXIS2_PLACEMENT_3D ( 'NONE', #3824, #5951, #1299 ) ;
#5650 = VERTEX_POINT ( 'NONE', #975 ) ;
#5651 = PRESENTATION_STYLE_ASSIGNMENT (( #4593 ) ) ;
#5652 = VECTOR ( 'NONE', #2105, 1000.000000000000000 ) ;
#5653 = AXIS2_PLACEMENT_3D ( 'NONE', #3902, #8941, #4606 ) ;
#5654 = MANIFOLD_SOLID_BREP ( 'Mold', #1536 ) ;
#5655 = ORIENTED_EDGE ( 'NONE', *, *, #3510, .F. ) ;
#5656 = VECTOR ( 'NONE', #3667, 1000.000000000000000 ) ;
#5657 = DIRECTION ( 'NONE',  ( 0.0000000000000000000, 0.0000000000000000000, 1.000000000000000000 ) ) ;
#5658 = EDGE_LOOP ( 'NONE', ( #796, #1862, #3157, #3486 ) ) ;
#5659 = DIRECTION ( 'NONE',  ( 0.0000000000000000000, -1.000000000000000000, -2.056603471294124000E-015 ) ) ;
#5660 = VECTOR ( 'NONE', #6461, 1000.000000000000000 ) ;
#5661 =( LENGTH_UNIT ( ) NAMED_UNIT ( * ) SI_UNIT ( .MILLI., .METRE. ) );
#5662 = EDGE_CURVE ( 'NONE', #8347, #4668, #6687, .T. ) ;
#5663 = EDGE_CURVE ( 'NONE', #4883, #4736, #8416, .T. ) ;
#5664 = DIRECTION ( 'NONE',  ( -1.000000000000000000, -0.0000000000000000000, -0.0000000000000000000 ) ) ;
#5665 = ORIENTED_EDGE ( 'NONE', *, *, #3488, .F. ) ;
#5666 = CARTESIAN_POINT ( 'NONE',  ( -1.827500000000000100, -2.591346881151208100, 0.04185388424647555600 ) ) ;
#5667 = SURFACE_STYLE_USAGE ( .BOTH. , #602 ) ;
#5668 = ORIENTED_EDGE ( 'NONE', *, *, #333, .T. ) ;
#5669 = DIRECTION ( 'NONE',  ( 1.000000000000000000, -0.0000000000000000000, 0.0000000000000000000 ) ) ;
#5670 = VECTOR ( 'NONE', #4422, 1000.000000000000000 ) ;
#5671 = SURFACE_SIDE_STYLE ('',( #9352 ) ) ;
#5672 = PRESENTATION_LAYER_ASSIGNMENT (  '', '', ( #4709 ) ) ;
#5673 = AXIS2_PLACEMENT_3D ( 'NONE', #1120, #7725, #2421 ) ;
#5674 = CARTESIAN_POINT ( 'NONE',  ( 2.072499999999999800, -2.608437217218518600, 0.2862570765601325000 ) ) ;
#5675 = VERTEX_POINT ( 'NONE', #7479 ) ;
#5676 = FILL_AREA_STYLE ('',( #3788 ) ) ;
#5677 = UNCERTAINTY_MEASURE_WITH_UNIT (LENGTH_MEASURE( 1.000000000000000100E-005 ), #8972, 'distance_accuracy_value', 'NONE');
#5678 = AXIS2_PLACEMENT_3D ( 'NONE', #1413, #4469, #1663 ) ;
#5679 = FILL_AREA_STYLE_COLOUR ( '', #4502 ) ;
#5680 = CARTESIAN_POINT ( 'NONE',  ( 1.422499999999999700, 2.508680812192536400, 0.2792814291857203500 ) ) ;
#5681 = DIRECTION ( 'NONE',  ( 0.0000000000000000000, -0.9975640502598242000, -0.06975647374412599600 ) ) ;
#5682 = MECHANICAL_DESIGN_GEOMETRIC_PRESENTATION_REPRESENTATION (  '', ( #3780 ), #6149 ) ;
#5683 = ADVANCED_FACE ( 'NONE', ( #5792 ), #2460, .F. ) ;
#5684 = AXIS2_PLACEMENT_3D ( 'NONE', #1140, #4032, #9117 ) ;
#5685 = DIRECTION ( 'NONE',  ( 0.0000000000000000000, 0.0000000000000000000, 1.000000000000000000 ) ) ;
#5686 = SURFACE_STYLE_FILL_AREA ( #1811 ) ;
#5687 = CARTESIAN_POINT ( 'NONE',  ( -1.422500000000000100, 2.608437217218518600, 0.2862570765601324400 ) ) ;
#5688 = VECTOR ( 'NONE', #3477, 1000.000000000000000 ) ;
#5689 =( NAMED_UNIT ( * ) SI_UNIT ( $, .STERADIAN. ) SOLID_ANGLE_UNIT ( ) );
#5690 = CARTESIAN_POINT ( 'NONE',  ( 0.5274999999999997500, -2.601461569844106100, 0.1865006715341501500 ) ) ;
#5691 = SURFACE_STYLE_FILL_AREA ( #188 ) ;
#5692 = SURFACE_STYLE_USAGE ( .BOTH. , #624 ) ;
#5693 = LINE ( 'NONE', #5230, #6465 ) ;
#5694 = AXIS2_PLACEMENT_3D ( 'NONE', #4303, #9388, #5017 ) ;
#5695 = CARTESIAN_POINT ( 'NONE',  ( -1.827500000000000100, -2.200000000000000200, 0.6724999999999941000 ) ) ;
#5696 = SURFACE_SIDE_STYLE ('',( #6885 ) ) ;
#5697 = ORIENTED_EDGE ( 'NONE', *, *, #92, .F. ) ;
#5698 = CARTESIAN_POINT ( 'NONE',  ( 1.422499999999999700, -2.508680812192536400, 0.2792814291857203500 ) ) ;
#5699 = LINE ( 'NONE', #7846, #155 ) ;
#5700 =( NAMED_UNIT ( * ) PLANE_ANGLE_UNIT ( ) SI_UNIT ( $, .RADIAN. ) );
#5701 = VECTOR ( 'NONE', #6940, 1000.000000000000000 ) ;
#5702 =( GEOMETRIC_REPRESENTATION_CONTEXT ( 3 ) GLOBAL_UNCERTAINTY_ASSIGNED_CONTEXT ( ( #3042 ) ) GLOBAL_UNIT_ASSIGNED_CONTEXT ( ( #7175, #2753, #120 ) ) REPRESENTATION_CONTEXT ( 'NONE', 'WORKASPACE' ) );
#5703 = VECTOR ( 'NONE', #3567, 1000.000000000000000 ) ;
#5704 = FILL_AREA_STYLE_COLOUR ( '', #8164 ) ;
#5705 = AXIS2_PLACEMENT_3D ( 'NONE', #3643, #8691, #4369 ) ;
#5706 = COLOUR_RGB ( '',1.000000000000000000, 1.000000000000000000, 1.000000000000000000 ) ;
#5707 = DIRECTION ( 'NONE',  ( 0.0000000000000000000, -0.06975647374412208300, 0.9975640502598244200 ) ) ;
#5708 = EDGE_CURVE ( 'NONE', #5050, #7767, #5131, .T. ) ;
#5709 = DIRECTION ( 'NONE',  ( 0.0000000000000000000, 0.0000000000000000000, -1.000000000000000000 ) ) ;
#5710 = CARTESIAN_POINT ( 'NONE',  ( 1.177499999999999800, 2.200000000000000200, 0.6724999999999941000 ) ) ;
#5711 = EDGE_CURVE ( 'NONE', #2036, #3098, #258, .T. ) ;
#5712 = FILL_AREA_STYLE_COLOUR ( '', #3028 ) ;
#5713 = CARTESIAN_POINT ( 'NONE',  ( -1.827500000000000100, -2.608437217218518600, 0.2862570765601325000 ) ) ;
#5714 = DIRECTION ( 'NONE',  ( -1.000000000000000000, -0.0000000000000000000, -0.0000000000000000000 ) ) ;
#5715 = MECHANICAL_DESIGN_GEOMETRIC_PRESENTATION_REPRESENTATION (  '', ( #4760 ), #6189 ) ;
#5716 = CARTESIAN_POINT ( 'NONE',  ( 1.422499999999999700, 2.252718095034784300, 0.4274999999999940500 ) ) ;
#5717 =( NAMED_UNIT ( * ) SI_UNIT ( $, .STERADIAN. ) SOLID_ANGLE_UNIT ( ) );
#5718 = DIRECTION ( 'NONE',  ( -1.000000000000000000, 0.0000000000000000000, 0.0000000000000000000 ) ) ;
#5719 = ORIENTED_EDGE ( 'NONE', *, *, #4059, .F. ) ;
#5720 = UNCERTAINTY_MEASURE_WITH_UNIT (LENGTH_MEASURE( 1.000000000000000100E-005 ), #4824, 'distance_accuracy_value', 'NONE');
#5721 = ADVANCED_FACE ( 'NONE', ( #1291 ), #4244, .T. ) ;
#5722 = FILL_AREA_STYLE_COLOUR ( '', #3432 ) ;
#5723 = VERTEX_POINT ( 'NONE', #363 ) ;
#5724 = EDGE_CURVE ( 'NONE', #9112, #8005, #588, .T. ) ;
#5725 = PRESENTATION_STYLE_ASSIGNMENT (( #5580 ) ) ;
#5726 = EDGE_CURVE ( 'NONE', #122, #4944, #2546, .T. ) ;
#5727 = VECTOR ( 'NONE', #6642, 1000.000000000000100 ) ;
#5728 = CARTESIAN_POINT ( 'NONE',  ( -1.422500000000000100, 2.200000000000000200, 0.6724999999999941000 ) ) ;
#5729 = VERTEX_POINT ( 'NONE', #6127 ) ;
#5730 =( GEOMETRIC_REPRESENTATION_CONTEXT ( 3 ) GLOBAL_UNCERTAINTY_ASSIGNED_CONTEXT ( ( #575 ) ) GLOBAL_UNIT_ASSIGNED_CONTEXT ( ( #1346, #6368, #2090 ) ) REPRESENTATION_CONTEXT ( 'NONE', 'WORKASPACE' ) );
#5731 = ORIENTED_EDGE ( 'NONE', *, *, #3094, .F. ) ;
#5732 =( NAMED_UNIT ( * ) SI_UNIT ( $, .STERADIAN. ) SOLID_ANGLE_UNIT ( ) );
#5733 = STYLED_ITEM ( 'NONE', ( #6460 ), #3933 ) ;
#5734 = UNCERTAINTY_MEASURE_WITH_UNIT (LENGTH_MEASURE( 1.000000000000000100E-005 ), #5562, 'distance_accuracy_value', 'NONE');
#5735 =( LENGTH_UNIT ( ) NAMED_UNIT ( * ) SI_UNIT ( .MILLI., .METRE. ) );
#5736 = VECTOR ( 'NONE', #3535, 1000.000000000000000 ) ;
#5737 = CARTESIAN_POINT ( 'NONE',  ( -1.177500000000000200, -3.189885311307101700, 2.710505431213761100E-017 ) ) ;
#5738 = ORIENTED_EDGE ( 'NONE', *, *, #9082, .F. ) ;
#5739 = ORIENTED_EDGE ( 'NONE', *, *, #6113, .T. ) ;
#5740 = CARTESIAN_POINT ( 'NONE',  ( -0.5275000000000001900, 2.200000000000000200, 0.5274999999999939700 ) ) ;
#5741 = ORIENTED_EDGE ( 'NONE', *, *, #5419, .F. ) ;
#5742 = DIRECTION ( 'NONE',  ( 0.0000000000000000000, -0.9975640502598240900, 0.06975647374412817500 ) ) ;
#5743 = FILL_AREA_STYLE ('',( #6558 ) ) ;
#5744 = MECHANICAL_DESIGN_GEOMETRIC_PRESENTATION_REPRESENTATION (  '', ( #4788 ), #6220 ) ;
#5745 =( NAMED_UNIT ( * ) PLANE_ANGLE_UNIT ( ) SI_UNIT ( $, .RADIAN. ) );
#5746 = VECTOR ( 'NONE', #4402, 1000.000000000000000 ) ;
#5747 = CYLINDRICAL_SURFACE ( 'NONE', #7165, 0.09999999999999939500 ) ;
#5748 =( NAMED_UNIT ( * ) SI_UNIT ( $, .STERADIAN. ) SOLID_ANGLE_UNIT ( ) );
#5749 =( LENGTH_UNIT ( ) NAMED_UNIT ( * ) SI_UNIT ( .MILLI., .METRE. ) );
#5750 = ORIENTED_EDGE ( 'NONE', *, *, #4991, .T. ) ;
#5751 = SURFACE_SIDE_STYLE ('',( #6651 ) ) ;
#5752 = VERTEX_POINT ( 'NONE', #9072 ) ;
#5753 = SURFACE_STYLE_FILL_AREA ( #5060 ) ;
#5754 = FILL_AREA_STYLE ('',( #8587 ) ) ;
#5755 = ORIENTED_EDGE ( 'NONE', *, *, #2005, .F. ) ;
#5756 = PRESENTATION_LAYER_ASSIGNMENT (  '', '', ( #3857 ) ) ;
#5757 = DIRECTION ( 'NONE',  ( 1.000000000000000000, 0.0000000000000000000, -0.0000000000000000000 ) ) ;
#5758 = ORIENTED_EDGE ( 'NONE', *, *, #1664, .T. ) ;
#5759 = STYLED_ITEM ( 'NONE', ( #6629 ), #5122 ) ;
#5760 = FILL_AREA_STYLE ('',( #9426 ) ) ;
#5761 = ORIENTED_EDGE ( 'NONE', *, *, #2224, .T. ) ;
#5762 = SURFACE_STYLE_FILL_AREA ( #8317 ) ;
#5763 = CIRCLE ( 'NONE', #3675, 0.09999999999999988100 ) ;
#5764 = EDGE_CURVE ( 'NONE', #125, #182, #6122, .T. ) ;
#5765 = CARTESIAN_POINT ( 'NONE',  ( -1.827500000000000100, 2.608437217218518600, 0.2862570765601325000 ) ) ;
#5766 = VERTEX_POINT ( 'NONE', #4026 ) ;
#5767 = PLANE ( 'NONE',  #3387 ) ;
#5768 = AXIS2_PLACEMENT_3D ( 'NONE', #1221, #1287, #1412 ) ;
#5769 = ORIENTED_EDGE ( 'NONE', *, *, #70, .F. ) ;
#5770 = ADVANCED_FACE ( 'NONE', ( #374 ), #1997, .F. ) ;
#5771 = VECTOR ( 'NONE', #3832, 999.9999999999998900 ) ;
#5772 = PLANE ( 'NONE',  #4987 ) ;
#5773 =( GEOMETRIC_REPRESENTATION_CONTEXT ( 3 ) GLOBAL_UNCERTAINTY_ASSIGNED_CONTEXT ( ( #5734 ) ) GLOBAL_UNIT_ASSIGNED_CONTEXT ( ( #5562, #1250, #6267 ) ) REPRESENTATION_CONTEXT ( 'NONE', 'WORKASPACE' ) );
#5774 = SURFACE_STYLE_USAGE ( .BOTH. , #727 ) ;
#5775 = COLOUR_RGB ( '',1.000000000000000000, 1.000000000000000000, 1.000000000000000000 ) ;
#5776 = ORIENTED_EDGE ( 'NONE', *, *, #37, .F. ) ;
#5777 = CARTESIAN_POINT ( 'NONE',  ( -0.5275000000000001900, 2.252718095034783400, 0.5274999999999934200 ) ) ;
#5778 =( NAMED_UNIT ( * ) PLANE_ANGLE_UNIT ( ) SI_UNIT ( $, .RADIAN. ) );
#5779 =( NAMED_UNIT ( * ) PLANE_ANGLE_UNIT ( ) SI_UNIT ( $, .RADIAN. ) );
#5780 = VERTEX_POINT ( 'NONE', #6270 ) ;
#5781 = EDGE_CURVE ( 'NONE', #3190, #5194, #9108, .T. ) ;
#5782 = FACE_OUTER_BOUND ( 'NONE', #1372, .T. ) ;
#5783 = EDGE_CURVE ( 'NONE', #3077, #1047, #5226, .T. ) ;
#5784 = PLANE ( 'NONE',  #518 ) ;
#5785 = ORIENTED_EDGE ( 'NONE', *, *, #1752, .F. ) ;
#5786 = CARTESIAN_POINT ( 'NONE',  ( -2.072500000000000200, -2.252718095034784300, 0.4274999999999940500 ) ) ;
#5787 = DIRECTION ( 'NONE',  ( 0.0000000000000000000, 0.9975640502598245300, 0.06975647374412209700 ) ) ;
#5788 = UNCERTAINTY_MEASURE_WITH_UNIT (LENGTH_MEASURE( 1.000000000000000100E-005 ), #7502, 'distance_accuracy_value', 'NONE');
#5789 = VECTOR ( 'NONE', #7642, 1000.000000000000100 ) ;
#5790 = STYLED_ITEM ( 'NONE', ( #8219 ), #3431 ) ;
#5791 = DIRECTION ( 'NONE',  ( 0.0000000000000000000, -1.000000000000000000, -2.056603471294124000E-015 ) ) ;
#5792 = FACE_OUTER_BOUND ( 'NONE', #7413, .T. ) ;
#5793 = AXIS2_PLACEMENT_3D ( 'NONE', #6656, #6589, #6616 ) ;
#5794 = FILL_AREA_STYLE ('',( #5679 ) ) ;
#5795 = LINE ( 'NONE', #955, #7480 ) ;
#5796 = DIRECTION ( 'NONE',  ( 0.0000000000000000000, 0.0000000000000000000, -1.000000000000000000 ) ) ;
#5797 = CARTESIAN_POINT ( 'NONE',  ( 1.422499999999999700, 2.591346881151208100, 0.04185388424647555600 ) ) ;
#5798 = AXIS2_PLACEMENT_3D ( 'NONE', #4417, #61, #5136 ) ;
#5799 = VECTOR ( 'NONE', #7913, 1000.000000000000000 ) ;
#5800 = LINE ( 'NONE', #7013, #41 ) ;
#5801 = DIRECTION ( 'NONE',  ( -1.000000000000000000, 0.0000000000000000000, -0.0000000000000000000 ) ) ;
#5802 =( NAMED_UNIT ( * ) SI_UNIT ( $, .STERADIAN. ) SOLID_ANGLE_UNIT ( ) );
#5803 = SURFACE_SIDE_STYLE ('',( #2188 ) ) ;
#5804 = DIRECTION ( 'NONE',  ( 0.0000000000000000000, -1.000000000000000000, -2.056603471294124000E-015 ) ) ;
#5805 = CARTESIAN_POINT ( 'NONE',  ( -0.5275000000000001900, -2.252718095034783400, 0.5274999999999934200 ) ) ;
#5806 =( GEOMETRIC_REPRESENTATION_CONTEXT ( 3 ) GLOBAL_UNCERTAINTY_ASSIGNED_CONTEXT ( ( #8472 ) ) GLOBAL_UNIT_ASSIGNED_CONTEXT ( ( #7950, #7974, #8011 ) ) REPRESENTATION_CONTEXT ( 'NONE', 'WORKASPACE' ) );
#5807 = LINE ( 'NONE', #2696, #2000 ) ;
#5808 = AXIS2_PLACEMENT_3D ( 'NONE', #1128, #2580, #7599 ) ;
#5809 = AXIS2_PLACEMENT_3D ( 'NONE', #2559, #7574, #3275 ) ;
#5810 = VERTEX_POINT ( 'NONE', #2025 ) ;
#5811 =( NAMED_UNIT ( * ) SI_UNIT ( $, .STERADIAN. ) SOLID_ANGLE_UNIT ( ) );
#5812 = ADVANCED_FACE ( 'NONE', ( #7132 ), #2763, .F. ) ;
#5813 = DIRECTION ( 'NONE',  ( 0.0000000000000000000, 0.9975640502598245300, 0.06975647374412209700 ) ) ;
#5814 = EDGE_CURVE ( 'NONE', #2085, #7253, #8158, .T. ) ;
#5815 = FILL_AREA_STYLE_COLOUR ( '', #5570 ) ;
#5816 = LINE ( 'NONE', #4379, #279 ) ;
#5817 = STYLED_ITEM ( 'NONE', ( #7189 ), #2239 ) ;
#5818 = DIRECTION ( 'NONE',  ( 0.0000000000000000000, 0.9975640502598242000, 0.06975647374412598200 ) ) ;
#5819 = AXIS2_PLACEMENT_3D ( 'NONE', #3959, #8261, #9029 ) ;
#5820 = CARTESIAN_POINT ( 'NONE',  ( 1.422499999999999700, -2.200000000000000200, 0.6724999999999941000 ) ) ;
#5821 = VERTEX_POINT ( 'NONE', #1345 ) ;
#5822 = CARTESIAN_POINT ( 'NONE',  ( 2.072499999999999800, 2.252718095034784300, 0.4274999999999940500 ) ) ;
#5823 = LINE ( 'NONE', #7451, #3718 ) ;
#5824 = VECTOR ( 'NONE', #2441, 1000.000000000000000 ) ;
#5825 = EDGE_CURVE ( 'NONE', #8255, #8455, #715, .T. ) ;
#5826 = EDGE_CURVE ( 'NONE', #7670, #5211, #6226, .T. ) ;
#5827 =( NAMED_UNIT ( * ) SI_UNIT ( $, .STERADIAN. ) SOLID_ANGLE_UNIT ( ) );
#5828 = SURFACE_STYLE_USAGE ( .BOTH. , #6490 ) ;
#5829 = LINE ( 'NONE', #1310, #1796 ) ;
#5830 = CARTESIAN_POINT ( 'NONE',  ( -0.7725000000000001900, -2.601461569844106100, 0.1865006715341500400 ) ) ;
#5831 = ORIENTED_EDGE ( 'NONE', *, *, #2042, .F. ) ;
#5832 = UNCERTAINTY_MEASURE_WITH_UNIT (LENGTH_MEASURE( 1.000000000000000100E-005 ), #5630, 'distance_accuracy_value', 'NONE');
#5833 = CARTESIAN_POINT ( 'NONE',  ( -1.422500000000000100, -2.200000000000000200, 0.6724999999999941000 ) ) ;
#5834 = ORIENTED_EDGE ( 'NONE', *, *, #5114, .F. ) ;
#5835 = CARTESIAN_POINT ( 'NONE',  ( 1.422499999999999700, -2.364034024904861500, 0.2691667404928227400 ) ) ;
#5836 = SURFACE_STYLE_USAGE ( .BOTH. , #5751 ) ;
#5837 = ORIENTED_EDGE ( 'NONE', *, *, #4597, .T. ) ;
#5838 = VECTOR ( 'NONE', #7591, 1000.000000000000200 ) ;
#5839 =( NAMED_UNIT ( * ) SI_UNIT ( $, .STERADIAN. ) SOLID_ANGLE_UNIT ( ) );
#5840 = DIRECTION ( 'NONE',  ( -0.0000000000000000000, 0.06975647374412818900, -0.9975640502598240900 ) ) ;
#5841 = SURFACE_SIDE_STYLE ('',( #128 ) ) ;
#5842 = EDGE_LOOP ( 'NONE', ( #8262, #5646, #6054, #5888, #2405, #6085, #7812, #4827, #3258, #2998, #7309, #8475 ) ) ;
#5843 = EDGE_CURVE ( 'NONE', #9068, #7081, #2657, .T. ) ;
#5844 = ORIENTED_EDGE ( 'NONE', *, *, #1261, .F. ) ;
#5845 =( NAMED_UNIT ( * ) PLANE_ANGLE_UNIT ( ) SI_UNIT ( $, .RADIAN. ) );
#5846 = COLOUR_RGB ( '',1.000000000000000000, 1.000000000000000000, 1.000000000000000000 ) ;
#5847 = VERTEX_POINT ( 'NONE', #5695 ) ;
#5848 = COLOUR_RGB ( '',1.000000000000000000, 1.000000000000000000, 1.000000000000000000 ) ;
#5849 = DIRECTION ( 'NONE',  ( 0.0000000000000000000, 0.0000000000000000000, 1.000000000000000000 ) ) ;
#5850 = PRESENTATION_LAYER_ASSIGNMENT (  '', '', ( #5369 ) ) ;
#5851 = VERTEX_POINT ( 'NONE', #6399 ) ;
#5852 = EDGE_LOOP ( 'NONE', ( #3773, #7905, #3034, #179 ) ) ;
#5853 = DIRECTION ( 'NONE',  ( -1.000000000000000000, -0.0000000000000000000, -0.0000000000000000000 ) ) ;
#5854 = VECTOR ( 'NONE', #3838, 1000.000000000000000 ) ;
#5855 = VERTEX_POINT ( 'NONE', #2124 ) ;
#5856 = VECTOR ( 'NONE', #2988, 1000.000000000000000 ) ;
#5857 = ADVANCED_FACE ( 'NONE', ( #4129 ), #1384, .F. ) ;
#5858 = LINE ( 'NONE', #1581, #100 ) ;
#5859 = FILL_AREA_STYLE_COLOUR ( '', #7203 ) ;
#5860 = DIRECTION ( 'NONE',  ( -1.000000000000000000, -0.0000000000000000000, -0.0000000000000000000 ) ) ;
#5861 = VECTOR ( 'NONE', #8460, 1000.000000000000000 ) ;
#5862 = ORIENTED_EDGE ( 'NONE', *, *, #2467, .T. ) ;
#5863 = FILL_AREA_STYLE_COLOUR ( '', #929 ) ;
#5864 =( GEOMETRIC_REPRESENTATION_CONTEXT ( 3 ) GLOBAL_UNCERTAINTY_ASSIGNED_CONTEXT ( ( #1227 ) ) GLOBAL_UNIT_ASSIGNED_CONTEXT ( ( #9217, #4850, #510 ) ) REPRESENTATION_CONTEXT ( 'NONE', 'WORKASPACE' ) );
#5865 = PLANE ( 'NONE',  #4839 ) ;
#5866 = PRESENTATION_STYLE_ASSIGNMENT (( #4142 ) ) ;
#5867 = ORIENTED_EDGE ( 'NONE', *, *, #8304, .T. ) ;
#5868 = SURFACE_SIDE_STYLE ('',( #8230 ) ) ;
#5869 = FACE_OUTER_BOUND ( 'NONE', #6886, .T. ) ;
#5870 = DIRECTION ( 'NONE',  ( -1.000000000000000000, 0.0000000000000000000, -0.0000000000000000000 ) ) ;
#5871 = VERTEX_POINT ( 'NONE', #4574 ) ;
#5872 = CIRCLE ( 'NONE', #567, 0.09999999999999988100 ) ;
#5873 = VERTEX_POINT ( 'NONE', #229 ) ;
#5874 = PRESENTATION_STYLE_ASSIGNMENT (( #316 ) ) ;
#5875 = PRESENTATION_LAYER_ASSIGNMENT (  '', '', ( #6349 ) ) ;
#5876 = DIRECTION ( 'NONE',  ( 0.0000000000000000000, 1.000000000000000000, -2.056603471294124000E-015 ) ) ;
#5877 = VECTOR ( 'NONE', #7766, 1000.000000000000000 ) ;
#5878 = STYLED_ITEM ( 'NONE', ( #6587 ), #5355 ) ;
#5879 = PLANE ( 'NONE',  #3612 ) ;
#5880 = ORIENTED_EDGE ( 'NONE', *, *, #7805, .F. ) ;
#5881 = FACE_OUTER_BOUND ( 'NONE', #2958, .T. ) ;
#5882 = EDGE_LOOP ( 'NONE', ( #6895, #6605, #2706, #6519 ) ) ;
#5883 = EDGE_CURVE ( 'NONE', #5999, #4298, #481, .T. ) ;
#5884 = VECTOR ( 'NONE', #7986, 1000.000000000000000 ) ;
#5885 = VECTOR ( 'NONE', #8170, 1000.000000000000000 ) ;
#5886 = FACE_OUTER_BOUND ( 'NONE', #6770, .T. ) ;
#5887 = EDGE_CURVE ( 'NONE', #8281, #6101, #3441, .T. ) ;
#5888 = ORIENTED_EDGE ( 'NONE', *, *, #8337, .F. ) ;
#5889 = STYLED_ITEM ( 'NONE', ( #4100 ), #6369 ) ;
#5890 =( NAMED_UNIT ( * ) SI_UNIT ( $, .STERADIAN. ) SOLID_ANGLE_UNIT ( ) );
#5891 = SURFACE_STYLE_USAGE ( .BOTH. , #856 ) ;
#5892 = ORIENTED_EDGE ( 'NONE', *, *, #5781, .F. ) ;
#5893 = SURFACE_STYLE_FILL_AREA ( #1544 ) ;
#5894 = CARTESIAN_POINT ( 'NONE',  ( -1.177500000000000200, -2.591346881151208100, 0.04185388424647555600 ) ) ;
#5895 = CARTESIAN_POINT ( 'NONE',  ( 1.422499999999999700, -2.352474500060765600, 0.4344756473744061900 ) ) ;
#5896 = COLOUR_RGB ( '',1.000000000000000000, 1.000000000000000000, 1.000000000000000000 ) ;
#5897 = UNCERTAINTY_MEASURE_WITH_UNIT (LENGTH_MEASURE( 1.000000000000000100E-005 ), #6657, 'distance_accuracy_value', 'NONE');
#5898 = EDGE_CURVE ( 'NONE', #5650, #5373, #1516, .T. ) ;
#5899 = ORIENTED_EDGE ( 'NONE', *, *, #1075, .F. ) ;
#5900 = DIRECTION ( 'NONE',  ( -0.0000000000000000000, 0.9975640502598240900, 0.06975647374412817500 ) ) ;
#5901 = VECTOR ( 'NONE', #9010, 1000.000000000000000 ) ;
#5902 = EDGE_CURVE ( 'NONE', #3179, #8347, #5121, .T. ) ;
#5903 =( LENGTH_UNIT ( ) NAMED_UNIT ( * ) SI_UNIT ( .MILLI., .METRE. ) );
#5904 = ADVANCED_FACE ( 'NONE', ( #3217 ), #6110, .T. ) ;
#5905 = CARTESIAN_POINT ( 'NONE',  ( 0.7724999999999997400, 2.200000000000000200, 0.5274999999999939700 ) ) ;
#5906 = AXIS2_PLACEMENT_3D ( 'NONE', #6932, #2665, #7674 ) ;
#5907 = AXIS2_PLACEMENT_3D ( 'NONE', #3233, #8275, #3973 ) ;
#5908 = ORIENTED_EDGE ( 'NONE', *, *, #8181, .F. ) ;
#5909 = SURFACE_STYLE_USAGE ( .BOTH. , #873 ) ;
#5910 = VERTEX_POINT ( 'NONE', #1044 ) ;
#5911 = MECHANICAL_DESIGN_GEOMETRIC_PRESENTATION_REPRESENTATION (  '', ( #7210 ), #6677 ) ;
#5912 = DIRECTION ( 'NONE',  ( -1.000000000000000000, 0.0000000000000000000, -0.0000000000000000000 ) ) ;
#5913 = DIRECTION ( 'NONE',  ( 0.0000000000000000000, 0.0000000000000000000, 1.000000000000000000 ) ) ;
#5914 = CARTESIAN_POINT ( 'NONE',  ( -0.5275000000000001900, 3.200000000000000200, 0.1446467872876744900 ) ) ;
#5915 = ORIENTED_EDGE ( 'NONE', *, *, #8269, .F. ) ;
#5916 = CARTESIAN_POINT ( 'NONE',  ( -1.177500000000000200, -2.252718095034783400, 0.5274999999999934200 ) ) ;
#5917 = LINE ( 'NONE', #1949, #5701 ) ;
#5918 =( GEOMETRIC_REPRESENTATION_CONTEXT ( 3 ) GLOBAL_UNCERTAINTY_ASSIGNED_CONTEXT ( ( #5720 ) ) GLOBAL_UNIT_ASSIGNED_CONTEXT ( ( #4824, #491, #5545 ) ) REPRESENTATION_CONTEXT ( 'NONE', 'WORKASPACE' ) );
#5919 = DIRECTION ( 'NONE',  ( -1.000000000000000000, -0.0000000000000000000, -0.0000000000000000000 ) ) ;
#5920 = VECTOR ( 'NONE', #8211, 1000.000000000000000 ) ;
#5921 = CARTESIAN_POINT ( 'NONE',  ( 0.7724999999999997400, 2.252718095034784300, 0.4274999999999940500 ) ) ;
#5922 = ORIENTED_EDGE ( 'NONE', *, *, #3314, .F. ) ;
#5923 = DIRECTION ( 'NONE',  ( -1.000000000000000000, 0.0000000000000000000, -0.0000000000000000000 ) ) ;
#5924 = CARTESIAN_POINT ( 'NONE',  ( -1.177500000000000200, 2.252718095034784300, 0.4274999999999940500 ) ) ;
#5925 = MECHANICAL_DESIGN_GEOMETRIC_PRESENTATION_REPRESENTATION (  '', ( #4497 ), #6405 ) ;
#5926 = DIRECTION ( 'NONE',  ( 1.000000000000000000, 0.0000000000000000000, 0.0000000000000000000 ) ) ;
#5927 = DIRECTION ( 'NONE',  ( 0.0000000000000000000, -0.06975647374412208300, -0.9975640502598244200 ) ) ;
#5928 = STYLED_ITEM ( 'NONE', ( #5293 ), #5028 ) ;
#5929 = SURFACE_SIDE_STYLE ('',( #5282 ) ) ;
#5930 = CARTESIAN_POINT ( 'NONE',  ( 0.5274999999999997500, 2.497121287348441400, 0.4445903360673038000 ) ) ;
#5931 = EDGE_CURVE ( 'NONE', #8833, #5399, #8037, .T. ) ;
#5932 = CARTESIAN_POINT ( 'NONE',  ( 1.177499999999999800, -2.252718095034784300, 0.4274999999999940500 ) ) ;
#5933 = PRESENTATION_LAYER_ASSIGNMENT (  '', '', ( #5461 ) ) ;
#5934 = ORIENTED_EDGE ( 'NONE', *, *, #8404, .T. ) ;
#5935 = ORIENTED_EDGE ( 'NONE', *, *, #763, .T. ) ;
#5936 = DIRECTION ( 'NONE',  ( 0.0000000000000000000, -0.06975647374412208300, 0.9975640502598244200 ) ) ;
#5937 = STYLED_ITEM ( 'NONE', ( #4557 ), #6018 ) ;
#5938 = DIRECTION ( 'NONE',  ( -1.000000000000000000, -0.0000000000000000000, -0.0000000000000000000 ) ) ;
#5939 = LINE ( 'NONE', #570, #4065 ) ;
#5940 = SURFACE_SIDE_STYLE ('',( #1831 ) ) ;
#5941 = ADVANCED_FACE ( 'NONE', ( #2538 ), #3870, .F. ) ;
#5942 = CARTESIAN_POINT ( 'NONE',  ( 2.072499999999999800, 2.591346881151208100, 0.04185388424647555600 ) ) ;
#5943 = ORIENTED_EDGE ( 'NONE', *, *, #9143, .F. ) ;
#5944 = ORIENTED_EDGE ( 'NONE', *, *, #3254, .F. ) ;
#5945 = UNCERTAINTY_MEASURE_WITH_UNIT (LENGTH_MEASURE( 1.000000000000000100E-005 ), #3341, 'distance_accuracy_value', 'NONE');
#5946 =( NAMED_UNIT ( * ) SI_UNIT ( $, .STERADIAN. ) SOLID_ANGLE_UNIT ( ) );
#5947 = ORIENTED_EDGE ( 'NONE', *, *, #3621, .T. ) ;
#5948 = EDGE_CURVE ( 'NONE', #3171, #5196, #7349, .T. ) ;
#5949 = PRESENTATION_STYLE_ASSIGNMENT (( #3695 ) ) ;
#5950 = EDGE_CURVE ( 'NONE', #4327, #5723, #5441, .T. ) ;
#5951 = DIRECTION ( 'NONE',  ( -0.0000000000000000000, 0.9975640502598240900, 0.06975647374412817500 ) ) ;
#5952 = DIRECTION ( 'NONE',  ( 0.0000000000000000000, 0.06975647374411951500, -0.9975640502598246400 ) ) ;
#5953 = FACE_OUTER_BOUND ( 'NONE', #7435, .T. ) ;
#5954 = DIRECTION ( 'NONE',  ( 0.0000000000000000000, -0.9975640502598242000, 0.06975647374412599600 ) ) ;
#5955 = FACE_OUTER_BOUND ( 'NONE', #7800, .T. ) ;
#5956 =( NAMED_UNIT ( * ) PLANE_ANGLE_UNIT ( ) SI_UNIT ( $, .RADIAN. ) );
#5957 = ORIENTED_EDGE ( 'NONE', *, *, #627, .T. ) ;
#5958 = UNCERTAINTY_MEASURE_WITH_UNIT (LENGTH_MEASURE( 1.000000000000000100E-005 ), #2862, 'distance_accuracy_value', 'NONE');
#5959 = PRESENTATION_LAYER_ASSIGNMENT (  '', '', ( #6445 ) ) ;
#5960 = ORIENTED_EDGE ( 'NONE', *, *, #4058, .T. ) ;
#5961 = DIRECTION ( 'NONE',  ( 0.0000000000000000000, -0.9975640502598243100, -0.06975647374412599600 ) ) ;
#5962 = AXIS2_PLACEMENT_3D ( 'NONE', #8798, #3465, #7178 ) ;
#5963 = PRESENTATION_STYLE_ASSIGNMENT (( #3797 ) ) ;
#5964 = SURFACE_STYLE_FILL_AREA ( #6145 ) ;
#5965 = CARTESIAN_POINT ( 'NONE',  ( 0.1224999999999997800, -2.352474500060765600, 0.4344756473744061900 ) ) ;
#5966 = LINE ( 'NONE', #2225, #203 ) ;
#5967 = ORIENTED_EDGE ( 'NONE', *, *, #900, .T. ) ;
#5968 = PRESENTATION_LAYER_ASSIGNMENT (  '', '', ( #5023 ) ) ;
#5969 = EDGE_LOOP ( 'NONE', ( #3363, #6491, #6956, #6395 ) ) ;
#5970 =( LENGTH_UNIT ( ) NAMED_UNIT ( * ) SI_UNIT ( .MILLI., .METRE. ) );
#5971 = ORIENTED_EDGE ( 'NONE', *, *, #2863, .T. ) ;
#5972 =( LENGTH_UNIT ( ) NAMED_UNIT ( * ) SI_UNIT ( .MILLI., .METRE. ) );
#5973 = ORIENTED_EDGE ( 'NONE', *, *, #6308, .T. ) ;
#5974 = VECTOR ( 'NONE', #7920, 1000.000000000000000 ) ;
#5975 = STYLED_ITEM ( 'NONE', ( #4992 ), #4465 ) ;
#5976 = CARTESIAN_POINT ( 'NONE',  ( 1.827499999999999700, 2.497121287348441400, 0.4445903360673038000 ) ) ;
#5977 = ORIENTED_EDGE ( 'NONE', *, *, #4012, .F. ) ;
#5978 = COLOUR_RGB ( '',1.000000000000000000, 1.000000000000000000, 1.000000000000000000 ) ;
#5979 = ORIENTED_EDGE ( 'NONE', *, *, #4177, .F. ) ;
#5980 =( NAMED_UNIT ( * ) SI_UNIT ( $, .STERADIAN. ) SOLID_ANGLE_UNIT ( ) );
#5981 =( NAMED_UNIT ( * ) SI_UNIT ( $, .STERADIAN. ) SOLID_ANGLE_UNIT ( ) );
#5982 = MECHANICAL_DESIGN_GEOMETRIC_PRESENTATION_REPRESENTATION (  '', ( #5038 ), #6463 ) ;
#5983 = ORIENTED_EDGE ( 'NONE', *, *, #1520, .F. ) ;
#5984 = DIRECTION ( 'NONE',  ( 0.0000000000000000000, 0.0000000000000000000, 1.000000000000000000 ) ) ;
#5985 = AXIS2_PLACEMENT_3D ( 'NONE', #8025, #3736, #8787 ) ;
#5986 = CARTESIAN_POINT ( 'NONE',  ( -1.827500000000000100, -2.352474500060765600, 0.4344756473744061900 ) ) ;
#5987 = ORIENTED_EDGE ( 'NONE', *, *, #4219, .T. ) ;
#5988 = SURFACE_STYLE_USAGE ( .BOTH. , #5868 ) ;
#5989 = DIRECTION ( 'NONE',  ( 0.0000000000000000000, 0.0000000000000000000, -1.000000000000000000 ) ) ;
#5990 = LINE ( 'NONE', #2331, #1169 ) ;
#5991 = LINE ( 'NONE', #5894, #4115 ) ;
#5992 = CARTESIAN_POINT ( 'NONE',  ( -0.5275000000000001900, 2.200000000000000200, 0.5274999999999939700 ) ) ;
#5993 = CYLINDRICAL_SURFACE ( 'NONE', #5684, 0.09999999999999939500 ) ;
#5994 = PLANE ( 'NONE',  #846 ) ;
#5995 = ORIENTED_EDGE ( 'NONE', *, *, #4801, .T. ) ;
#5996 = ADVANCED_FACE ( 'NONE', ( #7120 ), #2649, .F. ) ;
#5997 =( GEOMETRIC_REPRESENTATION_CONTEXT ( 3 ) GLOBAL_UNCERTAINTY_ASSIGNED_CONTEXT ( ( #7335 ) ) GLOBAL_UNIT_ASSIGNED_CONTEXT ( ( #6871, #7946, #7827 ) ) REPRESENTATION_CONTEXT ( 'NONE', 'WORKASPACE' ) );
#5998 = CARTESIAN_POINT ( 'NONE',  ( -1.422500000000000100, -2.497121287348441900, 0.4445903360673038000 ) ) ;
#5999 = VERTEX_POINT ( 'NONE', #4722 ) ;
#6000 = CYLINDRICAL_SURFACE ( 'NONE', #9047, 0.09999999999999939500 ) ;
#6001 = CARTESIAN_POINT ( 'NONE',  ( -2.072500000000000200, -2.591346881151208100, 0.04185388424647555600 ) ) ;
#6002 = DIRECTION ( 'NONE',  ( -0.1710878697460328200, 0.1710878697460332900, 0.9702875252478148100 ) ) ;
#6003 = DIRECTION ( 'NONE',  ( 0.0000000000000000000, -0.06975647374412817500, 0.9975640502598240900 ) ) ;
#6004 = ORIENTED_EDGE ( 'NONE', *, *, #6020, .T. ) ;
#6005 = VECTOR ( 'NONE', #2822, 1000.000000000000000 ) ;
#6006 = UNCERTAINTY_MEASURE_WITH_UNIT (LENGTH_MEASURE( 1.000000000000000100E-005 ), #6806, 'distance_accuracy_value', 'NONE');
#6007 = DIRECTION ( 'NONE',  ( -1.000000000000000000, 0.0000000000000000000, -0.0000000000000000000 ) ) ;
#6008 = DIRECTION ( 'NONE',  ( 0.0000000000000000000, 0.9975640502598243100, -0.06975647374412599600 ) ) ;
#6009 = EDGE_CURVE ( 'NONE', #1684, #9433, #6449, .T. ) ;
#6010 = PLANE ( 'NONE',  #8690 ) ;
#6011 = DIRECTION ( 'NONE',  ( 0.0000000000000000000, 1.000000000000000000, -2.056603471294124000E-015 ) ) ;
#6012 = UNCERTAINTY_MEASURE_WITH_UNIT (LENGTH_MEASURE( 1.000000000000000100E-005 ), #4105, 'distance_accuracy_value', 'NONE');
#6013 = CARTESIAN_POINT ( 'NONE',  ( 2.072499999999999800, 2.200000000000000200, 0.5274999999999939700 ) ) ;
#6014 = CARTESIAN_POINT ( 'NONE',  ( -1.827500000000000100, -2.352474500060765600, 0.4344756473744061900 ) ) ;
#6015 = MECHANICAL_DESIGN_GEOMETRIC_PRESENTATION_REPRESENTATION (  '', ( #4588 ), #6496 ) ;
#6016 = SURFACE_SIDE_STYLE ('',( #6279 ) ) ;
#6017 = DIRECTION ( 'NONE',  ( 0.0000000000000000000, 0.0000000000000000000, -1.000000000000000000 ) ) ;
#6018 = ADVANCED_FACE ( 'NONE', ( #8400 ), #6152, .F. ) ;
#6019 = DIRECTION ( 'NONE',  ( 0.0000000000000000000, -0.06975647374412817500, 0.9975640502598240900 ) ) ;
#6020 = EDGE_CURVE ( 'NONE', #8913, #7253, #6, .T. ) ;
#6021 = EDGE_CURVE ( 'NONE', #8847, #8334, #3896, .T. ) ;
#6022 = DIRECTION ( 'NONE',  ( 0.0000000000000000000, 0.0000000000000000000, 1.000000000000000000 ) ) ;
#6023 = DIRECTION ( 'NONE',  ( 0.0000000000000000000, -0.06975647374411951500, -0.9975640502598246400 ) ) ;
#6024 = SURFACE_STYLE_USAGE ( .BOTH. , #998 ) ;
#6025 = DIRECTION ( 'NONE',  ( 0.0000000000000000000, -2.056603471294124000E-015, -1.000000000000000000 ) ) ;
#6026 = STYLED_ITEM ( 'NONE', ( #4020 ), #4006 ) ;
#6027 = DIRECTION ( 'NONE',  ( -1.000000000000000000, -0.0000000000000000000, 0.0000000000000000000 ) ) ;
#6028 = CARTESIAN_POINT ( 'NONE',  ( -0.7725000000000001900, 2.200000000000000200, 0.6724999999999941000 ) ) ;
#6029 =( NAMED_UNIT ( * ) PLANE_ANGLE_UNIT ( ) SI_UNIT ( $, .RADIAN. ) );
#6030 = DIRECTION ( 'NONE',  ( -1.000000000000000000, 0.0000000000000000000, -0.0000000000000000000 ) ) ;
#6031 = CARTESIAN_POINT ( 'NONE',  ( 0.7724999999999997400, -2.352474500060765600, 0.4344756473744061900 ) ) ;
#6032 =( NAMED_UNIT ( * ) PLANE_ANGLE_UNIT ( ) SI_UNIT ( $, .RADIAN. ) );
#6033 = STYLED_ITEM ( 'NONE', ( #7356 ), #8685 ) ;
#6034 = ADVANCED_FACE ( 'NONE', ( #1734 ), #8512, .T. ) ;
#6035 = DIRECTION ( 'NONE',  ( 0.0000000000000000000, -0.9975640502598242000, 0.06975647374412598200 ) ) ;
#6036 = MANIFOLD_SOLID_BREP ( 'Lead8', #7448 ) ;
#6037 = CARTESIAN_POINT ( 'NONE',  ( -1.827500000000000100, -2.252718095034783400, 0.5274999999999934200 ) ) ;
#6038 = SURFACE_STYLE_USAGE ( .BOTH. , #2519 ) ;
#6039 = SURFACE_STYLE_USAGE ( .BOTH. , #1029 ) ;
#6040 =( GEOMETRIC_REPRESENTATION_CONTEXT ( 3 ) GLOBAL_UNCERTAINTY_ASSIGNED_CONTEXT ( ( #5375 ) ) GLOBAL_UNIT_ASSIGNED_CONTEXT ( ( #51, #3761, #5150 ) ) REPRESENTATION_CONTEXT ( 'NONE', 'WORKASPACE' ) );
#6041 = EDGE_LOOP ( 'NONE', ( #420, #2472, #1641, #1475, #5960, #8817, #4109, #791, #9053, #8761, #7342, #1258 ) ) ;
#6042 = LINE ( 'NONE', #8431, #2019 ) ;
#6043 =( GEOMETRIC_REPRESENTATION_CONTEXT ( 3 ) GLOBAL_UNCERTAINTY_ASSIGNED_CONTEXT ( ( #2810 ) ) GLOBAL_UNIT_ASSIGNED_CONTEXT ( ( #395, #5449, #1149 ) ) REPRESENTATION_CONTEXT ( 'NONE', 'WORKASPACE' ) );
#6044 = CARTESIAN_POINT ( 'NONE',  ( 0.1224999999999997800, -3.189885311307101700, 2.710505431213761100E-017 ) ) ;
#6045 = CARTESIAN_POINT ( 'NONE',  ( -1.177500000000000200, 2.508680812192536400, 0.2792814291857203500 ) ) ;
#6046 = EDGE_LOOP ( 'NONE', ( #3858, #8385, #1682, #1674 ) ) ;
#6047 = EDGE_CURVE ( 'NONE', #4194, #3041, #3002, .T. ) ;
#6048 = VERTEX_POINT ( 'NONE', #3411 ) ;
#6049 = ADVANCED_FACE ( 'NONE', ( #5881 ), #9212, .F. ) ;
#6050 = CARTESIAN_POINT ( 'NONE',  ( 0.5274999999999997500, 2.252718095034784300, 0.4274999999999940500 ) ) ;
#6051 = LINE ( 'NONE', #7973, #7750 ) ;
#6052 = EDGE_CURVE ( 'NONE', #5188, #9032, #5209, .T. ) ;
#6053 = ADVANCED_FACE ( 'NONE', ( #1383 ), #9240, .F. ) ;
#6054 = ORIENTED_EDGE ( 'NONE', *, *, #6595, .F. ) ;
#6055 = DIRECTION ( 'NONE',  ( 0.0000000000000000000, 0.06975647374411951500, -0.9975640502598246400 ) ) ;
#6056 = ORIENTED_EDGE ( 'NONE', *, *, #9358, .T. ) ;
#6057 = UNCERTAINTY_MEASURE_WITH_UNIT (LENGTH_MEASURE( 1.000000000000000100E-005 ), #1283, 'distance_accuracy_value', 'NONE');
#6058 = VERTEX_POINT ( 'NONE', #5625 ) ;
#6059 = FILL_AREA_STYLE_COLOUR ( '', #3394 ) ;
#6060 = SURFACE_STYLE_FILL_AREA ( #4738 ) ;
#6061 = CIRCLE ( 'NONE', #6943, 0.09999999999999988100 ) ;
#6062 =( LENGTH_UNIT ( ) NAMED_UNIT ( * ) SI_UNIT ( .MILLI., .METRE. ) );
#6063 = SURFACE_STYLE_USAGE ( .BOTH. , #1059 ) ;
#6064 = SURFACE_STYLE_FILL_AREA ( #8723 ) ;
#6065 = EDGE_LOOP ( 'NONE', ( #4008, #6830, #3750, #9222 ) ) ;
#6066 = EDGE_CURVE ( 'NONE', #788, #6968, #4550, .T. ) ;
#6067 = EDGE_CURVE ( 'NONE', #5612, #1394, #2644, .T. ) ;
#6068 = ORIENTED_EDGE ( 'NONE', *, *, #6973, .F. ) ;
#6069 = FILL_AREA_STYLE_COLOUR ( '', #8352 ) ;
#6070 = SURFACE_SIDE_STYLE ('',( #4373 ) ) ;
#6071 = VECTOR ( 'NONE', #5013, 1000.000000000000000 ) ;
#6072 = ORIENTED_EDGE ( 'NONE', *, *, #9414, .T. ) ;
#6073 = VECTOR ( 'NONE', #9018, 1000.000000000000100 ) ;
#6074 = DIRECTION ( 'NONE',  ( 0.0000000000000000000, 0.0000000000000000000, 1.000000000000000000 ) ) ;
#6075 = VECTOR ( 'NONE', #5853, 1000.000000000000000 ) ;
#6076 = PRESENTATION_LAYER_ASSIGNMENT (  '', '', ( #5602 ) ) ;
#6077 = ORIENTED_EDGE ( 'NONE', *, *, #8520, .T. ) ;
#6078 = STYLED_ITEM ( 'NONE', ( #2136 ), #3576 ) ;
#6079 = LINE ( 'NONE', #1066, #1502 ) ;
#6080 = SURFACE_STYLE_USAGE ( .BOTH. , #1072 ) ;
#6081 = EDGE_LOOP ( 'NONE', ( #5947, #6131, #2739, #541 ) ) ;
#6082 = ADVANCED_FACE ( 'NONE', ( #6214 ), #5590, .F. ) ;
#6083 =( NAMED_UNIT ( * ) SI_UNIT ( $, .STERADIAN. ) SOLID_ANGLE_UNIT ( ) );
#6084 = VECTOR ( 'NONE', #7665, 1000.000000000000100 ) ;
#6085 = ORIENTED_EDGE ( 'NONE', *, *, #6373, .F. ) ;
#6086 =( GEOMETRIC_REPRESENTATION_CONTEXT ( 3 ) GLOBAL_UNCERTAINTY_ASSIGNED_CONTEXT ( ( #3149 ) ) GLOBAL_UNIT_ASSIGNED_CONTEXT ( ( #7729, #7702, #7862 ) ) REPRESENTATION_CONTEXT ( 'NONE', 'WORKASPACE' ) );
#6087 = COLOUR_RGB ( '',1.000000000000000000, 1.000000000000000000, 1.000000000000000000 ) ;
#6088 = DIRECTION ( 'NONE',  ( 0.0000000000000000000, 0.0000000000000000000, 1.000000000000000000 ) ) ;
#6089 = ORIENTED_EDGE ( 'NONE', *, *, #9414, .F. ) ;
#6090 = ORIENTED_EDGE ( 'NONE', *, *, #5883, .T. ) ;
#6091 = STYLED_ITEM ( 'NONE', ( #9250 ), #8233 ) ;
#6092 = ORIENTED_EDGE ( 'NONE', *, *, #3739, .T. ) ;
#6093 = VECTOR ( 'NONE', #4603, 1000.000000000000000 ) ;
#6094 = DIRECTION ( 'NONE',  ( 0.0000000000000000000, 0.0000000000000000000, -1.000000000000000000 ) ) ;
#6095 = VERTEX_POINT ( 'NONE', #3541 ) ;
#6096 = SURFACE_STYLE_FILL_AREA ( #6167 ) ;
#6097 = DIRECTION ( 'NONE',  ( -0.0000000000000000000, -0.0000000000000000000, 1.000000000000000000 ) ) ;
#6098 = DIRECTION ( 'NONE',  ( 0.0000000000000000000, -0.9975640502598246400, -0.06975647374411951500 ) ) ;
#6099 = ORIENTED_EDGE ( 'NONE', *, *, #2549, .F. ) ;
#6100 = FILL_AREA_STYLE_COLOUR ( '', #3383 ) ;
#6101 = VERTEX_POINT ( 'NONE', #8555 ) ;
#6102 = DIRECTION ( 'NONE',  ( -1.000000000000000000, 0.0000000000000000000, -0.0000000000000000000 ) ) ;
#6103 = AXIS2_PLACEMENT_3D ( 'NONE', #412, #6025, #2887 ) ;
#6104 = LINE ( 'NONE', #1658, #5885 ) ;
#6105 = LINE ( 'NONE', #1809, #3318 ) ;
#6106 = STYLED_ITEM ( 'NONE', ( #677 ), #7039 ) ;
#6107 = FILL_AREA_STYLE_COLOUR ( '', #5359 ) ;
#6108 = ADVANCED_FACE ( 'NONE', ( #7449 ), #4265, .F. ) ;
#6109 = ORIENTED_EDGE ( 'NONE', *, *, #3036, .F. ) ;
#6110 = CYLINDRICAL_SURFACE ( 'NONE', #619, 0.2450000000000004400 ) ;
#6111 = CARTESIAN_POINT ( 'NONE',  ( -1.177500000000000200, 2.352474500060765600, 0.4344756473744061900 ) ) ;
#6112 =( NAMED_UNIT ( * ) PLANE_ANGLE_UNIT ( ) SI_UNIT ( $, .RADIAN. ) );
#6113 = EDGE_CURVE ( 'NONE', #4613, #4029, #4873, .T. ) ;
#6114 = FACE_OUTER_BOUND ( 'NONE', #4445, .T. ) ;
#6115 = CARTESIAN_POINT ( 'NONE',  ( -0.7725000000000001900, -3.189885311307101700, 2.710505431213761100E-017 ) ) ;
#6116 = PRESENTATION_STYLE_ASSIGNMENT (( #8395 ) ) ;
#6117 = DIRECTION ( 'NONE',  ( 1.000000000000000000, -0.0000000000000000000, -0.0000000000000000000 ) ) ;
#6118 = FACE_OUTER_BOUND ( 'NONE', #2076, .T. ) ;
#6119 = AXIS2_PLACEMENT_3D ( 'NONE', #5143, #4370, #7877 ) ;
#6120 = FILL_AREA_STYLE_COLOUR ( '', #3882 ) ;
#6121 = CARTESIAN_POINT ( 'NONE',  ( 0.7724999999999997400, 3.189885311307101700, 2.710505431213761100E-017 ) ) ;
#6122 = LINE ( 'NONE', #8322, #8047 ) ;
#6123 = UNCERTAINTY_MEASURE_WITH_UNIT (LENGTH_MEASURE( 1.000000000000000100E-005 ), #5735, 'distance_accuracy_value', 'NONE');
#6124 = AXIS2_PLACEMENT_3D ( 'NONE', #7407, #3136, #8155 ) ;
#6125 = ORIENTED_EDGE ( 'NONE', *, *, #5400, .F. ) ;
#6126 = FILL_AREA_STYLE ('',( #5402 ) ) ;
#6127 = CARTESIAN_POINT ( 'NONE',  ( 2.750000000000000000, 2.200000000000000200, 0.6724999999999941000 ) ) ;
#6128 = CARTESIAN_POINT ( 'NONE',  ( -0.7725000000000001900, 3.189885311307101700, 2.710505431213761100E-017 ) ) ;
#6129 = DIRECTION ( 'NONE',  ( 0.0000000000000000000, 0.0000000000000000000, -1.000000000000000000 ) ) ;
#6130 = EDGE_CURVE ( 'NONE', #6431, #6655, #5539, .T. ) ;
#6131 = ORIENTED_EDGE ( 'NONE', *, *, #8271, .F. ) ;
#6132 = EDGE_CURVE ( 'NONE', #431, #8014, #2992, .T. ) ;
#6133 = ADVANCED_FACE ( 'NONE', ( #1046 ), #113, .F. ) ;
#6134 =( NAMED_UNIT ( * ) PLANE_ANGLE_UNIT ( ) SI_UNIT ( $, .RADIAN. ) );
#6135 = SURFACE_STYLE_USAGE ( .BOTH. , #1114 ) ;
#6136 = MECHANICAL_DESIGN_GEOMETRIC_PRESENTATION_REPRESENTATION (  '', ( #4709 ), #6614 ) ;
#6137 = DIRECTION ( 'NONE',  ( -1.000000000000000000, -0.0000000000000000000, -0.0000000000000000000 ) ) ;
#6138 = PRESENTATION_LAYER_ASSIGNMENT (  '', '', ( #5186 ) ) ;
#6139 = FILL_AREA_STYLE_COLOUR ( '', #7294 ) ;
#6140 = DIRECTION ( 'NONE',  ( -1.000000000000000000, -0.0000000000000000000, -0.0000000000000000000 ) ) ;
#6141 = DIRECTION ( 'NONE',  ( -1.000000000000000000, -0.0000000000000000000, 0.0000000000000000000 ) ) ;
#6142 = PRESENTATION_LAYER_ASSIGNMENT (  '', '', ( #5190 ) ) ;
#6143 = CARTESIAN_POINT ( 'NONE',  ( 2.072499999999999800, -3.189885311307101700, 2.710505431213761100E-017 ) ) ;
#6144 = ORIENTED_EDGE ( 'NONE', *, *, #7230, .T. ) ;
#6145 = FILL_AREA_STYLE ('',( #3728 ) ) ;
#6146 = LINE ( 'NONE', #5239, #4269 ) ;
#6147 = CARTESIAN_POINT ( 'NONE',  ( -1.177500000000000200, -2.601461569844106100, 0.1865006715341500400 ) ) ;
#6148 = CARTESIAN_POINT ( 'NONE',  ( -0.5275000000000001900, 2.601461569844106100, 0.1865006715341501500 ) ) ;
#6149 =( GEOMETRIC_REPRESENTATION_CONTEXT ( 3 ) GLOBAL_UNCERTAINTY_ASSIGNED_CONTEXT ( ( #8595 ) ) GLOBAL_UNIT_ASSIGNED_CONTEXT ( ( #4019, #9062, #4715 ) ) REPRESENTATION_CONTEXT ( 'NONE', 'WORKASPACE' ) );
#6150 = VECTOR ( 'NONE', #1597, 1000.000000000000000 ) ;
#6151 = PRESENTATION_LAYER_ASSIGNMENT (  '', '', ( #4721 ) ) ;
#6152 = PLANE ( 'NONE',  #8883 ) ;
#6153 = VERTEX_POINT ( 'NONE', #3628 ) ;
#6154 = DIRECTION ( 'NONE',  ( 0.0000000000000000000, 0.0000000000000000000, -1.000000000000000000 ) ) ;
#6155 = CARTESIAN_POINT ( 'NONE',  ( 0.5274999999999997500, -2.252718095034784300, 0.4274999999999940500 ) ) ;
#6156 = DIRECTION ( 'NONE',  ( -0.0000000000000000000, 1.000000000000000000, -0.0000000000000000000 ) ) ;
#6157 = CARTESIAN_POINT ( 'NONE',  ( 1.422499999999999700, -2.252718095034783400, 0.5274999999999934200 ) ) ;
#6158 = FACE_OUTER_BOUND ( 'NONE', #2289, .T. ) ;
#6159 = CARTESIAN_POINT ( 'NONE',  ( -0.5275000000000001900, -2.591346881151208100, 0.04185388424647555600 ) ) ;
#6160 = STYLED_ITEM ( 'NONE', ( #1511 ), #8990 ) ;
#6161 = VERTEX_POINT ( 'NONE', #8679 ) ;
#6162 = PLANE ( 'NONE',  #2359 ) ;
#6163 = ORIENTED_EDGE ( 'NONE', *, *, #7631, .F. ) ;
#6164 = CIRCLE ( 'NONE', #6255, 0.2450000000000001600 ) ;
#6165 = DIRECTION ( 'NONE',  ( 0.0000000000000000000, 0.0000000000000000000, 1.000000000000000000 ) ) ;
#6166 = FILL_AREA_STYLE_COLOUR ( '', #110 ) ;
#6167 = FILL_AREA_STYLE ('',( #4743 ) ) ;
#6168 = ORIENTED_EDGE ( 'NONE', *, *, #1996, .T. ) ;
#6169 = ORIENTED_EDGE ( 'NONE', *, *, #1520, .T. ) ;
#6170 = VERTEX_POINT ( 'NONE', #7932 ) ;
#6171 = AXIS2_PLACEMENT_3D ( 'NONE', #7990, #3708, #8765 ) ;
#6172 = LINE ( 'NONE', #3344, #4294 ) ;
#6173 = CARTESIAN_POINT ( 'NONE',  ( 2.072499999999999800, 2.608437217218518600, 0.2862570765601325000 ) ) ;
#6174 = LINE ( 'NONE', #9301, #7881 ) ;
#6175 = VECTOR ( 'NONE', #2453, 1000.000000000000000 ) ;
#6176 = VERTEX_POINT ( 'NONE', #8657 ) ;
#6177 = CARTESIAN_POINT ( 'NONE',  ( -2.500000000000000000, -2.200000000000000200, 0.5275000000000060800 ) ) ;
#6178 = DIRECTION ( 'NONE',  ( -1.000000000000000000, -0.0000000000000000000, -0.0000000000000000000 ) ) ;
#6179 = VERTEX_POINT ( 'NONE', #5058 ) ;
#6180 = VECTOR ( 'NONE', #839, 1000.000000000000000 ) ;
#6181 = EDGE_CURVE ( 'NONE', #6740, #3691, #5872, .T. ) ;
#6182 = CLOSED_SHELL ( 'NONE', ( #8288, #7852, #1526, #3674, #5360, #2678, #6422, #5344, #3212, #6835, #2495, #1863, #1425, #6331 ) ) ;
#6183 = UNCERTAINTY_MEASURE_WITH_UNIT (LENGTH_MEASURE( 1.000000000000000100E-005 ), #8354, 'distance_accuracy_value', 'NONE');
#6184 = VERTEX_POINT ( 'NONE', #2916 ) ;
#6185 = ORIENTED_EDGE ( 'NONE', *, *, #1246, .T. ) ;
#6186 = VECTOR ( 'NONE', #1124, 1000.000000000000000 ) ;
#6187 = EDGE_CURVE ( 'NONE', #3422, #8916, #7561, .T. ) ;
#6188 = COLOUR_RGB ( '',1.000000000000000000, 1.000000000000000000, 1.000000000000000000 ) ;
#6189 =( GEOMETRIC_REPRESENTATION_CONTEXT ( 3 ) GLOBAL_UNCERTAINTY_ASSIGNED_CONTEXT ( ( #1004 ) ) GLOBAL_UNIT_ASSIGNED_CONTEXT ( ( #1097, #6112, #1830 ) ) REPRESENTATION_CONTEXT ( 'NONE', 'WORKASPACE' ) );
#6190 = VECTOR ( 'NONE', #6721, 1000.000000000000000 ) ;
#6191 = SURFACE_SIDE_STYLE ('',( #1946 ) ) ;
#6192 = CARTESIAN_POINT ( 'NONE',  ( 2.424620215747131700, 2.124620215747132300, 0.1000000000000000100 ) ) ;
#6193 = VERTEX_POINT ( 'NONE', #7954 ) ;
#6194 = ORIENTED_EDGE ( 'NONE', *, *, #8664, .T. ) ;
#6195 = CARTESIAN_POINT ( 'NONE',  ( -0.1225000000000002200, -2.200000000000000200, 0.5274999999999939700 ) ) ;
#6196 = ORIENTED_EDGE ( 'NONE', *, *, #4305, .T. ) ;
#6197 = DIRECTION ( 'NONE',  ( 0.0000000000000000000, 0.06975647374412208300, -0.9975640502598244200 ) ) ;
#6198 = PRESENTATION_STYLE_ASSIGNMENT (( #9294 ) ) ;
#6199 = FACE_OUTER_BOUND ( 'NONE', #5658, .T. ) ;
#6200 = EDGE_CURVE ( 'NONE', #318, #3747, #7791, .T. ) ;
#6201 = FACE_OUTER_BOUND ( 'NONE', #819, .T. ) ;
#6202 = EDGE_CURVE ( 'NONE', #3083, #3171, #3998, .T. ) ;
#6203 = EDGE_LOOP ( 'NONE', ( #7878, #4037, #8030, #2193 ) ) ;
#6204 = VECTOR ( 'NONE', #6612, 1000.000000000000000 ) ;
#6205 = DIRECTION ( 'NONE',  ( -1.000000000000000000, -0.0000000000000000000, -0.0000000000000000000 ) ) ;
#6206 = VERTEX_POINT ( 'NONE', #25 ) ;
#6207 = FILL_AREA_STYLE_COLOUR ( '', #5429 ) ;
#6208 = PRESENTATION_STYLE_ASSIGNMENT (( #4820 ) ) ;
#6209 = STYLED_ITEM ( 'NONE', ( #3627 ), #7402 ) ;
#6210 = PRESENTATION_STYLE_ASSIGNMENT (( #1237 ) ) ;
#6211 = CIRCLE ( 'NONE', #8426, 0.2450000000000004400 ) ;
#6212 = AXIS2_PLACEMENT_3D ( 'NONE', #3517, #7108, #644 ) ;
#6213 = VERTEX_POINT ( 'NONE', #5805 ) ;
#6214 = FACE_OUTER_BOUND ( 'NONE', #2635, .T. ) ;
#6215 = CARTESIAN_POINT ( 'NONE',  ( -1.177500000000000200, 2.200000000000000200, 0.6724999999999941000 ) ) ;
#6216 = ORIENTED_EDGE ( 'NONE', *, *, #563, .T. ) ;
#6217 = DIRECTION ( 'NONE',  ( 0.0000000000000000000, 0.9975640502598243100, -0.06975647374412599600 ) ) ;
#6218 = SURFACE_STYLE_USAGE ( .BOTH. , #1200 ) ;
#6219 = ORIENTED_EDGE ( 'NONE', *, *, #490, .T. ) ;
#6220 =( GEOMETRIC_REPRESENTATION_CONTEXT ( 3 ) GLOBAL_UNCERTAINTY_ASSIGNED_CONTEXT ( ( #6123 ) ) GLOBAL_UNIT_ASSIGNED_CONTEXT ( ( #5735, #1420, #6454 ) ) REPRESENTATION_CONTEXT ( 'NONE', 'WORKASPACE' ) );
#6221 = ORIENTED_EDGE ( 'NONE', *, *, #609, .T. ) ;
#6222 = COLOUR_RGB ( '',1.000000000000000000, 1.000000000000000000, 1.000000000000000000 ) ;
#6223 = DIRECTION ( 'NONE',  ( -0.0000000000000000000, 0.0000000000000000000, 1.000000000000000000 ) ) ;
#6224 = LINE ( 'NONE', #2369, #4126 ) ;
#6225 = DIRECTION ( 'NONE',  ( -1.000000000000000000, 0.0000000000000000000, -0.0000000000000000000 ) ) ;
#6226 = LINE ( 'NONE', #5666, #4355 ) ;
#6227 = MECHANICAL_DESIGN_GEOMETRIC_PRESENTATION_REPRESENTATION (  '', ( #3857 ), #6704 ) ;
#6228 = CLOSED_SHELL ( 'NONE', ( #4691, #3950, #8830, #7906, #4150, #6082, #2330, #4339, #6983, #4734, #3145, #5812, #286, #3107 ) ) ;
#6229 = PRESENTATION_LAYER_ASSIGNMENT (  '', '', ( #5759 ) ) ;
#6230 = DIRECTION ( 'NONE',  ( 0.0000000000000000000, 0.9975640502598242000, -0.06975647374412599600 ) ) ;
#6231 = UNCERTAINTY_MEASURE_WITH_UNIT (LENGTH_MEASURE( 1.000000000000000100E-005 ), #322, 'distance_accuracy_value', 'NONE');
#6232 = EDGE_CURVE ( 'NONE', #3482, #5499, #7329, .T. ) ;
#6233 = CARTESIAN_POINT ( 'NONE',  ( -0.5275000000000001900, 2.200000000000000200, 0.5274999999999939700 ) ) ;
#6234 = VERTEX_POINT ( 'NONE', #2233 ) ;
#6235 = DIRECTION ( 'NONE',  ( 9.856383386231856400E-017, -1.000000000000000000, 0.0000000000000000000 ) ) ;
#6236 = AXIS2_PLACEMENT_3D ( 'NONE', #7602, #4749, #5557 ) ;
#6237 = DIRECTION ( 'NONE',  ( -1.000000000000000000, 0.0000000000000000000, -0.0000000000000000000 ) ) ;
#6238 = CARTESIAN_POINT ( 'NONE',  ( -0.5275000000000001900, -2.252718095034783400, 0.5274999999999934200 ) ) ;
#6239 = CARTESIAN_POINT ( 'NONE',  ( -1.827500000000000100, 2.591346881151208100, 0.04185388424647555600 ) ) ;
#6240 =( NAMED_UNIT ( * ) SI_UNIT ( $, .STERADIAN. ) SOLID_ANGLE_UNIT ( ) );
#6241 =( NAMED_UNIT ( * ) PLANE_ANGLE_UNIT ( ) SI_UNIT ( $, .RADIAN. ) );
#6242 = DIRECTION ( 'NONE',  ( 1.000000000000000000, 0.0000000000000000000, 0.0000000000000000000 ) ) ;
#6243 = CARTESIAN_POINT ( 'NONE',  ( -0.5275000000000001900, 2.497121287348441900, 0.4445903360673038000 ) ) ;
#6244 = EDGE_CURVE ( 'NONE', #4730, #4653, #5422, .T. ) ;
#6245 = EDGE_CURVE ( 'NONE', #4401, #7310, #1846, .T. ) ;
#6246 = ORIENTED_EDGE ( 'NONE', *, *, #6838, .T. ) ;
#6247 = PLANE ( 'NONE',  #4459 ) ;
#6248 = VECTOR ( 'NONE', #1726, 1000.000000000000000 ) ;
#6249 = COLOUR_RGB ( '',1.000000000000000000, 1.000000000000000000, 1.000000000000000000 ) ;
#6250 = AXIS2_PLACEMENT_3D ( 'NONE', #1525, #6549, #2251 ) ;
#6251 = AXIS2_PLACEMENT_3D ( 'NONE', #3592, #8647, #4324 ) ;
#6252 = CARTESIAN_POINT ( 'NONE',  ( -1.422500000000000100, -2.364034024904861500, 0.2691667404928227400 ) ) ;
#6253 =( LENGTH_UNIT ( ) NAMED_UNIT ( * ) SI_UNIT ( .MILLI., .METRE. ) );
#6254 =( LENGTH_UNIT ( ) NAMED_UNIT ( * ) SI_UNIT ( .MILLI., .METRE. ) );
#6255 = AXIS2_PLACEMENT_3D ( 'NONE', #3401, #6343, #6365 ) ;
#6256 = CARTESIAN_POINT ( 'NONE',  ( 0.7724999999999997400, -2.200000000000000200, 0.6724999999999941000 ) ) ;
#6257 = COLOUR_RGB ( '',1.000000000000000000, 1.000000000000000000, 1.000000000000000000 ) ;
#6258 =( NAMED_UNIT ( * ) SI_UNIT ( $, .STERADIAN. ) SOLID_ANGLE_UNIT ( ) );
#6259 = CARTESIAN_POINT ( 'NONE',  ( 0.7724999999999997400, -2.252718095034783400, 0.5274999999999934200 ) ) ;
#6260 =( NAMED_UNIT ( * ) PLANE_ANGLE_UNIT ( ) SI_UNIT ( $, .RADIAN. ) );
#6261 = CARTESIAN_POINT ( 'NONE',  ( 0.0000000000000000000, 0.0000000000000000000, 0.0000000000000000000 ) ) ;
#6262 = SURFACE_SIDE_STYLE ('',( #7614 ) ) ;
#6263 = DIRECTION ( 'NONE',  ( -1.000000000000000000, -0.0000000000000000000, 0.0000000000000000000 ) ) ;
#6264 = STYLED_ITEM ( 'NONE', ( #7851 ), #8132 ) ;
#6265 = EDGE_LOOP ( 'NONE', ( #7289, #5741, #6628, #6092 ) ) ;
#6266 = AXIS2_PLACEMENT_3D ( 'NONE', #1515, #2953, #6534 ) ;
#6267 =( NAMED_UNIT ( * ) SI_UNIT ( $, .STERADIAN. ) SOLID_ANGLE_UNIT ( ) );
#6268 = VECTOR ( 'NONE', #8905, 1000.000000000000000 ) ;
#6269 = CARTESIAN_POINT ( 'NONE',  ( -2.072500000000000200, -2.601461569844106100, 0.1865006715341501500 ) ) ;
#6270 = CARTESIAN_POINT ( 'NONE',  ( 2.072499999999999800, 2.200000000000000200, 0.5274999999999939700 ) ) ;
#6271 = CARTESIAN_POINT ( 'NONE',  ( -1.422500000000000100, -2.252718095034784300, 0.6724999999999939900 ) ) ;
#6272 = CARTESIAN_POINT ( 'NONE',  ( 0.1224999999999997800, -2.497121287348441900, 0.4445903360673038000 ) ) ;
#6273 = ORIENTED_EDGE ( 'NONE', *, *, #4130, .T. ) ;
#6274 = ADVANCED_FACE ( 'NONE', ( #9074 ), #6528, .F. ) ;
#6275 = ORIENTED_EDGE ( 'NONE', *, *, #6232, .T. ) ;
#6276 = VECTOR ( 'NONE', #7952, 1000.000000000000000 ) ;
#6277 = PRESENTATION_LAYER_ASSIGNMENT (  '', '', ( #4383 ) ) ;
#6278 = AXIS2_PLACEMENT_3D ( 'NONE', #4692, #357, #5397 ) ;
#6279 = SURFACE_STYLE_FILL_AREA ( #8670 ) ;
#6280 =( NAMED_UNIT ( * ) PLANE_ANGLE_UNIT ( ) SI_UNIT ( $, .RADIAN. ) );
#6281 = VERTEX_POINT ( 'NONE', #8016 ) ;
#6282 = PRESENTATION_STYLE_ASSIGNMENT (( #2427 ) ) ;
#6283 = ORIENTED_EDGE ( 'NONE', *, *, #6550, .F. ) ;
#6284 = EDGE_CURVE ( 'NONE', #1307, #4279, #923, .T. ) ;
#6285 = ORIENTED_EDGE ( 'NONE', *, *, #7963, .T. ) ;
#6286 = DIRECTION ( 'NONE',  ( -0.0000000000000000000, 0.0000000000000000000, 1.000000000000000000 ) ) ;
#6287 = COLOUR_RGB ( '',1.000000000000000000, 1.000000000000000000, 1.000000000000000000 ) ;
#6288 = LINE ( 'NONE', #5508, #2488 ) ;
#6289 = CARTESIAN_POINT ( 'NONE',  ( 1.422499999999999700, 2.608437217218518600, 0.2862570765601324400 ) ) ;
#6290 = AXIS2_PLACEMENT_3D ( 'NONE', #79, #591, #31 ) ;
#6291 = DIRECTION ( 'NONE',  ( 0.0000000000000000000, 0.0000000000000000000, -1.000000000000000000 ) ) ;
#6292 = PRESENTATION_LAYER_ASSIGNMENT (  '', '', ( #4869 ) ) ;
#6293 = EDGE_LOOP ( 'NONE', ( #1350, #2751, #6216, #5167 ) ) ;
#6294 = UNCERTAINTY_MEASURE_WITH_UNIT (LENGTH_MEASURE( 1.000000000000000100E-005 ), #4404, 'distance_accuracy_value', 'NONE');
#6295 =( NAMED_UNIT ( * ) PLANE_ANGLE_UNIT ( ) SI_UNIT ( $, .RADIAN. ) );
#6296 = CARTESIAN_POINT ( 'NONE',  ( 0.7724999999999997400, 2.352474500060765600, 0.4344756473744061900 ) ) ;
#6297 = ORIENTED_EDGE ( 'NONE', *, *, #5472, .F. ) ;
#6298 = FILL_AREA_STYLE_COLOUR ( '', #8600 ) ;
#6299 = SURFACE_SIDE_STYLE ('',( #2625 ) ) ;
#6300 = CARTESIAN_POINT ( 'NONE',  ( 2.072499999999999800, -2.252718095034783400, 0.5274999999999934200 ) ) ;
#6301 = ORIENTED_EDGE ( 'NONE', *, *, #3022, .F. ) ;
#6302 = CYLINDRICAL_SURFACE ( 'NONE', #2833, 0.2450000000000004400 ) ;
#6303 = LINE ( 'NONE', #4437, #2502 ) ;
#6304 = VECTOR ( 'NONE', #3485, 1000.000000000000000 ) ;
#6305 = SURFACE_SIDE_STYLE ('',( #7111 ) ) ;
#6306 = EDGE_LOOP ( 'NONE', ( #6004, #1338, #1791, #1058 ) ) ;
#6307 = EDGE_CURVE ( 'NONE', #1134, #1421, #6429, .T. ) ;
#6308 = EDGE_CURVE ( 'NONE', #8852, #5873, #2633, .T. ) ;
#6309 = EDGE_LOOP ( 'NONE', ( #4167, #7430, #3051, #4176 ) ) ;
#6310 = LINE ( 'NONE', #6989, #2509 ) ;
#6311 = DIRECTION ( 'NONE',  ( 0.0000000000000000000, 0.9975640502598245300, 0.06975647374412209700 ) ) ;
#6312 = CARTESIAN_POINT ( 'NONE',  ( 1.177499999999999800, 2.497121287348441900, 0.4445903360673038000 ) ) ;
#6313 = ORIENTED_EDGE ( 'NONE', *, *, #9153, .F. ) ;
#6314 = VECTOR ( 'NONE', #2808, 1000.000000000000000 ) ;
#6315 = CARTESIAN_POINT ( 'NONE',  ( -1.827500000000000100, -2.497121287348441900, 0.4445903360673038000 ) ) ;
#6316 = FACE_OUTER_BOUND ( 'NONE', #607, .T. ) ;
#6317 = EDGE_LOOP ( 'NONE', ( #526, #355, #4544, #5083 ) ) ;
#6318 = STYLED_ITEM ( 'NONE', ( #531 ), #3017 ) ;
#6319 = DIRECTION ( 'NONE',  ( 0.0000000000000000000, -0.06975647374412599600, 0.9975640502598242000 ) ) ;
#6320 = EDGE_LOOP ( 'NONE', ( #569, #1444, #4035, #6850 ) ) ;
#6321 = AXIS2_PLACEMENT_3D ( 'NONE', #1308, #1288, #1314 ) ;
#6322 = COLOUR_RGB ( '',1.000000000000000000, 1.000000000000000000, 1.000000000000000000 ) ;
#6323 = CIRCLE ( 'NONE', #7151, 0.09999999999999988100 ) ;
#6324 = EDGE_CURVE ( 'NONE', #8493, #686, #8381, .T. ) ;
#6325 = CARTESIAN_POINT ( 'NONE',  ( 0.7724999999999997400, 2.364034024904861500, 0.2691667404928227400 ) ) ;
#6326 = ORIENTED_EDGE ( 'NONE', *, *, #5663, .T. ) ;
#6327 = CARTESIAN_POINT ( 'NONE',  ( 1.827499999999999700, -2.608437217218518600, 0.2862570765601325000 ) ) ;
#6328 = SURFACE_SIDE_STYLE ('',( #9200 ) ) ;
#6329 = CLOSED_SHELL ( 'NONE', ( #2779, #5577, #8259, #8178, #6568, #6369, #3933, #7500, #3055, #2149, #7704, #5433, #4420, #7525 ) ) ;
#6330 = AXIS2_PLACEMENT_3D ( 'NONE', #8900, #4568, #220 ) ;
#6331 = ADVANCED_FACE ( 'NONE', ( #8127 ), #8840, .F. ) ;
#6332 = CARTESIAN_POINT ( 'NONE',  ( -1.177500000000000200, 2.591346881151208100, 0.04185388424647555600 ) ) ;
#6333 = MECHANICAL_DESIGN_GEOMETRIC_PRESENTATION_REPRESENTATION (  '', ( #5369 ), #6818 ) ;
#6334 = SURFACE_SIDE_STYLE ('',( #1344 ) ) ;
#6335 = LINE ( 'NONE', #1745, #8277 ) ;
#6336 =( NAMED_UNIT ( * ) SI_UNIT ( $, .STERADIAN. ) SOLID_ANGLE_UNIT ( ) );
#6337 = CLOSED_SHELL ( 'NONE', ( #958, #4505, #2923, #7482, #1769, #3774, #2879, #8446, #3274, #8132, #7235, #7745, #2468, #3617 ) ) ;
#6338 =( NAMED_UNIT ( * ) SI_UNIT ( $, .STERADIAN. ) SOLID_ANGLE_UNIT ( ) );
#6339 = CARTESIAN_POINT ( 'NONE',  ( 1.827499999999999700, 2.364034024904861500, 0.2691667404928227400 ) ) ;
#6340 = VECTOR ( 'NONE', #3449, 1000.000000000000000 ) ;
#6341 = FACE_OUTER_BOUND ( 'NONE', #6293, .T. ) ;
#6342 = ORIENTED_EDGE ( 'NONE', *, *, #7761, .F. ) ;
#6343 = DIRECTION ( 'NONE',  ( -1.000000000000000000, -0.0000000000000000000, -0.0000000000000000000 ) ) ;
#6344 = PRESENTATION_LAYER_ASSIGNMENT (  '', '', ( #6825 ) ) ;
#6345 = DIRECTION ( 'NONE',  ( -1.000000000000000000, 0.0000000000000000000, -0.0000000000000000000 ) ) ;
#6346 =( NAMED_UNIT ( * ) SI_UNIT ( $, .STERADIAN. ) SOLID_ANGLE_UNIT ( ) );
#6347 = ORIENTED_EDGE ( 'NONE', *, *, #7901, .T. ) ;
#6348 = FILL_AREA_STYLE ('',( #5638 ) ) ;
#6349 = STYLED_ITEM ( 'NONE', ( #6198 ), #1788 ) ;
#6350 = PRESENTATION_STYLE_ASSIGNMENT (( #5909 ) ) ;
#6351 = UNCERTAINTY_MEASURE_WITH_UNIT (LENGTH_MEASURE( 1.000000000000000100E-005 ), #3522, 'distance_accuracy_value', 'NONE');
#6352 = PLANE ( 'NONE',  #3340 ) ;
#6353 = PRESENTATION_LAYER_ASSIGNMENT (  '', '', ( #5878 ) ) ;
#6354 = FILL_AREA_STYLE_COLOUR ( '', #5573 ) ;
#6355 = PRESENTATION_STYLE_ASSIGNMENT (( #7109 ) ) ;
#6356 = DIRECTION ( 'NONE',  ( -1.000000000000000000, 0.0000000000000000000, -0.0000000000000000000 ) ) ;
#6357 = EDGE_CURVE ( 'NONE', #6179, #2416, #684, .T. ) ;
#6358 = DIRECTION ( 'NONE',  ( 1.000000000000000000, 0.0000000000000000000, 0.0000000000000000000 ) ) ;
#6359 = FACE_OUTER_BOUND ( 'NONE', #3057, .T. ) ;
#6360 = ORIENTED_EDGE ( 'NONE', *, *, #7522, .T. ) ;
#6361 = EDGE_CURVE ( 'NONE', #4222, #2632, #456, .T. ) ;
#6362 = PRESENTATION_LAYER_ASSIGNMENT (  '', '', ( #5889 ) ) ;
#6363 =( NAMED_UNIT ( * ) SI_UNIT ( $, .STERADIAN. ) SOLID_ANGLE_UNIT ( ) );
#6364 = CARTESIAN_POINT ( 'NONE',  ( 2.072499999999999800, -2.591346881151208100, 0.04185388424647555600 ) ) ;
#6365 = DIRECTION ( 'NONE',  ( 0.0000000000000000000, 0.0000000000000000000, -1.000000000000000000 ) ) ;
#6366 = ORIENTED_EDGE ( 'NONE', *, *, #5662, .F. ) ;
#6367 = FACE_OUTER_BOUND ( 'NONE', #6635, .T. ) ;
#6368 =( NAMED_UNIT ( * ) PLANE_ANGLE_UNIT ( ) SI_UNIT ( $, .RADIAN. ) );
#6369 = ADVANCED_FACE ( 'NONE', ( #4326 ), #8871, .F. ) ;
#6370 =( LENGTH_UNIT ( ) NAMED_UNIT ( * ) SI_UNIT ( .MILLI., .METRE. ) );
#6371 = LINE ( 'NONE', #1692, #863 ) ;
#6372 = EDGE_CURVE ( 'NONE', #3635, #7328, #5307, .T. ) ;
#6373 = EDGE_CURVE ( 'NONE', #2157, #6431, #3413, .T. ) ;
#6374 = CARTESIAN_POINT ( 'NONE',  ( -1.177500000000000200, 2.601461569844106100, 0.1865006715341501500 ) ) ;
#6375 = AXIS2_PLACEMENT_3D ( 'NONE', #5468, #391, #8401 ) ;
#6376 = DIRECTION ( 'NONE',  ( -1.000000000000000000, 0.0000000000000000000, -0.0000000000000000000 ) ) ;
#6377 = CYLINDRICAL_SURFACE ( 'NONE', #7537, 0.2450000000000004400 ) ;
#6378 = PRESENTATION_LAYER_ASSIGNMENT (  '', '', ( #5430 ) ) ;
#6379 = LINE ( 'NONE', #8305, #2582 ) ;
#6380 = FILL_AREA_STYLE ('',( #9334 ) ) ;
#6381 = FILL_AREA_STYLE_COLOUR ( '', #4433 ) ;
#6382 = VERTEX_POINT ( 'NONE', #1687 ) ;
#6383 = DIRECTION ( 'NONE',  ( 0.0000000000000000000, 0.9975640502598243100, -0.06975647374412599600 ) ) ;
#6384 = ORIENTED_EDGE ( 'NONE', *, *, #1388, .T. ) ;
#6385 = CYLINDRICAL_SURFACE ( 'NONE', #5962, 0.2450000000000004400 ) ;
#6386 = PRESENTATION_STYLE_ASSIGNMENT (( #5891 ) ) ;
#6387 = SURFACE_STYLE_FILL_AREA ( #5794 ) ;
#6388 = SURFACE_STYLE_USAGE ( .BOTH. , #7118 ) ;
#6389 = STYLED_ITEM ( 'NONE', ( #7147 ), #8332 ) ;
#6390 = CYLINDRICAL_SURFACE ( 'NONE', #4719, 0.09999999999999939500 ) ;
#6391 = CARTESIAN_POINT ( 'NONE',  ( -0.1225000000000002200, -2.200000000000000200, 0.6724999999999941000 ) ) ;
#6392 = ORIENTED_EDGE ( 'NONE', *, *, #37, .T. ) ;
#6393 = ORIENTED_EDGE ( 'NONE', *, *, #8878, .T. ) ;
#6394 =( NAMED_UNIT ( * ) PLANE_ANGLE_UNIT ( ) SI_UNIT ( $, .RADIAN. ) );
#6395 = ORIENTED_EDGE ( 'NONE', *, *, #1207, .T. ) ;
#6396 =( NAMED_UNIT ( * ) SI_UNIT ( $, .STERADIAN. ) SOLID_ANGLE_UNIT ( ) );
#6397 = VECTOR ( 'NONE', #450, 1000.000000000000100 ) ;
#6398 = VECTOR ( 'NONE', #2236, 1000.000000000000000 ) ;
#6399 = CARTESIAN_POINT ( 'NONE',  ( 1.422499999999999700, 3.200000000000000200, 0.1446467872876744900 ) ) ;
#6400 = LINE ( 'NONE', #4541, #2841 ) ;
#6401 = VERTEX_POINT ( 'NONE', #8895 ) ;
#6402 =( LENGTH_UNIT ( ) NAMED_UNIT ( * ) SI_UNIT ( .MILLI., .METRE. ) );
#6403 = UNCERTAINTY_MEASURE_WITH_UNIT (LENGTH_MEASURE( 1.000000000000000100E-005 ), #9340, 'distance_accuracy_value', 'NONE');
#6404 = VECTOR ( 'NONE', #4453, 1000.000000000000100 ) ;
#6405 =( GEOMETRIC_REPRESENTATION_CONTEXT ( 3 ) GLOBAL_UNCERTAINTY_ASSIGNED_CONTEXT ( ( #6057 ) ) GLOBAL_UNIT_ASSIGNED_CONTEXT ( ( #1283, #858, #1677 ) ) REPRESENTATION_CONTEXT ( 'NONE', 'WORKASPACE' ) );
#6406 = FILL_AREA_STYLE ('',( #5633 ) ) ;
#6407 = ORIENTED_EDGE ( 'NONE', *, *, #4527, .F. ) ;
#6408 = EDGE_LOOP ( 'NONE', ( #2299, #925, #5550, #7757 ) ) ;
#6409 = ORIENTED_EDGE ( 'NONE', *, *, #1079, .F. ) ;
#6410 = AXIS2_PLACEMENT_3D ( 'NONE', #6552, #3009, #8002 ) ;
#6411 = PRESENTATION_STYLE_ASSIGNMENT (( #2406 ) ) ;
#6412 = VECTOR ( 'NONE', #6008, 999.9999999999998900 ) ;
#6413 = EDGE_CURVE ( 'NONE', #4063, #8394, #7218, .T. ) ;
#6414 = CARTESIAN_POINT ( 'NONE',  ( -2.750000000000000000, 2.200000000000000200, 0.6724999999999941000 ) ) ;
#6415 = EDGE_LOOP ( 'NONE', ( #1348, #7919, #2979, #3513 ) ) ;
#6416 = UNCERTAINTY_MEASURE_WITH_UNIT (LENGTH_MEASURE( 1.000000000000000100E-005 ), #8362, 'distance_accuracy_value', 'NONE');
#6417 = PLANE ( 'NONE',  #7673 ) ;
#6418 = VERTEX_POINT ( 'NONE', #8172 ) ;
#6419 = FILL_AREA_STYLE_COLOUR ( '', #1152 ) ;
#6420 = MECHANICAL_DESIGN_GEOMETRIC_PRESENTATION_REPRESENTATION (  '', ( #5461 ), #6903 ) ;
#6421 = ORIENTED_EDGE ( 'NONE', *, *, #38, .F. ) ;
#6422 = ADVANCED_FACE ( 'NONE', ( #8953 ), #2424, .F. ) ;
#6423 = DIRECTION ( 'NONE',  ( 1.000000000000000000, 0.0000000000000000000, -0.0000000000000000000 ) ) ;
#6424 = FACE_OUTER_BOUND ( 'NONE', #6408, .T. ) ;
#6425 = AXIS2_PLACEMENT_3D ( 'NONE', #8293, #4696, #4025 ) ;
#6426 = DIRECTION ( 'NONE',  ( -0.0000000000000000000, 0.06975647374412208300, 0.9975640502598244200 ) ) ;
#6427 = LINE ( 'NONE', #1850, #682 ) ;
#6428 = ORIENTED_EDGE ( 'NONE', *, *, #7270, .T. ) ;
#6429 = LINE ( 'NONE', #127, #2867 ) ;
#6430 = PLANE ( 'NONE',  #7137 ) ;
#6431 = VERTEX_POINT ( 'NONE', #6703 ) ;
#6432 = DIRECTION ( 'NONE',  ( 0.0000000000000000000, 0.9975640502598243100, -0.06975647374412599600 ) ) ;
#6433 = ORIENTED_EDGE ( 'NONE', *, *, #3456, .T. ) ;
#6434 = CARTESIAN_POINT ( 'NONE',  ( 0.7724999999999997400, -2.252718095034784300, 0.6724999999999939900 ) ) ;
#6435 = VECTOR ( 'NONE', #5664, 1000.000000000000000 ) ;
#6436 = FILL_AREA_STYLE_COLOUR ( '', #4654 ) ;
#6437 = LINE ( 'NONE', #3393, #2641 ) ;
#6438 = EDGE_CURVE ( 'NONE', #7996, #4393, #9194, .T. ) ;
#6439 = EDGE_CURVE ( 'NONE', #537, #4194, #5088, .T. ) ;
#6440 = EDGE_LOOP ( 'NONE', ( #2057, #4621, #4231, #4552 ) ) ;
#6441 = COLOUR_RGB ( '',1.000000000000000000, 1.000000000000000000, 1.000000000000000000 ) ;
#6442 = CARTESIAN_POINT ( 'NONE',  ( 1.827499999999999700, -2.364034024904861500, 0.2691667404928227400 ) ) ;
#6443 = EDGE_LOOP ( 'NONE', ( #5424, #3644, #1491, #1589, #3631, #781, #7771, #5731, #7184, #6508, #3603, #2937 ) ) ;
#6444 = PLANE ( 'NONE',  #2938 ) ;
#6445 = STYLED_ITEM ( 'NONE', ( #4983 ), #6774 ) ;
#6446 = MECHANICAL_DESIGN_GEOMETRIC_PRESENTATION_REPRESENTATION (  '', ( #5477 ), #6914 ) ;
#6447 = CARTESIAN_POINT ( 'NONE',  ( 1.177499999999999800, -2.352474500060765600, 0.4344756473744061900 ) ) ;
#6448 = EDGE_LOOP ( 'NONE', ( #8336, #780, #6072, #9410 ) ) ;
#6449 = LINE ( 'NONE', #9071, #705 ) ;
#6450 = EDGE_LOOP ( 'NONE', ( #8696, #7869, #1351, #7554 ) ) ;
#6451 = MECHANICAL_DESIGN_GEOMETRIC_PRESENTATION_REPRESENTATION (  '', ( #5023 ), #6920 ) ;
#6452 = SURFACE_STYLE_FILL_AREA ( #6406 ) ;
#6453 = CARTESIAN_POINT ( 'NONE',  ( 0.1224999999999997800, -3.189885311307101700, 2.710505431213761100E-017 ) ) ;
#6454 =( NAMED_UNIT ( * ) SI_UNIT ( $, .STERADIAN. ) SOLID_ANGLE_UNIT ( ) );
#6455 = DIRECTION ( 'NONE',  ( 0.0000000000000000000, -0.06975647374412817500, 0.9975640502598240900 ) ) ;
#6456 = STYLED_ITEM ( 'NONE', ( #2929 ), #7944 ) ;
#6457 = DIRECTION ( 'NONE',  ( -1.000000000000000000, -0.0000000000000000000, -0.0000000000000000000 ) ) ;
#6458 = PRESENTATION_LAYER_ASSIGNMENT (  '', '', ( #5975 ) ) ;
#6459 = ORIENTED_EDGE ( 'NONE', *, *, #4287, .T. ) ;
#6460 = PRESENTATION_STYLE_ASSIGNMENT (( #9394 ) ) ;
#6461 = DIRECTION ( 'NONE',  ( -1.000000000000000000, 0.0000000000000000000, -0.0000000000000000000 ) ) ;
#6462 =( NAMED_UNIT ( * ) SI_UNIT ( $, .STERADIAN. ) SOLID_ANGLE_UNIT ( ) );
#6463 =( GEOMETRIC_REPRESENTATION_CONTEXT ( 3 ) GLOBAL_UNCERTAINTY_ASSIGNED_CONTEXT ( ( #4146 ) ) GLOBAL_UNIT_ASSIGNED_CONTEXT ( ( #3823, #359, #6338 ) ) REPRESENTATION_CONTEXT ( 'NONE', 'WORKASPACE' ) );
#6464 =( LENGTH_UNIT ( ) NAMED_UNIT ( * ) SI_UNIT ( .MILLI., .METRE. ) );
#6465 = VECTOR ( 'NONE', #5938, 1000.000000000000000 ) ;
#6466 = CARTESIAN_POINT ( 'NONE',  ( 1.827499999999999700, -3.189885311307101700, 2.710505431213761100E-017 ) ) ;
#6467 = PRESENTATION_LAYER_ASSIGNMENT (  '', '', ( #5502 ) ) ;
#6468 = SURFACE_STYLE_USAGE ( .BOTH. , #1441 ) ;
#6469 = DIRECTION ( 'NONE',  ( 0.0000000000000000000, 2.056603471294124000E-015, -1.000000000000000000 ) ) ;
#6470 = ADVANCED_FACE ( 'NONE', ( #3188 ), #276, .F. ) ;
#6471 = FILL_AREA_STYLE ('',( #5722 ) ) ;
#6472 = COLOUR_RGB ( '',1.000000000000000000, 1.000000000000000000, 1.000000000000000000 ) ;
#6473 = UNCERTAINTY_MEASURE_WITH_UNIT (LENGTH_MEASURE( 1.000000000000000100E-005 ), #1731, 'distance_accuracy_value', 'NONE');
#6474 = SURFACE_STYLE_USAGE ( .BOTH. , #1448 ) ;
#6475 = VECTOR ( 'NONE', #6977, 1000.000000000000000 ) ;
#6476 = ORIENTED_EDGE ( 'NONE', *, *, #1261, .T. ) ;
#6477 = STYLED_ITEM ( 'NONE', ( #536 ), #2144 ) ;
#6478 = DIRECTION ( 'NONE',  ( 0.0000000000000000000, 0.0000000000000000000, 1.000000000000000000 ) ) ;
#6479 = STYLED_ITEM ( 'NONE', ( #1193 ), #5654 ) ;
#6480 = PRESENTATION_STYLE_ASSIGNMENT (( #8439 ) ) ;
#6481 = ORIENTED_EDGE ( 'NONE', *, *, #2123, .T. ) ;
#6482 = FILL_AREA_STYLE_COLOUR ( '', #214 ) ;
#6483 = LINE ( 'NONE', #6037, #6248 ) ;
#6484 = LINE ( 'NONE', #2443, #978 ) ;
#6485 =( NAMED_UNIT ( * ) PLANE_ANGLE_UNIT ( ) SI_UNIT ( $, .RADIAN. ) );
#6486 = SURFACE_SIDE_STYLE ('',( #1467 ) ) ;
#6487 = EDGE_CURVE ( 'NONE', #2387, #5087, #8006, .T. ) ;
#6488 = SURFACE_STYLE_USAGE ( .BOTH. , #3593 ) ;
#6489 = CARTESIAN_POINT ( 'NONE',  ( 0.5274999999999997500, -3.200000000000000200, 0.1446467872876744900 ) ) ;
#6490 = SURFACE_SIDE_STYLE ('',( #3729 ) ) ;
#6491 = ORIENTED_EDGE ( 'NONE', *, *, #8404, .F. ) ;
#6492 = FACE_OUTER_BOUND ( 'NONE', #6265, .T. ) ;
#6493 = CARTESIAN_POINT ( 'NONE',  ( -0.5275000000000001900, 2.200000000000000200, 0.6724999999999941000 ) ) ;
#6494 = VECTOR ( 'NONE', #2324, 1000.000000000000000 ) ;
#6495 =( NAMED_UNIT ( * ) PLANE_ANGLE_UNIT ( ) SI_UNIT ( $, .RADIAN. ) );
#6496 =( GEOMETRIC_REPRESENTATION_CONTEXT ( 3 ) GLOBAL_UNCERTAINTY_ASSIGNED_CONTEXT ( ( #6919 ) ) GLOBAL_UNIT_ASSIGNED_CONTEXT ( ( #6464, #6495, #6572 ) ) REPRESENTATION_CONTEXT ( 'NONE', 'WORKASPACE' ) );
#6497 = CARTESIAN_POINT ( 'NONE',  ( -0.1225000000000002200, 2.252718095034784300, 0.4274999999999940500 ) ) ;
#6498 = DIRECTION ( 'NONE',  ( 0.0000000000000000000, 0.0000000000000000000, -1.000000000000000000 ) ) ;
#6499 = ORIENTED_EDGE ( 'NONE', *, *, #4163, .F. ) ;
#6500 = EDGE_CURVE ( 'NONE', #7550, #1307, #4205, .T. ) ;
#6501 = EDGE_CURVE ( 'NONE', #6048, #3840, #6079, .T. ) ;
#6502 = CARTESIAN_POINT ( 'NONE',  ( -1.827500000000000100, -2.200000000000000200, 0.6724999999999941000 ) ) ;
#6503 = SURFACE_SIDE_STYLE ('',( #9156 ) ) ;
#6504 = SURFACE_STYLE_FILL_AREA ( #3492 ) ;
#6505 = ORIENTED_EDGE ( 'NONE', *, *, #7391, .T. ) ;
#6506 = STYLED_ITEM ( 'NONE', ( #7073 ), #7500 ) ;
#6507 = CARTESIAN_POINT ( 'NONE',  ( -0.1225000000000002200, -2.252718095034783400, 0.5274999999999934200 ) ) ;
#6508 = ORIENTED_EDGE ( 'NONE', *, *, #8585, .F. ) ;
#6509 = CARTESIAN_POINT ( 'NONE',  ( 1.422499999999999700, 2.200000000000000200, 0.6724999999999941000 ) ) ;
#6510 = PRESENTATION_LAYER_ASSIGNMENT (  '', '', ( #6026 ) ) ;
#6511 = VECTOR ( 'NONE', #6732, 1000.000000000000000 ) ;
#6512 = CIRCLE ( 'NONE', #9225, 0.2450000000000004400 ) ;
#6513 = FILL_AREA_STYLE_COLOUR ( '', #5084 ) ;
#6514 = LINE ( 'NONE', #3130, #768 ) ;
#6515 = ADVANCED_FACE ( 'NONE', ( #332 ), #3985, .F. ) ;
#6516 = CARTESIAN_POINT ( 'NONE',  ( -1.827500000000000100, 3.200000000000000200, 0.1446467872876744900 ) ) ;
#6517 = ORIENTED_EDGE ( 'NONE', *, *, #1145, .T. ) ;
#6518 = CARTESIAN_POINT ( 'NONE',  ( -0.7725000000000001900, -2.508680812192536400, 0.2792814291857203500 ) ) ;
#6519 = ORIENTED_EDGE ( 'NONE', *, *, #7063, .T. ) ;
#6520 = SURFACE_STYLE_USAGE ( .BOTH. , #6486 ) ;
#6521 = FILL_AREA_STYLE_COLOUR ( '', #1776 ) ;
#6522 = DIRECTION ( 'NONE',  ( 0.0000000000000000000, -1.000000000000000000, -2.056603471294124000E-015 ) ) ;
#6523 = AXIS2_PLACEMENT_3D ( 'NONE', #1777, #6793, #2505 ) ;
#6524 = CARTESIAN_POINT ( 'NONE',  ( -2.500000000000000000, 2.200000000000000200, 0.5275000000000060800 ) ) ;
#6525 = VECTOR ( 'NONE', #6824, 1000.000000000000000 ) ;
#6526 = FACE_OUTER_BOUND ( 'NONE', #2357, .T. ) ;
#6527 = FILL_AREA_STYLE ('',( #8641 ) ) ;
#6528 = PLANE ( 'NONE',  #4931 ) ;
#6529 = VERTEX_POINT ( 'NONE', #9055 ) ;
#6530 = DIRECTION ( 'NONE',  ( -1.000000000000000000, -0.0000000000000000000, -0.0000000000000000000 ) ) ;
#6531 =( NAMED_UNIT ( * ) SI_UNIT ( $, .STERADIAN. ) SOLID_ANGLE_UNIT ( ) );
#6532 = ORIENTED_EDGE ( 'NONE', *, *, #6810, .T. ) ;
#6533 = CARTESIAN_POINT ( 'NONE',  ( -1.827500000000000100, -2.497121287348441900, 0.4445903360673038000 ) ) ;
#6534 = DIRECTION ( 'NONE',  ( 0.0000000000000000000, 0.0000000000000000000, 1.000000000000000000 ) ) ;
#6535 = ORIENTED_EDGE ( 'NONE', *, *, #5296, .T. ) ;
#6536 = FILL_AREA_STYLE_COLOUR ( '', #3781 ) ;
#6537 = CIRCLE ( 'NONE', #5906, 0.2450000000000001600 ) ;
#6538 = ORIENTED_EDGE ( 'NONE', *, *, #1939, .F. ) ;
#6539 = DIRECTION ( 'NONE',  ( -1.000000000000000000, 0.0000000000000000000, -0.0000000000000000000 ) ) ;
#6540 = ORIENTED_EDGE ( 'NONE', *, *, #5119, .T. ) ;
#6541 = LINE ( 'NONE', #6296, #8252 ) ;
#6542 = ORIENTED_EDGE ( 'NONE', *, *, #8778, .T. ) ;
#6543 = PRESENTATION_STYLE_ASSIGNMENT (( #437 ) ) ;
#6544 = EDGE_CURVE ( 'NONE', #105, #6945, #6323, .T. ) ;
#6545 = VECTOR ( 'NONE', #6356, 1000.000000000000000 ) ;
#6546 = CARTESIAN_POINT ( 'NONE',  ( 1.177499999999999800, -2.497121287348441900, 0.4445903360673038000 ) ) ;
#6547 = ORIENTED_EDGE ( 'NONE', *, *, #2298, .F. ) ;
#6548 = VECTOR ( 'NONE', #668, 1000.000000000000100 ) ;
#6549 = DIRECTION ( 'NONE',  ( 0.0000000000000000000, 0.06975647374412599600, 0.9975640502598242000 ) ) ;
#6550 = EDGE_CURVE ( 'NONE', #6382, #5847, #8268, .T. ) ;
#6551 = ORIENTED_EDGE ( 'NONE', *, *, #2673, .F. ) ;
#6552 = CARTESIAN_POINT ( 'NONE',  ( 0.0000000000000000000, 0.0000000000000000000, 0.1000000000000000100 ) ) ;
#6553 = AXIS2_PLACEMENT_3D ( 'NONE', #7152, #2893, #7898 ) ;
#6554 = DIRECTION ( 'NONE',  ( 0.0000000000000000000, 0.0000000000000000000, -1.000000000000000000 ) ) ;
#6555 = VECTOR ( 'NONE', #4233, 1000.000000000000000 ) ;
#6556 = COLOUR_RGB ( '',1.000000000000000000, 1.000000000000000000, 1.000000000000000000 ) ;
#6557 = EDGE_LOOP ( 'NONE', ( #7641, #298, #8408, #1020 ) ) ;
#6558 = FILL_AREA_STYLE_COLOUR ( '', #1179 ) ;
#6559 = SURFACE_STYLE_FILL_AREA ( #9172 ) ;
#6560 = CARTESIAN_POINT ( 'NONE',  ( 0.7724999999999997400, -2.364034024904861500, 0.2691667404928227400 ) ) ;
#6561 = ORIENTED_EDGE ( 'NONE', *, *, #4758, .T. ) ;
#6562 = DIRECTION ( 'NONE',  ( 1.000000000000000000, 0.0000000000000000000, 0.0000000000000000000 ) ) ;
#6563 = FACE_OUTER_BOUND ( 'NONE', #913, .T. ) ;
#6564 = EDGE_CURVE ( 'NONE', #9337, #2479, #4444, .T. ) ;
#6565 = EDGE_CURVE ( 'NONE', #5509, #2027, #814, .T. ) ;
#6566 = CARTESIAN_POINT ( 'NONE',  ( 0.1224999999999997800, -2.591346881151208100, 0.04185388424647555600 ) ) ;
#6567 = ORIENTED_EDGE ( 'NONE', *, *, #5529, .T. ) ;
#6568 = ADVANCED_FACE ( 'NONE', ( #568 ), #9079, .F. ) ;
#6569 =( LENGTH_UNIT ( ) NAMED_UNIT ( * ) SI_UNIT ( .MILLI., .METRE. ) );
#6570 = MECHANICAL_DESIGN_GEOMETRIC_PRESENTATION_REPRESENTATION (  '', ( #5602 ), #7030 ) ;
#6571 = AXIS2_PLACEMENT_3D ( 'NONE', #3753, #118, #3058 ) ;
#6572 =( NAMED_UNIT ( * ) SI_UNIT ( $, .STERADIAN. ) SOLID_ANGLE_UNIT ( ) );
#6573 = PRESENTATION_LAYER_ASSIGNMENT (  '', '', ( #7037 ) ) ;
#6574 = SURFACE_SIDE_STYLE ('',( #5893 ) ) ;
#6575 = ORIENTED_EDGE ( 'NONE', *, *, #4706, .F. ) ;
#6576 = CYLINDRICAL_SURFACE ( 'NONE', #4147, 0.09999999999999939500 ) ;
#6577 = CARTESIAN_POINT ( 'NONE',  ( -1.827500000000000100, -2.601461569844106100, 0.1865006715341501500 ) ) ;
#6578 = PRESENTATION_STYLE_ASSIGNMENT (( #8376 ) ) ;
#6579 = AXIS2_PLACEMENT_3D ( 'NONE', #8280, #3979, #9017 ) ;
#6580 = DIRECTION ( 'NONE',  ( -0.0000000000000000000, -0.0000000000000000000, 1.000000000000000000 ) ) ;
#6581 = LINE ( 'NONE', #7287, #842 ) ;
#6582 =( LENGTH_UNIT ( ) NAMED_UNIT ( * ) SI_UNIT ( .MILLI., .METRE. ) );
#6583 = CARTESIAN_POINT ( 'NONE',  ( 0.7724999999999997400, 2.352474500060765600, 0.4344756473744061900 ) ) ;
#6584 = DIRECTION ( 'NONE',  ( 1.000000000000000000, -0.0000000000000000000, -0.0000000000000000000 ) ) ;
#6585 = DIRECTION ( 'NONE',  ( 0.0000000000000000000, 0.9975640502598246400, -0.06975647374411951500 ) ) ;
#6586 = PRESENTATION_LAYER_ASSIGNMENT (  '', '', ( #5632 ) ) ;
#6587 = PRESENTATION_STYLE_ASSIGNMENT (( #7059 ) ) ;
#6588 = UNCERTAINTY_MEASURE_WITH_UNIT (LENGTH_MEASURE( 1.000000000000000100E-005 ), #1276, 'distance_accuracy_value', 'NONE');
#6589 = DIRECTION ( 'NONE',  ( -1.000000000000000000, -0.0000000000000000000, -0.0000000000000000000 ) ) ;
#6590 = AXIS2_PLACEMENT_3D ( 'NONE', #1328, #6358, #2081 ) ;
#6591 =( GEOMETRIC_REPRESENTATION_CONTEXT ( 3 ) GLOBAL_UNCERTAINTY_ASSIGNED_CONTEXT ( ( #3748 ) ) GLOBAL_UNIT_ASSIGNED_CONTEXT ( ( #7722, #8487, #4164 ) ) REPRESENTATION_CONTEXT ( 'NONE', 'WORKASPACE' ) );
#6592 = SURFACE_STYLE_FILL_AREA ( #1857 ) ;
#6593 = DIRECTION ( 'NONE',  ( -1.000000000000000000, 0.0000000000000000000, -0.0000000000000000000 ) ) ;
#6594 = FACE_OUTER_BOUND ( 'NONE', #2765, .T. ) ;
#6595 = EDGE_CURVE ( 'NONE', #2113, #1253, #1607, .T. ) ;
#6596 = CARTESIAN_POINT ( 'NONE',  ( -0.5275000000000001900, 2.252718095034784300, 0.4274999999999940500 ) ) ;
#6597 = ORIENTED_EDGE ( 'NONE', *, *, #1092, .F. ) ;
#6598 = FILL_AREA_STYLE ('',( #4973 ) ) ;
#6599 = STYLED_ITEM ( 'NONE', ( #8088 ), #2377 ) ;
#6600 = CARTESIAN_POINT ( 'NONE',  ( 0.5274999999999997500, -2.200000000000000200, 0.6724999999999941000 ) ) ;
#6601 = AXIS2_PLACEMENT_3D ( 'NONE', #1005, #6027, #1739 ) ;
#6602 = SURFACE_SIDE_STYLE ('',( #8922 ) ) ;
#6603 = ADVANCED_FACE ( 'NONE', ( #3542 ), #4776, .F. ) ;
#6604 = CARTESIAN_POINT ( 'NONE',  ( -1.177500000000000200, -2.352474500060765600, 0.4344756473744061900 ) ) ;
#6605 = ORIENTED_EDGE ( 'NONE', *, *, #8841, .F. ) ;
#6606 =( NAMED_UNIT ( * ) PLANE_ANGLE_UNIT ( ) SI_UNIT ( $, .RADIAN. ) );
#6607 = EDGE_CURVE ( 'NONE', #1394, #4405, #8389, .T. ) ;
#6608 = DIRECTION ( 'NONE',  ( 1.000000000000000000, 0.0000000000000000000, 0.0000000000000000000 ) ) ;
#6609 = EDGE_CURVE ( 'NONE', #5612, #6858, #6437, .T. ) ;
#6610 = DIRECTION ( 'NONE',  ( 0.0000000000000000000, -0.06975647374412208300, -0.9975640502598244200 ) ) ;
#6611 = EDGE_LOOP ( 'NONE', ( #4304, #6665, #6056, #4427 ) ) ;
#6612 = DIRECTION ( 'NONE',  ( -1.000000000000000000, 0.0000000000000000000, -0.0000000000000000000 ) ) ;
#6613 = ORIENTED_EDGE ( 'NONE', *, *, #5295, .T. ) ;
#6614 =( GEOMETRIC_REPRESENTATION_CONTEXT ( 3 ) GLOBAL_UNCERTAINTY_ASSIGNED_CONTEXT ( ( #3683 ) ) GLOBAL_UNIT_ASSIGNED_CONTEXT ( ( #6254, #1984, #6979 ) ) REPRESENTATION_CONTEXT ( 'NONE', 'WORKASPACE' ) );
#6615 = VECTOR ( 'NONE', #5952, 1000.000000000000000 ) ;
#6616 = DIRECTION ( 'NONE',  ( 0.0000000000000000000, 0.0000000000000000000, 1.000000000000000000 ) ) ;
#6617 = MECHANICAL_DESIGN_GEOMETRIC_PRESENTATION_REPRESENTATION (  '', ( #5186 ), #7100 ) ;
#6618 = COLOUR_RGB ( '',1.000000000000000000, 1.000000000000000000, 1.000000000000000000 ) ;
#6619 = VECTOR ( 'NONE', #8667, 999.9999999999998900 ) ;
#6620 =( NAMED_UNIT ( * ) SI_UNIT ( $, .STERADIAN. ) SOLID_ANGLE_UNIT ( ) );
#6621 = ORIENTED_EDGE ( 'NONE', *, *, #3999, .T. ) ;
#6622 = DIRECTION ( 'NONE',  ( 1.000000000000000000, 0.0000000000000000000, 0.0000000000000000000 ) ) ;
#6623 = ORIENTED_EDGE ( 'NONE', *, *, #7027, .F. ) ;
#6624 = MECHANICAL_DESIGN_GEOMETRIC_PRESENTATION_REPRESENTATION (  '', ( #5190 ), #7105 ) ;
#6625 = ORIENTED_EDGE ( 'NONE', *, *, #3756, .F. ) ;
#6626 =( NAMED_UNIT ( * ) PLANE_ANGLE_UNIT ( ) SI_UNIT ( $, .RADIAN. ) );
#6627 = SURFACE_SIDE_STYLE ('',( #96 ) ) ;
#6628 = ORIENTED_EDGE ( 'NONE', *, *, #3, .T. ) ;
#6629 = PRESENTATION_STYLE_ASSIGNMENT (( #3175 ) ) ;
#6630 = STYLED_ITEM ( 'NONE', ( #7401 ), #7745 ) ;
#6631 = SURFACE_SIDE_STYLE ('',( #5015 ) ) ;
#6632 = MECHANICAL_DESIGN_GEOMETRIC_PRESENTATION_REPRESENTATION (  '', ( #4721 ), #7114 ) ;
#6633 = ORIENTED_EDGE ( 'NONE', *, *, #6438, .T. ) ;
#6634 = CARTESIAN_POINT ( 'NONE',  ( -1.177500000000000200, -2.352474500060765600, 0.4344756473744061900 ) ) ;
#6635 = EDGE_LOOP ( 'NONE', ( #1727, #1010, #8130, #1825 ) ) ;
#6636 = LINE ( 'NONE', #1153, #8365 ) ;
#6637 = PRESENTATION_STYLE_ASSIGNMENT (( #2381 ) ) ;
#6638 = FACE_OUTER_BOUND ( 'NONE', #7461, .T. ) ;
#6639 = FILL_AREA_STYLE ('',( #3056 ) ) ;
#6640 = SURFACE_STYLE_FILL_AREA ( #2203 ) ;
#6641 = UNCERTAINTY_MEASURE_WITH_UNIT (LENGTH_MEASURE( 1.000000000000000100E-005 ), #1159, 'distance_accuracy_value', 'NONE');
#6642 = DIRECTION ( 'NONE',  ( -0.0000000000000000000, 0.9975640502598242000, 0.06975647374412599600 ) ) ;
#6643 = SURFACE_STYLE_FILL_AREA ( #4935 ) ;
#6644 = DIRECTION ( 'NONE',  ( -1.000000000000000000, 0.0000000000000000000, 0.0000000000000000000 ) ) ;
#6645 = ORIENTED_EDGE ( 'NONE', *, *, #4528, .F. ) ;
#6646 = ORIENTED_EDGE ( 'NONE', *, *, #8776, .T. ) ;
#6647 = CARTESIAN_POINT ( 'NONE',  ( 0.7724999999999997400, 2.364034024904861500, 0.2691667404928227400 ) ) ;
#6648 = AXIS2_PLACEMENT_3D ( 'NONE', #2898, #717, #5757 ) ;
#6649 = ORIENTED_EDGE ( 'NONE', *, *, #7456, .T. ) ;
#6650 = DIRECTION ( 'NONE',  ( 0.0000000000000000000, 0.0000000000000000000, -1.000000000000000000 ) ) ;
#6651 = SURFACE_STYLE_FILL_AREA ( #4481 ) ;
#6652 = ORIENTED_EDGE ( 'NONE', *, *, #4926, .T. ) ;
#6653 = DIRECTION ( 'NONE',  ( 0.0000000000000000000, 0.9975640502598245300, 0.06975647374412209700 ) ) ;
#6654 = DIRECTION ( 'NONE',  ( -1.000000000000000000, 0.0000000000000000000, -0.0000000000000000000 ) ) ;
#6655 = VERTEX_POINT ( 'NONE', #1191 ) ;
#6656 = CARTESIAN_POINT ( 'NONE',  ( 1.827499999999999700, 2.608437217218518600, 0.2862570765601324400 ) ) ;
#6657 =( LENGTH_UNIT ( ) NAMED_UNIT ( * ) SI_UNIT ( .MILLI., .METRE. ) );
#6658 = EDGE_LOOP ( 'NONE', ( #7759, #26, #5201, #6646 ) ) ;
#6659 = ADVANCED_FACE ( 'NONE', ( #4548 ), #8443, .F. ) ;
#6660 = AXIS2_PLACEMENT_3D ( 'NONE', #9164, #7693, #216 ) ;
#6661 = LINE ( 'NONE', #5009, #1161 ) ;
#6662 = STYLED_ITEM ( 'NONE', ( #7260 ), #5534 ) ;
#6663 = DIRECTION ( 'NONE',  ( 0.0000000000000000000, 0.0000000000000000000, -1.000000000000000000 ) ) ;
#6664 = EDGE_LOOP ( 'NONE', ( #2162, #3585, #4495, #9152 ) ) ;
#6665 = ORIENTED_EDGE ( 'NONE', *, *, #2099, .F. ) ;
#6666 = EDGE_CURVE ( 'NONE', #4937, #8148, #9448, .T. ) ;
#6667 = FACE_OUTER_BOUND ( 'NONE', #2756, .T. ) ;
#6668 = CARTESIAN_POINT ( 'NONE',  ( 0.7724999999999997400, 2.591346881151208100, 0.04185388424647555600 ) ) ;
#6669 = FACE_OUTER_BOUND ( 'NONE', #2307, .T. ) ;
#6670 =( LENGTH_UNIT ( ) NAMED_UNIT ( * ) SI_UNIT ( .MILLI., .METRE. ) );
#6671 = EDGE_CURVE ( 'NONE', #7395, #431, #688, .T. ) ;
#6672 = ORIENTED_EDGE ( 'NONE', *, *, #7017, .T. ) ;
#6673 = ORIENTED_EDGE ( 'NONE', *, *, #948, .T. ) ;
#6674 = DIRECTION ( 'NONE',  ( 0.0000000000000000000, 0.0000000000000000000, 1.000000000000000000 ) ) ;
#6675 = SURFACE_STYLE_USAGE ( .BOTH. , #1376 ) ;
#6676 = PRODUCT_DEFINITION_SHAPE ( 'NONE', 'NONE',  #7562 ) ;
#6677 =( GEOMETRIC_REPRESENTATION_CONTEXT ( 3 ) GLOBAL_UNCERTAINTY_ASSIGNED_CONTEXT ( ( #2640 ) ) GLOBAL_UNIT_ASSIGNED_CONTEXT ( ( #5972, #6241, #6396 ) ) REPRESENTATION_CONTEXT ( 'NONE', 'WORKASPACE' ) );
#6678 =( NAMED_UNIT ( * ) PLANE_ANGLE_UNIT ( ) SI_UNIT ( $, .RADIAN. ) );
#6679 = EDGE_CURVE ( 'NONE', #4872, #9391, #7444, .T. ) ;
#6680 = CARTESIAN_POINT ( 'NONE',  ( -1.422500000000000100, -2.252718095034784300, 0.4274999999999940500 ) ) ;
#6681 = VECTOR ( 'NONE', #3291, 1000.000000000000000 ) ;
#6682 = EDGE_CURVE ( 'NONE', #3179, #212, #3648, .T. ) ;
#6683 = FILL_AREA_STYLE_COLOUR ( '', #1575 ) ;
#6684 = DIRECTION ( 'NONE',  ( -1.000000000000000000, 0.0000000000000000000, 0.0000000000000000000 ) ) ;
#6685 = DIRECTION ( 'NONE',  ( 0.0000000000000000000, -0.06975647374412818900, -0.9975640502598240900 ) ) ;
#6686 = FILL_AREA_STYLE ('',( #6815 ) ) ;
#6687 = LINE ( 'NONE', #260, #2210 ) ;
#6688 = AXIS2_PLACEMENT_3D ( 'NONE', #2860, #7864, #3574 ) ;
#6689 = MECHANICAL_DESIGN_GEOMETRIC_PRESENTATION_REPRESENTATION (  '', ( #5733 ), #7168 ) ;
#6690 =( NAMED_UNIT ( * ) SI_UNIT ( $, .STERADIAN. ) SOLID_ANGLE_UNIT ( ) );
#6691 = LINE ( 'NONE', #3087, #4793 ) ;
#6692 = SURFACE_SIDE_STYLE ('',( #7871 ) ) ;
#6693 = UNCERTAINTY_MEASURE_WITH_UNIT (LENGTH_MEASURE( 1.000000000000000100E-005 ), #3682, 'distance_accuracy_value', 'NONE');
#6694 = LINE ( 'NONE', #2901, #4578 ) ;
#6695 = PLANE ( 'NONE',  #2242 ) ;
#6696 = ADVANCED_FACE ( 'NONE', ( #3417 ), #4898, .T. ) ;
#6697 = CARTESIAN_POINT ( 'NONE',  ( -1.827500000000000100, -2.352474500060765600, 0.4344756473744061900 ) ) ;
#6698 = CARTESIAN_POINT ( 'NONE',  ( -2.072500000000000200, -2.252718095034784300, 0.4274999999999940500 ) ) ;
#6699 = FACE_OUTER_BOUND ( 'NONE', #9411, .T. ) ;
#6700 = UNCERTAINTY_MEASURE_WITH_UNIT (LENGTH_MEASURE( 1.000000000000000100E-005 ), #8959, 'distance_accuracy_value', 'NONE');
#6701 = FILL_AREA_STYLE_COLOUR ( '', #8630 ) ;
#6702 = DIRECTION ( 'NONE',  ( 0.0000000000000000000, -0.06975647374412208300, -0.9975640502598244200 ) ) ;
#6703 = CARTESIAN_POINT ( 'NONE',  ( -0.7725000000000001900, -2.591346881151208100, 0.04185388424647555600 ) ) ;
#6704 =( GEOMETRIC_REPRESENTATION_CONTEXT ( 3 ) GLOBAL_UNCERTAINTY_ASSIGNED_CONTEXT ( ( #1068 ) ) GLOBAL_UNIT_ASSIGNED_CONTEXT ( ( #1377, #5561, #3594 ) ) REPRESENTATION_CONTEXT ( 'NONE', 'WORKASPACE' ) );
#6705 = FILL_AREA_STYLE_COLOUR ( '', #2355 ) ;
#6706 = MECHANICAL_DESIGN_GEOMETRIC_PRESENTATION_REPRESENTATION (  '', ( #5759 ), #7198 ) ;
#6707 = DIRECTION ( 'NONE',  ( -1.000000000000000000, -0.0000000000000000000, -0.0000000000000000000 ) ) ;
#6708 = SURFACE_SIDE_STYLE ('',( #3616 ) ) ;
#6709 = CARTESIAN_POINT ( 'NONE',  ( 1.177499999999999800, 2.252718095034784300, 0.4274999999999940500 ) ) ;
#6710 = DIRECTION ( 'NONE',  ( 0.0000000000000000000, -0.06975647374412208300, 0.9975640502598244200 ) ) ;
#6711 = EDGE_CURVE ( 'NONE', #4937, #8102, #2747, .T. ) ;
#6712 = DIRECTION ( 'NONE',  ( -0.0000000000000000000, 0.9975640502598242000, 0.06975647374412599600 ) ) ;
#6713 = FILL_AREA_STYLE_COLOUR ( '', #4791 ) ;
#6714 = CARTESIAN_POINT ( 'NONE',  ( -1.827500000000000100, 2.608437217218518600, 0.2862570765601324400 ) ) ;
#6715 = FILL_AREA_STYLE ('',( #6705 ) ) ;
#6716 = ORIENTED_EDGE ( 'NONE', *, *, #7344, .F. ) ;
#6717 = CARTESIAN_POINT ( 'NONE',  ( 0.7724999999999997400, -2.608437217218518600, 0.2862570765601325000 ) ) ;
#6718 = STYLED_ITEM ( 'NONE', ( #9086 ), #6053 ) ;
#6719 = FILL_AREA_STYLE ('',( #8909 ) ) ;
#6720 = COLOUR_RGB ( '',1.000000000000000000, 1.000000000000000000, 1.000000000000000000 ) ;
#6721 = DIRECTION ( 'NONE',  ( -0.0000000000000000000, -0.0000000000000000000, 1.000000000000000000 ) ) ;
#6722 = FACE_OUTER_BOUND ( 'NONE', #9183, .T. ) ;
#6723 = ORIENTED_EDGE ( 'NONE', *, *, #3946, .T. ) ;
#6724 = EDGE_LOOP ( 'NONE', ( #4204, #6347, #7087, #825 ) ) ;
#6725 = DIRECTION ( 'NONE',  ( 0.0000000000000000000, 0.0000000000000000000, 1.000000000000000000 ) ) ;
#6726 = VERTEX_POINT ( 'NONE', #2077 ) ;
#6727 = EDGE_CURVE ( 'NONE', #5851, #4213, #8256, .T. ) ;
#6728 = MANIFOLD_SOLID_BREP ( 'Lead14', #4317 ) ;
#6729 = DIRECTION ( 'NONE',  ( -1.000000000000000000, -0.0000000000000000000, -0.0000000000000000000 ) ) ;
#6730 = EDGE_CURVE ( 'NONE', #3083, #8150, #7556, .T. ) ;
#6731 = SURFACE_STYLE_FILL_AREA ( #29 ) ;
#6732 = DIRECTION ( 'NONE',  ( -1.000000000000000000, -0.0000000000000000000, -0.0000000000000000000 ) ) ;
#6733 = VECTOR ( 'NONE', #7890, 1000.000000000000000 ) ;
#6734 = PLANE ( 'NONE',  #3713 ) ;
#6735 = CARTESIAN_POINT ( 'NONE',  ( 0.5274999999999997500, 3.189885311307101700, 2.710505431213761100E-017 ) ) ;
#6736 = ORIENTED_EDGE ( 'NONE', *, *, #5950, .F. ) ;
#6737 = CARTESIAN_POINT ( 'NONE',  ( 0.0000000000000000000, -2.124620215747131400, 0.1000000000000000100 ) ) ;
#6738 = ORIENTED_EDGE ( 'NONE', *, *, #9392, .F. ) ;
#6739 = AXIS2_PLACEMENT_3D ( 'NONE', #8861, #4520, #171 ) ;
#6740 = VERTEX_POINT ( 'NONE', #2842 ) ;
#6741 = AXIS2_PLACEMENT_3D ( 'NONE', #4924, #2082, #5685 ) ;
#6742 = VECTOR ( 'NONE', #9303, 1000.000000000000000 ) ;
#6743 = ORIENTED_EDGE ( 'NONE', *, *, #2661, .T. ) ;
#6744 = ADVANCED_FACE ( 'NONE', ( #3765 ), #8611, .T. ) ;
#6745 =( NAMED_UNIT ( * ) PLANE_ANGLE_UNIT ( ) SI_UNIT ( $, .RADIAN. ) );
#6746 = STYLED_ITEM ( 'NONE', ( #416 ), #445 ) ;
#6747 = FACE_OUTER_BOUND ( 'NONE', #5078, .T. ) ;
#6748 = ORIENTED_EDGE ( 'NONE', *, *, #3252, .F. ) ;
#6749 = FILL_AREA_STYLE ('',( #7446 ) ) ;
#6750 = DIRECTION ( 'NONE',  ( 0.0000000000000000000, 1.000000000000000000, -2.056603471294124000E-015 ) ) ;
#6751 = ORIENTED_EDGE ( 'NONE', *, *, #6202, .F. ) ;
#6752 = SURFACE_STYLE_FILL_AREA ( #1662 ) ;
#6753 = CARTESIAN_POINT ( 'NONE',  ( 1.827499999999999700, -3.189885311307101700, 2.710505431213761100E-017 ) ) ;
#6754 = ORIENTED_EDGE ( 'NONE', *, *, #8129, .T. ) ;
#6755 = AXIS2_PLACEMENT_3D ( 'NONE', #896, #8101, #3826 ) ;
#6756 = DIRECTION ( 'NONE',  ( -1.000000000000000000, -0.0000000000000000000, -0.0000000000000000000 ) ) ;
#6757 = PRESENTATION_LAYER_ASSIGNMENT (  '', '', ( #5320 ) ) ;
#6758 = UNCERTAINTY_MEASURE_WITH_UNIT (LENGTH_MEASURE( 1.000000000000000100E-005 ), #792, 'distance_accuracy_value', 'NONE');
#6759 = CARTESIAN_POINT ( 'NONE',  ( 1.827499999999999700, 2.200000000000000200, 0.6724999999999941000 ) ) ;
#6760 = ORIENTED_EDGE ( 'NONE', *, *, #4597, .F. ) ;
#6761 = COLOUR_RGB ( '',1.000000000000000000, 1.000000000000000000, 1.000000000000000000 ) ;
#6762 = ORIENTED_EDGE ( 'NONE', *, *, #7689, .F. ) ;
#6763 = DIRECTION ( 'NONE',  ( -1.000000000000000000, -0.0000000000000000000, -0.0000000000000000000 ) ) ;
#6764 = PRESENTATION_STYLE_ASSIGNMENT (( #9138 ) ) ;
#6765 = ORIENTED_EDGE ( 'NONE', *, *, #962, .T. ) ;
#6766 = CARTESIAN_POINT ( 'NONE',  ( 0.1224999999999997800, 2.591346881151208100, 0.04185388424647555600 ) ) ;
#6767 = VECTOR ( 'NONE', #7177, 1000.000000000000100 ) ;
#6768 = STYLED_ITEM ( 'NONE', ( #2119 ), #1080 ) ;
#6769 = UNCERTAINTY_MEASURE_WITH_UNIT (LENGTH_MEASURE( 1.000000000000000100E-005 ), #3637, 'distance_accuracy_value', 'NONE');
#6770 = EDGE_LOOP ( 'NONE', ( #6782, #9328, #4097, #5617, #4777, #4818, #8061, #4624, #2358, #3805, #1033, #4636 ) ) ;
#6771 = MECHANICAL_DESIGN_GEOMETRIC_PRESENTATION_REPRESENTATION (  '', ( #4383 ), #7257 ) ;
#6772 = VECTOR ( 'NONE', #9351, 1000.000000000000100 ) ;
#6773 = AXIS2_PLACEMENT_3D ( 'NONE', #1038, #3951, #6814 ) ;
#6774 = ADVANCED_FACE ( 'NONE', ( #6877 ), #2877, .F. ) ;
#6775 = ORIENTED_EDGE ( 'NONE', *, *, #5599, .F. ) ;
#6776 = CARTESIAN_POINT ( 'NONE',  ( 2.072499999999999800, -2.601461569844106100, 0.1865006715341501500 ) ) ;
#6777 =( NAMED_UNIT ( * ) PLANE_ANGLE_UNIT ( ) SI_UNIT ( $, .RADIAN. ) );
#6778 = LINE ( 'NONE', #7698, #2996 ) ;
#6779 = EDGE_CURVE ( 'NONE', #1824, #8010, #451, .T. ) ;
#6780 = VECTOR ( 'NONE', #8461, 1000.000000000000100 ) ;
#6781 = CARTESIAN_POINT ( 'NONE',  ( -1.177500000000000200, 3.189885311307101700, 2.710505431213761100E-017 ) ) ;
#6782 = ORIENTED_EDGE ( 'NONE', *, *, #6187, .F. ) ;
#6783 = SURFACE_STYLE_FILL_AREA ( #6957 ) ;
#6784 =( NAMED_UNIT ( * ) SI_UNIT ( $, .STERADIAN. ) SOLID_ANGLE_UNIT ( ) );
#6785 = MECHANICAL_DESIGN_GEOMETRIC_PRESENTATION_REPRESENTATION (  '', ( #5817 ), #7263 ) ;
#6786 = ORIENTED_EDGE ( 'NONE', *, *, #3446, .T. ) ;
#6787 = MECHANICAL_DESIGN_GEOMETRIC_PRESENTATION_REPRESENTATION (  '', ( #4869 ), #7264 ) ;
#6788 = VECTOR ( 'NONE', #5128, 1000.000000000000000 ) ;
#6789 = CARTESIAN_POINT ( 'NONE',  ( 0.7724999999999997400, 3.189885311307101700, 2.710505431213761100E-017 ) ) ;
#6790 = DIRECTION ( 'NONE',  ( 0.0000000000000000000, 0.0000000000000000000, -1.000000000000000000 ) ) ;
#6791 = ORIENTED_EDGE ( 'NONE', *, *, #2674, .T. ) ;
#6792 = DIRECTION ( 'NONE',  ( -0.0000000000000000000, 0.06975647374412818900, -0.9975640502598240900 ) ) ;
#6793 = DIRECTION ( 'NONE',  ( 1.000000000000000000, 0.0000000000000000000, 0.0000000000000000000 ) ) ;
#6794 = EDGE_CURVE ( 'NONE', #5537, #4730, #2391, .T. ) ;
#6795 = CARTESIAN_POINT ( 'NONE',  ( -1.424620215747131300, -1.124620215747131200, 1.090000000000000100 ) ) ;
#6796 = EDGE_CURVE ( 'NONE', #4181, #122, #7907, .T. ) ;
#6797 = PRESENTATION_STYLE_ASSIGNMENT (( #7966 ) ) ;
#6798 = ADVANCED_FACE ( 'NONE', ( #7669 ), #5767, .F. ) ;
#6799 =( NAMED_UNIT ( * ) SI_UNIT ( $, .STERADIAN. ) SOLID_ANGLE_UNIT ( ) );
#6800 = PRESENTATION_STYLE_ASSIGNMENT (( #2533 ) ) ;
#6801 =( NAMED_UNIT ( * ) PLANE_ANGLE_UNIT ( ) SI_UNIT ( $, .RADIAN. ) );
#6802 = ORIENTED_EDGE ( 'NONE', *, *, #7270, .F. ) ;
#6803 = DIRECTION ( 'NONE',  ( 0.0000000000000000000, 0.0000000000000000000, -1.000000000000000000 ) ) ;
#6804 = AXIS2_PLACEMENT_3D ( 'NONE', #7367, #7431, #1410 ) ;
#6805 = DIRECTION ( 'NONE',  ( 0.0000000000000000000, -1.000000000000000000, -2.056603471294124000E-015 ) ) ;
#6806 =( LENGTH_UNIT ( ) NAMED_UNIT ( * ) SI_UNIT ( .MILLI., .METRE. ) );
#6807 = FILL_AREA_STYLE_COLOUR ( '', #8499 ) ;
#6808 = FILL_AREA_STYLE ('',( #7182 ) ) ;
#6809 = AXIS2_PLACEMENT_3D ( 'NONE', #2662, #2499, #1970 ) ;
#6810 = EDGE_CURVE ( 'NONE', #4668, #4337, #8949, .T. ) ;
#6811 = ORIENTED_EDGE ( 'NONE', *, *, #7962, .T. ) ;
#6812 =( NAMED_UNIT ( * ) PLANE_ANGLE_UNIT ( ) SI_UNIT ( $, .RADIAN. ) );
#6813 = CARTESIAN_POINT ( 'NONE',  ( -1.827500000000000100, -2.252718095034784300, 0.4274999999999940500 ) ) ;
#6814 = DIRECTION ( 'NONE',  ( 0.0000000000000000000, 0.0000000000000000000, 1.000000000000000000 ) ) ;
#6815 = FILL_AREA_STYLE_COLOUR ( '', #7691 ) ;
#6816 = UNCERTAINTY_MEASURE_WITH_UNIT (LENGTH_MEASURE( 1.000000000000000100E-005 ), #7613, 'distance_accuracy_value', 'NONE');
#6817 = AXIS2_PLACEMENT_3D ( 'NONE', #3830, #8874, #4543 ) ;
#6818 =( GEOMETRIC_REPRESENTATION_CONTEXT ( 3 ) GLOBAL_UNCERTAINTY_ASSIGNED_CONTEXT ( ( #2511 ) ) GLOBAL_UNIT_ASSIGNED_CONTEXT ( ( #8951, #4608, #262 ) ) REPRESENTATION_CONTEXT ( 'NONE', 'WORKASPACE' ) );
#6819 = DIRECTION ( 'NONE',  ( 1.000000000000000000, 0.0000000000000000000, 0.0000000000000000000 ) ) ;
#6820 = SURFACE_SIDE_STYLE ('',( #3224 ) ) ;
#6821 = ADVANCED_FACE ( 'NONE', ( #1485 ), #7967, .F. ) ;
#6822 = CARTESIAN_POINT ( 'NONE',  ( 0.7724999999999997400, -3.200000000000000200, 0.1446467872876744900 ) ) ;
#6823 = CARTESIAN_POINT ( 'NONE',  ( 1.177499999999999800, 3.200000000000000200, 0.1446467872876744900 ) ) ;
#6824 = DIRECTION ( 'NONE',  ( 9.856383386231856400E-017, -1.000000000000000000, 0.0000000000000000000 ) ) ;
#6825 = STYLED_ITEM ( 'NONE', ( #4237 ), #8875 ) ;
#6826 = CARTESIAN_POINT ( 'NONE',  ( -1.422500000000000100, 3.200000000000000200, 0.1446467872876744900 ) ) ;
#6827 = FILL_AREA_STYLE ('',( #7219 ) ) ;
#6828 = SURFACE_SIDE_STYLE ('',( #7268 ) ) ;
#6829 = AXIS2_PLACEMENT_3D ( 'NONE', #5302, #612, #9054 ) ;
#6830 = ORIENTED_EDGE ( 'NONE', *, *, #5456, .F. ) ;
#6831 = DIRECTION ( 'NONE',  ( -1.000000000000000000, 0.0000000000000000000, -0.0000000000000000000 ) ) ;
#6832 =( NAMED_UNIT ( * ) SI_UNIT ( $, .STERADIAN. ) SOLID_ANGLE_UNIT ( ) );
#6833 = MECHANICAL_DESIGN_GEOMETRIC_PRESENTATION_REPRESENTATION (  '', ( #5878 ), #7318 ) ;
#6834 = FILL_AREA_STYLE_COLOUR ( '', #2832 ) ;
#6835 = ADVANCED_FACE ( 'NONE', ( #8247 ), #7997, .F. ) ;
#6836 = SURFACE_STYLE_USAGE ( .BOTH. , #2016 ) ;
#6837 = ORIENTED_EDGE ( 'NONE', *, *, #3828, .T. ) ;
#6838 = EDGE_CURVE ( 'NONE', #4887, #1547, #6303, .T. ) ;
#6839 = ORIENTED_EDGE ( 'NONE', *, *, #5227, .T. ) ;
#6840 = SURFACE_STYLE_USAGE ( .BOTH. , #1844 ) ;
#6841 = PRESENTATION_STYLE_ASSIGNMENT (( #9342 ) ) ;
#6842 = LINE ( 'NONE', #7301, #882 ) ;
#6843 = SURFACE_SIDE_STYLE ('',( #5753 ) ) ;
#6844 = EDGE_CURVE ( 'NONE', #3077, #8852, #4421, .T. ) ;
#6845 = ORIENTED_EDGE ( 'NONE', *, *, #2414, .T. ) ;
#6846 = MECHANICAL_DESIGN_GEOMETRIC_PRESENTATION_REPRESENTATION (  '', ( #5889 ), #7333 ) ;
#6847 = CARTESIAN_POINT ( 'NONE',  ( -1.177500000000000200, 2.608437217218518600, 0.2862570765601324400 ) ) ;
#6848 = EDGE_LOOP ( 'NONE', ( #9284, #8943, #7217, #6517 ) ) ;
#6849 = CARTESIAN_POINT ( 'NONE',  ( -0.7725000000000001900, -2.200000000000000200, 0.5274999999999939700 ) ) ;
#6850 = ORIENTED_EDGE ( 'NONE', *, *, #2298, .T. ) ;
#6851 = PLANE ( 'NONE',  #2553 ) ;
#6852 = COLOUR_RGB ( '',1.000000000000000000, 1.000000000000000000, 1.000000000000000000 ) ;
#6853 = FACE_OUTER_BOUND ( 'NONE', #9215, .T. ) ;
#6854 =( NAMED_UNIT ( * ) PLANE_ANGLE_UNIT ( ) SI_UNIT ( $, .RADIAN. ) );
#6855 = ORIENTED_EDGE ( 'NONE', *, *, #8536, .T. ) ;
#6856 = EDGE_CURVE ( 'NONE', #7993, #455, #545, .T. ) ;
#6857 = EDGE_CURVE ( 'NONE', #7575, #6176, #8001, .T. ) ;
#6858 = VERTEX_POINT ( 'NONE', #2290 ) ;
#6859 = DIRECTION ( 'NONE',  ( -1.000000000000000000, -0.0000000000000000000, -0.0000000000000000000 ) ) ;
#6860 = CIRCLE ( 'NONE', #2482, 0.2450000000000004400 ) ;
#6861 = CARTESIAN_POINT ( 'NONE',  ( -1.177500000000000200, 3.200000000000000200, 0.1446467872876744900 ) ) ;
#6862 =( LENGTH_UNIT ( ) NAMED_UNIT ( * ) SI_UNIT ( .MILLI., .METRE. ) );
#6863 = VECTOR ( 'NONE', #5870, 1000.000000000000000 ) ;
#6864 = DIRECTION ( 'NONE',  ( -1.000000000000000000, -0.0000000000000000000, -0.0000000000000000000 ) ) ;
#6865 = PRESENTATION_STYLE_ASSIGNMENT (( #2936 ) ) ;
#6866 = PRESENTATION_LAYER_ASSIGNMENT (  '', '', ( #5428 ) ) ;
#6867 = MECHANICAL_DESIGN_GEOMETRIC_PRESENTATION_REPRESENTATION (  '', ( #5430 ), #7353 ) ;
#6868 = ORIENTED_EDGE ( 'NONE', *, *, #6544, .T. ) ;
#6869 = PLANE ( 'NONE',  #166 ) ;
#6870 = ORIENTED_EDGE ( 'NONE', *, *, #5176, .T. ) ;
#6871 =( LENGTH_UNIT ( ) NAMED_UNIT ( * ) SI_UNIT ( .MILLI., .METRE. ) );
#6872 = LINE ( 'NONE', #2363, #3081 ) ;
#6873 = DIRECTION ( 'NONE',  ( 0.0000000000000000000, 0.9975640502598242000, 0.06975647374412598200 ) ) ;
#6874 = SHAPE_DEFINITION_REPRESENTATION ( #6676, #7039 ) ;
#6875 = VERTEX_POINT ( 'NONE', #4463 ) ;
#6876 = SURFACE_STYLE_FILL_AREA ( #7565 ) ;
#6877 = FACE_OUTER_BOUND ( 'NONE', #2484, .T. ) ;
#6878 = UNCERTAINTY_MEASURE_WITH_UNIT (LENGTH_MEASURE( 1.000000000000000100E-005 ), #1795, 'distance_accuracy_value', 'NONE');
#6879 = ORIENTED_EDGE ( 'NONE', *, *, #8663, .T. ) ;
#6880 = EDGE_LOOP ( 'NONE', ( #2246, #877, #8429, #6855 ) ) ;
#6881 = PRESENTATION_LAYER_ASSIGNMENT (  '', '', ( #6389 ) ) ;
#6882 = DIRECTION ( 'NONE',  ( 0.0000000000000000000, 0.0000000000000000000, -1.000000000000000000 ) ) ;
#6883 = SURFACE_SIDE_STYLE ('',( #8860 ) ) ;
#6884 = FILL_AREA_STYLE_COLOUR ( '', #954 ) ;
#6885 = SURFACE_STYLE_FILL_AREA ( #631 ) ;
#6886 = EDGE_LOOP ( 'NONE', ( #172, #1688, #1129, #9184 ) ) ;
#6887 = DIRECTION ( 'NONE',  ( -0.0000000000000000000, 0.9975640502598240900, 0.06975647374412817500 ) ) ;
#6888 = ORIENTED_EDGE ( 'NONE', *, *, #6609, .F. ) ;
#6889 = FILL_AREA_STYLE_COLOUR ( '', #840 ) ;
#6890 = VECTOR ( 'NONE', #5876, 1000.000000000000000 ) ;
#6891 = LINE ( 'NONE', #5008, #5004 ) ;
#6892 = LINE ( 'NONE', #6128, #1173 ) ;
#6893 = PRESENTATION_LAYER_ASSIGNMENT (  '', '', ( #5928 ) ) ;
#6894 = FILL_AREA_STYLE ('',( #2223 ) ) ;
#6895 = ORIENTED_EDGE ( 'NONE', *, *, #3639, .F. ) ;
#6896 = PLANE ( 'NONE',  #9330 ) ;
#6897 = SURFACE_STYLE_USAGE ( .BOTH. , #1890 ) ;
#6898 = EDGE_CURVE ( 'NONE', #4393, #5999, #328, .T. ) ;
#6899 = SURFACE_SIDE_STYLE ('',( #7098 ) ) ;
#6900 = VECTOR ( 'NONE', #3343, 999.9999999999998900 ) ;
#6901 = DIRECTION ( 'NONE',  ( 0.0000000000000000000, 0.9975640502598243100, -0.06975647374412599600 ) ) ;
#6902 = PRESENTATION_STYLE_ASSIGNMENT (( #8159 ) ) ;
#6903 =( GEOMETRIC_REPRESENTATION_CONTEXT ( 3 ) GLOBAL_UNCERTAINTY_ASSIGNED_CONTEXT ( ( #7625 ) ) GLOBAL_UNIT_ASSIGNED_CONTEXT ( ( #5327, #2738, #6784 ) ) REPRESENTATION_CONTEXT ( 'NONE', 'WORKASPACE' ) );
#6904 = PRESENTATION_STYLE_ASSIGNMENT (( #7049 ) ) ;
#6905 = MECHANICAL_DESIGN_GEOMETRIC_PRESENTATION_REPRESENTATION (  '', ( #5937 ), #7384 ) ;
#6906 = CARTESIAN_POINT ( 'NONE',  ( 0.7724999999999997400, 2.608437217218518600, 0.2862570765601324400 ) ) ;
#6907 = DIRECTION ( 'NONE',  ( 0.0000000000000000000, 0.0000000000000000000, -1.000000000000000000 ) ) ;
#6908 =( LENGTH_UNIT ( ) NAMED_UNIT ( * ) SI_UNIT ( .MILLI., .METRE. ) );
#6909 = CARTESIAN_POINT ( 'NONE',  ( 0.7724999999999997400, -2.591346881151208100, 0.04185388424647555600 ) ) ;
#6910 = EDGE_CURVE ( 'NONE', #7211, #3536, #5858, .T. ) ;
#6911 = EDGE_CURVE ( 'NONE', #8503, #2157, #2053, .T. ) ;
#6912 = DIRECTION ( 'NONE',  ( -0.0000000000000000000, 1.000000000000000000, -0.0000000000000000000 ) ) ;
#6913 = AXIS2_PLACEMENT_3D ( 'NONE', #7850, #1363, #1401 ) ;
#6914 =( GEOMETRIC_REPRESENTATION_CONTEXT ( 3 ) GLOBAL_UNCERTAINTY_ASSIGNED_CONTEXT ( ( #9324 ) ) GLOBAL_UNIT_ASSIGNED_CONTEXT ( ( #5556, #1242, #6258 ) ) REPRESENTATION_CONTEXT ( 'NONE', 'WORKASPACE' ) );
#6915 = SURFACE_STYLE_USAGE ( .BOTH. , #7857 ) ;
#6916 = CARTESIAN_POINT ( 'NONE',  ( -2.072500000000000200, -3.189885311307101700, 2.710505431213761100E-017 ) ) ;
#6917 = DIRECTION ( 'NONE',  ( -1.000000000000000000, -0.0000000000000000000, -0.0000000000000000000 ) ) ;
#6918 = LINE ( 'NONE', #4717, #5342 ) ;
#6919 = UNCERTAINTY_MEASURE_WITH_UNIT (LENGTH_MEASURE( 1.000000000000000100E-005 ), #6464, 'distance_accuracy_value', 'NONE');
#6920 =( GEOMETRIC_REPRESENTATION_CONTEXT ( 3 ) GLOBAL_UNCERTAINTY_ASSIGNED_CONTEXT ( ( #4092 ) ) GLOBAL_UNIT_ASSIGNED_CONTEXT ( ( #287, #366, #389 ) ) REPRESENTATION_CONTEXT ( 'NONE', 'WORKASPACE' ) );
#6921 = CARTESIAN_POINT ( 'NONE',  ( 2.072499999999999800, -3.200000000000000200, 0.1446467872876744900 ) ) ;
#6922 = LINE ( 'NONE', #3329, #1205 ) ;
#6923 = DIRECTION ( 'NONE',  ( -1.000000000000000000, 0.0000000000000000000, -0.0000000000000000000 ) ) ;
#6924 = ORIENTED_EDGE ( 'NONE', *, *, #5726, .F. ) ;
#6925 = CARTESIAN_POINT ( 'NONE',  ( 2.750000000000000000, 2.200000000000000200, 0.6724999999999941000 ) ) ;
#6926 = DIRECTION ( 'NONE',  ( 0.0000000000000000000, -1.000000000000000000, 2.056603471294124000E-015 ) ) ;
#6927 = SURFACE_STYLE_USAGE ( .BOTH. , #3537 ) ;
#6928 = CARTESIAN_POINT ( 'NONE',  ( 2.072499999999999800, 2.591346881151208100, 0.04185388424647555600 ) ) ;
#6929 = AXIS2_PLACEMENT_3D ( 'NONE', #2175, #7180, #2915 ) ;
#6930 = MECHANICAL_DESIGN_GEOMETRIC_PRESENTATION_REPRESENTATION (  '', ( #5975 ), #7412 ) ;
#6931 =( NAMED_UNIT ( * ) PLANE_ANGLE_UNIT ( ) SI_UNIT ( $, .RADIAN. ) );
#6932 = CARTESIAN_POINT ( 'NONE',  ( 0.1224999999999997800, 2.252718095034784300, 0.4274999999999940500 ) ) ;
#6933 = SURFACE_SIDE_STYLE ('',( #3893 ) ) ;
#6934 = CLOSED_SHELL ( 'NONE', ( #745, #6470, #3431, #4049, #2428, #5122, #1327, #1742, #6034, #7313, #3576, #9030, #222, #5683 ) ) ;
#6935 = DIRECTION ( 'NONE',  ( 0.0000000000000000000, -0.06975647374412818900, -0.9975640502598240900 ) ) ;
#6936 = MECHANICAL_DESIGN_GEOMETRIC_PRESENTATION_REPRESENTATION (  '', ( #5502 ), #7428 ) ;
#6937 = VERTEX_POINT ( 'NONE', #3053 ) ;
#6938 = FACE_OUTER_BOUND ( 'NONE', #1035, .T. ) ;
#6939 =( NAMED_UNIT ( * ) SI_UNIT ( $, .STERADIAN. ) SOLID_ANGLE_UNIT ( ) );
#6940 = DIRECTION ( 'NONE',  ( -1.000000000000000000, -8.673617379884035500E-017, 0.0000000000000000000 ) ) ;
#6941 =( NAMED_UNIT ( * ) PLANE_ANGLE_UNIT ( ) SI_UNIT ( $, .RADIAN. ) );
#6942 = FILL_AREA_STYLE_COLOUR ( '', #930 ) ;
#6943 = AXIS2_PLACEMENT_3D ( 'NONE', #8646, #8572, #3770 ) ;
#6944 = EDGE_LOOP ( 'NONE', ( #5480, #8176, #5572, #2975 ) ) ;
#6945 = VERTEX_POINT ( 'NONE', #8824 ) ;
#6946 = AXIS2_PLACEMENT_3D ( 'NONE', #7408, #3137, #8156 ) ;
#6947 = DIRECTION ( 'NONE',  ( 0.0000000000000000000, 0.0000000000000000000, -1.000000000000000000 ) ) ;
#6948 = LINE ( 'NONE', #7146, #6733 ) ;
#6949 = VECTOR ( 'NONE', #7467, 1000.000000000000100 ) ;
#6950 =( NAMED_UNIT ( * ) PLANE_ANGLE_UNIT ( ) SI_UNIT ( $, .RADIAN. ) );
#6951 = DIRECTION ( 'NONE',  ( -1.000000000000000000, -0.0000000000000000000, -0.0000000000000000000 ) ) ;
#6952 = SURFACE_STYLE_FILL_AREA ( #4708 ) ;
#6953 = FILL_AREA_STYLE ('',( #4572 ) ) ;
#6954 = DIRECTION ( 'NONE',  ( 0.0000000000000000000, -0.9975640502598240900, 0.06975647374412817500 ) ) ;
#6955 = ORIENTED_EDGE ( 'NONE', *, *, #1546, .T. ) ;
#6956 = ORIENTED_EDGE ( 'NONE', *, *, #6372, .T. ) ;
#6957 = FILL_AREA_STYLE ('',( #2690 ) ) ;
#6958 = ORIENTED_EDGE ( 'NONE', *, *, #3484, .T. ) ;
#6959 = EDGE_CURVE ( 'NONE', #4327, #2192, #3751, .T. ) ;
#6960 =( LENGTH_UNIT ( ) NAMED_UNIT ( * ) SI_UNIT ( .MILLI., .METRE. ) );
#6961 = PRESENTATION_STYLE_ASSIGNMENT (( #6520 ) ) ;
#6962 = LINE ( 'NONE', #8007, #1470 ) ;
#6963 = CARTESIAN_POINT ( 'NONE',  ( -1.842814282895729000E-016, 2.124620215747131900, 1.100000000000000100 ) ) ;
#6964 = VERTEX_POINT ( 'NONE', #114 ) ;
#6965 = ORIENTED_EDGE ( 'NONE', *, *, #7230, .F. ) ;
#6966 = ORIENTED_EDGE ( 'NONE', *, *, #4688, .T. ) ;
#6967 = AXIS2_PLACEMENT_3D ( 'NONE', #8783, #8804, #8816 ) ;
#6968 = VERTEX_POINT ( 'NONE', #884 ) ;
#6969 = UNCERTAINTY_MEASURE_WITH_UNIT (LENGTH_MEASURE( 1.000000000000000100E-005 ), #1586, 'distance_accuracy_value', 'NONE');
#6970 = SURFACE_STYLE_FILL_AREA ( #3685 ) ;
#6971 = PRESENTATION_STYLE_ASSIGNMENT (( #7746 ) ) ;
#6972 = EDGE_CURVE ( 'NONE', #8010, #8346, #3986, .T. ) ;
#6973 = EDGE_CURVE ( 'NONE', #1798, #8564, #7314, .T. ) ;
#6974 = ORIENTED_EDGE ( 'NONE', *, *, #6666, .T. ) ;
#6975 = VECTOR ( 'NONE', #8965, 1000.000000000000000 ) ;
#6976 = CARTESIAN_POINT ( 'NONE',  ( 0.5274999999999997500, 2.608437217218518600, 0.2862570765601324400 ) ) ;
#6977 = DIRECTION ( 'NONE',  ( 0.0000000000000000000, 0.0000000000000000000, 1.000000000000000000 ) ) ;
#6978 = VERTEX_POINT ( 'NONE', #8089 ) ;
#6979 =( NAMED_UNIT ( * ) SI_UNIT ( $, .STERADIAN. ) SOLID_ANGLE_UNIT ( ) );
#6980 = LINE ( 'NONE', #4050, #8733 ) ;
#6981 = ORIENTED_EDGE ( 'NONE', *, *, #2235, .F. ) ;
#6982 = AXIS2_PLACEMENT_3D ( 'NONE', #6533, #2237, #7259 ) ;
#6983 = ADVANCED_FACE ( 'NONE', ( #9308 ), #8366, .T. ) ;
#6984 = DIRECTION ( 'NONE',  ( 0.0000000000000000000, -0.0000000000000000000, -1.000000000000000000 ) ) ;
#6985 = SURFACE_STYLE_FILL_AREA ( #3673 ) ;
#6986 = MECHANICAL_DESIGN_GEOMETRIC_PRESENTATION_REPRESENTATION (  '', ( #6026 ), #7477 ) ;
#6987 = UNCERTAINTY_MEASURE_WITH_UNIT (LENGTH_MEASURE( 1.000000000000000100E-005 ), #7035, 'distance_accuracy_value', 'NONE');
#6988 = CARTESIAN_POINT ( 'NONE',  ( -0.5275000000000001900, -2.252718095034784300, 0.4274999999999940500 ) ) ;
#6989 = CARTESIAN_POINT ( 'NONE',  ( 0.1224999999999997800, -2.591346881151208100, 0.04185388424647555600 ) ) ;
#6990 = ORIENTED_EDGE ( 'NONE', *, *, #3425, .F. ) ;
#6991 = SURFACE_STYLE_USAGE ( .BOTH. , #6692 ) ;
#6992 = EDGE_LOOP ( 'NONE', ( #5609, #309, #3292, #2172 ) ) ;
#6993 = DIRECTION ( 'NONE',  ( -1.000000000000000000, 0.0000000000000000000, -0.0000000000000000000 ) ) ;
#6994 = CARTESIAN_POINT ( 'NONE',  ( 2.072499999999999800, -2.352474500060765600, 0.4344756473744061900 ) ) ;
#6995 = ORIENTED_EDGE ( 'NONE', *, *, #1518, .F. ) ;
#6996 = VECTOR ( 'NONE', #1697, 1000.000000000000000 ) ;
#6997 = LINE ( 'NONE', #9169, #3202 ) ;
#6998 = SURFACE_STYLE_FILL_AREA ( #4686 ) ;
#6999 = VECTOR ( 'NONE', #1204, 1000.000000000000200 ) ;
#7000 = VERTEX_POINT ( 'NONE', #198 ) ;
#7001 = PRESENTATION_LAYER_ASSIGNMENT (  '', '', ( #6033 ) ) ;
#7002 = FILL_AREA_STYLE ('',( #4844 ) ) ;
#7003 = PLANE ( 'NONE',  #3338 ) ;
#7004 = ORIENTED_EDGE ( 'NONE', *, *, #1756, .F. ) ;
#7005 = CARTESIAN_POINT ( 'NONE',  ( 0.7724999999999997400, 2.200000000000000200, 0.6724999999999941000 ) ) ;
#7006 = FACE_OUTER_BOUND ( 'NONE', #3207, .T. ) ;
#7007 = COLOUR_RGB ( '',1.000000000000000000, 1.000000000000000000, 1.000000000000000000 ) ;
#7008 = ORIENTED_EDGE ( 'NONE', *, *, #2793, .T. ) ;
#7009 = SURFACE_STYLE_FILL_AREA ( #6749 ) ;
#7010 = AXIS2_PLACEMENT_3D ( 'NONE', #9097, #7526, #7622 ) ;
#7011 = COLOUR_RGB ( '',1.000000000000000000, 1.000000000000000000, 1.000000000000000000 ) ;
#7012 = COLOUR_RGB ( '',1.000000000000000000, 1.000000000000000000, 1.000000000000000000 ) ;
#7013 = CARTESIAN_POINT ( 'NONE',  ( -0.7725000000000001900, -2.352474500060765600, 0.4344756473744061900 ) ) ;
#7014 =( NAMED_UNIT ( * ) PLANE_ANGLE_UNIT ( ) SI_UNIT ( $, .RADIAN. ) );
#7015 = DIRECTION ( 'NONE',  ( 0.0000000000000000000, 0.0000000000000000000, 1.000000000000000000 ) ) ;
#7016 = VECTOR ( 'NONE', #6002, 1000.000000000000100 ) ;
#7017 = EDGE_CURVE ( 'NONE', #3825, #1979, #907, .T. ) ;
#7018 = FILL_AREA_STYLE ('',( #9230 ) ) ;
#7019 = EDGE_CURVE ( 'NONE', #182, #2192, #2852, .T. ) ;
#7020 =( LENGTH_UNIT ( ) NAMED_UNIT ( * ) SI_UNIT ( .MILLI., .METRE. ) );
#7021 = AXIS2_PLACEMENT_3D ( 'NONE', #7861, #3570, #8621 ) ;
#7022 =( LENGTH_UNIT ( ) NAMED_UNIT ( * ) SI_UNIT ( .MILLI., .METRE. ) );
#7023 = DIRECTION ( 'NONE',  ( 0.0000000000000000000, -0.0000000000000000000, 1.000000000000000000 ) ) ;
#7024 = ADVANCED_FACE ( 'NONE', ( #6638 ), #6695, .F. ) ;
#7025 = SURFACE_SIDE_STYLE ('',( #827 ) ) ;
#7026 = EDGE_CURVE ( 'NONE', #5675, #242, #666, .T. ) ;
#7027 = EDGE_CURVE ( 'NONE', #2510, #5487, #2618, .T. ) ;
#7028 = DIRECTION ( 'NONE',  ( -1.000000000000000000, 0.0000000000000000000, -0.0000000000000000000 ) ) ;
#7029 = UNCERTAINTY_MEASURE_WITH_UNIT (LENGTH_MEASURE( 1.000000000000000100E-005 ), #3623, 'distance_accuracy_value', 'NONE');
#7030 =( GEOMETRIC_REPRESENTATION_CONTEXT ( 3 ) GLOBAL_UNCERTAINTY_ASSIGNED_CONTEXT ( ( #2288 ) ) GLOBAL_UNIT_ASSIGNED_CONTEXT ( ( #9011, #4677, #334 ) ) REPRESENTATION_CONTEXT ( 'NONE', 'WORKASPACE' ) );
#7031 = CARTESIAN_POINT ( 'NONE',  ( -0.7725000000000001900, 2.200000000000000200, 0.5274999999999939700 ) ) ;
#7032 = MECHANICAL_DESIGN_GEOMETRIC_PRESENTATION_REPRESENTATION (  '', ( #6078 ), #7532 ) ;
#7033 = DIRECTION ( 'NONE',  ( -1.000000000000000000, -0.0000000000000000000, -0.0000000000000000000 ) ) ;
#7034 = ORIENTED_EDGE ( 'NONE', *, *, #4882, .T. ) ;
#7035 =( LENGTH_UNIT ( ) NAMED_UNIT ( * ) SI_UNIT ( .MILLI., .METRE. ) );
#7036 = FACE_OUTER_BOUND ( 'NONE', #7910, .T. ) ;
#7037 = STYLED_ITEM ( 'NONE', ( #8329 ), #716 ) ;
#7038 = COLOUR_RGB ( '',1.000000000000000000, 1.000000000000000000, 1.000000000000000000 ) ;
#7039 = ADVANCED_BREP_SHAPE_REPRESENTATION ( 'TSSOP14B', ( #5654, #5079, #5192, #4124, #445, #8321, #2144, #1438, #6036, #4792, #2856, #8450, #7719, #4397, #6728, #1121 ), #6591 ) ;
#7040 =( LENGTH_UNIT ( ) NAMED_UNIT ( * ) SI_UNIT ( .MILLI., .METRE. ) );
#7041 = CARTESIAN_POINT ( 'NONE',  ( 0.7724999999999997400, -2.200000000000000200, 0.6724999999999941000 ) ) ;
#7042 = PRESENTATION_LAYER_ASSIGNMENT (  '', '', ( #6091 ) ) ;
#7043 = DIRECTION ( 'NONE',  ( -1.000000000000000000, 0.0000000000000000000, -0.0000000000000000000 ) ) ;
#7044 = VERTEX_POINT ( 'NONE', #1713 ) ;
#7045 = CARTESIAN_POINT ( 'NONE',  ( 0.1224999999999997800, -2.252718095034784300, 0.4274999999999940500 ) ) ;
#7046 = PRODUCT ( 'TSSOP14B', 'TSSOP14B', '', ( #9262 ) ) ;
#7047 = PRESENTATION_STYLE_ASSIGNMENT (( #6063 ) ) ;
#7048 = VECTOR ( 'NONE', #5714, 1000.000000000000000 ) ;
#7049 = SURFACE_STYLE_USAGE ( .BOTH. , #2059 ) ;
#7050 = DIRECTION ( 'NONE',  ( -1.000000000000000000, -0.0000000000000000000, -0.0000000000000000000 ) ) ;
#7051 = CARTESIAN_POINT ( 'NONE',  ( 0.1224999999999997800, -2.252718095034784300, 0.4274999999999940500 ) ) ;
#7052 = ORIENTED_EDGE ( 'NONE', *, *, #4881, .F. ) ;
#7053 = MECHANICAL_DESIGN_GEOMETRIC_PRESENTATION_REPRESENTATION (  '', ( #5632 ), #7557 ) ;
#7054 = DIRECTION ( 'NONE',  ( -1.000000000000000000, 0.0000000000000000000, -0.0000000000000000000 ) ) ;
#7055 = ORIENTED_EDGE ( 'NONE', *, *, #5825, .F. ) ;
#7056 = CIRCLE ( 'NONE', #4828, 0.2450000000000004400 ) ;
#7057 = AXIS2_PLACEMENT_3D ( 'NONE', #557, #5611, #1304 ) ;
#7058 = AXIS2_PLACEMENT_3D ( 'NONE', #1963, #6951, #1247 ) ;
#7059 = SURFACE_STYLE_USAGE ( .BOTH. , #2071 ) ;
#7060 = ORIENTED_EDGE ( 'NONE', *, *, #813, .T. ) ;
#7061 = ORIENTED_EDGE ( 'NONE', *, *, #5070, .T. ) ;
#7062 = EDGE_LOOP ( 'NONE', ( #5973, #8689, #8748, #1847 ) ) ;
#7063 = EDGE_CURVE ( 'NONE', #1001, #3990, #8111, .T. ) ;
#7064 = EDGE_LOOP ( 'NONE', ( #3476, #8937, #6623, #4615 ) ) ;
#7065 = DIRECTION ( 'NONE',  ( 0.0000000000000000000, -0.0000000000000000000, 1.000000000000000000 ) ) ;
#7066 = SURFACE_SIDE_STYLE ('',( #1529 ) ) ;
#7067 = VECTOR ( 'NONE', #24, 1000.000000000000000 ) ;
#7068 = PRESENTATION_STYLE_ASSIGNMENT (( #7925 ) ) ;
#7069 = FILL_AREA_STYLE_COLOUR ( '', #4649 ) ;
#7070 = ORIENTED_EDGE ( 'NONE', *, *, #1871, .F. ) ;
#7071 = PRESENTATION_LAYER_ASSIGNMENT (  '', '', ( #6599 ) ) ;
#7072 = ORIENTED_EDGE ( 'NONE', *, *, #4473, .T. ) ;
#7073 = PRESENTATION_STYLE_ASSIGNMENT (( #60 ) ) ;
#7074 = ADVANCED_FACE ( 'NONE', ( #4310 ), #3909, .T. ) ;
#7075 = STYLED_ITEM ( 'NONE', ( #8762 ), #5904 ) ;
#7076 = EDGE_LOOP ( 'NONE', ( #3749, #7885, #1851, #4102 ) ) ;
#7077 = FILL_AREA_STYLE_COLOUR ( '', #424 ) ;
#7078 = EDGE_LOOP ( 'NONE', ( #7197, #8522, #922, #5622 ) ) ;
#7079 = CARTESIAN_POINT ( 'NONE',  ( 1.422499999999999700, -2.352474500060765600, 0.4344756473744061900 ) ) ;
#7080 = FILL_AREA_STYLE ('',( #3439 ) ) ;
#7081 = VERTEX_POINT ( 'NONE', #8192 ) ;
#7082 = FILL_AREA_STYLE ('',( #4113 ) ) ;
#7083 = CARTESIAN_POINT ( 'NONE',  ( -1.924620215747131300, -1.124620215747131200, 1.100000000000000100 ) ) ;
#7084 = DIRECTION ( 'NONE',  ( 0.0000000000000000000, 0.06975647374411951500, -0.9975640502598246400 ) ) ;
#7085 = LINE ( 'NONE', #2881, #5409 ) ;
#7086 = CARTESIAN_POINT ( 'NONE',  ( 0.7724999999999997400, -2.601461569844106100, 0.1865006715341500400 ) ) ;
#7087 = ORIENTED_EDGE ( 'NONE', *, *, #5781, .T. ) ;
#7088 = EDGE_CURVE ( 'NONE', #5080, #6206, #1696, .T. ) ;
#7089 = EDGE_CURVE ( 'NONE', #8627, #7000, #9179, .T. ) ;
#7090 = ORIENTED_EDGE ( 'NONE', *, *, #1388, .F. ) ;
#7091 = CARTESIAN_POINT ( 'NONE',  ( 2.072499999999999800, 2.200000000000000200, 0.6724999999999941000 ) ) ;
#7092 = DIRECTION ( 'NONE',  ( -1.000000000000000000, -0.0000000000000000000, -0.0000000000000000000 ) ) ;
#7093 = VECTOR ( 'NONE', #1636, 1000.000000000000100 ) ;
#7094 = DIRECTION ( 'NONE',  ( 0.0000000000000000000, -1.000000000000000000, 0.0000000000000000000 ) ) ;
#7095 = ORIENTED_EDGE ( 'NONE', *, *, #3572, .T. ) ;
#7096 = UNCERTAINTY_MEASURE_WITH_UNIT (LENGTH_MEASURE( 1.000000000000000100E-005 ), #6062, 'distance_accuracy_value', 'NONE');
#7097 =( NAMED_UNIT ( * ) SI_UNIT ( $, .STERADIAN. ) SOLID_ANGLE_UNIT ( ) );
#7098 = SURFACE_STYLE_FILL_AREA ( #1893 ) ;
#7099 = EDGE_LOOP ( 'NONE', ( #6194, #2041, #6219, #2993, #6652, #7379, #6837, #2133, #3809, #195, #1341, #6459 ) ) ;
#7100 =( GEOMETRIC_REPRESENTATION_CONTEXT ( 3 ) GLOBAL_UNCERTAINTY_ASSIGNED_CONTEXT ( ( #468 ) ) GLOBAL_UNIT_ASSIGNED_CONTEXT ( ( #2386, #9348, #8341 ) ) REPRESENTATION_CONTEXT ( 'NONE', 'WORKASPACE' ) );
#7101 = PRESENTATION_STYLE_ASSIGNMENT (( #4450 ) ) ;
#7102 = ORIENTED_EDGE ( 'NONE', *, *, #8819, .F. ) ;
#7103 =( LENGTH_UNIT ( ) NAMED_UNIT ( * ) SI_UNIT ( .MILLI., .METRE. ) );
#7104 = PRESENTATION_STYLE_ASSIGNMENT (( #8766 ) ) ;
#7105 =( GEOMETRIC_REPRESENTATION_CONTEXT ( 3 ) GLOBAL_UNCERTAINTY_ASSIGNED_CONTEXT ( ( #2695 ) ) GLOBAL_UNIT_ASSIGNED_CONTEXT ( ( #2048, #1872, #1564 ) ) REPRESENTATION_CONTEXT ( 'NONE', 'WORKASPACE' ) );
#7106 = PRESENTATION_STYLE_ASSIGNMENT (( #8415 ) ) ;
#7107 = COLOUR_RGB ( '',1.000000000000000000, 1.000000000000000000, 1.000000000000000000 ) ;
#7108 = DIRECTION ( 'NONE',  ( -1.000000000000000000, 0.0000000000000000000, -0.0000000000000000000 ) ) ;
#7109 = SURFACE_STYLE_USAGE ( .BOTH. , #2102 ) ;
#7110 = ORIENTED_EDGE ( 'NONE', *, *, #5011, .T. ) ;
#7111 = SURFACE_STYLE_FILL_AREA ( #1286 ) ;
#7112 = EDGE_LOOP ( 'NONE', ( #2029, #5844, #4784, #1969 ) ) ;
#7113 = PRESENTATION_LAYER_ASSIGNMENT (  '', '', ( #6630 ) ) ;
#7114 =( GEOMETRIC_REPRESENTATION_CONTEXT ( 3 ) GLOBAL_UNCERTAINTY_ASSIGNED_CONTEXT ( ( #8531 ) ) GLOBAL_UNIT_ASSIGNED_CONTEXT ( ( #7675, #3370, #8433 ) ) REPRESENTATION_CONTEXT ( 'NONE', 'WORKASPACE' ) );
#7115 = LINE ( 'NONE', #9035, #9091 ) ;
#7116 =( LENGTH_UNIT ( ) NAMED_UNIT ( * ) SI_UNIT ( .MILLI., .METRE. ) );
#7117 = ORIENTED_EDGE ( 'NONE', *, *, #4472, .T. ) ;
#7118 = SURFACE_SIDE_STYLE ('',( #3445 ) ) ;
#7119 = SURFACE_SIDE_STYLE ('',( #3647 ) ) ;
#7120 = FACE_OUTER_BOUND ( 'NONE', #8118, .T. ) ;
#7121 = DIRECTION ( 'NONE',  ( 0.0000000000000000000, -1.000000000000000000, -2.056603471294124000E-015 ) ) ;
#7122 = FACE_OUTER_BOUND ( 'NONE', #7312, .T. ) ;
#7123 = ORIENTED_EDGE ( 'NONE', *, *, #2704, .F. ) ;
#7124 = STYLED_ITEM ( 'NONE', ( #5156 ), #852 ) ;
#7125 = LINE ( 'NONE', #5777, #1398 ) ;
#7126 = SURFACE_STYLE_USAGE ( .BOTH. , #6843 ) ;
#7127 =( NAMED_UNIT ( * ) SI_UNIT ( $, .STERADIAN. ) SOLID_ANGLE_UNIT ( ) );
#7128 = CIRCLE ( 'NONE', #8482, 0.2450000000000004400 ) ;
#7129 = PRESENTATION_LAYER_ASSIGNMENT (  '', '', ( #6160 ) ) ;
#7130 = FILL_AREA_STYLE_COLOUR ( '', #7422 ) ;
#7131 =( NAMED_UNIT ( * ) SI_UNIT ( $, .STERADIAN. ) SOLID_ANGLE_UNIT ( ) );
#7132 = FACE_OUTER_BOUND ( 'NONE', #1950, .T. ) ;
#7133 = ADVANCED_FACE ( 'NONE', ( #3625 ), #293, .F. ) ;
#7134 = SURFACE_STYLE_USAGE ( .BOTH. , #2127 ) ;
#7135 = CARTESIAN_POINT ( 'NONE',  ( 1.177499999999999800, 2.252718095034784300, 0.4274999999999940500 ) ) ;
#7136 = FACE_OUTER_BOUND ( 'NONE', #8264, .T. ) ;
#7137 = AXIS2_PLACEMENT_3D ( 'NONE', #9260, #7972, #4261 ) ;
#7138 = PLANE ( 'NONE',  #8669 ) ;
#7139 = PRESENTATION_LAYER_ASSIGNMENT (  '', '', ( #6662 ) ) ;
#7140 = ORIENTED_EDGE ( 'NONE', *, *, #6500, .T. ) ;
#7141 = CARTESIAN_POINT ( 'NONE',  ( 1.422499999999999700, 2.601461569844106100, 0.1865006715341501500 ) ) ;
#7142 = ORIENTED_EDGE ( 'NONE', *, *, #8534, .F. ) ;
#7143 = EDGE_CURVE ( 'NONE', #6206, #5050, #4756, .T. ) ;
#7144 = DIRECTION ( 'NONE',  ( 0.0000000000000000000, 0.0000000000000000000, 1.000000000000000000 ) ) ;
#7145 = CARTESIAN_POINT ( 'NONE',  ( -0.7725000000000001900, -2.352474500060765600, 0.4344756473744061900 ) ) ;
#7146 = CARTESIAN_POINT ( 'NONE',  ( -1.827500000000000100, 2.200000000000000200, 0.6724999999999941000 ) ) ;
#7147 = PRESENTATION_STYLE_ASSIGNMENT (( #4158 ) ) ;
#7148 = EDGE_CURVE ( 'NONE', #8212, #6858, #920, .T. ) ;
#7149 = CARTESIAN_POINT ( 'NONE',  ( -2.072500000000000200, 2.591346881151208100, 0.04185388424647555600 ) ) ;
#7150 = CARTESIAN_POINT ( 'NONE',  ( -1.924620215747131300, -1.124620215747131200, 1.090000000000000100 ) ) ;
#7151 = AXIS2_PLACEMENT_3D ( 'NONE', #1125, #6141, #1859 ) ;
#7152 = CARTESIAN_POINT ( 'NONE',  ( -0.7725000000000001900, -2.608437217218518600, 0.2862570765601324400 ) ) ;
#7153 = FILL_AREA_STYLE_COLOUR ( '', #5052 ) ;
#7154 = AXIS2_PLACEMENT_3D ( 'NONE', #8944, #9114, #9142 ) ;
#7155 = ORIENTED_EDGE ( 'NONE', *, *, #8065, .F. ) ;
#7156 = SURFACE_STYLE_FILL_AREA ( #2447 ) ;
#7157 = DIRECTION ( 'NONE',  ( 0.0000000000000000000, -1.000000000000000000, 0.0000000000000000000 ) ) ;
#7158 = CARTESIAN_POINT ( 'NONE',  ( -0.5275000000000001900, 2.608437217218518600, 0.2862570765601324400 ) ) ;
#7159 = PRESENTATION_STYLE_ASSIGNMENT (( #6836 ) ) ;
#7160 = UNCERTAINTY_MEASURE_WITH_UNIT (LENGTH_MEASURE( 1.000000000000000100E-005 ), #4740, 'distance_accuracy_value', 'NONE');
#7161 = EDGE_CURVE ( 'NONE', #3430, #5504, #2864, .T. ) ;
#7162 = EDGE_CURVE ( 'NONE', #7679, #2248, #6427, .T. ) ;
#7163 = CARTESIAN_POINT ( 'NONE',  ( 1.422499999999999700, 2.200000000000000200, 0.5274999999999939700 ) ) ;
#7164 = PRESENTATION_STYLE_ASSIGNMENT (( #5035 ) ) ;
#7165 = AXIS2_PLACEMENT_3D ( 'NONE', #7806, #6345, #2823 ) ;
#7166 = DIRECTION ( 'NONE',  ( 0.0000000000000000000, -0.06975647374412817500, 0.9975640502598240900 ) ) ;
#7167 = SURFACE_STYLE_FILL_AREA ( #1118 ) ;
#7168 =( GEOMETRIC_REPRESENTATION_CONTEXT ( 3 ) GLOBAL_UNCERTAINTY_ASSIGNED_CONTEXT ( ( #5042 ) ) GLOBAL_UNIT_ASSIGNED_CONTEXT ( ( #5024, #690, #5732 ) ) REPRESENTATION_CONTEXT ( 'NONE', 'WORKASPACE' ) );
#7169 = SURFACE_SIDE_STYLE ('',( #1805 ) ) ;
#7170 = ADVANCED_FACE ( 'NONE', ( #6201 ), #6851, .F. ) ;
#7171 = DIRECTION ( 'NONE',  ( -0.0000000000000000000, -0.0000000000000000000, 1.000000000000000000 ) ) ;
#7172 = ORIENTED_EDGE ( 'NONE', *, *, #7825, .F. ) ;
#7173 = CARTESIAN_POINT ( 'NONE',  ( 0.7724999999999997400, 2.200000000000000200, 0.6724999999999941000 ) ) ;
#7174 = VECTOR ( 'NONE', #3031, 999.9999999999998900 ) ;
#7175 =( LENGTH_UNIT ( ) NAMED_UNIT ( * ) SI_UNIT ( .MILLI., .METRE. ) );
#7176 = PRESENTATION_STYLE_ASSIGNMENT (( #7420 ) ) ;
#7177 = DIRECTION ( 'NONE',  ( 0.0000000000000000000, -0.9975640502598242000, 0.06975647374412599600 ) ) ;
#7178 = DIRECTION ( 'NONE',  ( 0.0000000000000000000, 0.0000000000000000000, 1.000000000000000000 ) ) ;
#7179 = STYLED_ITEM ( 'NONE', ( #2906 ), #8545 ) ;
#7180 = DIRECTION ( 'NONE',  ( 0.0000000000000000000, 0.9975640502598246400, -0.06975647374411951500 ) ) ;
#7181 = EDGE_LOOP ( 'NONE', ( #3778, #5979, #7540, #6532 ) ) ;
#7182 = FILL_AREA_STYLE_COLOUR ( '', #6287 ) ;
#7183 = DIRECTION ( 'NONE',  ( 0.0000000000000000000, 0.0000000000000000000, 1.000000000000000000 ) ) ;
#7184 = ORIENTED_EDGE ( 'NONE', *, *, #3334, .F. ) ;
#7185 = DIRECTION ( 'NONE',  ( 0.0000000000000000000, 0.0000000000000000000, 1.000000000000000000 ) ) ;
#7186 = FACE_OUTER_BOUND ( 'NONE', #5530, .T. ) ;
#7187 = DIRECTION ( 'NONE',  ( 0.0000000000000000000, 1.000000000000000000, 0.0000000000000000000 ) ) ;
#7188 = VECTOR ( 'NONE', #6426, 1000.000000000000200 ) ;
#7189 = PRESENTATION_STYLE_ASSIGNMENT (( #9093 ) ) ;
#7190 =( NAMED_UNIT ( * ) PLANE_ANGLE_UNIT ( ) SI_UNIT ( $, .RADIAN. ) );
#7191 = DIRECTION ( 'NONE',  ( -0.0000000000000000000, 1.000000000000000000, -0.0000000000000000000 ) ) ;
#7192 = ORIENTED_EDGE ( 'NONE', *, *, #1670, .T. ) ;
#7193 = CIRCLE ( 'NONE', #6330, 0.2450000000000001600 ) ;
#7194 = PRESENTATION_LAYER_ASSIGNMENT (  '', '', ( #7684 ) ) ;
#7195 = VERTEX_POINT ( 'NONE', #3293 ) ;
#7196 = ORIENTED_EDGE ( 'NONE', *, *, #5898, .F. ) ;
#7197 = ORIENTED_EDGE ( 'NONE', *, *, #9206, .F. ) ;
#7198 =( GEOMETRIC_REPRESENTATION_CONTEXT ( 3 ) GLOBAL_UNCERTAINTY_ASSIGNED_CONTEXT ( ( #508 ) ) GLOBAL_UNIT_ASSIGNED_CONTEXT ( ( #8193, #3912, #8956 ) ) REPRESENTATION_CONTEXT ( 'NONE', 'WORKASPACE' ) );
#7199 = SURFACE_STYLE_FILL_AREA ( #8414 ) ;
#7200 =( NAMED_UNIT ( * ) PLANE_ANGLE_UNIT ( ) SI_UNIT ( $, .RADIAN. ) );
#7201 = CIRCLE ( 'NONE', #8283, 0.2450000000000001600 ) ;
#7202 = SURFACE_STYLE_FILL_AREA ( #3230 ) ;
#7203 = COLOUR_RGB ( '',1.000000000000000000, 1.000000000000000000, 1.000000000000000000 ) ;
#7204 = ORIENTED_EDGE ( 'NONE', *, *, #6565, .T. ) ;
#7205 = EDGE_CURVE ( 'NONE', #5752, #9420, #9441, .T. ) ;
#7206 = SURFACE_SIDE_STYLE ('',( #5564 ) ) ;
#7207 = ORIENTED_EDGE ( 'NONE', *, *, #3314, .T. ) ;
#7208 = ORIENTED_EDGE ( 'NONE', *, *, #8954, .F. ) ;
#7209 = FILL_AREA_STYLE ('',( #6482 ) ) ;
#7210 = STYLED_ITEM ( 'NONE', ( #8373 ), #2726 ) ;
#7211 = VERTEX_POINT ( 'NONE', #9039 ) ;
#7212 = LINE ( 'NONE', #3218, #3407 ) ;
#7213 = SURFACE_SIDE_STYLE ('',( #6640 ) ) ;
#7214 = FACE_OUTER_BOUND ( 'NONE', #7914, .T. ) ;
#7215 = AXIS2_PLACEMENT_3D ( 'NONE', #2718, #7728, #3443 ) ;
#7216 = PRESENTATION_STYLE_ASSIGNMENT (( #1899 ) ) ;
#7217 = ORIENTED_EDGE ( 'NONE', *, *, #5243, .F. ) ;
#7218 = CIRCLE ( 'NONE', #9350, 0.2450000000000004400 ) ;
#7219 = FILL_AREA_STYLE_COLOUR ( '', #8933 ) ;
#7220 = ORIENTED_EDGE ( 'NONE', *, *, #400, .F. ) ;
#7221 = CARTESIAN_POINT ( 'NONE',  ( 0.1224999999999997800, 3.189885311307101700, 2.710505431213761100E-017 ) ) ;
#7222 = DIRECTION ( 'NONE',  ( -1.000000000000000000, 0.0000000000000000000, -0.0000000000000000000 ) ) ;
#7223 = DIRECTION ( 'NONE',  ( 0.0000000000000000000, 1.000000000000000000, 0.0000000000000000000 ) ) ;
#7224 = CYLINDRICAL_SURFACE ( 'NONE', #9398, 0.09999999999999939500 ) ;
#7225 = UNCERTAINTY_MEASURE_WITH_UNIT (LENGTH_MEASURE( 1.000000000000000100E-005 ), #2795, 'distance_accuracy_value', 'NONE');
#7226 = DIRECTION ( 'NONE',  ( -1.000000000000000000, -0.0000000000000000000, 0.0000000000000000000 ) ) ;
#7227 = VECTOR ( 'NONE', #4186, 1000.000000000000000 ) ;
#7228 = LINE ( 'NONE', #4364, #1495 ) ;
#7229 = EDGE_CURVE ( 'NONE', #1823, #208, #7433, .T. ) ;
#7230 = EDGE_CURVE ( 'NONE', #467, #6234, #5526, .T. ) ;
#7231 = ORIENTED_EDGE ( 'NONE', *, *, #8970, .F. ) ;
#7232 = CARTESIAN_POINT ( 'NONE',  ( -1.424620215747131300, -1.124620215747131200, 1.090000000000000100 ) ) ;
#7233 = DIRECTION ( 'NONE',  ( 0.0000000000000000000, 0.0000000000000000000, -1.000000000000000000 ) ) ;
#7234 = ORIENTED_EDGE ( 'NONE', *, *, #6857, .F. ) ;
#7235 = ADVANCED_FACE ( 'NONE', ( #9191 ), #4642, .F. ) ;
#7236 = VECTOR ( 'NONE', #3865, 1000.000000000000000 ) ;
#7237 = CARTESIAN_POINT ( 'NONE',  ( 0.5274999999999997500, -2.200000000000000200, 0.5274999999999939700 ) ) ;
#7238 = AXIS2_PLACEMENT_3D ( 'NONE', #7267, #2968, #8771 ) ;
#7239 = PRESENTATION_LAYER_ASSIGNMENT (  '', '', ( #5790 ) ) ;
#7240 = CARTESIAN_POINT ( 'NONE',  ( -0.7725000000000001900, -2.601461569844106100, 0.1865006715341501500 ) ) ;
#7241 = ORIENTED_EDGE ( 'NONE', *, *, #5599, .T. ) ;
#7242 = ORIENTED_EDGE ( 'NONE', *, *, #1201, .T. ) ;
#7243 = PRESENTATION_LAYER_ASSIGNMENT (  '', '', ( #6746 ) ) ;
#7244 = SURFACE_STYLE_FILL_AREA ( #6471 ) ;
#7245 = FILL_AREA_STYLE ('',( #2222 ) ) ;
#7246 = SURFACE_STYLE_FILL_AREA ( #3168 ) ;
#7247 = EDGE_LOOP ( 'NONE', ( #88, #8399, #3199, #8838 ) ) ;
#7248 = PRESENTATION_LAYER_ASSIGNMENT (  '', '', ( #6264 ) ) ;
#7249 = MECHANICAL_DESIGN_GEOMETRIC_PRESENTATION_REPRESENTATION (  '', ( #5320 ), #7727 ) ;
#7250 = DIRECTION ( 'NONE',  ( 1.000000000000000000, 0.0000000000000000000, -0.0000000000000000000 ) ) ;
#7251 = VECTOR ( 'NONE', #6935, 1000.000000000000100 ) ;
#7252 = SURFACE_SIDE_STYLE ('',( #3984 ) ) ;
#7253 = VERTEX_POINT ( 'NONE', #459 ) ;
#7254 = FILL_AREA_STYLE ('',( #2116 ) ) ;
#7255 = AXIS2_PLACEMENT_3D ( 'NONE', #8097, #8114, #8151 ) ;
#7256 = VERTEX_POINT ( 'NONE', #5493 ) ;
#7257 =( GEOMETRIC_REPRESENTATION_CONTEXT ( 3 ) GLOBAL_UNCERTAINTY_ASSIGNED_CONTEXT ( ( #7382 ) ) GLOBAL_UNIT_ASSIGNED_CONTEXT ( ( #7626, #3339, #8390 ) ) REPRESENTATION_CONTEXT ( 'NONE', 'WORKASPACE' ) );
#7258 = STYLED_ITEM ( 'NONE', ( #1954 ), #9339 ) ;
#7259 = DIRECTION ( 'NONE',  ( 0.0000000000000000000, 0.06975647374411951500, 0.9975640502598246400 ) ) ;
#7260 = PRESENTATION_STYLE_ASSIGNMENT (( #5141 ) ) ;
#7261 = EDGE_CURVE ( 'NONE', #1248, #326, #6537, .T. ) ;
#7262 = VECTOR ( 'NONE', #4221, 1000.000000000000000 ) ;
#7263 =( GEOMETRIC_REPRESENTATION_CONTEXT ( 3 ) GLOBAL_UNCERTAINTY_ASSIGNED_CONTEXT ( ( #623 ) ) GLOBAL_UNIT_ASSIGNED_CONTEXT ( ( #742, #8085, #8638 ) ) REPRESENTATION_CONTEXT ( 'NONE', 'WORKASPACE' ) );
#7264 =( GEOMETRIC_REPRESENTATION_CONTEXT ( 3 ) GLOBAL_UNCERTAINTY_ASSIGNED_CONTEXT ( ( #4584 ) ) GLOBAL_UNIT_ASSIGNED_CONTEXT ( ( #3447, #8494, #4171 ) ) REPRESENTATION_CONTEXT ( 'NONE', 'WORKASPACE' ) );
#7265 = DIRECTION ( 'NONE',  ( 0.0000000000000000000, -1.000000000000000000, 0.0000000000000000000 ) ) ;
#7266 = ORIENTED_EDGE ( 'NONE', *, *, #4287, .F. ) ;
#7267 = CARTESIAN_POINT ( 'NONE',  ( 2.072499999999999800, -2.352474500060765600, 0.4344756473744061900 ) ) ;
#7268 = SURFACE_STYLE_FILL_AREA ( #1827 ) ;
#7269 = ADVANCED_FACE ( 'NONE', ( #2974 ), #4789, .T. ) ;
#7270 = EDGE_CURVE ( 'NONE', #6184, #8402, #2056, .T. ) ;
#7271 = CARTESIAN_POINT ( 'NONE',  ( -1.422500000000000100, 2.252718095034784300, 0.4274999999999940500 ) ) ;
#7272 = EDGE_CURVE ( 'NONE', #4998, #8150, #3988, .T. ) ;
#7273 = CIRCLE ( 'NONE', #976, 0.09999999999999988100 ) ;
#7274 = SURFACE_SIDE_STYLE ('',( #436 ) ) ;
#7275 = FILL_AREA_STYLE_COLOUR ( '', #3533 ) ;
#7276 = VECTOR ( 'NONE', #660, 1000.000000000000000 ) ;
#7277 = UNCERTAINTY_MEASURE_WITH_UNIT (LENGTH_MEASURE( 1.000000000000000100E-005 ), #6908, 'distance_accuracy_value', 'NONE');
#7278 = CARTESIAN_POINT ( 'NONE',  ( -1.827500000000000100, 2.252718095034784300, 0.6724999999999939900 ) ) ;
#7279 = PRESENTATION_LAYER_ASSIGNMENT (  '', '', ( #6318 ) ) ;
#7280 = DIRECTION ( 'NONE',  ( 0.0000000000000000000, -0.9975640502598242000, -0.06975647374412599600 ) ) ;
#7281 =( NAMED_UNIT ( * ) SI_UNIT ( $, .STERADIAN. ) SOLID_ANGLE_UNIT ( ) );
#7282 = ORIENTED_EDGE ( 'NONE', *, *, #6679, .T. ) ;
#7283 = AXIS2_PLACEMENT_3D ( 'NONE', #3260, #7491, #7558 ) ;
#7284 = EDGE_CURVE ( 'NONE', #8503, #1219, #7778, .T. ) ;
#7285 = SURFACE_STYLE_FILL_AREA ( #7672 ) ;
#7286 = FACE_OUTER_BOUND ( 'NONE', #1926, .T. ) ;
#7287 = CARTESIAN_POINT ( 'NONE',  ( 2.072499999999999800, 3.200000000000000200, 0.1446467872876744900 ) ) ;
#7288 = VECTOR ( 'NONE', #7121, 1000.000000000000000 ) ;
#7289 = ORIENTED_EDGE ( 'NONE', *, *, #215, .F. ) ;
#7290 = STYLED_ITEM ( 'NONE', ( #6282 ), #7604 ) ;
#7291 = ORIENTED_EDGE ( 'NONE', *, *, #1368, .F. ) ;
#7292 =( LENGTH_UNIT ( ) NAMED_UNIT ( * ) SI_UNIT ( .MILLI., .METRE. ) );
#7293 = PRESENTATION_LAYER_ASSIGNMENT (  '', '', ( #7788 ) ) ;
#7294 = COLOUR_RGB ( '',1.000000000000000000, 1.000000000000000000, 1.000000000000000000 ) ;
#7295 = CARTESIAN_POINT ( 'NONE',  ( -2.424620215747131300, 0.0000000000000000000, 0.1000000000000000100 ) ) ;
#7296 = ORIENTED_EDGE ( 'NONE', *, *, #6796, .F. ) ;
#7297 = VECTOR ( 'NONE', #5343, 1000.000000000000000 ) ;
#7298 = CARTESIAN_POINT ( 'NONE',  ( -1.827500000000000100, -2.252718095034784300, 0.6724999999999939900 ) ) ;
#7299 = ORIENTED_EDGE ( 'NONE', *, *, #261, .T. ) ;
#7300 = EDGE_LOOP ( 'NONE', ( #5957, #9038, #7142, #2394 ) ) ;
#7301 = CARTESIAN_POINT ( 'NONE',  ( 2.072499999999999800, 2.352474500060765600, 0.4344756473744061900 ) ) ;
#7302 = VERTEX_POINT ( 'NONE', #4148 ) ;
#7303 = FILL_AREA_STYLE_COLOUR ( '', #8934 ) ;
#7304 = COLOUR_RGB ( '',1.000000000000000000, 1.000000000000000000, 1.000000000000000000 ) ;
#7305 = DIRECTION ( 'NONE',  ( 0.0000000000000000000, -0.9975640502598242000, 0.06975647374412598200 ) ) ;
#7306 = COLOUR_RGB ( '',1.000000000000000000, 1.000000000000000000, 1.000000000000000000 ) ;
#7307 = AXIS2_PLACEMENT_3D ( 'NONE', #1977, #7705, #1259 ) ;
#7308 = FILL_AREA_STYLE_COLOUR ( '', #3709 ) ;
#7309 = ORIENTED_EDGE ( 'NONE', *, *, #6244, .F. ) ;
#7310 = VERTEX_POINT ( 'NONE', #6271 ) ;
#7311 = CARTESIAN_POINT ( 'NONE',  ( 1.422499999999999700, 2.200000000000000200, 0.5274999999999939700 ) ) ;
#7312 = EDGE_LOOP ( 'NONE', ( #1013, #5182, #5416, #9135 ) ) ;
#7313 = ADVANCED_FACE ( 'NONE', ( #103 ), #7003, .F. ) ;
#7314 = CIRCLE ( 'NONE', #6739, 0.2450000000000001600 ) ;
#7315 = MECHANICAL_DESIGN_GEOMETRIC_PRESENTATION_REPRESENTATION (  '', ( #6349 ), #7818 ) ;
#7316 = CARTESIAN_POINT ( 'NONE',  ( -2.072500000000000200, 2.497121287348441400, 0.4445903360673038000 ) ) ;
#7317 = VECTOR ( 'NONE', #6383, 999.9999999999998900 ) ;
#7318 =( GEOMETRIC_REPRESENTATION_CONTEXT ( 3 ) GLOBAL_UNCERTAINTY_ASSIGNED_CONTEXT ( ( #1821 ) ) GLOBAL_UNIT_ASSIGNED_CONTEXT ( ( #2800, #7816, #3512 ) ) REPRESENTATION_CONTEXT ( 'NONE', 'WORKASPACE' ) );
#7319 = ORIENTED_EDGE ( 'NONE', *, *, #4178, .T. ) ;
#7320 = DIRECTION ( 'NONE',  ( 0.0000000000000000000, 0.0000000000000000000, -1.000000000000000000 ) ) ;
#7321 = ORIENTED_EDGE ( 'NONE', *, *, #6838, .F. ) ;
#7322 = CARTESIAN_POINT ( 'NONE',  ( -1.827500000000000100, 2.497121287348441400, 0.4445903360673038000 ) ) ;
#7323 = LINE ( 'NONE', #1243, #1839 ) ;
#7324 = ORIENTED_EDGE ( 'NONE', *, *, #259, .T. ) ;
#7325 = EDGE_CURVE ( 'NONE', #4015, #6529, #7547, .T. ) ;
#7326 = LINE ( 'NONE', #1861, #9323 ) ;
#7327 = DIRECTION ( 'NONE',  ( -0.0000000000000000000, -0.0000000000000000000, 1.000000000000000000 ) ) ;
#7328 = VERTEX_POINT ( 'NONE', #3470 ) ;
#7329 = CIRCLE ( 'NONE', #80, 0.09999999999999988100 ) ;
#7330 = CARTESIAN_POINT ( 'NONE',  ( -0.5275000000000001900, -3.189885311307101700, 2.710505431213761100E-017 ) ) ;
#7331 = EDGE_CURVE ( 'NONE', #122, #4401, #3075, .T. ) ;
#7332 = EDGE_LOOP ( 'NONE', ( #1040, #7797, #5496, #3955, #4590, #4412, #5287, #193, #1262, #7781, #7754, #6109 ) ) ;
#7333 =( GEOMETRIC_REPRESENTATION_CONTEXT ( 3 ) GLOBAL_UNCERTAINTY_ASSIGNED_CONTEXT ( ( #1703 ) ) GLOBAL_UNIT_ASSIGNED_CONTEXT ( ( #936, #5956, #1651 ) ) REPRESENTATION_CONTEXT ( 'NONE', 'WORKASPACE' ) );
#7334 = DIRECTION ( 'NONE',  ( 0.0000000000000000000, -0.06975647374412208300, -0.9975640502598244200 ) ) ;
#7335 = UNCERTAINTY_MEASURE_WITH_UNIT (LENGTH_MEASURE( 1.000000000000000100E-005 ), #6871, 'distance_accuracy_value', 'NONE');
#7336 = DIRECTION ( 'NONE',  ( -1.000000000000000000, 0.0000000000000000000, -0.0000000000000000000 ) ) ;
#7337 = PRESENTATION_STYLE_ASSIGNMENT (( #4329 ) ) ;
#7338 = SURFACE_STYLE_FILL_AREA ( #7655 ) ;
#7339 = ORIENTED_EDGE ( 'NONE', *, *, #6438, .F. ) ;
#7340 = CARTESIAN_POINT ( 'NONE',  ( -1.827500000000000100, -2.200000000000000200, 0.5274999999999939700 ) ) ;
#7341 = SURFACE_STYLE_USAGE ( .BOTH. , #7169 ) ;
#7342 = ORIENTED_EDGE ( 'NONE', *, *, #9289, .T. ) ;
#7343 = DIRECTION ( 'NONE',  ( -1.000000000000000000, -0.0000000000000000000, -0.0000000000000000000 ) ) ;
#7344 = EDGE_CURVE ( 'NONE', #3302, #1390, #1141, .T. ) ;
#7345 = FILL_AREA_STYLE_COLOUR ( '', #3285 ) ;
#7346 = EDGE_CURVE ( 'NONE', #7000, #8627, #8603, .T. ) ;
#7347 = CARTESIAN_POINT ( 'NONE',  ( -0.1225000000000002200, -2.252718095034784300, 0.4274999999999940500 ) ) ;
#7348 = ORIENTED_EDGE ( 'NONE', *, *, #1623, .T. ) ;
#7349 = LINE ( 'NONE', #6789, #9347 ) ;
#7350 = DIRECTION ( 'NONE',  ( -0.0000000000000000000, 0.06975647374412818900, -0.9975640502598240900 ) ) ;
#7351 = MECHANICAL_DESIGN_GEOMETRIC_PRESENTATION_REPRESENTATION (  '', ( #5428 ), #7847 ) ;
#7352 = VECTOR ( 'NONE', #7054, 1000.000000000000000 ) ;
#7353 =( GEOMETRIC_REPRESENTATION_CONTEXT ( 3 ) GLOBAL_UNCERTAINTY_ASSIGNED_CONTEXT ( ( #7682 ) ) GLOBAL_UNIT_ASSIGNED_CONTEXT ( ( #1855, #6854, #2570 ) ) REPRESENTATION_CONTEXT ( 'NONE', 'WORKASPACE' ) );
#7354 = CARTESIAN_POINT ( 'NONE',  ( -1.177500000000000200, 2.352474500060765600, 0.4344756473744061900 ) ) ;
#7355 =( LENGTH_UNIT ( ) NAMED_UNIT ( * ) SI_UNIT ( .MILLI., .METRE. ) );
#7356 = PRESENTATION_STYLE_ASSIGNMENT (( #3251 ) ) ;
#7357 = DIRECTION ( 'NONE',  ( -1.000000000000000000, 0.0000000000000000000, -0.0000000000000000000 ) ) ;
#7358 = FACE_OUTER_BOUND ( 'NONE', #6611, .T. ) ;
#7359 = MECHANICAL_DESIGN_GEOMETRIC_PRESENTATION_REPRESENTATION (  '', ( #6389 ), #7858 ) ;
#7360 = ADVANCED_FACE ( 'NONE', ( #2854 ), #5747, .F. ) ;
#7361 = SURFACE_STYLE_USAGE ( .BOTH. , #2345 ) ;
#7362 = COLOUR_RGB ( '',1.000000000000000000, 1.000000000000000000, 1.000000000000000000 ) ;
#7363 = DIRECTION ( 'NONE',  ( -1.000000000000000000, 0.0000000000000000000, -0.0000000000000000000 ) ) ;
#7364 = SURFACE_STYLE_FILL_AREA ( #9396 ) ;
#7365 = CARTESIAN_POINT ( 'NONE',  ( -1.422500000000000100, -2.352474500060765600, 0.4344756473744061900 ) ) ;
#7366 = DIRECTION ( 'NONE',  ( -0.0000000000000000000, 1.000000000000000000, -0.0000000000000000000 ) ) ;
#7367 = CARTESIAN_POINT ( 'NONE',  ( 0.1224999999999997800, 2.200000000000000200, 0.6724999999999941000 ) ) ;
#7368 = DIRECTION ( 'NONE',  ( -1.000000000000000000, -0.0000000000000000000, -0.0000000000000000000 ) ) ;
#7369 = FACE_OUTER_BOUND ( 'NONE', #5435, .T. ) ;
#7370 = CARTESIAN_POINT ( 'NONE',  ( 0.1224999999999997800, 2.364034024904861500, 0.2691667404928227400 ) ) ;
#7371 =( NAMED_UNIT ( * ) SI_UNIT ( $, .STERADIAN. ) SOLID_ANGLE_UNIT ( ) );
#7372 = MECHANICAL_DESIGN_GEOMETRIC_PRESENTATION_REPRESENTATION (  '', ( #5928 ), #7872 ) ;
#7373 = ORIENTED_EDGE ( 'NONE', *, *, #400, .T. ) ;
#7374 = LINE ( 'NONE', #8411, #9128 ) ;
#7375 =( NAMED_UNIT ( * ) SI_UNIT ( $, .STERADIAN. ) SOLID_ANGLE_UNIT ( ) );
#7376 = CARTESIAN_POINT ( 'NONE',  ( 0.7724999999999997400, -2.601461569844106100, 0.1865006715341500400 ) ) ;
#7377 = EDGE_CURVE ( 'NONE', #4831, #1547, #7658, .T. ) ;
#7378 = CARTESIAN_POINT ( 'NONE',  ( -1.177500000000000200, -2.591346881151208100, 0.04185388424647555600 ) ) ;
#7379 = ORIENTED_EDGE ( 'NONE', *, *, #9084, .T. ) ;
#7380 =( LENGTH_UNIT ( ) NAMED_UNIT ( * ) SI_UNIT ( .MILLI., .METRE. ) );
#7381 = CARTESIAN_POINT ( 'NONE',  ( -0.5275000000000001900, -2.497121287348441400, 0.4445903360673038000 ) ) ;
#7382 = UNCERTAINTY_MEASURE_WITH_UNIT (LENGTH_MEASURE( 1.000000000000000100E-005 ), #7626, 'distance_accuracy_value', 'NONE');
#7383 = CARTESIAN_POINT ( 'NONE',  ( -1.422500000000000100, 2.608437217218518600, 0.2862570765601325000 ) ) ;
#7384 =( GEOMETRIC_REPRESENTATION_CONTEXT ( 3 ) GLOBAL_UNCERTAINTY_ASSIGNED_CONTEXT ( ( #6416 ) ) GLOBAL_UNIT_ASSIGNED_CONTEXT ( ( #8362, #4053, #9113 ) ) REPRESENTATION_CONTEXT ( 'NONE', 'WORKASPACE' ) );
#7385 = SURFACE_SIDE_STYLE ('',( #8421 ) ) ;
#7386 =( NAMED_UNIT ( * ) SI_UNIT ( $, .STERADIAN. ) SOLID_ANGLE_UNIT ( ) );
#7387 = CARTESIAN_POINT ( 'NONE',  ( -2.072500000000000200, -2.252718095034784300, 0.6724999999999939900 ) ) ;
#7388 = FILL_AREA_STYLE_COLOUR ( '', #6720 ) ;
#7389 = LINE ( 'NONE', #1373, #1902 ) ;
#7390 = UNCERTAINTY_MEASURE_WITH_UNIT (LENGTH_MEASURE( 1.000000000000000100E-005 ), #7022, 'distance_accuracy_value', 'NONE');
#7391 = EDGE_CURVE ( 'NONE', #8844, #430, #206, .T. ) ;
#7392 = EDGE_CURVE ( 'NONE', #5274, #6176, #3867, .T. ) ;
#7393 = CARTESIAN_POINT ( 'NONE',  ( 2.072499999999999800, -2.252718095034783400, 0.5274999999999934200 ) ) ;
#7394 = DIRECTION ( 'NONE',  ( 0.0000000000000000000, 0.06975647374412598200, -0.9975640502598242000 ) ) ;
#7395 = VERTEX_POINT ( 'NONE', #2125 ) ;
#7396 = MECHANICAL_DESIGN_GEOMETRIC_PRESENTATION_REPRESENTATION (  '', ( #6445 ), #7909 ) ;
#7397 = DIRECTION ( 'NONE',  ( 0.0000000000000000000, 0.9975640502598243100, -0.06975647374412599600 ) ) ;
#7398 = SURFACE_STYLE_FILL_AREA ( #8864 ) ;
#7399 = LINE ( 'NONE', #2317, #1912 ) ;
#7400 = DIRECTION ( 'NONE',  ( -1.000000000000000000, -0.0000000000000000000, -0.0000000000000000000 ) ) ;
#7401 = PRESENTATION_STYLE_ASSIGNMENT (( #3308 ) ) ;
#7402 = ADVANCED_FACE ( 'NONE', ( #5515 ), #8626, .F. ) ;
#7403 = ORIENTED_EDGE ( 'NONE', *, *, #739, .F. ) ;
#7404 = DIRECTION ( 'NONE',  ( 0.0000000000000000000, 0.0000000000000000000, 1.000000000000000000 ) ) ;
#7405 = ORIENTED_EDGE ( 'NONE', *, *, #1419, .F. ) ;
#7406 = ORIENTED_EDGE ( 'NONE', *, *, #9199, .F. ) ;
#7407 = CARTESIAN_POINT ( 'NONE',  ( -0.5275000000000001900, 2.591346881151208100, 0.04185388424647555600 ) ) ;
#7408 = CARTESIAN_POINT ( 'NONE',  ( -1.177500000000000200, -2.200000000000000200, 0.6724999999999941000 ) ) ;
#7409 = COLOUR_RGB ( '',1.000000000000000000, 1.000000000000000000, 1.000000000000000000 ) ;
#7410 = PRESENTATION_LAYER_ASSIGNMENT (  '', '', ( #6456 ) ) ;
#7411 = FILL_AREA_STYLE ('',( #2407 ) ) ;
#7412 =( GEOMETRIC_REPRESENTATION_CONTEXT ( 3 ) GLOBAL_UNCERTAINTY_ASSIGNED_CONTEXT ( ( #9245 ) ) GLOBAL_UNIT_ASSIGNED_CONTEXT ( ( #6402, #2126, #7131 ) ) REPRESENTATION_CONTEXT ( 'NONE', 'WORKASPACE' ) );
#7413 = EDGE_LOOP ( 'NONE', ( #8737, #650, #4519, #4750, #2566, #3897, #4943, #115, #2529, #1743, #3067, #1580 ) ) ;
#7414 = CARTESIAN_POINT ( 'NONE',  ( -1.177500000000000200, 2.252718095034784300, 0.4274999999999940500 ) ) ;
#7415 = ORIENTED_EDGE ( 'NONE', *, *, #2601, .F. ) ;
#7416 = CARTESIAN_POINT ( 'NONE',  ( -0.1225000000000002200, 2.608437217218518600, 0.2862570765601325000 ) ) ;
#7417 = VECTOR ( 'NONE', #1637, 1000.000000000000000 ) ;
#7418 = CARTESIAN_POINT ( 'NONE',  ( -0.1225000000000002200, -2.601461569844106100, 0.1865006715341501500 ) ) ;
#7419 = VECTOR ( 'NONE', #3027, 1000.000000000000000 ) ;
#7420 = SURFACE_STYLE_USAGE ( .BOTH. , #6503 ) ;
#7421 = DIRECTION ( 'NONE',  ( 0.0000000000000000000, 0.0000000000000000000, -1.000000000000000000 ) ) ;
#7422 = COLOUR_RGB ( '',1.000000000000000000, 1.000000000000000000, 1.000000000000000000 ) ;
#7423 = STYLED_ITEM ( 'NONE', ( #737 ), #996 ) ;
#7424 = DIRECTION ( 'NONE',  ( 1.000000000000000000, 0.0000000000000000000, 0.0000000000000000000 ) ) ;
#7425 = ORIENTED_EDGE ( 'NONE', *, *, #1866, .F. ) ;
#7426 = PLANE ( 'NONE',  #2309 ) ;
#7427 = EDGE_LOOP ( 'NONE', ( #307, #7406, #2783, #1836 ) ) ;
#7428 =( GEOMETRIC_REPRESENTATION_CONTEXT ( 3 ) GLOBAL_UNCERTAINTY_ASSIGNED_CONTEXT ( ( #5003 ) ) GLOBAL_UNIT_ASSIGNED_CONTEXT ( ( #8810, #4476, #136 ) ) REPRESENTATION_CONTEXT ( 'NONE', 'WORKASPACE' ) );
#7429 = CARTESIAN_POINT ( 'NONE',  ( 0.7724999999999997400, 2.591346881151208100, 0.04185388424647555600 ) ) ;
#7430 = ORIENTED_EDGE ( 'NONE', *, *, #6682, .F. ) ;
#7431 = DIRECTION ( 'NONE',  ( 0.0000000000000000000, -2.056603471294124000E-015, -1.000000000000000000 ) ) ;
#7432 = VECTOR ( 'NONE', #1728, 1000.000000000000000 ) ;
#7433 = CIRCLE ( 'NONE', #3043, 0.2450000000000004400 ) ;
#7434 = SURFACE_SIDE_STYLE ('',( #5964 ) ) ;
#7435 = EDGE_LOOP ( 'NONE', ( #8701, #9413, #5645, #7242 ) ) ;
#7436 =( NAMED_UNIT ( * ) PLANE_ANGLE_UNIT ( ) SI_UNIT ( $, .RADIAN. ) );
#7437 =( LENGTH_UNIT ( ) NAMED_UNIT ( * ) SI_UNIT ( .MILLI., .METRE. ) );
#7438 = VERTEX_POINT ( 'NONE', #6442 ) ;
#7439 = COLOUR_RGB ( '',1.000000000000000000, 1.000000000000000000, 1.000000000000000000 ) ;
#7440 = AXIS2_PLACEMENT_3D ( 'NONE', #8167, #1628, #8682 ) ;
#7441 = DIRECTION ( 'NONE',  ( 0.0000000000000000000, 0.0000000000000000000, -1.000000000000000000 ) ) ;
#7442 = CARTESIAN_POINT ( 'NONE',  ( 1.422499999999999700, 2.601461569844106100, 0.1865006715341500400 ) ) ;
#7443 = VECTOR ( 'NONE', #1197, 1000.000000000000000 ) ;
#7444 = LINE ( 'NONE', #4826, #1721 ) ;
#7445 = PRESENTATION_LAYER_ASSIGNMENT (  '', '', ( #6479 ) ) ;
#7446 = FILL_AREA_STYLE_COLOUR ( '', #1284 ) ;
#7447 = SURFACE_SIDE_STYLE ('',( #8654 ) ) ;
#7448 = CLOSED_SHELL ( 'NONE', ( #3165, #1147, #8912, #2239, #7810, #8201, #3191, #4465, #653, #6108, #1102, #173, #3472, #6798 ) ) ;
#7449 = FACE_OUTER_BOUND ( 'NONE', #4061, .T. ) ;
#7450 = EDGE_LOOP ( 'NONE', ( #3384, #6965, #2335, #8725 ) ) ;
#7451 = CARTESIAN_POINT ( 'NONE',  ( -0.7725000000000001900, 2.601461569844106100, 0.1865006715341500400 ) ) ;
#7452 = LINE ( 'NONE', #5965, #3423 ) ;
#7453 = UNCERTAINTY_MEASURE_WITH_UNIT (LENGTH_MEASURE( 1.000000000000000100E-005 ), #387, 'distance_accuracy_value', 'NONE');
#7454 = ORIENTED_EDGE ( 'NONE', *, *, #6595, .T. ) ;
#7455 = SURFACE_STYLE_USAGE ( .BOTH. , #2437 ) ;
#7456 = EDGE_CURVE ( 'NONE', #4506, #540, #8715, .T. ) ;
#7457 = ORIENTED_EDGE ( 'NONE', *, *, #6047, .T. ) ;
#7458 = PRESENTATION_STYLE_ASSIGNMENT (( #6218 ) ) ;
#7459 = ADVANCED_FACE ( 'NONE', ( #6747 ), #713, .F. ) ;
#7460 = SURFACE_SIDE_STYLE ('',( #4953 ) ) ;
#7461 = EDGE_LOOP ( 'NONE', ( #2588, #5463, #1867, #7117, #6649, #6342, #386, #683 ) ) ;
#7462 =( NAMED_UNIT ( * ) PLANE_ANGLE_UNIT ( ) SI_UNIT ( $, .RADIAN. ) );
#7463 = DIRECTION ( 'NONE',  ( 1.000000000000000000, 0.0000000000000000000, 0.0000000000000000000 ) ) ;
#7464 = LINE ( 'NONE', #3602, #9216 ) ;
#7465 = SURFACE_STYLE_USAGE ( .BOTH. , #2490 ) ;
#7466 = AXIS2_PLACEMENT_3D ( 'NONE', #8757, #8056, #950 ) ;
#7467 = DIRECTION ( 'NONE',  ( -0.0000000000000000000, 0.06975647374412818900, -0.9975640502598240900 ) ) ;
#7468 = SURFACE_SIDE_STYLE ('',( #7156 ) ) ;
#7469 = ORIENTED_EDGE ( 'NONE', *, *, #5241, .T. ) ;
#7470 = EDGE_CURVE ( 'NONE', #6058, #125, #2264, .T. ) ;
#7471 = LINE ( 'NONE', #2667, #7251 ) ;
#7472 = EDGE_CURVE ( 'NONE', #8438, #4730, #319, .T. ) ;
#7473 = CARTESIAN_POINT ( 'NONE',  ( 0.7724999999999997400, -2.252718095034784300, 0.4274999999999940500 ) ) ;
#7474 = LINE ( 'NONE', #8668, #1983 ) ;
#7475 = DIRECTION ( 'NONE',  ( 0.0000000000000000000, -0.06975647374412598200, -0.9975640502598242000 ) ) ;
#7476 = PRESENTATION_LAYER_ASSIGNMENT (  '', '', ( #6506 ) ) ;
#7477 =( GEOMETRIC_REPRESENTATION_CONTEXT ( 3 ) GLOBAL_UNCERTAINTY_ASSIGNED_CONTEXT ( ( #2388 ) ) GLOBAL_UNIT_ASSIGNED_CONTEXT ( ( #7292, #3023, #8033 ) ) REPRESENTATION_CONTEXT ( 'NONE', 'WORKASPACE' ) );
#7478 = SURFACE_STYLE_USAGE ( .BOTH. , #2459 ) ;
#7479 = CARTESIAN_POINT ( 'NONE',  ( 1.827499999999999700, 2.601461569844106100, 0.1865006715341501500 ) ) ;
#7480 = VECTOR ( 'NONE', #2409, 1000.000000000000000 ) ;
#7481 =( NAMED_UNIT ( * ) PLANE_ANGLE_UNIT ( ) SI_UNIT ( $, .RADIAN. ) );
#7482 = ADVANCED_FACE ( 'NONE', ( #4189 ), #3671, .F. ) ;
#7483 = FACE_OUTER_BOUND ( 'NONE', #8380, .T. ) ;
#7484 = DIRECTION ( 'NONE',  ( 0.0000000000000000000, 1.000000000000000000, -2.056603471294124000E-015 ) ) ;
#7485 = DIRECTION ( 'NONE',  ( 1.000000000000000000, 0.0000000000000000000, 0.0000000000000000000 ) ) ;
#7486 = LINE ( 'NONE', #1301, #1767 ) ;
#7487 = MECHANICAL_DESIGN_GEOMETRIC_PRESENTATION_REPRESENTATION (  '', ( #6033 ), #7976 ) ;
#7488 = CARTESIAN_POINT ( 'NONE',  ( 0.7724999999999997400, 2.200000000000000200, 0.6724999999999941000 ) ) ;
#7489 = CARTESIAN_POINT ( 'NONE',  ( -1.422500000000000100, -3.200000000000000200, 0.1446467872876744900 ) ) ;
#7490 = CYLINDRICAL_SURFACE ( 'NONE', #2038, 0.2450000000000002200 ) ;
#7491 = DIRECTION ( 'NONE',  ( 1.000000000000000000, 0.0000000000000000000, -0.0000000000000000000 ) ) ;
#7492 = CARTESIAN_POINT ( 'NONE',  ( 2.072499999999999800, 2.200000000000000200, 0.6724999999999941000 ) ) ;
#7493 = DIRECTION ( 'NONE',  ( 0.0000000000000000000, 0.0000000000000000000, 1.000000000000000000 ) ) ;
#7494 = CARTESIAN_POINT ( 'NONE',  ( -2.500000000000000000, -2.200000000000000200, 0.5275000000000060800 ) ) ;
#7495 = AXIS2_PLACEMENT_3D ( 'NONE', #501, #7894, #1468 ) ;
#7496 = SURFACE_STYLE_FILL_AREA ( #965 ) ;
#7497 = DIRECTION ( 'NONE',  ( -1.000000000000000000, 0.0000000000000000000, -0.0000000000000000000 ) ) ;
#7498 = AXIS2_PLACEMENT_3D ( 'NONE', #1880, #6887, #2604 ) ;
#7499 = DIRECTION ( 'NONE',  ( 1.000000000000000000, -0.0000000000000000000, -0.0000000000000000000 ) ) ;
#7500 = ADVANCED_FACE ( 'NONE', ( #9046 ), #5784, .F. ) ;
#7501 = LINE ( 'NONE', #5830, #5365 ) ;
#7502 =( LENGTH_UNIT ( ) NAMED_UNIT ( * ) SI_UNIT ( .MILLI., .METRE. ) );
#7503 = UNCERTAINTY_MEASURE_WITH_UNIT (LENGTH_MEASURE( 1.000000000000000100E-005 ), #290, 'distance_accuracy_value', 'NONE');
#7504 = EDGE_CURVE ( 'NONE', #6978, #71, #2607, .T. ) ;
#7505 = LINE ( 'NONE', #1909, #7276 ) ;
#7506 = VERTEX_POINT ( 'NONE', #8022 ) ;
#7507 = CARTESIAN_POINT ( 'NONE',  ( -1.177500000000000200, -2.608437217218518600, 0.2862570765601325000 ) ) ;
#7508 = EDGE_CURVE ( 'NONE', #112, #1134, #4515, .T. ) ;
#7509 = ORIENTED_EDGE ( 'NONE', *, *, #2189, .T. ) ;
#7510 = SURFACE_SIDE_STYLE ('',( #2305 ) ) ;
#7511 = STYLED_ITEM ( 'NONE', ( #2752 ), #6133 ) ;
#7512 = FILL_AREA_STYLE_COLOUR ( '', #1869 ) ;
#7513 = VECTOR ( 'NONE', #8296, 1000.000000000000000 ) ;
#7514 = FACE_OUTER_BOUND ( 'NONE', #6309, .T. ) ;
#7515 = DIRECTION ( 'NONE',  ( 1.000000000000000000, 0.0000000000000000000, 0.0000000000000000000 ) ) ;
#7516 = CYLINDRICAL_SURFACE ( 'NONE', #3115, 0.09999999999999988100 ) ;
#7517 = CARTESIAN_POINT ( 'NONE',  ( 0.1224999999999997800, 2.601461569844106100, 0.1865006715341500400 ) ) ;
#7518 = ORIENTED_EDGE ( 'NONE', *, *, #739, .T. ) ;
#7519 = ORIENTED_EDGE ( 'NONE', *, *, #8198, .T. ) ;
#7520 = EDGE_CURVE ( 'NONE', #5523, #8913, #8360, .T. ) ;
#7521 = CARTESIAN_POINT ( 'NONE',  ( -2.072500000000000200, -2.608437217218518600, 0.2862570765601324400 ) ) ;
#7522 = EDGE_CURVE ( 'NONE', #8989, #6184, #652, .T. ) ;
#7523 = CYLINDRICAL_SURFACE ( 'NONE', #277, 0.2450000000000002200 ) ;
#7524 =( NAMED_UNIT ( * ) SI_UNIT ( $, .STERADIAN. ) SOLID_ANGLE_UNIT ( ) );
#7525 = ADVANCED_FACE ( 'NONE', ( #4302 ), #3040, .F. ) ;
#7526 = DIRECTION ( 'NONE',  ( 1.000000000000000000, -0.0000000000000000000, 0.0000000000000000000 ) ) ;
#7527 = ORIENTED_EDGE ( 'NONE', *, *, #192, .T. ) ;
#7528 = LINE ( 'NONE', #2454, #3735 ) ;
#7529 = DIRECTION ( 'NONE',  ( 1.000000000000000000, -0.0000000000000000000, -0.0000000000000000000 ) ) ;
#7530 = VERTEX_POINT ( 'NONE', #8053 ) ;
#7531 = ORIENTED_EDGE ( 'NONE', *, *, #2049, .T. ) ;
#7532 =( GEOMETRIC_REPRESENTATION_CONTEXT ( 3 ) GLOBAL_UNCERTAINTY_ASSIGNED_CONTEXT ( ( #4365 ) ) GLOBAL_UNIT_ASSIGNED_CONTEXT ( ( #5236, #928, #5946 ) ) REPRESENTATION_CONTEXT ( 'NONE', 'WORKASPACE' ) );
#7533 = ORIENTED_EDGE ( 'NONE', *, *, #6200, .F. ) ;
#7534 = LINE ( 'NONE', #5942, #3062 ) ;
#7535 = CARTESIAN_POINT ( 'NONE',  ( 1.422499999999999700, -2.497121287348441900, 0.4445903360673038000 ) ) ;
#7536 = ORIENTED_EDGE ( 'NONE', *, *, #1208, .F. ) ;
#7537 = AXIS2_PLACEMENT_3D ( 'NONE', #7542, #7497, #7801 ) ;
#7538 = EDGE_LOOP ( 'NONE', ( #1616, #3656, #9321, #7155, #7744, #4498, #8533, #3066, #3966, #9375, #3301, #915 ) ) ;
#7539 =( LENGTH_UNIT ( ) NAMED_UNIT ( * ) SI_UNIT ( .MILLI., .METRE. ) );
#7540 = ORIENTED_EDGE ( 'NONE', *, *, #7844, .F. ) ;
#7541 = PRESENTATION_STYLE_ASSIGNMENT (( #3164 ) ) ;
#7542 = CARTESIAN_POINT ( 'NONE',  ( 2.072499999999999800, 2.608437217218518600, 0.2862570765601324400 ) ) ;
#7543 = VERTEX_POINT ( 'NONE', #8846 ) ;
#7544 = MECHANICAL_DESIGN_GEOMETRIC_PRESENTATION_REPRESENTATION (  '', ( #6091 ), #8038 ) ;
#7545 = SURFACE_STYLE_FILL_AREA ( #7948 ) ;
#7546 = VECTOR ( 'NONE', #4487, 1000.000000000000000 ) ;
#7547 = LINE ( 'NONE', #5594, #4970 ) ;
#7548 = SURFACE_SIDE_STYLE ('',( #5686 ) ) ;
#7549 = EDGE_LOOP ( 'NONE', ( #8511, #7102, #946, #4403 ) ) ;
#7550 = VERTEX_POINT ( 'NONE', #4503 ) ;
#7551 = ADVANCED_FACE ( 'NONE', ( #9170 ), #161, .F. ) ;
#7552 = CARTESIAN_POINT ( 'NONE',  ( -1.827500000000000100, -2.591346881151208100, 0.04185388424647555600 ) ) ;
#7553 = FACE_OUTER_BOUND ( 'NONE', #9312, .T. ) ;
#7554 = ORIENTED_EDGE ( 'NONE', *, *, #7805, .T. ) ;
#7555 = FACE_OUTER_BOUND ( 'NONE', #3723, .T. ) ;
#7556 = LINE ( 'NONE', #7823, #5652 ) ;
#7557 =( GEOMETRIC_REPRESENTATION_CONTEXT ( 3 ) GLOBAL_UNCERTAINTY_ASSIGNED_CONTEXT ( ( #1763 ) ) GLOBAL_UNIT_ASSIGNED_CONTEXT ( ( #5346, #4022, #5054 ) ) REPRESENTATION_CONTEXT ( 'NONE', 'WORKASPACE' ) );
#7558 = DIRECTION ( 'NONE',  ( 0.0000000000000000000, 0.0000000000000000000, 1.000000000000000000 ) ) ;
#7559 = VERTEX_POINT ( 'NONE', #8109 ) ;
#7560 = STYLED_ITEM ( 'NONE', ( #4423 ), #4792 ) ;
#7561 = LINE ( 'NONE', #6493, #5656 ) ;
#7562 = PRODUCT_DEFINITION ( 'н╢ж╙', '', #1600, #966 ) ;
#7563 =( LENGTH_UNIT ( ) NAMED_UNIT ( * ) SI_UNIT ( .MILLI., .METRE. ) );
#7564 = VERTEX_POINT ( 'NONE', #942 ) ;
#7565 = FILL_AREA_STYLE ('',( #3983 ) ) ;
#7566 = ORIENTED_EDGE ( 'NONE', *, *, #2579, .F. ) ;
#7567 = DIRECTION ( 'NONE',  ( 0.0000000000000000000, -0.9975640502598246400, -0.06975647374411951500 ) ) ;
#7568 = COLOUR_RGB ( '',1.000000000000000000, 1.000000000000000000, 1.000000000000000000 ) ;
#7569 = EDGE_CURVE ( 'NONE', #8420, #5050, #8470, .T. ) ;
#7570 = SURFACE_SIDE_STYLE ('',( #558 ) ) ;
#7571 = FILL_AREA_STYLE ('',( #6834 ) ) ;
#7572 = ORIENTED_EDGE ( 'NONE', *, *, #352, .F. ) ;
#7573 = MECHANICAL_DESIGN_GEOMETRIC_PRESENTATION_REPRESENTATION (  '', ( #6599 ), #8057 ) ;
#7574 = DIRECTION ( 'NONE',  ( 1.000000000000000000, -0.0000000000000000000, 0.0000000000000000000 ) ) ;
#7575 = VERTEX_POINT ( 'NONE', #1566 ) ;
#7576 = FACE_OUTER_BOUND ( 'NONE', #6415, .T. ) ;
#7577 = PRESENTATION_LAYER_ASSIGNMENT (  '', '', ( #7075 ) ) ;
#7578 = UNCERTAINTY_MEASURE_WITH_UNIT (LENGTH_MEASURE( 1.000000000000000100E-005 ), #5016, 'distance_accuracy_value', 'NONE');
#7579 =( NAMED_UNIT ( * ) PLANE_ANGLE_UNIT ( ) SI_UNIT ( $, .RADIAN. ) );
#7580 = DIRECTION ( 'NONE',  ( 1.000000000000000000, 0.0000000000000000000, -0.0000000000000000000 ) ) ;
#7581 = ORIENTED_EDGE ( 'NONE', *, *, #8650, .T. ) ;
#7582 = DIRECTION ( 'NONE',  ( 0.0000000000000000000, 0.0000000000000000000, 1.000000000000000000 ) ) ;
#7583 = DIRECTION ( 'NONE',  ( 0.0000000000000000000, 0.0000000000000000000, 1.000000000000000000 ) ) ;
#7584 = EDGE_CURVE ( 'NONE', #2855, #1766, #7193, .T. ) ;
#7585 = FILL_AREA_STYLE_COLOUR ( '', #8124 ) ;
#7586 = EDGE_CURVE ( 'NONE', #5487, #8438, #6514, .T. ) ;
#7587 = FILL_AREA_STYLE_COLOUR ( '', #5706 ) ;
#7588 = AXIS2_PLACEMENT_3D ( 'NONE', #6289, #2008, #7015 ) ;
#7589 = ORIENTED_EDGE ( 'NONE', *, *, #992, .F. ) ;
#7590 = VECTOR ( 'NONE', #330, 1000.000000000000000 ) ;
#7591 = DIRECTION ( 'NONE',  ( -0.0000000000000000000, 0.06975647374412208300, 0.9975640502598244200 ) ) ;
#7592 = PRESENTATION_LAYER_ASSIGNMENT (  '', '', ( #8073 ) ) ;
#7593 = CARTESIAN_POINT ( 'NONE',  ( -0.5275000000000001900, -2.352474500060765600, 0.4344756473744061900 ) ) ;
#7594 = CARTESIAN_POINT ( 'NONE',  ( 0.1224999999999997800, 2.200000000000000200, 0.5274999999999939700 ) ) ;
#7595 = LINE ( 'NONE', #4250, #1873 ) ;
#7596 =( NAMED_UNIT ( * ) PLANE_ANGLE_UNIT ( ) SI_UNIT ( $, .RADIAN. ) );
#7597 =( NAMED_UNIT ( * ) PLANE_ANGLE_UNIT ( ) SI_UNIT ( $, .RADIAN. ) );
#7598 = CIRCLE ( 'NONE', #3134, 0.09999999999999945000 ) ;
#7599 = DIRECTION ( 'NONE',  ( -1.000000000000000000, 0.0000000000000000000, -0.0000000000000000000 ) ) ;
#7600 = SURFACE_SIDE_STYLE ('',( #4545 ) ) ;
#7601 = FACE_OUTER_BOUND ( 'NONE', #2717, .T. ) ;
#7602 = CARTESIAN_POINT ( 'NONE',  ( -0.5275000000000001900, 2.200000000000000200, 0.6724999999999941000 ) ) ;
#7603 = SURFACE_SIDE_STYLE ('',( #886 ) ) ;
#7604 = ADVANCED_FACE ( 'NONE', ( #2715 ), #5994, .F. ) ;
#7605 = DIRECTION ( 'NONE',  ( -1.000000000000000000, 0.0000000000000000000, 0.0000000000000000000 ) ) ;
#7606 =( NAMED_UNIT ( * ) PLANE_ANGLE_UNIT ( ) SI_UNIT ( $, .RADIAN. ) );
#7607 = MECHANICAL_DESIGN_GEOMETRIC_PRESENTATION_REPRESENTATION (  '', ( #6630 ), #8082 ) ;
#7608 = LINE ( 'NONE', #5728, #8662 ) ;
#7609 = SURFACE_SIDE_STYLE ('',( #944 ) ) ;
#7610 = ORIENTED_EDGE ( 'NONE', *, *, #1312, .F. ) ;
#7611 = LINE ( 'NONE', #435, #2114 ) ;
#7612 = FILL_AREA_STYLE_COLOUR ( '', #1551 ) ;
#7613 =( LENGTH_UNIT ( ) NAMED_UNIT ( * ) SI_UNIT ( .MILLI., .METRE. ) );
#7614 = SURFACE_STYLE_FILL_AREA ( #1335 ) ;
#7615 = AXIS2_PLACEMENT_3D ( 'NONE', #939, #2297, #2014 ) ;
#7616 = SURFACE_SIDE_STYLE ('',( #3118 ) ) ;
#7617 = SURFACE_STYLE_FILL_AREA ( #4038 ) ;
#7618 = MECHANICAL_DESIGN_GEOMETRIC_PRESENTATION_REPRESENTATION (  '', ( #6160 ), #8098 ) ;
#7619 = FILL_AREA_STYLE ('',( #6889 ) ) ;
#7620 = DIRECTION ( 'NONE',  ( 0.0000000000000000000, 0.0000000000000000000, -1.000000000000000000 ) ) ;
#7621 = PLANE ( 'NONE',  #3538 ) ;
#7622 = DIRECTION ( 'NONE',  ( 0.0000000000000000000, 0.0000000000000000000, -1.000000000000000000 ) ) ;
#7623 =( NAMED_UNIT ( * ) PLANE_ANGLE_UNIT ( ) SI_UNIT ( $, .RADIAN. ) );
#7624 = AXIS2_PLACEMENT_3D ( 'NONE', #6680, #7424, #3129 ) ;
#7625 = UNCERTAINTY_MEASURE_WITH_UNIT (LENGTH_MEASURE( 1.000000000000000100E-005 ), #5327, 'distance_accuracy_value', 'NONE');
#7626 =( LENGTH_UNIT ( ) NAMED_UNIT ( * ) SI_UNIT ( .MILLI., .METRE. ) );
#7627 = MECHANICAL_DESIGN_GEOMETRIC_PRESENTATION_REPRESENTATION (  '', ( #6662 ), #8115 ) ;
#7628 = CARTESIAN_POINT ( 'NONE',  ( -2.072500000000000200, -2.200000000000000200, 0.5274999999999939700 ) ) ;
#7629 =( LENGTH_UNIT ( ) NAMED_UNIT ( * ) SI_UNIT ( .MILLI., .METRE. ) );
#7630 = VERTEX_POINT ( 'NONE', #2397 ) ;
#7631 = EDGE_CURVE ( 'NONE', #8605, #3297, #2034, .T. ) ;
#7632 = ORIENTED_EDGE ( 'NONE', *, *, #577, .F. ) ;
#7633 = CARTESIAN_POINT ( 'NONE',  ( -1.177500000000000200, -2.364034024904861500, 0.2691667404928227400 ) ) ;
#7634 = FACE_OUTER_BOUND ( 'NONE', #5, .T. ) ;
#7635 = LINE ( 'NONE', #8832, #1911 ) ;
#7636 = EDGE_CURVE ( 'NONE', #8564, #3179, #7528, .T. ) ;
#7637 = CARTESIAN_POINT ( 'NONE',  ( 0.7724999999999997400, -2.252718095034784300, 0.4274999999999940500 ) ) ;
#7638 = AXIS2_PLACEMENT_3D ( 'NONE', #2552, #7567, #3265 ) ;
#7639 =( NAMED_UNIT ( * ) SI_UNIT ( $, .STERADIAN. ) SOLID_ANGLE_UNIT ( ) );
#7640 = CARTESIAN_POINT ( 'NONE',  ( 1.827499999999999700, -3.200000000000000200, 0.1446467872876744900 ) ) ;
#7641 = ORIENTED_EDGE ( 'NONE', *, *, #4857, .F. ) ;
#7642 = DIRECTION ( 'NONE',  ( 0.0000000000000000000, -0.9975640502598242000, 0.06975647374412599600 ) ) ;
#7643 = ORIENTED_EDGE ( 'NONE', *, *, #5362, .T. ) ;
#7644 = CIRCLE ( 'NONE', #1634, 0.2450000000000004400 ) ;
#7645 = AXIS2_PLACEMENT_3D ( 'NONE', #8398, #8492, #8842 ) ;
#7646 = ORIENTED_EDGE ( 'NONE', *, *, #5352, .T. ) ;
#7647 = VERTEX_POINT ( 'NONE', #8973 ) ;
#7648 = EDGE_LOOP ( 'NONE', ( #3869, #1548, #4566, #759 ) ) ;
#7649 = EDGE_CURVE ( 'NONE', #1154, #8833, #9285, .T. ) ;
#7650 = SURFACE_SIDE_STYLE ('',( #7285 ) ) ;
#7651 = EDGE_CURVE ( 'NONE', #5635, #7211, #5623, .T. ) ;
#7652 = EDGE_LOOP ( 'NONE', ( #529, #6633, #5500, #6090 ) ) ;
#7653 = FILL_AREA_STYLE_COLOUR ( '', #679 ) ;
#7654 = PRESENTATION_STYLE_ASSIGNMENT (( #2348 ) ) ;
#7655 = FILL_AREA_STYLE ('',( #6207 ) ) ;
#7656 = LINE ( 'NONE', #6516, #5746 ) ;
#7657 = PRESENTATION_LAYER_ASSIGNMENT (  '', '', ( #6209 ) ) ;
#7658 = LINE ( 'NONE', #7842, #2158 ) ;
#7659 = DIRECTION ( 'NONE',  ( 1.000000000000000000, 0.0000000000000000000, -0.0000000000000000000 ) ) ;
#7660 = ORIENTED_EDGE ( 'NONE', *, *, #6794, .F. ) ;
#7661 =( NAMED_UNIT ( * ) PLANE_ANGLE_UNIT ( ) SI_UNIT ( $, .RADIAN. ) );
#7662 = ORIENTED_EDGE ( 'NONE', *, *, #9006, .F. ) ;
#7663 = CYLINDRICAL_SURFACE ( 'NONE', #8139, 0.2450000000000004400 ) ;
#7664 = DIRECTION ( 'NONE',  ( 1.000000000000000000, 0.0000000000000000000, -0.0000000000000000000 ) ) ;
#7665 = DIRECTION ( 'NONE',  ( 0.0000000000000000000, -0.9975640502598242000, 0.06975647374412599600 ) ) ;
#7666 = DIRECTION ( 'NONE',  ( -0.0000000000000000000, 1.000000000000000000, -0.0000000000000000000 ) ) ;
#7667 = ORIENTED_EDGE ( 'NONE', *, *, #8019, .T. ) ;
#7668 =( NAMED_UNIT ( * ) PLANE_ANGLE_UNIT ( ) SI_UNIT ( $, .RADIAN. ) );
#7669 = FACE_OUTER_BOUND ( 'NONE', #2834, .T. ) ;
#7670 = VERTEX_POINT ( 'NONE', #278 ) ;
#7671 = ORIENTED_EDGE ( 'NONE', *, *, #4045, .T. ) ;
#7672 = FILL_AREA_STYLE ('',( #7612 ) ) ;
#7673 = AXIS2_PLACEMENT_3D ( 'NONE', #8822, #4486, #143 ) ;
#7674 = DIRECTION ( 'NONE',  ( 0.0000000000000000000, 0.0000000000000000000, -1.000000000000000000 ) ) ;
#7675 =( LENGTH_UNIT ( ) NAMED_UNIT ( * ) SI_UNIT ( .MILLI., .METRE. ) );
#7676 = CYLINDRICAL_SURFACE ( 'NONE', #6773, 0.2450000000000002200 ) ;
#7677 = LINE ( 'NONE', #8676, #2177 ) ;
#7678 = CARTESIAN_POINT ( 'NONE',  ( 0.1224999999999997800, -2.601461569844106100, 0.1865006715341500400 ) ) ;
#7679 = VERTEX_POINT ( 'NONE', #6044 ) ;
#7680 = FILL_AREA_STYLE ('',( #2671 ) ) ;
#7681 = ORIENTED_EDGE ( 'NONE', *, *, #7901, .F. ) ;
#7682 = UNCERTAINTY_MEASURE_WITH_UNIT (LENGTH_MEASURE( 1.000000000000000100E-005 ), #1855, 'distance_accuracy_value', 'NONE');
#7683 = LINE ( 'NONE', #7376, #5771 ) ;
#7684 = STYLED_ITEM ( 'NONE', ( #7337 ), #1618 ) ;
#7685 = LINE ( 'NONE', #1225, #6999 ) ;
#7686 = DIRECTION ( 'NONE',  ( 0.0000000000000000000, 0.0000000000000000000, 1.000000000000000000 ) ) ;
#7687 = EDGE_LOOP ( 'NONE', ( #4226, #9019, #5967, #6393 ) ) ;
#7688 = ORIENTED_EDGE ( 'NONE', *, *, #5071, .F. ) ;
#7689 = EDGE_CURVE ( 'NONE', #1973, #8498, #76, .T. ) ;
#7690 = UNCERTAINTY_MEASURE_WITH_UNIT (LENGTH_MEASURE( 1.000000000000000100E-005 ), #89, 'distance_accuracy_value', 'NONE');
#7691 = COLOUR_RGB ( '',1.000000000000000000, 1.000000000000000000, 1.000000000000000000 ) ;
#7692 = CARTESIAN_POINT ( 'NONE',  ( 0.5274999999999997500, -3.189885311307101700, 2.710505431213761100E-017 ) ) ;
#7693 = DIRECTION ( 'NONE',  ( -1.000000000000000000, -0.0000000000000000000, 0.0000000000000000000 ) ) ;
#7694 = CARTESIAN_POINT ( 'NONE',  ( 1.422499999999999700, -2.601461569844106100, 0.1865006715341501500 ) ) ;
#7695 = AXIS2_PLACEMENT_3D ( 'NONE', #2336, #3080, #3114 ) ;
#7696 = ORIENTED_EDGE ( 'NONE', *, *, #7845, .F. ) ;
#7697 = FILL_AREA_STYLE ('',( #121 ) ) ;
#7698 = CARTESIAN_POINT ( 'NONE',  ( 0.7724999999999997400, -2.364034024904861500, 0.2691667404928227400 ) ) ;
#7699 = PRESENTATION_STYLE_ASSIGNMENT (( #3573 ) ) ;
#7700 = PRESENTATION_LAYER_ASSIGNMENT (  '', '', ( #6718 ) ) ;
#7701 = LINE ( 'NONE', #6909, #4131 ) ;
#7702 =( NAMED_UNIT ( * ) PLANE_ANGLE_UNIT ( ) SI_UNIT ( $, .RADIAN. ) );
#7703 = VECTOR ( 'NONE', #6750, 1000.000000000000000 ) ;
#7704 = ADVANCED_FACE ( 'NONE', ( #1808 ), #6390, .F. ) ;
#7705 = DIRECTION ( 'NONE',  ( -1.000000000000000000, -0.0000000000000000000, -0.0000000000000000000 ) ) ;
#7706 = EDGE_CURVE ( 'NONE', #8506, #5393, #8345, .T. ) ;
#7707 = LINE ( 'NONE', #8162, #3684 ) ;
#7708 = EDGE_CURVE ( 'NONE', #8020, #9005, #4727, .T. ) ;
#7709 = DIRECTION ( 'NONE',  ( 0.0000000000000000000, 1.000000000000000000, -2.056603471294124000E-015 ) ) ;
#7710 = STYLED_ITEM ( 'NONE', ( #1584 ), #6983 ) ;
#7711 = MECHANICAL_DESIGN_GEOMETRIC_PRESENTATION_REPRESENTATION (  '', ( #5790 ), #8207 ) ;
#7712 = DIRECTION ( 'NONE',  ( 0.0000000000000000000, -0.06975647374411951500, 0.9975640502598246400 ) ) ;
#7713 = DIRECTION ( 'NONE',  ( -0.0000000000000000000, 0.06975647374412208300, 0.9975640502598244200 ) ) ;
#7714 = VECTOR ( 'NONE', #4895, 1000.000000000000200 ) ;
#7715 = DIRECTION ( 'NONE',  ( -1.000000000000000000, -0.0000000000000000000, -0.0000000000000000000 ) ) ;
#7716 = MECHANICAL_DESIGN_GEOMETRIC_PRESENTATION_REPRESENTATION (  '', ( #6746 ), #8214 ) ;
#7717 = CARTESIAN_POINT ( 'NONE',  ( -1.827500000000000100, -2.508680812192536400, 0.2792814291857203500 ) ) ;
#7718 = DIRECTION ( 'NONE',  ( 0.0000000000000000000, 0.0000000000000000000, -1.000000000000000000 ) ) ;
#7719 = MANIFOLD_SOLID_BREP ( 'Lead12', #2269 ) ;
#7720 = ORIENTED_EDGE ( 'NONE', *, *, #3885, .T. ) ;
#7721 = PLANE ( 'NONE',  #5481 ) ;
#7722 =( LENGTH_UNIT ( ) NAMED_UNIT ( * ) SI_UNIT ( .MILLI., .METRE. ) );
#7723 =( NAMED_UNIT ( * ) PLANE_ANGLE_UNIT ( ) SI_UNIT ( $, .RADIAN. ) );
#7724 = FILL_AREA_STYLE ('',( #8651 ) ) ;
#7725 = DIRECTION ( 'NONE',  ( 1.000000000000000000, 0.0000000000000000000, 0.0000000000000000000 ) ) ;
#7726 = MECHANICAL_DESIGN_GEOMETRIC_PRESENTATION_REPRESENTATION (  '', ( #6264 ), #8223 ) ;
#7727 =( GEOMETRIC_REPRESENTATION_CONTEXT ( 3 ) GLOBAL_UNCERTAINTY_ASSIGNED_CONTEXT ( ( #4080 ) ) GLOBAL_UNIT_ASSIGNED_CONTEXT ( ( #8313, #4017, #9059 ) ) REPRESENTATION_CONTEXT ( 'NONE', 'WORKASPACE' ) );
#7728 = DIRECTION ( 'NONE',  ( 0.0000000000000000000, 1.000000000000000000, 0.0000000000000000000 ) ) ;
#7729 =( LENGTH_UNIT ( ) NAMED_UNIT ( * ) SI_UNIT ( .MILLI., .METRE. ) );
#7730 = SURFACE_STYLE_USAGE ( .BOTH. , #2722 ) ;
#7731 = LINE ( 'NONE', #665, #54 ) ;
#7732 = FILL_AREA_STYLE ('',( #2723 ) ) ;
#7733 = CARTESIAN_POINT ( 'NONE',  ( -1.422500000000000100, -2.200000000000000200, 0.6724999999999941000 ) ) ;
#7734 = PRESENTATION_LAYER_ASSIGNMENT (  '', '', ( #6768 ) ) ;
#7735 = CARTESIAN_POINT ( 'NONE',  ( 1.827499999999999700, 2.252718095034783400, 0.5274999999999934200 ) ) ;
#7736 = PRESENTATION_LAYER_ASSIGNMENT (  '', '', ( #7258 ) ) ;
#7737 = DIRECTION ( 'NONE',  ( 0.0000000000000000000, -0.06975647374412599600, 0.9975640502598242000 ) ) ;
#7738 = ORIENTED_EDGE ( 'NONE', *, *, #2165, .T. ) ;
#7739 = UNCERTAINTY_MEASURE_WITH_UNIT (LENGTH_MEASURE( 1.000000000000000100E-005 ), #4493, 'distance_accuracy_value', 'NONE');
#7740 = EDGE_CURVE ( 'NONE', #3041, #4506, #3848, .T. ) ;
#7741 = VECTOR ( 'NONE', #8881, 1000.000000000000000 ) ;
#7742 = VECTOR ( 'NONE', #1018, 1000.000000000000100 ) ;
#7743 = CARTESIAN_POINT ( 'NONE',  ( -1.422500000000000100, -2.252718095034783400, 0.5274999999999934200 ) ) ;
#7744 = ORIENTED_EDGE ( 'NONE', *, *, #3999, .F. ) ;
#7745 = ADVANCED_FACE ( 'NONE', ( #2594 ), #6869, .F. ) ;
#7746 = SURFACE_STYLE_USAGE ( .BOTH. , #2748 ) ;
#7747 = ORIENTED_EDGE ( 'NONE', *, *, #6047, .F. ) ;
#7748 = DIRECTION ( 'NONE',  ( 0.0000000000000000000, 0.0000000000000000000, 1.000000000000000000 ) ) ;
#7749 =( NAMED_UNIT ( * ) SI_UNIT ( $, .STERADIAN. ) SOLID_ANGLE_UNIT ( ) );
#7750 = VECTOR ( 'NONE', #8197, 1000.000000000000000 ) ;
#7751 =( NAMED_UNIT ( * ) SI_UNIT ( $, .STERADIAN. ) SOLID_ANGLE_UNIT ( ) );
#7752 =( NAMED_UNIT ( * ) SI_UNIT ( $, .STERADIAN. ) SOLID_ANGLE_UNIT ( ) );
#7753 = DIRECTION ( 'NONE',  ( -1.000000000000000000, -0.0000000000000000000, -0.0000000000000000000 ) ) ;
#7754 = ORIENTED_EDGE ( 'NONE', *, *, #1297, .F. ) ;
#7755 = CARTESIAN_POINT ( 'NONE',  ( -2.750000000000000000, 2.200000000000000200, 0.5275000000000060800 ) ) ;
#7756 = ORIENTED_EDGE ( 'NONE', *, *, #2535, .T. ) ;
#7757 = ORIENTED_EDGE ( 'NONE', *, *, #2099, .T. ) ;
#7758 =( NAMED_UNIT ( * ) SI_UNIT ( $, .STERADIAN. ) SOLID_ANGLE_UNIT ( ) );
#7759 = ORIENTED_EDGE ( 'NONE', *, *, #7229, .T. ) ;
#7760 = EDGE_CURVE ( 'NONE', #3182, #4213, #1223, .T. ) ;
#7761 = EDGE_CURVE ( 'NONE', #467, #540, #8692, .T. ) ;
#7762 = SURFACE_STYLE_USAGE ( .BOTH. , #7650 ) ;
#7763 = SURFACE_STYLE_FILL_AREA ( #8107 ) ;
#7764 = VERTEX_POINT ( 'NONE', #1894 ) ;
#7765 = VECTOR ( 'NONE', #8134, 1000.000000000000000 ) ;
#7766 = DIRECTION ( 'NONE',  ( 0.0000000000000000000, 0.06975647374411951500, -0.9975640502598246400 ) ) ;
#7767 = VERTEX_POINT ( 'NONE', #3466 ) ;
#7768 = VECTOR ( 'NONE', #5065, 1000.000000000000000 ) ;
#7769 =( LENGTH_UNIT ( ) NAMED_UNIT ( * ) SI_UNIT ( .MILLI., .METRE. ) );
#7770 = ORIENTED_EDGE ( 'NONE', *, *, #7900, .F. ) ;
#7771 = ORIENTED_EDGE ( 'NONE', *, *, #5241, .F. ) ;
#7772 = MECHANICAL_DESIGN_GEOMETRIC_PRESENTATION_REPRESENTATION (  '', ( #6318 ), #8278 ) ;
#7773 = LINE ( 'NONE', #4206, #5854 ) ;
#7774 = ORIENTED_EDGE ( 'NONE', *, *, #1813, .F. ) ;
#7775 = LINE ( 'NONE', #9227, #5856 ) ;
#7776 = VECTOR ( 'NONE', #8794, 1000.000000000000000 ) ;
#7777 = AXIS2_PLACEMENT_3D ( 'NONE', #1081, #1048, #952 ) ;
#7778 = LINE ( 'NONE', #4846, #5642 ) ;
#7779 = EDGE_CURVE ( 'NONE', #7575, #597, #995, .T. ) ;
#7780 = CARTESIAN_POINT ( 'NONE',  ( 0.1224999999999997800, -2.200000000000000200, 0.6724999999999941000 ) ) ;
#7781 = ORIENTED_EDGE ( 'NONE', *, *, #3996, .F. ) ;
#7782 = CLOSED_SHELL ( 'NONE', ( #8685, #9386, #5534, #372, #2377, #1484, #2011, #248, #4602, #3017, #8591, #6053, #8875, #4921 ) ) ;
#7783 =( NAMED_UNIT ( * ) SI_UNIT ( $, .STERADIAN. ) SOLID_ANGLE_UNIT ( ) );
#7784 = VECTOR ( 'NONE', #4110, 999.9999999999998900 ) ;
#7785 = ORIENTED_EDGE ( 'NONE', *, *, #8650, .F. ) ;
#7786 = PRESENTATION_LAYER_ASSIGNMENT (  '', '', ( #7290 ) ) ;
#7787 = LINE ( 'NONE', #3941, #2285 ) ;
#7788 = STYLED_ITEM ( 'NONE', ( #4013 ), #4190 ) ;
#7789 =( NAMED_UNIT ( * ) SI_UNIT ( $, .STERADIAN. ) SOLID_ANGLE_UNIT ( ) );
#7790 = VERTEX_POINT ( 'NONE', #6339 ) ;
#7791 = LINE ( 'NONE', #4380, #2070 ) ;
#7792 = DIRECTION ( 'NONE',  ( 0.0000000000000000000, -1.000000000000000000, 2.056603471294124000E-015 ) ) ;
#7793 = EDGE_LOOP ( 'NONE', ( #2516, #1838, #3972, #134 ) ) ;
#7794 = SURFACE_SIDE_STYLE ('',( #4485 ) ) ;
#7795 = COLOUR_RGB ( '',1.000000000000000000, 1.000000000000000000, 1.000000000000000000 ) ;
#7796 = ORIENTED_EDGE ( 'NONE', *, *, #8841, .T. ) ;
#7797 = ORIENTED_EDGE ( 'NONE', *, *, #335, .F. ) ;
#7798 = DIRECTION ( 'NONE',  ( 0.0000000000000000000, 0.0000000000000000000, -1.000000000000000000 ) ) ;
#7799 = SURFACE_STYLE_FILL_AREA ( #9274 ) ;
#7800 = EDGE_LOOP ( 'NONE', ( #3388, #1087, #3976, #6476 ) ) ;
#7801 = DIRECTION ( 'NONE',  ( 0.0000000000000000000, 0.0000000000000000000, 1.000000000000000000 ) ) ;
#7802 = COLOUR_RGB ( '',1.000000000000000000, 1.000000000000000000, 1.000000000000000000 ) ;
#7803 = MECHANICAL_DESIGN_GEOMETRIC_PRESENTATION_REPRESENTATION (  '', ( #6825 ), #8302 ) ;
#7804 =( NAMED_UNIT ( * ) PLANE_ANGLE_UNIT ( ) SI_UNIT ( $, .RADIAN. ) );
#7805 = EDGE_CURVE ( 'NONE', #4063, #5821, #8459, .T. ) ;
#7806 = CARTESIAN_POINT ( 'NONE',  ( -1.827500000000000100, 2.252718095034784300, 0.4274999999999940500 ) ) ;
#7807 = ORIENTED_EDGE ( 'NONE', *, *, #1391, .F. ) ;
#7808 = DIRECTION ( 'NONE',  ( 0.0000000000000000000, 0.0000000000000000000, -1.000000000000000000 ) ) ;
#7809 = UNCERTAINTY_MEASURE_WITH_UNIT (LENGTH_MEASURE( 1.000000000000000100E-005 ), #7355, 'distance_accuracy_value', 'NONE');
#7810 = ADVANCED_FACE ( 'NONE', ( #6722 ), #7516, .F. ) ;
#7811 = PRESENTATION_STYLE_ASSIGNMENT (( #1538 ) ) ;
#7812 = ORIENTED_EDGE ( 'NONE', *, *, #2793, .F. ) ;
#7813 = DIRECTION ( 'NONE',  ( 0.0000000000000000000, -0.06975647374411951500, -0.9975640502598246400 ) ) ;
#7814 = VECTOR ( 'NONE', #6217, 999.9999999999998900 ) ;
#7815 = COLOUR_RGB ( '',1.000000000000000000, 1.000000000000000000, 1.000000000000000000 ) ;
#7816 =( NAMED_UNIT ( * ) PLANE_ANGLE_UNIT ( ) SI_UNIT ( $, .RADIAN. ) );
#7817 = EDGE_LOOP ( 'NONE', ( #4765, #4325, #6974, #6077 ) ) ;
#7818 =( GEOMETRIC_REPRESENTATION_CONTEXT ( 3 ) GLOBAL_UNCERTAINTY_ASSIGNED_CONTEXT ( ( #6351 ) ) GLOBAL_UNIT_ASSIGNED_CONTEXT ( ( #3522, #7014, #8477 ) ) REPRESENTATION_CONTEXT ( 'NONE', 'WORKASPACE' ) );
#7819 = FILL_AREA_STYLE_COLOUR ( '', #1631 ) ;
#7820 =( LENGTH_UNIT ( ) NAMED_UNIT ( * ) SI_UNIT ( .MILLI., .METRE. ) );
#7821 = VECTOR ( 'NONE', #3004, 1000.000000000000000 ) ;
#7822 = FILL_AREA_STYLE_COLOUR ( '', #9174 ) ;
#7823 = CARTESIAN_POINT ( 'NONE',  ( 0.7724999999999997400, 2.601461569844106100, 0.1865006715341501500 ) ) ;
#7824 = PRESENTATION_STYLE_ASSIGNMENT (( #7730 ) ) ;
#7825 = EDGE_CURVE ( 'NONE', #6193, #7859, #68, .T. ) ;
#7826 = CARTESIAN_POINT ( 'NONE',  ( -0.5275000000000001900, 2.601461569844106100, 0.1865006715341500400 ) ) ;
#7827 =( NAMED_UNIT ( * ) SI_UNIT ( $, .STERADIAN. ) SOLID_ANGLE_UNIT ( ) );
#7828 = FILL_AREA_STYLE ('',( #7077 ) ) ;
#7829 = FACE_OUTER_BOUND ( 'NONE', #6317, .T. ) ;
#7830 =( NAMED_UNIT ( * ) SI_UNIT ( $, .STERADIAN. ) SOLID_ANGLE_UNIT ( ) );
#7831 = FILL_AREA_STYLE ('',( #8805 ) ) ;
#7832 = EDGE_CURVE ( 'NONE', #5648, #5810, #2024, .T. ) ;
#7833 = CARTESIAN_POINT ( 'NONE',  ( 0.1224999999999997800, 2.200000000000000200, 0.6724999999999941000 ) ) ;
#7834 = DIRECTION ( 'NONE',  ( -1.000000000000000000, -0.0000000000000000000, -0.0000000000000000000 ) ) ;
#7835 = DIRECTION ( 'NONE',  ( -0.0000000000000000000, 0.06975647374412818900, -0.9975640502598240900 ) ) ;
#7836 = DIRECTION ( 'NONE',  ( -1.000000000000000000, -0.0000000000000000000, -0.0000000000000000000 ) ) ;
#7837 = DIRECTION ( 'NONE',  ( 0.0000000000000000000, 0.9975640502598242000, 0.06975647374412598200 ) ) ;
#7838 = ORIENTED_EDGE ( 'NONE', *, *, #3150, .T. ) ;
#7839 = PLANE ( 'NONE',  #8392 ) ;
#7840 = DIRECTION ( 'NONE',  ( 0.0000000000000000000, -0.9975640502598243100, -0.06975647374412599600 ) ) ;
#7841 = ORIENTED_EDGE ( 'NONE', *, *, #3252, .T. ) ;
#7842 = CARTESIAN_POINT ( 'NONE',  ( -2.072500000000000200, 2.591346881151208100, 0.04185388424647555600 ) ) ;
#7843 = DIRECTION ( 'NONE',  ( 0.0000000000000000000, 0.0000000000000000000, 1.000000000000000000 ) ) ;
#7844 = EDGE_CURVE ( 'NONE', #4668, #4613, #5829, .T. ) ;
#7845 = EDGE_CURVE ( 'NONE', #7530, #2855, #3949, .T. ) ;
#7846 = CARTESIAN_POINT ( 'NONE',  ( -0.7725000000000001900, 2.352474500060765600, 0.4344756473744061900 ) ) ;
#7847 =( GEOMETRIC_REPRESENTATION_CONTEXT ( 3 ) GLOBAL_UNCERTAINTY_ASSIGNED_CONTEXT ( ( #4923 ) ) GLOBAL_UNIT_ASSIGNED_CONTEXT ( ( #9180, #4811, #486 ) ) REPRESENTATION_CONTEXT ( 'NONE', 'WORKASPACE' ) );
#7848 = SURFACE_SIDE_STYLE ('',( #5453 ) ) ;
#7849 =( NAMED_UNIT ( * ) PLANE_ANGLE_UNIT ( ) SI_UNIT ( $, .RADIAN. ) );
#7850 = CARTESIAN_POINT ( 'NONE',  ( 1.422499999999999700, -2.608437217218518600, 0.2862570765601324400 ) ) ;
#7851 = PRESENTATION_STYLE_ASSIGNMENT (( #8894 ) ) ;
#7852 = ADVANCED_FACE ( 'NONE', ( #3721 ), #7860, .F. ) ;
#7853 = DIRECTION ( 'NONE',  ( -1.000000000000000000, -0.0000000000000000000, -0.0000000000000000000 ) ) ;
#7854 = CARTESIAN_POINT ( 'NONE',  ( 0.1224999999999997800, -2.352474500060765600, 0.4344756473744061900 ) ) ;
#7855 = CARTESIAN_POINT ( 'NONE',  ( 1.177499999999999800, -2.508680812192536400, 0.2792814291857203500 ) ) ;
#7856 = SURFACE_SIDE_STYLE ('',( #368 ) ) ;
#7857 = SURFACE_SIDE_STYLE ('',( #9040 ) ) ;
#7858 =( GEOMETRIC_REPRESENTATION_CONTEXT ( 3 ) GLOBAL_UNCERTAINTY_ASSIGNED_CONTEXT ( ( #4754 ) ) GLOBAL_UNIT_ASSIGNED_CONTEXT ( ( #9226, #4860, #516 ) ) REPRESENTATION_CONTEXT ( 'NONE', 'WORKASPACE' ) );
#7859 = VERTEX_POINT ( 'NONE', #5690 ) ;
#7860 = PLANE ( 'NONE',  #4081 ) ;
#7861 = CARTESIAN_POINT ( 'NONE',  ( 2.072499999999999800, 2.352474500060765600, 0.4344756473744061900 ) ) ;
#7862 =( NAMED_UNIT ( * ) SI_UNIT ( $, .STERADIAN. ) SOLID_ANGLE_UNIT ( ) );
#7863 = SURFACE_SIDE_STYLE ('',( #7938 ) ) ;
#7864 = DIRECTION ( 'NONE',  ( 1.000000000000000000, -0.0000000000000000000, 0.0000000000000000000 ) ) ;
#7865 = CARTESIAN_POINT ( 'NONE',  ( 2.072499999999999800, 2.591346881151208100, 0.04185388424647555600 ) ) ;
#7866 = ORIENTED_EDGE ( 'NONE', *, *, #3923, .F. ) ;
#7867 = AXIS2_PLACEMENT_3D ( 'NONE', #7221, #2655, #621 ) ;
#7868 =( NAMED_UNIT ( * ) PLANE_ANGLE_UNIT ( ) SI_UNIT ( $, .RADIAN. ) );
#7869 = ORIENTED_EDGE ( 'NONE', *, *, #268, .F. ) ;
#7870 = UNCERTAINTY_MEASURE_WITH_UNIT (LENGTH_MEASURE( 1.000000000000000100E-005 ), #1608, 'distance_accuracy_value', 'NONE');
#7871 = SURFACE_STYLE_FILL_AREA ( #6715 ) ;
#7872 =( GEOMETRIC_REPRESENTATION_CONTEXT ( 3 ) GLOBAL_UNCERTAINTY_ASSIGNED_CONTEXT ( ( #397 ) ) GLOBAL_UNIT_ASSIGNED_CONTEXT ( ( #5171, #853, #5890 ) ) REPRESENTATION_CONTEXT ( 'NONE', 'WORKASPACE' ) );
#7873 = DIRECTION ( 'NONE',  ( 0.0000000000000000000, 0.0000000000000000000, -1.000000000000000000 ) ) ;
#7874 = ORIENTED_EDGE ( 'NONE', *, *, #3641, .T. ) ;
#7875 = EDGE_LOOP ( 'NONE', ( #1273, #7234, #8739, #347 ) ) ;
#7876 = EDGE_CURVE ( 'NONE', #1116, #6529, #3481, .T. ) ;
#7877 = DIRECTION ( 'NONE',  ( 0.0000000000000000000, 0.0000000000000000000, 1.000000000000000000 ) ) ;
#7878 = ORIENTED_EDGE ( 'NONE', *, *, #5887, .T. ) ;
#7879 = DIRECTION ( 'NONE',  ( -1.000000000000000000, 0.0000000000000000000, -0.0000000000000000000 ) ) ;
#7880 = SURFACE_STYLE_FILL_AREA ( #9109 ) ;
#7881 = VECTOR ( 'NONE', #1332, 1000.000000000000000 ) ;
#7882 = CARTESIAN_POINT ( 'NONE',  ( -0.5275000000000001900, -2.252718095034784300, 0.6724999999999939900 ) ) ;
#7883 = PRESENTATION_LAYER_ASSIGNMENT (  '', '', ( #8880 ) ) ;
#7884 = LINE ( 'NONE', #7488, #8588 ) ;
#7885 = ORIENTED_EDGE ( 'NONE', *, *, #9016, .F. ) ;
#7886 = PRESENTATION_STYLE_ASSIGNMENT (( #867 ) ) ;
#7887 = CARTESIAN_POINT ( 'NONE',  ( -0.7725000000000001900, 2.200000000000000200, 0.6724999999999941000 ) ) ;
#7888 =( LENGTH_UNIT ( ) NAMED_UNIT ( * ) SI_UNIT ( .MILLI., .METRE. ) );
#7889 = ORIENTED_EDGE ( 'NONE', *, *, #8458, .T. ) ;
#7890 = DIRECTION ( 'NONE',  ( -1.000000000000000000, 0.0000000000000000000, -0.0000000000000000000 ) ) ;
#7891 = EDGE_LOOP ( 'NONE', ( #7008, #1854, #6981, #9316 ) ) ;
#7892 = COLOUR_RGB ( '',1.000000000000000000, 1.000000000000000000, 1.000000000000000000 ) ;
#7893 = SURFACE_STYLE_USAGE ( .BOTH. , #7794 ) ;
#7894 = DIRECTION ( 'NONE',  ( 0.0000000000000000000, 0.9975640502598246400, -0.06975647374411951500 ) ) ;
#7895 = LINE ( 'NONE', #9235, #439 ) ;
#7896 = DIRECTION ( 'NONE',  ( -0.0000000000000000000, -0.0000000000000000000, 1.000000000000000000 ) ) ;
#7897 = PRESENTATION_STYLE_ASSIGNMENT (( #5324 ) ) ;
#7898 = DIRECTION ( 'NONE',  ( 0.0000000000000000000, 0.0000000000000000000, 1.000000000000000000 ) ) ;
#7899 = ORIENTED_EDGE ( 'NONE', *, *, #8891, .F. ) ;
#7900 = EDGE_CURVE ( 'NONE', #5120, #5650, #1556, .T. ) ;
#7901 = EDGE_CURVE ( 'NONE', #7000, #3190, #5380, .T. ) ;
#7902 = EDGE_LOOP ( 'NONE', ( #6433, #7688, #4388, #3381 ) ) ;
#7903 = CARTESIAN_POINT ( 'NONE',  ( -0.1225000000000002200, 3.189885311307101700, 2.710505431213761100E-017 ) ) ;
#7904 = DIRECTION ( 'NONE',  ( 0.0000000000000000000, 0.0000000000000000000, 1.000000000000000000 ) ) ;
#7905 = ORIENTED_EDGE ( 'NONE', *, *, #3151, .F. ) ;
#7906 = ADVANCED_FACE ( 'NONE', ( #9024 ), #8652, .F. ) ;
#7907 = LINE ( 'NONE', #725, #2166 ) ;
#7908 = PRESENTATION_STYLE_ASSIGNMENT (( #9201 ) ) ;
#7909 =( GEOMETRIC_REPRESENTATION_CONTEXT ( 3 ) GLOBAL_UNCERTAINTY_ASSIGNED_CONTEXT ( ( #7980 ) ) GLOBAL_UNIT_ASSIGNED_CONTEXT ( ( #4318, #9397, #5026 ) ) REPRESENTATION_CONTEXT ( 'NONE', 'WORKASPACE' ) );
#7910 = EDGE_LOOP ( 'NONE', ( #5185, #1238, #185, #1282 ) ) ;
#7911 = STYLED_ITEM ( 'NONE', ( #5725 ), #3231 ) ;
#7912 = VECTOR ( 'NONE', #6654, 1000.000000000000000 ) ;
#7913 = DIRECTION ( 'NONE',  ( -1.000000000000000000, -0.0000000000000000000, -0.0000000000000000000 ) ) ;
#7914 = EDGE_LOOP ( 'NONE', ( #6392, #1174, #1499, #1592 ) ) ;
#7915 = STYLED_ITEM ( 'NONE', ( #2031 ), #346 ) ;
#7916 = DIRECTION ( 'NONE',  ( -1.000000000000000000, -0.0000000000000000000, -0.0000000000000000000 ) ) ;
#7917 = PRESENTATION_STYLE_ASSIGNMENT (( #4338 ) ) ;
#7918 = CARTESIAN_POINT ( 'NONE',  ( 0.5274999999999997500, 2.252718095034784300, 0.6724999999999939900 ) ) ;
#7919 = ORIENTED_EDGE ( 'NONE', *, *, #3319, .F. ) ;
#7920 = DIRECTION ( 'NONE',  ( -1.000000000000000000, -0.0000000000000000000, -0.0000000000000000000 ) ) ;
#7921 = EDGE_LOOP ( 'NONE', ( #1810, #543, #9036, #7796 ) ) ;
#7922 = MECHANICAL_DESIGN_GEOMETRIC_PRESENTATION_REPRESENTATION (  '', ( #6456 ), #8425 ) ;
#7923 = LINE ( 'NONE', #1632, #1729 ) ;
#7924 = CARTESIAN_POINT ( 'NONE',  ( -1.177500000000000200, -3.200000000000000200, 0.1446467872876744900 ) ) ;
#7925 = SURFACE_STYLE_USAGE ( .BOTH. , #8208 ) ;
#7926 = CARTESIAN_POINT ( 'NONE',  ( 1.422499999999999700, -2.252718095034784300, 0.6724999999999939900 ) ) ;
#7927 = ORIENTED_EDGE ( 'NONE', *, *, #7949, .T. ) ;
#7928 = LINE ( 'NONE', #4762, #2410 ) ;
#7929 = ORIENTED_EDGE ( 'NONE', *, *, #1866, .T. ) ;
#7930 = ORIENTED_EDGE ( 'NONE', *, *, #6609, .T. ) ;
#7931 = UNCERTAINTY_MEASURE_WITH_UNIT (LENGTH_MEASURE( 1.000000000000000100E-005 ), #3196, 'distance_accuracy_value', 'NONE');
#7932 = CARTESIAN_POINT ( 'NONE',  ( -1.177500000000000200, 2.200000000000000200, 0.5274999999999939700 ) ) ;
#7933 = AXIS2_PLACEMENT_3D ( 'NONE', #8318, #4143, #9168 ) ;
#7934 = SURFACE_STYLE_FILL_AREA ( #6686 ) ;
#7935 =( NAMED_UNIT ( * ) SI_UNIT ( $, .STERADIAN. ) SOLID_ANGLE_UNIT ( ) );
#7936 = CARTESIAN_POINT ( 'NONE',  ( -1.177500000000000200, -2.601461569844106100, 0.1865006715341500400 ) ) ;
#7937 = COLOUR_RGB ( '',1.000000000000000000, 1.000000000000000000, 1.000000000000000000 ) ;
#7938 = SURFACE_STYLE_FILL_AREA ( #2858 ) ;
#7939 = SURFACE_STYLE_USAGE ( .BOTH. , #2924 ) ;
#7940 = PRESENTATION_LAYER_ASSIGNMENT (  '', '', ( #6477 ) ) ;
#7941 =( LENGTH_UNIT ( ) NAMED_UNIT ( * ) SI_UNIT ( .MILLI., .METRE. ) );
#7942 = MECHANICAL_DESIGN_GEOMETRIC_PRESENTATION_REPRESENTATION (  '', ( #6479 ), #8448 ) ;
#7943 = SURFACE_STYLE_USAGE ( .BOTH. , #2934 ) ;
#7944 = ADVANCED_FACE ( 'NONE', ( #6492 ), #3624, .F. ) ;
#7945 =( LENGTH_UNIT ( ) NAMED_UNIT ( * ) SI_UNIT ( .MILLI., .METRE. ) );
#7946 =( NAMED_UNIT ( * ) PLANE_ANGLE_UNIT ( ) SI_UNIT ( $, .RADIAN. ) );
#7947 = DIRECTION ( 'NONE',  ( 0.0000000000000000000, 0.0000000000000000000, 1.000000000000000000 ) ) ;
#7948 = FILL_AREA_STYLE ('',( #6298 ) ) ;
#7949 = EDGE_CURVE ( 'NONE', #3691, #6281, #5816, .T. ) ;
#7950 =( LENGTH_UNIT ( ) NAMED_UNIT ( * ) SI_UNIT ( .MILLI., .METRE. ) );
#7951 = PLANE ( 'NONE',  #4156 ) ;
#7952 = DIRECTION ( 'NONE',  ( -1.000000000000000000, -0.0000000000000000000, -0.0000000000000000000 ) ) ;
#7953 = CARTESIAN_POINT ( 'NONE',  ( -1.827500000000000100, 2.252718095034783400, 0.5274999999999934200 ) ) ;
#7954 = CARTESIAN_POINT ( 'NONE',  ( 0.5274999999999997500, -2.508680812192536400, 0.2792814291857203500 ) ) ;
#7955 = PLANE ( 'NONE',  #589 ) ;
#7956 = STYLED_ITEM ( 'NONE', ( #8825 ), #2879 ) ;
#7957 = VERTEX_POINT ( 'NONE', #3664 ) ;
#7958 = FACE_OUTER_BOUND ( 'NONE', #8104, .T. ) ;
#7959 = FILL_AREA_STYLE_COLOUR ( '', #3278 ) ;
#7960 = FILL_AREA_STYLE_COLOUR ( '', #8958 ) ;
#7961 = SURFACE_SIDE_STYLE ('',( #4671 ) ) ;
#7962 = EDGE_CURVE ( 'NONE', #1421, #5509, #7731, .T. ) ;
#7963 = EDGE_CURVE ( 'NONE', #4072, #6184, #3938, .T. ) ;
#7964 = DIRECTION ( 'NONE',  ( 1.000000000000000000, 0.0000000000000000000, 0.0000000000000000000 ) ) ;
#7965 = MECHANICAL_DESIGN_GEOMETRIC_PRESENTATION_REPRESENTATION (  '', ( #6506 ), #8481 ) ;
#7966 = SURFACE_STYLE_USAGE ( .BOTH. , #2964 ) ;
#7967 = PLANE ( 'NONE',  #6250 ) ;
#7968 = DIRECTION ( 'NONE',  ( -1.000000000000000000, -0.0000000000000000000, 0.0000000000000000000 ) ) ;
#7969 = ORIENTED_EDGE ( 'NONE', *, *, #4426, .F. ) ;
#7970 = FILL_AREA_STYLE ('',( #17 ) ) ;
#7971 = VECTOR ( 'NONE', #8996, 999.9999999999998900 ) ;
#7972 = DIRECTION ( 'NONE',  ( 0.0000000000000000000, 0.9975640502598245300, 0.06975647374412209700 ) ) ;
#7973 = CARTESIAN_POINT ( 'NONE',  ( 1.177499999999999800, -2.200000000000000200, 0.5274999999999939700 ) ) ;
#7974 =( NAMED_UNIT ( * ) PLANE_ANGLE_UNIT ( ) SI_UNIT ( $, .RADIAN. ) );
#7975 = DIRECTION ( 'NONE',  ( -1.000000000000000000, -0.0000000000000000000, -0.0000000000000000000 ) ) ;
#7976 =( GEOMETRIC_REPRESENTATION_CONTEXT ( 3 ) GLOBAL_UNCERTAINTY_ASSIGNED_CONTEXT ( ( #4866 ) ) GLOBAL_UNIT_ASSIGNED_CONTEXT ( ( #8300, #4002, #9037 ) ) REPRESENTATION_CONTEXT ( 'NONE', 'WORKASPACE' ) );
#7977 = DIRECTION ( 'NONE',  ( 8.541845642371238300E-017, -0.9848077530122086900, 0.1736481776669275600 ) ) ;
#7978 = ORIENTED_EDGE ( 'NONE', *, *, #1198, .F. ) ;
#7979 = ORIENTED_EDGE ( 'NONE', *, *, #1690, .F. ) ;
#7980 = UNCERTAINTY_MEASURE_WITH_UNIT (LENGTH_MEASURE( 1.000000000000000100E-005 ), #4318, 'distance_accuracy_value', 'NONE');
#7981 = FILL_AREA_STYLE ('',( #8577 ) ) ;
#7982 = CARTESIAN_POINT ( 'NONE',  ( -2.072500000000000200, -3.200000000000000200, 0.1446467872876744900 ) ) ;
#7983 = FILL_AREA_STYLE_COLOUR ( '', #6087 ) ;
#7984 = ADVANCED_FACE ( 'NONE', ( #5593 ), #1508, .F. ) ;
#7985 = STYLED_ITEM ( 'NONE', ( #6543 ), #1742 ) ;
#7986 = DIRECTION ( 'NONE',  ( -1.000000000000000000, -0.0000000000000000000, -0.0000000000000000000 ) ) ;
#7987 = EDGE_LOOP ( 'NONE', ( #3451, #1753, #394, #8070 ) ) ;
#7988 = ORIENTED_EDGE ( 'NONE', *, *, #7019, .T. ) ;
#7989 = STYLED_ITEM ( 'NONE', ( #6480 ), #5290 ) ;
#7990 = CARTESIAN_POINT ( 'NONE',  ( 1.422499999999999700, -2.252718095034784300, 0.4274999999999940500 ) ) ;
#7991 = PRESENTATION_STYLE_ASSIGNMENT (( #151 ) ) ;
#7992 = COLOUR_RGB ( '',1.000000000000000000, 1.000000000000000000, 1.000000000000000000 ) ;
#7993 = VERTEX_POINT ( 'NONE', #2983 ) ;
#7994 = EDGE_CURVE ( 'NONE', #1964, #5411, #2232, .T. ) ;
#7995 = ORIENTED_EDGE ( 'NONE', *, *, #7651, .F. ) ;
#7996 = VERTEX_POINT ( 'NONE', #794 ) ;
#7997 = PLANE ( 'NONE',  #7238 ) ;
#7998 = EDGE_CURVE ( 'NONE', #5499, #7195, #7501, .T. ) ;
#7999 = ORIENTED_EDGE ( 'NONE', *, *, #844, .F. ) ;
#8000 = CIRCLE ( 'NONE', #1860, 0.09999999999999988100 ) ;
#8001 = LINE ( 'NONE', #8035, #7776 ) ;
#8002 = DIRECTION ( 'NONE',  ( 1.000000000000000000, 0.0000000000000000000, 0.0000000000000000000 ) ) ;
#8003 = COLOUR_RGB ( '',1.000000000000000000, 1.000000000000000000, 1.000000000000000000 ) ;
#8004 = PRESENTATION_LAYER_ASSIGNMENT (  '', '', ( #7511 ) ) ;
#8005 = VERTEX_POINT ( 'NONE', #6560 ) ;
#8006 = LINE ( 'NONE', #4659, #549 ) ;
#8007 = CARTESIAN_POINT ( 'NONE',  ( -1.177500000000000200, 2.601461569844106100, 0.1865006715341501500 ) ) ;
#8008 = CARTESIAN_POINT ( 'NONE',  ( 0.1224999999999997800, -2.364034024904861500, 0.2691667404928227400 ) ) ;
#8009 = ORIENTED_EDGE ( 'NONE', *, *, #4637, .T. ) ;
#8010 = VERTEX_POINT ( 'NONE', #53 ) ;
#8011 =( NAMED_UNIT ( * ) SI_UNIT ( $, .STERADIAN. ) SOLID_ANGLE_UNIT ( ) );
#8012 = CARTESIAN_POINT ( 'NONE',  ( -1.422500000000000100, -2.591346881151208100, 0.04185388424647555600 ) ) ;
#8013 = PRESENTATION_STYLE_ASSIGNMENT (( #8576 ) ) ;
#8014 = VERTEX_POINT ( 'NONE', #8012 ) ;
#8015 =( NAMED_UNIT ( * ) SI_UNIT ( $, .STERADIAN. ) SOLID_ANGLE_UNIT ( ) );
#8016 = CARTESIAN_POINT ( 'NONE',  ( -0.5275000000000001900, -3.200000000000000200, 0.1446467872876744900 ) ) ;
#8017 = VECTOR ( 'NONE', #5840, 1000.000000000000100 ) ;
#8018 = EDGE_CURVE ( 'NONE', #7550, #6095, #1542, .T. ) ;
#8019 = EDGE_CURVE ( 'NONE', #4954, #3182, #7273, .T. ) ;
#8020 = VERTEX_POINT ( 'NONE', #833 ) ;
#8021 = CARTESIAN_POINT ( 'NONE',  ( -1.177500000000000200, 2.200000000000000200, 0.6724999999999941000 ) ) ;
#8022 = CARTESIAN_POINT ( 'NONE',  ( -0.7725000000000001900, 2.364034024904861500, 0.2691667404928227400 ) ) ;
#8023 = ORIENTED_EDGE ( 'NONE', *, *, #5243, .T. ) ;
#8024 = FACE_OUTER_BOUND ( 'NONE', #6992, .T. ) ;
#8025 = CARTESIAN_POINT ( 'NONE',  ( -0.5275000000000001900, -2.601461569844106100, 0.1865006715341500400 ) ) ;
#8026 = AXIS2_PLACEMENT_3D ( 'NONE', #369, #5412, #1110 ) ;
#8027 = VECTOR ( 'NONE', #378, 1000.000000000000000 ) ;
#8028 = PRESENTATION_LAYER_ASSIGNMENT (  '', '', ( #8541 ) ) ;
#8029 = CARTESIAN_POINT ( 'NONE',  ( -0.1225000000000002200, 2.352474500060765600, 0.4344756473744061900 ) ) ;
#8030 = ORIENTED_EDGE ( 'NONE', *, *, #5826, .F. ) ;
#8031 = VERTEX_POINT ( 'NONE', #3722 ) ;
#8032 = MECHANICAL_DESIGN_GEOMETRIC_PRESENTATION_REPRESENTATION (  '', ( #7037 ), #8544 ) ;
#8033 =( NAMED_UNIT ( * ) SI_UNIT ( $, .STERADIAN. ) SOLID_ANGLE_UNIT ( ) );
#8034 = VECTOR ( 'NONE', #3934, 1000.000000000000000 ) ;
#8035 = CARTESIAN_POINT ( 'NONE',  ( 1.422499999999999700, 2.252718095034783400, 0.5274999999999934200 ) ) ;
#8036 = EDGE_LOOP ( 'NONE', ( #4342, #9159, #7519, #9232 ) ) ;
#8037 = CIRCLE ( 'NONE', #141, 0.09999999999999988100 ) ;
#8038 =( GEOMETRIC_REPRESENTATION_CONTEXT ( 3 ) GLOBAL_UNCERTAINTY_ASSIGNED_CONTEXT ( ( #3362 ) ) GLOBAL_UNIT_ASSIGNED_CONTEXT ( ( #7563, #3263, #8309 ) ) REPRESENTATION_CONTEXT ( 'NONE', 'WORKASPACE' ) );
#8039 = ADVANCED_FACE ( 'NONE', ( #7036 ), #5865, .F. ) ;
#8040 = PLANE ( 'NONE',  #9390 ) ;
#8041 = UNCERTAINTY_MEASURE_WITH_UNIT (LENGTH_MEASURE( 1.000000000000000100E-005 ), #1760, 'distance_accuracy_value', 'NONE');
#8042 = DIRECTION ( 'NONE',  ( -1.000000000000000000, 0.0000000000000000000, -0.0000000000000000000 ) ) ;
#8043 = VECTOR ( 'NONE', #9246, 1000.000000000000000 ) ;
#8044 = LINE ( 'NONE', #6300, #829 ) ;
#8045 = CARTESIAN_POINT ( 'NONE',  ( 0.7724999999999997400, 3.189885311307101700, 2.710505431213761100E-017 ) ) ;
#8046 = SURFACE_SIDE_STYLE ('',( #3469 ) ) ;
#8047 = VECTOR ( 'NONE', #505, 1000.000000000000000 ) ;
#8048 = CARTESIAN_POINT ( 'NONE',  ( -1.827500000000000100, -2.252718095034784300, 0.4274999999999940500 ) ) ;
#8049 = PRESENTATION_LAYER_ASSIGNMENT (  '', '', ( #8560 ) ) ;
#8050 = UNCERTAINTY_MEASURE_WITH_UNIT (LENGTH_MEASURE( 1.000000000000000100E-005 ), #4716, 'distance_accuracy_value', 'NONE');
#8051 = PRESENTATION_LAYER_ASSIGNMENT (  '', '', ( #7560 ) ) ;
#8052 = PRESENTATION_LAYER_ASSIGNMENT (  '', '', ( #6106 ) ) ;
#8053 = CARTESIAN_POINT ( 'NONE',  ( -0.1225000000000002200, -2.200000000000000200, 0.6724999999999941000 ) ) ;
#8054 = SURFACE_SIDE_STYLE ('',( #4769 ) ) ;
#8055 = EDGE_CURVE ( 'NONE', #7564, #5112, #8316, .T. ) ;
#8056 = DIRECTION ( 'NONE',  ( 1.000000000000000000, -0.0000000000000000000, 0.0000000000000000000 ) ) ;
#8057 =( GEOMETRIC_REPRESENTATION_CONTEXT ( 3 ) GLOBAL_UNCERTAINTY_ASSIGNED_CONTEXT ( ( #3324 ) ) GLOBAL_UNIT_ASSIGNED_CONTEXT ( ( #2873, #4349, #3811 ) ) REPRESENTATION_CONTEXT ( 'NONE', 'WORKASPACE' ) );
#8058 = CARTESIAN_POINT ( 'NONE',  ( 2.072499999999999800, -2.591346881151208100, 0.04185388424647555600 ) ) ;
#8059 = MECHANICAL_DESIGN_GEOMETRIC_PRESENTATION_REPRESENTATION (  '', ( #7075 ), #8573 ) ;
#8060 = DIRECTION ( 'NONE',  ( -1.000000000000000000, -0.0000000000000000000, -0.0000000000000000000 ) ) ;
#8061 = ORIENTED_EDGE ( 'NONE', *, *, #6052, .F. ) ;
#8062 = CARTESIAN_POINT ( 'NONE',  ( 0.5274999999999997500, -2.200000000000000200, 0.6724999999999941000 ) ) ;
#8063 = EDGE_CURVE ( 'NONE', #2886, #2806, #860, .T. ) ;
#8064 = CARTESIAN_POINT ( 'NONE',  ( -1.422500000000000100, 2.364034024904861500, 0.2691667404928227400 ) ) ;
#8065 = EDGE_CURVE ( 'NONE', #4556, #6161, #1779, .T. ) ;
#8066 = CARTESIAN_POINT ( 'NONE',  ( -0.7725000000000001900, 2.200000000000000200, 0.5274999999999939700 ) ) ;
#8067 = CARTESIAN_POINT ( 'NONE',  ( -1.827500000000000100, 2.352474500060765600, 0.4344756473744061900 ) ) ;
#8068 = VECTOR ( 'NONE', #7366, 1000.000000000000000 ) ;
#8069 = CIRCLE ( 'NONE', #669, 0.2450000000000004400 ) ;
#8070 = ORIENTED_EDGE ( 'NONE', *, *, #8474, .T. ) ;
#8071 = AXIS2_PLACEMENT_3D ( 'NONE', #3428, #8478, #4160 ) ;
#8072 = FILL_AREA_STYLE_COLOUR ( '', #7409 ) ;
#8073 = STYLED_ITEM ( 'NONE', ( #523 ), #3165 ) ;
#8074 = DIRECTION ( 'NONE',  ( 0.0000000000000000000, 0.0000000000000000000, -1.000000000000000000 ) ) ;
#8075 = ADVANCED_FACE ( 'NONE', ( #6367 ), #3097, .T. ) ;
#8076 = STYLED_ITEM ( 'NONE', ( #894 ), #266 ) ;
#8077 = COLOUR_RGB ( '',1.000000000000000000, 1.000000000000000000, 1.000000000000000000 ) ;
#8078 = COLOUR_RGB ( '',1.000000000000000000, 1.000000000000000000, 1.000000000000000000 ) ;
#8079 = DIRECTION ( 'NONE',  ( 0.0000000000000000000, 2.056603471294124000E-015, -1.000000000000000000 ) ) ;
#8080 = ORIENTED_EDGE ( 'NONE', *, *, #5053, .T. ) ;
#8081 = UNCERTAINTY_MEASURE_WITH_UNIT (LENGTH_MEASURE( 1.000000000000000100E-005 ), #7945, 'distance_accuracy_value', 'NONE');
#8082 =( GEOMETRIC_REPRESENTATION_CONTEXT ( 3 ) GLOBAL_UNCERTAINTY_ASSIGNED_CONTEXT ( ( #6183 ) ) GLOBAL_UNIT_ASSIGNED_CONTEXT ( ( #8354, #4047, #9103 ) ) REPRESENTATION_CONTEXT ( 'NONE', 'WORKASPACE' ) );
#8083 = ORIENTED_EDGE ( 'NONE', *, *, #4920, .F. ) ;
#8084 =( NAMED_UNIT ( * ) SI_UNIT ( $, .STERADIAN. ) SOLID_ANGLE_UNIT ( ) );
#8085 =( NAMED_UNIT ( * ) PLANE_ANGLE_UNIT ( ) SI_UNIT ( $, .RADIAN. ) );
#8086 = CARTESIAN_POINT ( 'NONE',  ( 1.422499999999999700, -2.252718095034784300, 0.4274999999999940500 ) ) ;
#8087 = CIRCLE ( 'NONE', #5793, 0.2450000000000004400 ) ;
#8088 = PRESENTATION_STYLE_ASSIGNMENT (( #2932 ) ) ;
#8089 = CARTESIAN_POINT ( 'NONE',  ( 1.827499999999999700, 3.189885311307101700, 2.710505431213761100E-017 ) ) ;
#8090 = PRESENTATION_STYLE_ASSIGNMENT (( #8315 ) ) ;
#8091 =( NAMED_UNIT ( * ) PLANE_ANGLE_UNIT ( ) SI_UNIT ( $, .RADIAN. ) );
#8092 = ORIENTED_EDGE ( 'NONE', *, *, #576, .T. ) ;
#8093 = FILL_AREA_STYLE_COLOUR ( '', #3604 ) ;
#8094 = PRESENTATION_LAYER_ASSIGNMENT (  '', '', ( #7124 ) ) ;
#8095 = ORIENTED_EDGE ( 'NONE', *, *, #9270, .F. ) ;
#8096 = VECTOR ( 'NONE', #4798, 1000.000000000000100 ) ;
#8097 = CARTESIAN_POINT ( 'NONE',  ( -1.177500000000000200, -2.591346881151208100, 0.04185388424647555600 ) ) ;
#8098 =( GEOMETRIC_REPRESENTATION_CONTEXT ( 3 ) GLOBAL_UNCERTAINTY_ASSIGNED_CONTEXT ( ( #6769 ) ) GLOBAL_UNIT_ASSIGNED_CONTEXT ( ( #3637, #8687, #4366 ) ) REPRESENTATION_CONTEXT ( 'NONE', 'WORKASPACE' ) );
#8099 = VECTOR ( 'NONE', #9231, 1000.000000000000000 ) ;
#8100 = FACE_OUTER_BOUND ( 'NONE', #4334, .T. ) ;
#8101 = DIRECTION ( 'NONE',  ( -0.9848077530122085800, 0.0000000000000000000, 0.1736481776669280600 ) ) ;
#8102 = VERTEX_POINT ( 'NONE', #8869 ) ;
#8103 = VECTOR ( 'NONE', #97, 1000.000000000000000 ) ;
#8104 = EDGE_LOOP ( 'NONE', ( #4532, #2827, #6384, #4607 ) ) ;
#8105 =( LENGTH_UNIT ( ) NAMED_UNIT ( * ) SI_UNIT ( .MILLI., .METRE. ) );
#8106 = EDGE_LOOP ( 'NONE', ( #6754, #5046, #1509, #7738 ) ) ;
#8107 = FILL_AREA_STYLE ('',( #8743 ) ) ;
#8108 = LINE ( 'NONE', #4028, #2374 ) ;
#8109 = CARTESIAN_POINT ( 'NONE',  ( -0.1225000000000002200, -2.364034024904861500, 0.2691667404928227400 ) ) ;
#8110 = VECTOR ( 'NONE', #2485, 1000.000000000000100 ) ;
#8111 = LINE ( 'NONE', #2439, #2378 ) ;
#8112 = STYLED_ITEM ( 'NONE', ( #6637 ), #2011 ) ;
#8113 = CARTESIAN_POINT ( 'NONE',  ( 0.7724999999999997400, -2.591346881151208100, 0.04185388424647555600 ) ) ;
#8114 = DIRECTION ( 'NONE',  ( 0.0000000000000000000, -0.06975647374412599600, 0.9975640502598242000 ) ) ;
#8115 =( GEOMETRIC_REPRESENTATION_CONTEXT ( 3 ) GLOBAL_UNCERTAINTY_ASSIGNED_CONTEXT ( ( #9134 ) ) GLOBAL_UNIT_ASSIGNED_CONTEXT ( ( #815, #5845, #1540 ) ) REPRESENTATION_CONTEXT ( 'NONE', 'WORKASPACE' ) );
#8116 = ORIENTED_EDGE ( 'NONE', *, *, #5948, .F. ) ;
#8117 = DIRECTION ( 'NONE',  ( -0.0000000000000000000, 0.9975640502598242000, 0.06975647374412599600 ) ) ;
#8118 = EDGE_LOOP ( 'NONE', ( #7454, #7405, #5834, #7838 ) ) ;
#8119 = VERTEX_POINT ( 'NONE', #5210 ) ;
#8120 = FACE_OUTER_BOUND ( 'NONE', #8238, .T. ) ;
#8121 = EDGE_CURVE ( 'NONE', #2986, #9247, #6146, .T. ) ;
#8122 = VECTOR ( 'NONE', #1194, 1000.000000000000000 ) ;
#8123 = DIRECTION ( 'NONE',  ( 0.0000000000000000000, 0.0000000000000000000, 1.000000000000000000 ) ) ;
#8124 = COLOUR_RGB ( '',1.000000000000000000, 1.000000000000000000, 1.000000000000000000 ) ;
#8125 =( LENGTH_UNIT ( ) NAMED_UNIT ( * ) SI_UNIT ( .MILLI., .METRE. ) );
#8126 = ORIENTED_EDGE ( 'NONE', *, *, #6284, .T. ) ;
#8127 = FACE_OUTER_BOUND ( 'NONE', #8594, .T. ) ;
#8128 = DIRECTION ( 'NONE',  ( 0.0000000000000000000, 0.0000000000000000000, 1.000000000000000000 ) ) ;
#8129 = EDGE_CURVE ( 'NONE', #2416, #5253, #4482, .T. ) ;
#8130 = ORIENTED_EDGE ( 'NONE', *, *, #8285, .T. ) ;
#8131 = AXIS2_PLACEMENT_3D ( 'NONE', #406, #5454, #1160 ) ;
#8132 = ADVANCED_FACE ( 'NONE', ( #614 ), #3127, .F. ) ;
#8133 = COLOUR_RGB ( '',1.000000000000000000, 1.000000000000000000, 1.000000000000000000 ) ;
#8134 = DIRECTION ( 'NONE',  ( -1.000000000000000000, -0.0000000000000000000, -0.0000000000000000000 ) ) ;
#8135 = SURFACE_STYLE_FILL_AREA ( #9197 ) ;
#8136 = VECTOR ( 'NONE', #5718, 1000.000000000000000 ) ;
#8137 = CARTESIAN_POINT ( 'NONE',  ( -1.827500000000000100, -3.200000000000000200, 0.1446467872876744900 ) ) ;
#8138 = ORIENTED_EDGE ( 'NONE', *, *, #75, .F. ) ;
#8139 = AXIS2_PLACEMENT_3D ( 'NONE', #6714, #5439, #7185 ) ;
#8140 = VECTOR ( 'NONE', #8490, 1000.000000000000000 ) ;
#8141 = FILL_AREA_STYLE ('',( #4531 ) ) ;
#8142 = ORIENTED_EDGE ( 'NONE', *, *, #3686, .T. ) ;
#8143 = DIRECTION ( 'NONE',  ( -0.0000000000000000000, 0.06975647374412208300, 0.9975640502598244200 ) ) ;
#8144 = DIRECTION ( 'NONE',  ( -0.0000000000000000000, 0.9975640502598242000, 0.06975647374412599600 ) ) ;
#8145 = EDGE_CURVE ( 'NONE', #5196, #4063, #1650, .T. ) ;
#8146 = EDGE_CURVE ( 'NONE', #4414, #8844, #9137, .T. ) ;
#8147 = FILL_AREA_STYLE_COLOUR ( '', #3960 ) ;
#8148 = VERTEX_POINT ( 'NONE', #4591 ) ;
#8149 = COLOUR_RGB ( '',1.000000000000000000, 1.000000000000000000, 1.000000000000000000 ) ;
#8150 = VERTEX_POINT ( 'NONE', #8923 ) ;
#8151 = DIRECTION ( 'NONE',  ( 0.0000000000000000000, -0.9975640502598242000, -0.06975647374412599600 ) ) ;
#8152 = MECHANICAL_DESIGN_GEOMETRIC_PRESENTATION_REPRESENTATION (  '', ( #6209 ), #8666 ) ;
#8153 = CYLINDRICAL_SURFACE ( 'NONE', #3295, 0.2450000000000002200 ) ;
#8154 = AXIS2_PLACEMENT_3D ( 'NONE', #5765, #1452, #6478 ) ;
#8155 = DIRECTION ( 'NONE',  ( 0.0000000000000000000, 0.9975640502598242000, -0.06975647374412599600 ) ) ;
#8156 = DIRECTION ( 'NONE',  ( 0.0000000000000000000, -0.0000000000000000000, -1.000000000000000000 ) ) ;
#8157 = DIRECTION ( 'NONE',  ( 0.0000000000000000000, 1.000000000000000000, -2.056603471294124000E-015 ) ) ;
#8158 = LINE ( 'NONE', #2089, #3330 ) ;
#8159 = SURFACE_STYLE_USAGE ( .BOTH. , #3139 ) ;
#8160 = UNCERTAINTY_MEASURE_WITH_UNIT (LENGTH_MEASURE( 1.000000000000000100E-005 ), #2084, 'distance_accuracy_value', 'NONE');
#8161 = ORIENTED_EDGE ( 'NONE', *, *, #2187, .F. ) ;
#8162 = CARTESIAN_POINT ( 'NONE',  ( 1.422499999999999700, 2.497121287348441900, 0.4445903360673038000 ) ) ;
#8163 = DIRECTION ( 'NONE',  ( 0.0000000000000000000, 0.0000000000000000000, 1.000000000000000000 ) ) ;
#8164 = COLOUR_RGB ( '',1.000000000000000000, 1.000000000000000000, 1.000000000000000000 ) ;
#8165 = PRESENTATION_LAYER_ASSIGNMENT (  '', '', ( #7179 ) ) ;
#8166 = DIRECTION ( 'NONE',  ( -1.000000000000000000, 0.0000000000000000000, -0.0000000000000000000 ) ) ;
#8167 = CARTESIAN_POINT ( 'NONE',  ( -0.5275000000000001900, 2.608437217218518600, 0.2862570765601324400 ) ) ;
#8168 = ORIENTED_EDGE ( 'NONE', *, *, #1980, .T. ) ;
#8169 = FILL_AREA_STYLE_COLOUR ( '', #8077 ) ;
#8170 = DIRECTION ( 'NONE',  ( -1.000000000000000000, 0.0000000000000000000, -0.0000000000000000000 ) ) ;
#8171 = SURFACE_STYLE_USAGE ( .BOTH. , #434 ) ;
#8172 = CARTESIAN_POINT ( 'NONE',  ( 0.5274999999999997500, 3.200000000000000200, 0.1446467872876744900 ) ) ;
#8173 = AXIS2_PLACEMENT_3D ( 'NONE', #2173, #7222, #5091 ) ;
#8174 = CARTESIAN_POINT ( 'NONE',  ( 1.422499999999999700, -2.200000000000000200, 0.5274999999999939700 ) ) ;
#8175 = STYLED_ITEM ( 'NONE', ( #191 ), #5161 ) ;
#8176 = ORIENTED_EDGE ( 'NONE', *, *, #2452, .F. ) ;
#8177 =( NAMED_UNIT ( * ) SI_UNIT ( $, .STERADIAN. ) SOLID_ANGLE_UNIT ( ) );
#8178 = ADVANCED_FACE ( 'NONE', ( #3351 ), #6734, .F. ) ;
#8179 = CARTESIAN_POINT ( 'NONE',  ( 0.7724999999999997400, -2.200000000000000200, 0.6724999999999941000 ) ) ;
#8180 = DIRECTION ( 'NONE',  ( 0.0000000000000000000, -1.000000000000000000, 0.0000000000000000000 ) ) ;
#8181 = EDGE_CURVE ( 'NONE', #5780, #8672, #733, .T. ) ;
#8182 = DIRECTION ( 'NONE',  ( -1.000000000000000000, -0.0000000000000000000, -0.0000000000000000000 ) ) ;
#8183 =( LENGTH_UNIT ( ) NAMED_UNIT ( * ) SI_UNIT ( .MILLI., .METRE. ) );
#8184 = ORIENTED_EDGE ( 'NONE', *, *, #2224, .F. ) ;
#8185 = LINE ( 'NONE', #3940, #2448 ) ;
#8186 = PRESENTATION_LAYER_ASSIGNMENT (  '', '', ( #7210 ) ) ;
#8187 = FILL_AREA_STYLE ('',( #8169 ) ) ;
#8188 = SURFACE_SIDE_STYLE ('',( #7246 ) ) ;
#8189 = VECTOR ( 'NONE', #8180, 1000.000000000000000 ) ;
#8190 = MECHANICAL_DESIGN_GEOMETRIC_PRESENTATION_REPRESENTATION (  '', ( #6718 ), #8706 ) ;
#8191 =( NAMED_UNIT ( * ) PLANE_ANGLE_UNIT ( ) SI_UNIT ( $, .RADIAN. ) );
#8192 = CARTESIAN_POINT ( 'NONE',  ( -2.072500000000000200, -2.508680812192536400, 0.2792814291857203500 ) ) ;
#8193 =( LENGTH_UNIT ( ) NAMED_UNIT ( * ) SI_UNIT ( .MILLI., .METRE. ) );
#8194 = DIRECTION ( 'NONE',  ( 0.0000000000000000000, 0.9975640502598246400, -0.06975647374411951500 ) ) ;
#8195 = SURFACE_STYLE_FILL_AREA ( #857 ) ;
#8196 = EDGE_CURVE ( 'NONE', #8925, #4872, #6483, .T. ) ;
#8197 = DIRECTION ( 'NONE',  ( -0.0000000000000000000, 1.000000000000000000, -0.0000000000000000000 ) ) ;
#8198 = EDGE_CURVE ( 'NONE', #2731, #512, #8185, .T. ) ;
#8199 = DIRECTION ( 'NONE',  ( 1.000000000000000000, 0.0000000000000000000, 0.0000000000000000000 ) ) ;
#8200 =( LENGTH_UNIT ( ) NAMED_UNIT ( * ) SI_UNIT ( .MILLI., .METRE. ) );
#8201 = ADVANCED_FACE ( 'NONE', ( #7958 ), #8991, .F. ) ;
#8202 = CARTESIAN_POINT ( 'NONE',  ( -1.827500000000000100, -2.608437217218518600, 0.2862570765601325000 ) ) ;
#8203 = CARTESIAN_POINT ( 'NONE',  ( 2.750000000000000000, 2.200000000000000200, 0.5275000000000060800 ) ) ;
#8204 = VERTEX_POINT ( 'NONE', #1758 ) ;
#8205 = PRESENTATION_LAYER_ASSIGNMENT (  '', '', ( #7710 ) ) ;
#8206 = LINE ( 'NONE', #9076, #6268 ) ;
#8207 =( GEOMETRIC_REPRESENTATION_CONTEXT ( 3 ) GLOBAL_UNCERTAINTY_ASSIGNED_CONTEXT ( ( #3860 ) ) GLOBAL_UNIT_ASSIGNED_CONTEXT ( ( #1462, #6485, #2204 ) ) REPRESENTATION_CONTEXT ( 'NONE', 'WORKASPACE' ) );
#8208 = SURFACE_SIDE_STYLE ('',( #9042 ) ) ;
#8209 = DIRECTION ( 'NONE',  ( 0.0000000000000000000, 0.0000000000000000000, -1.000000000000000000 ) ) ;
#8210 = DIRECTION ( 'NONE',  ( 0.0000000000000000000, 0.0000000000000000000, 1.000000000000000000 ) ) ;
#8211 = DIRECTION ( 'NONE',  ( -1.000000000000000000, -0.0000000000000000000, -0.0000000000000000000 ) ) ;
#8212 = VERTEX_POINT ( 'NONE', #345 ) ;
#8213 = UNCERTAINTY_MEASURE_WITH_UNIT (LENGTH_MEASURE( 1.000000000000000100E-005 ), #1263, 'distance_accuracy_value', 'NONE');
#8214 =( GEOMETRIC_REPRESENTATION_CONTEXT ( 3 ) GLOBAL_UNCERTAINTY_ASSIGNED_CONTEXT ( ( #4809 ) ) GLOBAL_UNIT_ASSIGNED_CONTEXT ( ( #6960, #6950, #7127 ) ) REPRESENTATION_CONTEXT ( 'NONE', 'WORKASPACE' ) );
#8215 = ORIENTED_EDGE ( 'NONE', *, *, #8319, .F. ) ;
#8216 =( NAMED_UNIT ( * ) PLANE_ANGLE_UNIT ( ) SI_UNIT ( $, .RADIAN. ) );
#8217 = LINE ( 'NONE', #5238, #6615 ) ;
#8218 = SURFACE_SIDE_STYLE ('',( #3913 ) ) ;
#8219 = PRESENTATION_STYLE_ASSIGNMENT (( #5774 ) ) ;
#8220 = FACE_OUTER_BOUND ( 'NONE', #4958, .T. ) ;
#8221 = ORIENTED_EDGE ( 'NONE', *, *, #8474, .F. ) ;
#8222 = DIRECTION ( 'NONE',  ( 0.0000000000000000000, -0.06975647374412818900, -0.9975640502598240900 ) ) ;
#8223 =( GEOMETRIC_REPRESENTATION_CONTEXT ( 3 ) GLOBAL_UNCERTAINTY_ASSIGNED_CONTEXT ( ( #4535 ) ) GLOBAL_UNIT_ASSIGNED_CONTEXT ( ( #4565, #210, #5264 ) ) REPRESENTATION_CONTEXT ( 'NONE', 'WORKASPACE' ) );
#8224 = COLOUR_RGB ( '',1.000000000000000000, 1.000000000000000000, 1.000000000000000000 ) ;
#8225 = FILL_AREA_STYLE ('',( #4640 ) ) ;
#8226 = ORIENTED_EDGE ( 'NONE', *, *, #6439, .T. ) ;
#8227 = CARTESIAN_POINT ( 'NONE',  ( 2.500000000000000400, -2.124620215747131400, 1.100000000000000100 ) ) ;
#8228 = EDGE_LOOP ( 'NONE', ( #7518, #8083, #1417, #899 ) ) ;
#8229 = CARTESIAN_POINT ( 'NONE',  ( 2.353649013936949700, 2.053649013936949900, 1.502497686542511000 ) ) ;
#8230 = SURFACE_STYLE_FILL_AREA ( #6808 ) ;
#8231 = LINE ( 'NONE', #5992, #776 ) ;
#8232 = ORIENTED_EDGE ( 'NONE', *, *, #8129, .F. ) ;
#8233 = ADVANCED_FACE ( 'NONE', ( #3702 ), #5388, .F. ) ;
#8234 = ORIENTED_EDGE ( 'NONE', *, *, #4461, .F. ) ;
#8235 = ORIENTED_EDGE ( 'NONE', *, *, #6284, .F. ) ;
#8236 = CARTESIAN_POINT ( 'NONE',  ( -1.422500000000000100, 2.352474500060765600, 0.4344756473744061900 ) ) ;
#8237 = MECHANICAL_DESIGN_GEOMETRIC_PRESENTATION_REPRESENTATION (  '', ( #6768 ), #8755 ) ;
#8238 = EDGE_LOOP ( 'NONE', ( #4394, #2104, #6995, #6169 ) ) ;
#8239 = SURFACE_STYLE_USAGE ( .BOTH. , #8276 ) ;
#8240 = ORIENTED_EDGE ( 'NONE', *, *, #7088, .T. ) ;
#8241 = AXIS2_PLACEMENT_3D ( 'NONE', #2653, #7659, #3358 ) ;
#8242 = MECHANICAL_DESIGN_GEOMETRIC_PRESENTATION_REPRESENTATION (  '', ( #7258 ), #8759 ) ;
#8243 = VERTEX_POINT ( 'NONE', #1095 ) ;
#8244 =( LENGTH_UNIT ( ) NAMED_UNIT ( * ) SI_UNIT ( .MILLI., .METRE. ) );
#8245 = CIRCLE ( 'NONE', #3801, 0.2450000000000001600 ) ;
#8246 = DIRECTION ( 'NONE',  ( 0.0000000000000000000, -2.056603471294124000E-015, -1.000000000000000000 ) ) ;
#8247 = FACE_OUTER_BOUND ( 'NONE', #9287, .T. ) ;
#8248 = LINE ( 'NONE', #9297, #546 ) ;
#8249 = EDGE_CURVE ( 'NONE', #6740, #3482, #3025, .T. ) ;
#8250 = ORIENTED_EDGE ( 'NONE', *, *, #4426, .T. ) ;
#8251 = ORIENTED_EDGE ( 'NONE', *, *, #8304, .F. ) ;
#8252 = VECTOR ( 'NONE', #6923, 1000.000000000000000 ) ;
#8253 = AXIS2_PLACEMENT_3D ( 'NONE', #6976, #3353, #2444 ) ;
#8254 = CARTESIAN_POINT ( 'NONE',  ( -0.5275000000000001900, -2.601461569844106100, 0.1865006715341501500 ) ) ;
#8255 = VERTEX_POINT ( 'NONE', #7594 ) ;
#8256 = LINE ( 'NONE', #587, #6314 ) ;
#8257 = CIRCLE ( 'NONE', #5798, 0.2450000000000001600 ) ;
#8258 = AXIS2_PLACEMENT_3D ( 'NONE', #3468, #8528, #4208 ) ;
#8259 = ADVANCED_FACE ( 'NONE', ( #2801 ), #160, .T. ) ;
#8260 = DIRECTION ( 'NONE',  ( 0.0000000000000000000, 0.0000000000000000000, 1.000000000000000000 ) ) ;
#8261 = DIRECTION ( 'NONE',  ( -1.000000000000000000, 0.0000000000000000000, -0.0000000000000000000 ) ) ;
#8262 = ORIENTED_EDGE ( 'NONE', *, *, #2920, .F. ) ;
#8263 = ADVANCED_FACE ( 'NONE', ( #1096 ), #7621, .F. ) ;
#8264 = EDGE_LOOP ( 'NONE', ( #1567, #197, #2494, #9313 ) ) ;
#8265 = DIRECTION ( 'NONE',  ( 1.000000000000000000, 0.0000000000000000000, 0.0000000000000000000 ) ) ;
#8266 =( LENGTH_UNIT ( ) NAMED_UNIT ( * ) SI_UNIT ( .MILLI., .METRE. ) );
#8267 = VECTOR ( 'NONE', #6432, 999.9999999999998900 ) ;
#8268 = LINE ( 'NONE', #5427, #2523 ) ;
#8269 = EDGE_CURVE ( 'NONE', #467, #5855, #7611, .T. ) ;
#8270 = SURFACE_SIDE_STYLE ('',( #7202 ) ) ;
#8271 = EDGE_CURVE ( 'NONE', #7679, #8020, #4042, .T. ) ;
#8272 = VERTEX_POINT ( 'NONE', #9127 ) ;
#8273 = DIRECTION ( 'NONE',  ( 0.0000000000000000000, -0.9975640502598242000, 0.06975647374412598200 ) ) ;
#8274 = VERTEX_POINT ( 'NONE', #1189 ) ;
#8275 = DIRECTION ( 'NONE',  ( 0.0000000000000000000, -0.9975640502598246400, -0.06975647374411951500 ) ) ;
#8276 = SURFACE_SIDE_STYLE ('',( #300 ) ) ;
#8277 = VECTOR ( 'NONE', #6030, 1000.000000000000000 ) ;
#8278 =( GEOMETRIC_REPRESENTATION_CONTEXT ( 3 ) GLOBAL_UNCERTAINTY_ASSIGNED_CONTEXT ( ( #5260 ) ) GLOBAL_UNIT_ASSIGNED_CONTEXT ( ( #6862, #6678, #5748 ) ) REPRESENTATION_CONTEXT ( 'NONE', 'WORKASPACE' ) );
#8279 = CARTESIAN_POINT ( 'NONE',  ( -0.5275000000000001900, -3.189885311307101700, 2.710505431213761100E-017 ) ) ;
#8280 = CARTESIAN_POINT ( 'NONE',  ( 2.072499999999999800, 2.601461569844106100, 0.1865006715341500400 ) ) ;
#8281 = VERTEX_POINT ( 'NONE', #6916 ) ;
#8282 = FILL_AREA_STYLE ('',( #7653 ) ) ;
#8283 = AXIS2_PLACEMENT_3D ( 'NONE', #7271, #6729, #6803 ) ;
#8284 = LINE ( 'NONE', #8502, #8043 ) ;
#8285 = EDGE_CURVE ( 'NONE', #8031, #5473, #5467, .T. ) ;
#8286 = VECTOR ( 'NONE', #317, 1000.000000000000000 ) ;
#8287 = DIRECTION ( 'NONE',  ( -0.0000000000000000000, 0.9975640502598242000, 0.06975647374412599600 ) ) ;
#8288 = ADVANCED_FACE ( 'NONE', ( #1889 ), #9157, .F. ) ;
#8289 = CARTESIAN_POINT ( 'NONE',  ( 2.072499999999999800, 2.252718095034784300, 0.4274999999999940500 ) ) ;
#8290 = MECHANICAL_DESIGN_GEOMETRIC_PRESENTATION_REPRESENTATION (  '', ( #7290 ), #8791 ) ;
#8291 = AXIS2_PLACEMENT_3D ( 'NONE', #6717, #2435, #1011 ) ;
#8292 = UNCERTAINTY_MEASURE_WITH_UNIT (LENGTH_MEASURE( 1.000000000000000100E-005 ), #4172, 'distance_accuracy_value', 'NONE');
#8293 = CARTESIAN_POINT ( 'NONE',  ( -0.5275000000000001900, -2.252718095034784300, 0.4274999999999940500 ) ) ;
#8294 =( NAMED_UNIT ( * ) SI_UNIT ( $, .STERADIAN. ) SOLID_ANGLE_UNIT ( ) );
#8295 = CARTESIAN_POINT ( 'NONE',  ( -1.422500000000000100, 2.497121287348441400, 0.4445903360673038000 ) ) ;
#8296 = DIRECTION ( 'NONE',  ( -0.0000000000000000000, 1.000000000000000000, -0.0000000000000000000 ) ) ;
#8297 = FACE_OUTER_BOUND ( 'NONE', #3269, .T. ) ;
#8298 = DIRECTION ( 'NONE',  ( 0.0000000000000000000, -0.06975647374411951500, -0.9975640502598246400 ) ) ;
#8299 = SURFACE_STYLE_FILL_AREA ( #5193 ) ;
#8300 =( LENGTH_UNIT ( ) NAMED_UNIT ( * ) SI_UNIT ( .MILLI., .METRE. ) );
#8301 = SURFACE_STYLE_FILL_AREA ( #6380 ) ;
#8302 =( GEOMETRIC_REPRESENTATION_CONTEXT ( 3 ) GLOBAL_UNCERTAINTY_ASSIGNED_CONTEXT ( ( #1935 ) ) GLOBAL_UNIT_ASSIGNED_CONTEXT ( ( #7769, #3473, #8532 ) ) REPRESENTATION_CONTEXT ( 'NONE', 'WORKASPACE' ) );
#8303 = CARTESIAN_POINT ( 'NONE',  ( 1.422499999999999700, -2.608437217218518600, 0.2862570765601325000 ) ) ;
#8304 = EDGE_CURVE ( 'NONE', #5080, #2944, #5917, .T. ) ;
#8305 = CARTESIAN_POINT ( 'NONE',  ( -0.1225000000000002200, -2.200000000000000200, 0.6724999999999941000 ) ) ;
#8306 = COLOUR_RGB ( '',1.000000000000000000, 1.000000000000000000, 1.000000000000000000 ) ;
#8307 = FILL_AREA_STYLE ('',( #8147 ) ) ;
#8308 =( NAMED_UNIT ( * ) PLANE_ANGLE_UNIT ( ) SI_UNIT ( $, .RADIAN. ) );
#8309 =( NAMED_UNIT ( * ) SI_UNIT ( $, .STERADIAN. ) SOLID_ANGLE_UNIT ( ) );
#8310 = FILL_AREA_STYLE ('',( #6807 ) ) ;
#8311 =( NAMED_UNIT ( * ) PLANE_ANGLE_UNIT ( ) SI_UNIT ( $, .RADIAN. ) );
#8312 = CARTESIAN_POINT ( 'NONE',  ( -1.422500000000000100, 2.200000000000000200, 0.5274999999999939700 ) ) ;
#8313 =( LENGTH_UNIT ( ) NAMED_UNIT ( * ) SI_UNIT ( .MILLI., .METRE. ) );
#8314 = PRESENTATION_LAYER_ASSIGNMENT (  '', '', ( #9333 ) ) ;
#8315 = SURFACE_STYLE_USAGE ( .BOTH. , #3272 ) ;
#8316 = CIRCLE ( 'NONE', #4374, 0.09999999999999988100 ) ;
#8317 = FILL_AREA_STYLE ('',( #6120 ) ) ;
#8318 = CARTESIAN_POINT ( 'NONE',  ( -1.827500000000000100, -2.200000000000000200, 0.6724999999999941000 ) ) ;
#8319 = EDGE_CURVE ( 'NONE', #6170, #4111, #7374, .T. ) ;
#8320 = LINE ( 'NONE', #470, #617 ) ;
#8321 = MANIFOLD_SOLID_BREP ( 'Lead3', #427 ) ;
#8322 = CARTESIAN_POINT ( 'NONE',  ( -0.1225000000000002200, 2.497121287348441900, 0.4445903360673038000 ) ) ;
#8323 = EDGE_CURVE ( 'NONE', #6234, #4733, #8430, .T. ) ;
#8324 = CARTESIAN_POINT ( 'NONE',  ( 1.827499999999999700, -2.200000000000000200, 0.5274999999999939700 ) ) ;
#8325 = AXIS2_PLACEMENT_3D ( 'NONE', #5265, #968, #5989 ) ;
#8326 = DIRECTION ( 'NONE',  ( 0.0000000000000000000, -0.9975640502598242000, -0.06975647374412599600 ) ) ;
#8327 = DIRECTION ( 'NONE',  ( 1.000000000000000000, -0.0000000000000000000, 0.0000000000000000000 ) ) ;
#8328 = CARTESIAN_POINT ( 'NONE',  ( 1.422499999999999700, -2.252718095034784300, 0.4274999999999940500 ) ) ;
#8329 = PRESENTATION_STYLE_ASSIGNMENT (( #2913 ) ) ;
#8330 = SURFACE_STYLE_FILL_AREA ( #5417 ) ;
#8331 = FILL_AREA_STYLE ('',( #7585 ) ) ;
#8332 = ADVANCED_FACE ( 'NONE', ( #2676 ), #1982, .F. ) ;
#8333 = CARTESIAN_POINT ( 'NONE',  ( 2.500000000000000000, 2.200000000000000600, 0.5275000000000060800 ) ) ;
#8334 = VERTEX_POINT ( 'NONE', #6252 ) ;
#8335 = DIRECTION ( 'NONE',  ( 0.0000000000000000000, 0.06975647374412598200, -0.9975640502598242000 ) ) ;
#8336 = ORIENTED_EDGE ( 'NONE', *, *, #5176, .F. ) ;
#8337 = EDGE_CURVE ( 'NONE', #6655, #2113, #5800, .T. ) ;
#8338 = SURFACE_STYLE_FILL_AREA ( #9203 ) ;
#8339 = DIRECTION ( 'NONE',  ( 0.0000000000000000000, 0.0000000000000000000, 1.000000000000000000 ) ) ;
#8340 = EDGE_CURVE ( 'NONE', #7256, #2886, #1995, .T. ) ;
#8341 =( NAMED_UNIT ( * ) SI_UNIT ( $, .STERADIAN. ) SOLID_ANGLE_UNIT ( ) );
#8342 = SURFACE_STYLE_FILL_AREA ( #5174 ) ;
#8343 = LINE ( 'NONE', #8695, #2592 ) ;
#8344 = SURFACE_SIDE_STYLE ('',( #6592 ) ) ;
#8345 = CIRCLE ( 'NONE', #4254, 0.09999999999999988100 ) ;
#8346 = VERTEX_POINT ( 'NONE', #7743 ) ;
#8347 = VERTEX_POINT ( 'NONE', #9253 ) ;
#8348 = UNCERTAINTY_MEASURE_WITH_UNIT (LENGTH_MEASURE( 1.000000000000000100E-005 ), #1646, 'distance_accuracy_value', 'NONE');
#8349 = DIRECTION ( 'NONE',  ( -1.000000000000000000, -0.0000000000000000000, -0.0000000000000000000 ) ) ;
#8350 = ORIENTED_EDGE ( 'NONE', *, *, #8323, .F. ) ;
#8351 = STYLED_ITEM ( 'NONE', ( #6578 ), #3818 ) ;
#8352 = COLOUR_RGB ( '',1.000000000000000000, 1.000000000000000000, 1.000000000000000000 ) ;
#8353 = DIRECTION ( 'NONE',  ( -9.856383386231856400E-017, 1.000000000000000000, 0.0000000000000000000 ) ) ;
#8354 =( LENGTH_UNIT ( ) NAMED_UNIT ( * ) SI_UNIT ( .MILLI., .METRE. ) );
#8355 = SURFACE_STYLE_FILL_AREA ( #2461 ) ;
#8356 = CIRCLE ( 'NONE', #2456, 0.2450000000000004400 ) ;
#8357 = ORIENTED_EDGE ( 'NONE', *, *, #8405, .T. ) ;
#8358 = CARTESIAN_POINT ( 'NONE',  ( 2.072499999999999800, 2.601461569844106100, 0.1865006715341501500 ) ) ;
#8359 = ORIENTED_EDGE ( 'NONE', *, *, #7088, .F. ) ;
#8360 = LINE ( 'NONE', #5160, #8103 ) ;
#8361 = ORIENTED_EDGE ( 'NONE', *, *, #7063, .F. ) ;
#8362 =( LENGTH_UNIT ( ) NAMED_UNIT ( * ) SI_UNIT ( .MILLI., .METRE. ) );
#8363 = ORIENTED_EDGE ( 'NONE', *, *, #2121, .F. ) ;
#8364 = DIRECTION ( 'NONE',  ( -0.0000000000000000000, 0.06975647374412208300, 0.9975640502598244200 ) ) ;
#8365 = VECTOR ( 'NONE', #4335, 1000.000000000000100 ) ;
#8366 = CYLINDRICAL_SURFACE ( 'NONE', #1266, 0.2450000000000004400 ) ;
#8367 = CARTESIAN_POINT ( 'NONE',  ( 0.5274999999999997500, -2.608437217218518600, 0.2862570765601324400 ) ) ;
#8368 =( NAMED_UNIT ( * ) SI_UNIT ( $, .STERADIAN. ) SOLID_ANGLE_UNIT ( ) );
#8369 = PRESENTATION_STYLE_ASSIGNMENT (( #5667 ) ) ;
#8370 =( LENGTH_UNIT ( ) NAMED_UNIT ( * ) SI_UNIT ( .MILLI., .METRE. ) );
#8371 = ORIENTED_EDGE ( 'NONE', *, *, #4507, .F. ) ;
#8372 = EDGE_LOOP ( 'NONE', ( #1712, #7208, #3490, #8974 ) ) ;
#8373 = PRESENTATION_STYLE_ASSIGNMENT (( #5836 ) ) ;
#8374 = CARTESIAN_POINT ( 'NONE',  ( 2.072499999999999800, 2.252718095034784300, 0.6724999999999939900 ) ) ;
#8375 = ORIENTED_EDGE ( 'NONE', *, *, #1127, .T. ) ;
#8376 = SURFACE_STYLE_USAGE ( .BOTH. , #3331 ) ;
#8377 = STYLED_ITEM ( 'NONE', ( #938 ), #1438 ) ;
#8378 = PRESENTATION_STYLE_ASSIGNMENT (( #9083 ) ) ;
#8379 = CARTESIAN_POINT ( 'NONE',  ( -0.7725000000000001900, 2.608437217218518600, 0.2862570765601324400 ) ) ;
#8380 = EDGE_LOOP ( 'NONE', ( #3964, #9161, #4251, #9060 ) ) ;
#8381 = LINE ( 'NONE', #1593, #6204 ) ;
#8382 = DIRECTION ( 'NONE',  ( 0.0000000000000000000, -1.000000000000000000, 0.0000000000000000000 ) ) ;
#8383 = VERTEX_POINT ( 'NONE', #550 ) ;
#8384 =( NAMED_UNIT ( * ) SI_UNIT ( $, .STERADIAN. ) SOLID_ANGLE_UNIT ( ) );
#8385 = ORIENTED_EDGE ( 'NONE', *, *, #2068, .F. ) ;
#8386 = CIRCLE ( 'NONE', #4513, 0.09999999999999945000 ) ;
#8387 = PRESENTATION_STYLE_ASSIGNMENT (( #3568 ) ) ;
#8388 = EDGE_CURVE ( 'NONE', #8811, #6193, #7486, .T. ) ;
#8389 = LINE ( 'NONE', #1952, #2872 ) ;
#8390 =( NAMED_UNIT ( * ) SI_UNIT ( $, .STERADIAN. ) SOLID_ANGLE_UNIT ( ) );
#8391 = ORIENTED_EDGE ( 'NONE', *, *, #6244, .T. ) ;
#8392 = AXIS2_PLACEMENT_3D ( 'NONE', #6813, #5364, #157 ) ;
#8393 = FILL_AREA_STYLE ('',( #2624 ) ) ;
#8394 = VERTEX_POINT ( 'NONE', #6325 ) ;
#8395 = SURFACE_STYLE_USAGE ( .BOTH. , #7856 ) ;
#8396 = AXIS2_PLACEMENT_3D ( 'NONE', #3345, #8397, #4083 ) ;
#8397 = DIRECTION ( 'NONE',  ( 1.000000000000000000, 0.0000000000000000000, -0.0000000000000000000 ) ) ;
#8398 = CARTESIAN_POINT ( 'NONE',  ( -0.7725000000000001900, 2.252718095034784300, 0.4274999999999940500 ) ) ;
#8399 = ORIENTED_EDGE ( 'NONE', *, *, #5134, .F. ) ;
#8400 = FACE_OUTER_BOUND ( 'NONE', #1938, .T. ) ;
#8401 = DIRECTION ( 'NONE',  ( 0.0000000000000000000, 0.0000000000000000000, 1.000000000000000000 ) ) ;
#8402 = VERTEX_POINT ( 'NONE', #2774 ) ;
#8403 = CARTESIAN_POINT ( 'NONE',  ( 0.1224999999999997800, 2.601461569844106100, 0.1865006715341501500 ) ) ;
#8404 = EDGE_CURVE ( 'NONE', #3635, #3608, #3692, .T. ) ;
#8405 = EDGE_CURVE ( 'NONE', #474, #475, #3925, .T. ) ;
#8406 = PLANE ( 'NONE',  #8510 ) ;
#8407 = UNCERTAINTY_MEASURE_WITH_UNIT (LENGTH_MEASURE( 1.000000000000000100E-005 ), #2191, 'distance_accuracy_value', 'NONE');
#8408 = ORIENTED_EDGE ( 'NONE', *, *, #8565, .T. ) ;
#8409 = PRESENTATION_STYLE_ASSIGNMENT (( #3326 ) ) ;
#8410 = AXIS2_PLACEMENT_3D ( 'NONE', #6988, #2707, #7718 ) ;
#8411 = CARTESIAN_POINT ( 'NONE',  ( -1.177500000000000200, 2.200000000000000200, 0.6724999999999941000 ) ) ;
#8412 = FACE_OUTER_BOUND ( 'NONE', #6081, .T. ) ;
#8413 = DIRECTION ( 'NONE',  ( 0.0000000000000000000, 0.0000000000000000000, 1.000000000000000000 ) ) ;
#8414 = FILL_AREA_STYLE ('',( #7822 ) ) ;
#8415 = SURFACE_STYLE_USAGE ( .BOTH. , #3356 ) ;
#8416 = LINE ( 'NONE', #6028, #7703 ) ;
#8417 = AXIS2_PLACEMENT_3D ( 'NONE', #485, #562, #532 ) ;
#8418 = CARTESIAN_POINT ( 'NONE',  ( 2.750000000000000000, 2.200000000000000200, 0.5275000000000060800 ) ) ;
#8419 = UNCERTAINTY_MEASURE_WITH_UNIT (LENGTH_MEASURE( 1.000000000000000100E-005 ), #1380, 'distance_accuracy_value', 'NONE');
#8420 = VERTEX_POINT ( 'NONE', #4918 ) ;
#8421 = SURFACE_STYLE_FILL_AREA ( #2371 ) ;
#8422 = DIRECTION ( 'NONE',  ( -0.0000000000000000000, -0.0000000000000000000, 1.000000000000000000 ) ) ;
#8423 = CARTESIAN_POINT ( 'NONE',  ( 0.1224999999999997800, 2.591346881151208100, 0.04185388424647555600 ) ) ;
#8424 = SURFACE_STYLE_USAGE ( .BOTH. , #5803 ) ;
#8425 =( GEOMETRIC_REPRESENTATION_CONTEXT ( 3 ) GLOBAL_UNCERTAINTY_ASSIGNED_CONTEXT ( ( #8884 ) ) GLOBAL_UNIT_ASSIGNED_CONTEXT ( ( #730, #5779, #1471 ) ) REPRESENTATION_CONTEXT ( 'NONE', 'WORKASPACE' ) );
#8426 = AXIS2_PLACEMENT_3D ( 'NONE', #7158, #2896, #7904 ) ;
#8427 = LINE ( 'NONE', #7163, #969 ) ;
#8428 = CARTESIAN_POINT ( 'NONE',  ( 2.750000000000000000, -2.200000000000000200, 0.5275000000000060800 ) ) ;
#8429 = ORIENTED_EDGE ( 'NONE', *, *, #3571, .F. ) ;
#8430 = LINE ( 'NONE', #5510, #6475 ) ;
#8431 = CARTESIAN_POINT ( 'NONE',  ( -0.5275000000000001900, -2.497121287348441400, 0.4445903360673038000 ) ) ;
#8432 = SURFACE_SIDE_STYLE ('',( #1031 ) ) ;
#8433 =( NAMED_UNIT ( * ) SI_UNIT ( $, .STERADIAN. ) SOLID_ANGLE_UNIT ( ) );
#8434 = PRESENTATION_LAYER_ASSIGNMENT (  '', '', ( #7423 ) ) ;
#8435 = DIRECTION ( 'NONE',  ( 0.0000000000000000000, -1.000000000000000000, -2.056603471294124000E-015 ) ) ;
#8436 = COLOUR_RGB ( '',1.000000000000000000, 1.000000000000000000, 1.000000000000000000 ) ;
#8437 = ORIENTED_EDGE ( 'NONE', *, *, #6361, .F. ) ;
#8438 = VERTEX_POINT ( 'NONE', #9292 ) ;
#8439 = SURFACE_STYLE_USAGE ( .BOTH. , #3382 ) ;
#8440 = LINE ( 'NONE', #8066, #8189 ) ;
#8441 = FILL_AREA_STYLE ('',( #1209 ) ) ;
#8442 = CARTESIAN_POINT ( 'NONE',  ( 1.422499999999999700, -2.200000000000000200, 0.6724999999999941000 ) ) ;
#8443 = PLANE ( 'NONE',  #8071 ) ;
#8444 = COLOUR_RGB ( '',1.000000000000000000, 1.000000000000000000, 1.000000000000000000 ) ;
#8445 = MECHANICAL_DESIGN_GEOMETRIC_PRESENTATION_REPRESENTATION (  '', ( #6477 ), #8935 ) ;
#8446 = ADVANCED_FACE ( 'NONE', ( #5351 ), #3480, .F. ) ;
#8447 = FILL_AREA_STYLE ('',( #1958 ) ) ;
#8448 =( GEOMETRIC_REPRESENTATION_CONTEXT ( 3 ) GLOBAL_UNCERTAINTY_ASSIGNED_CONTEXT ( ( #3914 ) ) GLOBAL_UNIT_ASSIGNED_CONTEXT ( ( #8183, #3903, #8942 ) ) REPRESENTATION_CONTEXT ( 'NONE', 'WORKASPACE' ) );
#8449 = DIRECTION ( 'NONE',  ( -1.000000000000000000, -0.0000000000000000000, -0.0000000000000000000 ) ) ;
#8450 = MANIFOLD_SOLID_BREP ( 'Lead11', #272 ) ;
#8451 =( LENGTH_UNIT ( ) NAMED_UNIT ( * ) SI_UNIT ( .MILLI., .METRE. ) );
#8452 = SURFACE_STYLE_USAGE ( .BOTH. , #8486 ) ;
#8453 = SURFACE_SIDE_STYLE ('',( #106 ) ) ;
#8454 = DIRECTION ( 'NONE',  ( 0.0000000000000000000, 0.0000000000000000000, 1.000000000000000000 ) ) ;
#8455 = VERTEX_POINT ( 'NONE', #9368 ) ;
#8456 = FILL_AREA_STYLE_COLOUR ( '', #3310 ) ;
#8457 = CYLINDRICAL_SURFACE ( 'NONE', #9022, 0.09999999999999939500 ) ;
#8458 = EDGE_CURVE ( 'NONE', #8148, #3629, #2103, .T. ) ;
#8459 = LINE ( 'NONE', #2052, #4612 ) ;
#8460 = DIRECTION ( 'NONE',  ( 0.0000000000000000000, -1.000000000000000000, 0.0000000000000000000 ) ) ;
#8461 = DIRECTION ( 'NONE',  ( -0.0000000000000000000, 0.06975647374412818900, -0.9975640502598240900 ) ) ;
#8462 = ORIENTED_EDGE ( 'NONE', *, *, #718, .T. ) ;
#8463 = SURFACE_SIDE_STYLE ('',( #3677 ) ) ;
#8464 = ORIENTED_EDGE ( 'NONE', *, *, #8891, .T. ) ;
#8465 = COLOUR_RGB ( '',1.000000000000000000, 1.000000000000000000, 1.000000000000000000 ) ;
#8466 = PRESENTATION_LAYER_ASSIGNMENT (  '', '', ( #7956 ) ) ;
#8467 = VECTOR ( 'NONE', #1428, 1000.000000000000000 ) ;
#8468 = DIRECTION ( 'NONE',  ( -1.000000000000000000, -0.0000000000000000000, -0.0000000000000000000 ) ) ;
#8469 = CLOSED_SHELL ( 'NONE', ( #7944, #5355, #5290, #3714, #3528, #1027, #4646, #6603, #5721, #1974, #6133, #1654, #7074, #5381 ) ) ;
#8470 = LINE ( 'NONE', #5247, #4622 ) ;
#8471 = EDGE_LOOP ( 'NONE', ( #7681, #1820, #5758, #6196 ) ) ;
#8472 = UNCERTAINTY_MEASURE_WITH_UNIT (LENGTH_MEASURE( 1.000000000000000100E-005 ), #7950, 'distance_accuracy_value', 'NONE');
#8473 = EDGE_CURVE ( 'NONE', #4653, #3482, #845, .T. ) ;
#8474 = EDGE_CURVE ( 'NONE', #6937, #3182, #2792, .T. ) ;
#8475 = ORIENTED_EDGE ( 'NONE', *, *, #7472, .F. ) ;
#8476 = SURFACE_SIDE_STYLE ('',( #9376 ) ) ;
#8477 =( NAMED_UNIT ( * ) SI_UNIT ( $, .STERADIAN. ) SOLID_ANGLE_UNIT ( ) );
#8478 = DIRECTION ( 'NONE',  ( 0.0000000000000000000, -0.9975640502598240900, 0.06975647374412817500 ) ) ;
#8479 = CIRCLE ( 'NONE', #8873, 0.2450000000000004400 ) ;
#8480 = ORIENTED_EDGE ( 'NONE', *, *, #8826, .F. ) ;
#8481 =( GEOMETRIC_REPRESENTATION_CONTEXT ( 3 ) GLOBAL_UNCERTAINTY_ASSIGNED_CONTEXT ( ( #879 ) ) GLOBAL_UNIT_ASSIGNED_CONTEXT ( ( #5135, #807, #5839 ) ) REPRESENTATION_CONTEXT ( 'NONE', 'WORKASPACE' ) );
#8482 = AXIS2_PLACEMENT_3D ( 'NONE', #5199, #878, #5913 ) ;
#8483 = EDGE_LOOP ( 'NONE', ( #4410, #6672, #8963, #7095, #611, #5382, #4283, #5018, #656, #3740, #6360, #6428 ) ) ;
#8484 = FILL_AREA_STYLE ('',( #2750 ) ) ;
#8485 = EDGE_LOOP ( 'NONE', ( #343, #9063, #7296, #7348 ) ) ;
#8486 = SURFACE_SIDE_STYLE ('',( #9417 ) ) ;
#8487 =( NAMED_UNIT ( * ) PLANE_ANGLE_UNIT ( ) SI_UNIT ( $, .RADIAN. ) );
#8488 = ORIENTED_EDGE ( 'NONE', *, *, #4058, .F. ) ;
#8489 = COLOUR_RGB ( '',1.000000000000000000, 1.000000000000000000, 1.000000000000000000 ) ;
#8490 = DIRECTION ( 'NONE',  ( 0.0000000000000000000, -1.000000000000000000, 0.0000000000000000000 ) ) ;
#8491 = EDGE_LOOP ( 'NONE', ( #2382, #8597, #2948, #5458 ) ) ;
#8492 = DIRECTION ( 'NONE',  ( 1.000000000000000000, -0.0000000000000000000, 0.0000000000000000000 ) ) ;
#8493 = VERTEX_POINT ( 'NONE', #3584 ) ;
#8494 =( NAMED_UNIT ( * ) PLANE_ANGLE_UNIT ( ) SI_UNIT ( $, .RADIAN. ) );
#8495 = FACE_OUTER_BOUND ( 'NONE', #3046, .T. ) ;
#8496 = SURFACE_STYLE_USAGE ( .BOTH. , #3448 ) ;
#8497 = FILL_AREA_STYLE ('',( #2725 ) ) ;
#8498 = VERTEX_POINT ( 'NONE', #645 ) ;
#8499 = COLOUR_RGB ( '',1.000000000000000000, 1.000000000000000000, 1.000000000000000000 ) ;
#8500 = ADVANCED_FACE ( 'NONE', ( #7601 ), #6417, .F. ) ;
#8501 = SURFACE_STYLE_FILL_AREA ( #3560 ) ;
#8502 = CARTESIAN_POINT ( 'NONE',  ( 2.072499999999999800, 2.497121287348441900, 0.4445903360673038000 ) ) ;
#8503 = VERTEX_POINT ( 'NONE', #3784 ) ;
#8504 = SURFACE_STYLE_FILL_AREA ( #9412 ) ;
#8505 = PLANE ( 'NONE',  #5394 ) ;
#8506 = VERTEX_POINT ( 'NONE', #881 ) ;
#8507 = PRESENTATION_LAYER_ASSIGNMENT (  '', '', ( #7985 ) ) ;
#8508 = CYLINDRICAL_SURFACE ( 'NONE', #5266, 0.2450000000000002200 ) ;
#8509 = LINE ( 'NONE', #6312, #5877 ) ;
#8510 = AXIS2_PLACEMENT_3D ( 'NONE', #8333, #4096, #9151 ) ;
#8511 = ORIENTED_EDGE ( 'NONE', *, *, #3681, .T. ) ;
#8512 = CYLINDRICAL_SURFACE ( 'NONE', #2909, 0.2450000000000004400 ) ;
#8513 = DIRECTION ( 'NONE',  ( -1.000000000000000000, -0.0000000000000000000, -0.0000000000000000000 ) ) ;
#8514 = ORIENTED_EDGE ( 'NONE', *, *, #6067, .F. ) ;
#8515 = EDGE_CURVE ( 'NONE', #5188, #4290, #1196, .T. ) ;
#8516 =( NAMED_UNIT ( * ) PLANE_ANGLE_UNIT ( ) SI_UNIT ( $, .RADIAN. ) );
#8517 = CARTESIAN_POINT ( 'NONE',  ( -1.827500000000000100, 2.608437217218518600, 0.2862570765601325000 ) ) ;
#8518 = SURFACE_SIDE_STYLE ('',( #795 ) ) ;
#8519 = FILL_AREA_STYLE ('',( #8072 ) ) ;
#8520 = EDGE_CURVE ( 'NONE', #8148, #6875, #6691, .T. ) ;
#8521 = DIRECTION ( 'NONE',  ( 0.0000000000000000000, 0.0000000000000000000, 1.000000000000000000 ) ) ;
#8522 = ORIENTED_EDGE ( 'NONE', *, *, #7325, .F. ) ;
#8523 = SURFACE_STYLE_USAGE ( .BOTH. , #2530 ) ;
#8524 = DIRECTION ( 'NONE',  ( 1.000000000000000000, 0.0000000000000000000, 0.0000000000000000000 ) ) ;
#8525 = MECHANICAL_DESIGN_GEOMETRIC_PRESENTATION_REPRESENTATION (  '', ( #7511 ), #9009 ) ;
#8526 = CARTESIAN_POINT ( 'NONE',  ( -1.177500000000000200, 2.200000000000000200, 0.5274999999999939700 ) ) ;
#8527 = PLANE ( 'NONE',  #3710 ) ;
#8528 = DIRECTION ( 'NONE',  ( 0.0000000000000000000, 0.0000000000000000000, 1.000000000000000000 ) ) ;
#8529 = CARTESIAN_POINT ( 'NONE',  ( -1.177500000000000200, -2.200000000000000200, 0.6724999999999941000 ) ) ;
#8530 = CARTESIAN_POINT ( 'NONE',  ( 1.827499999999999700, 2.352474500060765600, 0.4344756473744061900 ) ) ;
#8531 = UNCERTAINTY_MEASURE_WITH_UNIT (LENGTH_MEASURE( 1.000000000000000100E-005 ), #7675, 'distance_accuracy_value', 'NONE');
#8532 =( NAMED_UNIT ( * ) SI_UNIT ( $, .STERADIAN. ) SOLID_ANGLE_UNIT ( ) );
#8533 = ORIENTED_EDGE ( 'NONE', *, *, #8800, .F. ) ;
#8534 = EDGE_CURVE ( 'NONE', #8847, #1824, #8658, .T. ) ;
#8535 = SURFACE_STYLE_FILL_AREA ( #3935 ) ;
#8536 = EDGE_CURVE ( 'NONE', #4994, #2659, #5693, .T. ) ;
#8537 = LINE ( 'NONE', #1151, #2786 ) ;
#8538 = CIRCLE ( 'NONE', #8637, 0.2450000000000001600 ) ;
#8539 = AXIS2_PLACEMENT_3D ( 'NONE', #1088, #6098, #1814 ) ;
#8540 = CARTESIAN_POINT ( 'NONE',  ( 0.7724999999999997400, -3.189885311307101700, 2.710505431213761100E-017 ) ) ;
#8541 = STYLED_ITEM ( 'NONE', ( #4823 ), #3617 ) ;
#8542 = PLANE ( 'NONE',  #8767 ) ;
#8543 = CARTESIAN_POINT ( 'NONE',  ( 1.422499999999999700, -2.252718095034784300, 0.4274999999999940500 ) ) ;
#8544 =( GEOMETRIC_REPRESENTATION_CONTEXT ( 3 ) GLOBAL_UNCERTAINTY_ASSIGNED_CONTEXT ( ( #1461 ) ) GLOBAL_UNIT_ASSIGNED_CONTEXT ( ( #2885, #1553, #1503 ) ) REPRESENTATION_CONTEXT ( 'NONE', 'WORKASPACE' ) );
#8545 = ADVANCED_FACE ( 'NONE', ( #2669 ), #28, .T. ) ;
#8546 = FILL_AREA_STYLE ('',( #6683 ) ) ;
#8547 = CIRCLE ( 'NONE', #4917, 0.2450000000000004400 ) ;
#8548 = DIRECTION ( 'NONE',  ( 0.0000000000000000000, 0.0000000000000000000, 1.000000000000000000 ) ) ;
#8549 = ORIENTED_EDGE ( 'NONE', *, *, #3377, .F. ) ;
#8550 = COLOUR_RGB ( '',1.000000000000000000, 1.000000000000000000, 1.000000000000000000 ) ;
#8551 =( NAMED_UNIT ( * ) SI_UNIT ( $, .STERADIAN. ) SOLID_ANGLE_UNIT ( ) );
#8552 = CARTESIAN_POINT ( 'NONE',  ( -0.5275000000000001900, 2.200000000000000200, 0.6724999999999941000 ) ) ;
#8553 = SURFACE_SIDE_STYLE ('',( #6504 ) ) ;
#8554 = LINE ( 'NONE', #6014, #4702 ) ;
#8555 = CARTESIAN_POINT ( 'NONE',  ( -2.072500000000000200, -2.591346881151208100, 0.04185388424647555600 ) ) ;
#8556 = CARTESIAN_POINT ( 'NONE',  ( -2.500000000000000000, -2.200000000000000200, 1.100000000000000100 ) ) ;
#8557 = ORIENTED_EDGE ( 'NONE', *, *, #7026, .T. ) ;
#8558 = CARTESIAN_POINT ( 'NONE',  ( -1.424620215747131300, -1.124620215747131200, 1.090000000000000100 ) ) ;
#8559 = CARTESIAN_POINT ( 'NONE',  ( 0.1224999999999997800, 2.200000000000000200, 0.5274999999999939700 ) ) ;
#8560 = STYLED_ITEM ( 'NONE', ( #3901 ), #1292 ) ;
#8561 = CARTESIAN_POINT ( 'NONE',  ( 2.072499999999999800, 2.252718095034784300, 0.4274999999999940500 ) ) ;
#8562 = MECHANICAL_DESIGN_GEOMETRIC_PRESENTATION_REPRESENTATION (  '', ( #7560 ), #9050 ) ;
#8563 = MECHANICAL_DESIGN_GEOMETRIC_PRESENTATION_REPRESENTATION (  '', ( #6106 ), #9051 ) ;
#8564 = VERTEX_POINT ( 'NONE', #1667 ) ;
#8565 = EDGE_CURVE ( 'NONE', #3316, #1928, #5795, .T. ) ;
#8566 =( NAMED_UNIT ( * ) SI_UNIT ( $, .STERADIAN. ) SOLID_ANGLE_UNIT ( ) );
#8567 = SURFACE_SIDE_STYLE ('',( #797 ) ) ;
#8568 = PRESENTATION_LAYER_ASSIGNMENT (  '', '', ( #9066 ) ) ;
#8569 = ORIENTED_EDGE ( 'NONE', *, *, #6052, .T. ) ;
#8570 = SURFACE_SIDE_STYLE ('',( #2503 ) ) ;
#8571 = ORIENTED_EDGE ( 'NONE', *, *, #7569, .T. ) ;
#8572 = DIRECTION ( 'NONE',  ( 1.000000000000000000, -0.0000000000000000000, -0.0000000000000000000 ) ) ;
#8573 =( GEOMETRIC_REPRESENTATION_CONTEXT ( 3 ) GLOBAL_UNCERTAINTY_ASSIGNED_CONTEXT ( ( #7931 ) ) GLOBAL_UNIT_ASSIGNED_CONTEXT ( ( #3196, #8216, #3931 ) ) REPRESENTATION_CONTEXT ( 'NONE', 'WORKASPACE' ) );
#8574 = SURFACE_STYLE_USAGE ( .BOTH. , #3531 ) ;
#8575 = FACE_OUTER_BOUND ( 'NONE', #4122, .T. ) ;
#8576 = SURFACE_STYLE_USAGE ( .BOTH. , #8518 ) ;
#8577 = FILL_AREA_STYLE_COLOUR ( '', #2051 ) ;
#8578 = VECTOR ( 'NONE', #8708, 1000.000000000000000 ) ;
#8579 =( NAMED_UNIT ( * ) PLANE_ANGLE_UNIT ( ) SI_UNIT ( $, .RADIAN. ) );
#8580 = PLANE ( 'NONE',  #798 ) ;
#8581 = CARTESIAN_POINT ( 'NONE',  ( 0.5274999999999997500, -2.608437217218518600, 0.2862570765601325000 ) ) ;
#8582 = ORIENTED_EDGE ( 'NONE', *, *, #1030, .F. ) ;
#8583 = VERTEX_POINT ( 'NONE', #5976 ) ;
#8584 = EDGE_CURVE ( 'NONE', #4804, #9367, #5567, .T. ) ;
#8585 = EDGE_CURVE ( 'NONE', #1135, #3216, #7707, .T. ) ;
#8586 = DIRECTION ( 'NONE',  ( 0.1710878697460328200, -0.1710878697460333200, 0.9702875252478149200 ) ) ;
#8587 = FILL_AREA_STYLE_COLOUR ( '', #1019 ) ;
#8588 = VECTOR ( 'NONE', #3206, 1000.000000000000000 ) ;
#8589 = FILL_AREA_STYLE_COLOUR ( '', #7107 ) ;
#8590 = ORIENTED_EDGE ( 'NONE', *, *, #3357, .F. ) ;
#8591 = ADVANCED_FACE ( 'NONE', ( #1989 ), #6576, .F. ) ;
#8592 = CARTESIAN_POINT ( 'NONE',  ( 1.177499999999999800, -2.591346881151208100, 0.04185388424647555600 ) ) ;
#8593 = ORIENTED_EDGE ( 'NONE', *, *, #5843, .F. ) ;
#8594 = EDGE_LOOP ( 'NONE', ( #4149, #7632, #1112, #8184, #4753, #6551, #2411, #7536, #2384, #4539, #1300, #1812 ) ) ;
#8595 = UNCERTAINTY_MEASURE_WITH_UNIT (LENGTH_MEASURE( 1.000000000000000100E-005 ), #4019, 'distance_accuracy_value', 'NONE');
#8596 = STYLED_ITEM ( 'NONE', ( #1957 ), #6696 ) ;
#8597 = ORIENTED_EDGE ( 'NONE', *, *, #7520, .F. ) ;
#8598 = AXIS2_PLACEMENT_3D ( 'NONE', #2174, #1024, #5092 ) ;
#8599 = VECTOR ( 'NONE', #837, 1000.000000000000200 ) ;
#8600 = COLOUR_RGB ( '',1.000000000000000000, 1.000000000000000000, 1.000000000000000000 ) ;
#8601 = CYLINDRICAL_SURFACE ( 'NONE', #2575, 0.5000000000000001100 ) ;
#8602 = AXIS2_PLACEMENT_3D ( 'NONE', #1254, #1216, #1106 ) ;
#8603 = CIRCLE ( 'NONE', #3834, 0.5000000000000001100 ) ;
#8604 =( LENGTH_UNIT ( ) NAMED_UNIT ( * ) SI_UNIT ( .MILLI., .METRE. ) );
#8605 = VERTEX_POINT ( 'NONE', #6031 ) ;
#8606 = VERTEX_POINT ( 'NONE', #1748 ) ;
#8607 = CARTESIAN_POINT ( 'NONE',  ( -0.1225000000000002200, -2.497121287348441400, 0.4445903360673038000 ) ) ;
#8608 = SURFACE_SIDE_STYLE ('',( #8501 ) ) ;
#8609 = LINE ( 'NONE', #3497, #4751 ) ;
#8610 = ORIENTED_EDGE ( 'NONE', *, *, #6730, .F. ) ;
#8611 = CYLINDRICAL_SURFACE ( 'NONE', #6913, 0.2450000000000004400 ) ;
#8612 = AXIS2_PLACEMENT_3D ( 'NONE', #4812, #487, #5532 ) ;
#8613 = DIRECTION ( 'NONE',  ( 0.0000000000000000000, -0.9975640502598242000, 0.06975647374412599600 ) ) ;
#8614 = EDGE_LOOP ( 'NONE', ( #8488, #4862, #5113, #63 ) ) ;
#8615 = DIRECTION ( 'NONE',  ( -0.0000000000000000000, 0.0000000000000000000, 1.000000000000000000 ) ) ;
#8616 = EDGE_LOOP ( 'NONE', ( #5620, #7770, #1235, #9120 ) ) ;
#8617 = DIRECTION ( 'NONE',  ( 0.0000000000000000000, -0.06975647374412818900, -0.9975640502598240900 ) ) ;
#8618 = CARTESIAN_POINT ( 'NONE',  ( 1.177499999999999800, 2.608437217218518600, 0.2862570765601324400 ) ) ;
#8619 = DIRECTION ( 'NONE',  ( 0.0000000000000000000, 1.000000000000000000, 2.056603471294124000E-015 ) ) ;
#8620 = LINE ( 'NONE', #4409, #2871 ) ;
#8621 = DIRECTION ( 'NONE',  ( 0.0000000000000000000, 0.06975647374412208300, -0.9975640502598244200 ) ) ;
#8622 = MECHANICAL_DESIGN_GEOMETRIC_PRESENTATION_REPRESENTATION (  '', ( #7124 ), #9118 ) ;
#8623 = ORIENTED_EDGE ( 'NONE', *, *, #9289, .F. ) ;
#8624 = DIRECTION ( 'NONE',  ( -1.000000000000000000, -0.0000000000000000000, -0.0000000000000000000 ) ) ;
#8625 =( LENGTH_UNIT ( ) NAMED_UNIT ( * ) SI_UNIT ( .MILLI., .METRE. ) );
#8626 = PLANE ( 'NONE',  #721 ) ;
#8627 = VERTEX_POINT ( 'NONE', #5322 ) ;
#8628 = DIRECTION ( 'NONE',  ( 0.0000000000000000000, 0.9975640502598242000, -0.06975647374412599600 ) ) ;
#8629 = VECTOR ( 'NONE', #6593, 1000.000000000000000 ) ;
#8630 = COLOUR_RGB ( '',1.000000000000000000, 1.000000000000000000, 1.000000000000000000 ) ;
#8631 = COLOUR_RGB ( '',1.000000000000000000, 1.000000000000000000, 1.000000000000000000 ) ;
#8632 = EDGE_LOOP ( 'NONE', ( #3013, #7899, #4739, #7874 ) ) ;
#8633 =( NAMED_UNIT ( * ) PLANE_ANGLE_UNIT ( ) SI_UNIT ( $, .RADIAN. ) );
#8634 = PRESENTATION_LAYER_ASSIGNMENT (  '', '', ( #8112 ) ) ;
#8635 = EDGE_LOOP ( 'NONE', ( #3049, #8549, #1578, #6285 ) ) ;
#8636 = FILL_AREA_STYLE ('',( #5704 ) ) ;
#8637 = AXIS2_PLACEMENT_3D ( 'NONE', #8814, #4479, #138 ) ;
#8638 =( NAMED_UNIT ( * ) SI_UNIT ( $, .STERADIAN. ) SOLID_ANGLE_UNIT ( ) );
#8639 = PRESENTATION_STYLE_ASSIGNMENT (( #6927 ) ) ;
#8640 = FILL_AREA_STYLE_COLOUR ( '', #9369 ) ;
#8641 = FILL_AREA_STYLE_COLOUR ( '', #7892 ) ;
#8642 = SURFACE_STYLE_USAGE ( .BOTH. , #3586 ) ;
#8643 = EDGE_CURVE ( 'NONE', #4549, #3312, #1078, .T. ) ;
#8644 = ADVANCED_FACE ( 'NONE', ( #4904 ), #2464, .F. ) ;
#8645 = CARTESIAN_POINT ( 'NONE',  ( -1.424620215747131300, -1.124620215747131200, 1.090000000000000100 ) ) ;
#8646 = CARTESIAN_POINT ( 'NONE',  ( 0.7724999999999997400, 2.608437217218518600, 0.2862570765601325000 ) ) ;
#8647 = DIRECTION ( 'NONE',  ( 1.000000000000000000, -0.0000000000000000000, -0.0000000000000000000 ) ) ;
#8648 = LINE ( 'NONE', #2542, #6681 ) ;
#8649 = CARTESIAN_POINT ( 'NONE',  ( 1.422499999999999700, -2.200000000000000200, 0.5274999999999939700 ) ) ;
#8650 = EDGE_CURVE ( 'NONE', #4556, #5559, #2093, .T. ) ;
#8651 = FILL_AREA_STYLE_COLOUR ( '', #6322 ) ;
#8652 = PLANE ( 'NONE',  #6929 ) ;
#8653 = STYLED_ITEM ( 'NONE', ( #2295 ), #6568 ) ;
#8654 = SURFACE_STYLE_FILL_AREA ( #2432 ) ;
#8655 = UNCERTAINTY_MEASURE_WITH_UNIT (LENGTH_MEASURE( 1.000000000000000100E-005 ), #2949, 'distance_accuracy_value', 'NONE');
#8656 = PLANE ( 'NONE',  #344 ) ;
#8657 = CARTESIAN_POINT ( 'NONE',  ( 1.177499999999999800, 2.252718095034783400, 0.5274999999999934200 ) ) ;
#8658 = LINE ( 'NONE', #6634, #963 ) ;
#8659 = STYLED_ITEM ( 'NONE', ( #2163 ), #2779 ) ;
#8660 = CARTESIAN_POINT ( 'NONE',  ( -0.7725000000000001900, -2.200000000000000200, 0.6724999999999941000 ) ) ;
#8661 = SURFACE_SIDE_STYLE ('',( #689 ) ) ;
#8662 = VECTOR ( 'NONE', #685, 1000.000000000000000 ) ;
#8663 = EDGE_CURVE ( 'NONE', #5473, #7767, #4027, .T. ) ;
#8664 = EDGE_CURVE ( 'NONE', #3124, #1947, #142, .T. ) ;
#8665 = DIRECTION ( 'NONE',  ( 0.0000000000000000000, -0.06975647374412818900, -0.9975640502598240900 ) ) ;
#8666 =( GEOMETRIC_REPRESENTATION_CONTEXT ( 3 ) GLOBAL_UNCERTAINTY_ASSIGNED_CONTEXT ( ( #7578 ) ) GLOBAL_UNIT_ASSIGNED_CONTEXT ( ( #5016, #675, #5717 ) ) REPRESENTATION_CONTEXT ( 'NONE', 'WORKASPACE' ) );
#8667 = DIRECTION ( 'NONE',  ( 0.0000000000000000000, -0.9975640502598243100, -0.06975647374412599600 ) ) ;
#8668 = CARTESIAN_POINT ( 'NONE',  ( -2.072500000000000200, 2.352474500060765600, 0.4344756473744061900 ) ) ;
#8669 = AXIS2_PLACEMENT_3D ( 'NONE', #6453, #2159, #7166 ) ;
#8670 = FILL_AREA_STYLE ('',( #5386 ) ) ;
#8671 = LINE ( 'NONE', #1183, #4803 ) ;
#8672 = VERTEX_POINT ( 'NONE', #3229 ) ;
#8673 = CARTESIAN_POINT ( 'NONE',  ( -1.177500000000000200, -2.252718095034784300, 0.4274999999999940500 ) ) ;
#8674 = DIRECTION ( 'NONE',  ( 0.0000000000000000000, 1.000000000000000000, -2.056603471294124000E-015 ) ) ;
#8675 = FILL_AREA_STYLE_COLOUR ( '', #3820 ) ;
#8676 = CARTESIAN_POINT ( 'NONE',  ( -0.9246202157471311600, -1.124620215747131200, 1.090000000000000100 ) ) ;
#8677 = MECHANICAL_DESIGN_GEOMETRIC_PRESENTATION_REPRESENTATION (  '', ( #7179 ), #9177 ) ;
#8678 = FILL_AREA_STYLE_COLOUR ( '', #8444 ) ;
#8679 = CARTESIAN_POINT ( 'NONE',  ( -1.827500000000000100, 2.352474500060765600, 0.4344756473744061900 ) ) ;
#8680 = PLANE ( 'NONE',  #1513 ) ;
#8681 = CARTESIAN_POINT ( 'NONE',  ( 1.177499999999999800, -3.200000000000000200, 0.1446467872876744900 ) ) ;
#8682 = DIRECTION ( 'NONE',  ( 0.0000000000000000000, 0.0000000000000000000, 1.000000000000000000 ) ) ;
#8683 = DIRECTION ( 'NONE',  ( 0.0000000000000000000, -0.9975640502598240900, 0.06975647374412817500 ) ) ;
#8684 = DIRECTION ( 'NONE',  ( 0.0000000000000000000, -0.06975647374412818900, -0.9975640502598240900 ) ) ;
#8685 = ADVANCED_FACE ( 'NONE', ( #7829 ), #1086, .F. ) ;
#8686 = MECHANICAL_DESIGN_GEOMETRIC_PRESENTATION_REPRESENTATION (  '', ( #7684 ), #9188 ) ;
#8687 =( NAMED_UNIT ( * ) PLANE_ANGLE_UNIT ( ) SI_UNIT ( $, .RADIAN. ) );
#8688 = ORIENTED_EDGE ( 'NONE', *, *, #6844, .F. ) ;
#8689 = ORIENTED_EDGE ( 'NONE', *, *, #1145, .F. ) ;
#8690 = AXIS2_PLACEMENT_3D ( 'NONE', #5326, #1016, #6035 ) ;
#8691 = DIRECTION ( 'NONE',  ( -0.0000000000000000000, 0.0000000000000000000, 1.000000000000000000 ) ) ;
#8692 = LINE ( 'NONE', #7755, #2942 ) ;
#8693 = ORIENTED_EDGE ( 'NONE', *, *, #7456, .F. ) ;
#8694 = EDGE_CURVE ( 'NONE', #3430, #5406, #9359, .T. ) ;
#8695 = CARTESIAN_POINT ( 'NONE',  ( -0.5275000000000001900, -2.200000000000000200, 0.5274999999999939700 ) ) ;
#8696 = ORIENTED_EDGE ( 'NONE', *, *, #4010, .F. ) ;
#8697 =( NAMED_UNIT ( * ) SI_UNIT ( $, .STERADIAN. ) SOLID_ANGLE_UNIT ( ) );
#8698 = FACE_OUTER_BOUND ( 'NONE', #6557, .T. ) ;
#8699 = LINE ( 'NONE', #700, #2951 ) ;
#8700 =( NAMED_UNIT ( * ) PLANE_ANGLE_UNIT ( ) SI_UNIT ( $, .RADIAN. ) );
#8701 = ORIENTED_EDGE ( 'NONE', *, *, #628, .T. ) ;
#8702 = PRESENTATION_STYLE_ASSIGNMENT (( #5415 ) ) ;
#8703 = ORIENTED_EDGE ( 'NONE', *, *, #9002, .T. ) ;
#8704 = UNCERTAINTY_MEASURE_WITH_UNIT (LENGTH_MEASURE( 1.000000000000000100E-005 ), #8200, 'distance_accuracy_value', 'NONE');
#8705 =( NAMED_UNIT ( * ) SI_UNIT ( $, .STERADIAN. ) SOLID_ANGLE_UNIT ( ) );
#8706 =( GEOMETRIC_REPRESENTATION_CONTEXT ( 3 ) GLOBAL_UNCERTAINTY_ASSIGNED_CONTEXT ( ( #7390 ) ) GLOBAL_UNIT_ASSIGNED_CONTEXT ( ( #7022, #2760, #7758 ) ) REPRESENTATION_CONTEXT ( 'NONE', 'WORKASPACE' ) );
#8707 = ORIENTED_EDGE ( 'NONE', *, *, #2863, .F. ) ;
#8708 = DIRECTION ( 'NONE',  ( -1.000000000000000000, 0.0000000000000000000, -0.0000000000000000000 ) ) ;
#8709 = ORIENTED_EDGE ( 'NONE', *, *, #1737, .T. ) ;
#8710 = DIRECTION ( 'NONE',  ( 0.0000000000000000000, -0.06975647374412817500, 0.9975640502598240900 ) ) ;
#8711 =( NAMED_UNIT ( * ) SI_UNIT ( $, .STERADIAN. ) SOLID_ANGLE_UNIT ( ) );
#8712 = CARTESIAN_POINT ( 'NONE',  ( -0.7725000000000001900, 2.200000000000000200, 0.6724999999999941000 ) ) ;
#8713 = LINE ( 'NONE', #6925, #6742 ) ;
#8714 = ORIENTED_EDGE ( 'NONE', *, *, #352, .T. ) ;
#8715 = LINE ( 'NONE', #3600, #2962 ) ;
#8716 = ORIENTED_EDGE ( 'NONE', *, *, #5576, .F. ) ;
#8717 = UNCERTAINTY_MEASURE_WITH_UNIT (LENGTH_MEASURE( 1.000000000000000100E-005 ), #9336, 'distance_accuracy_value', 'NONE');
#8718 = EDGE_CURVE ( 'NONE', #365, #3521, #8648, .T. ) ;
#8719 = EDGE_CURVE ( 'NONE', #3552, #8606, #1187, .T. ) ;
#8720 = ORIENTED_EDGE ( 'NONE', *, *, #2049, .F. ) ;
#8721 = CARTESIAN_POINT ( 'NONE',  ( 2.072499999999999800, 3.200000000000000200, 0.1446467872876744900 ) ) ;
#8722 = COLOUR_RGB ( '',1.000000000000000000, 1.000000000000000000, 1.000000000000000000 ) ;
#8723 = FILL_AREA_STYLE ('',( #1480 ) ) ;
#8724 = SURFACE_SIDE_STYLE ('',( #6985 ) ) ;
#8725 = ORIENTED_EDGE ( 'NONE', *, *, #1939, .T. ) ;
#8726 =( LENGTH_UNIT ( ) NAMED_UNIT ( * ) SI_UNIT ( .MILLI., .METRE. ) );
#8727 = MECHANICAL_DESIGN_GEOMETRIC_PRESENTATION_REPRESENTATION (  '', ( #7710 ), #9223 ) ;
#8728 = ORIENTED_EDGE ( 'NONE', *, *, #6856, .T. ) ;
#8729 = STYLED_ITEM ( 'NONE', ( #1804 ), #3472 ) ;
#8730 = SURFACE_STYLE_FILL_AREA ( #5339 ) ;
#8731 = CARTESIAN_POINT ( 'NONE',  ( -0.5275000000000001900, -2.200000000000000200, 0.6724999999999941000 ) ) ;
#8732 = EDGE_LOOP ( 'NONE', ( #3286, #3008, #1611, #6765 ) ) ;
#8733 = VECTOR ( 'NONE', #7605, 1000.000000000000000 ) ;
#8734 = VERTEX_POINT ( 'NONE', #6157 ) ;
#8735 = AXIS2_PLACEMENT_3D ( 'NONE', #7637, #2636, #6907 ) ;
#8736 =( NAMED_UNIT ( * ) PLANE_ANGLE_UNIT ( ) SI_UNIT ( $, .RADIAN. ) );
#8737 = ORIENTED_EDGE ( 'NONE', *, *, #1437, .T. ) ;
#8738 = SURFACE_SIDE_STYLE ('',( #6970 ) ) ;
#8739 = ORIENTED_EDGE ( 'NONE', *, *, #7779, .T. ) ;
#8740 = ADVANCED_FACE ( 'NONE', ( #4786 ), #5446, .F. ) ;
#8741 = PRESENTATION_STYLE_ASSIGNMENT (( #6024 ) ) ;
#8742 = CARTESIAN_POINT ( 'NONE',  ( 1.177499999999999800, 2.508680812192536400, 0.2792814291857203500 ) ) ;
#8743 = FILL_AREA_STYLE_COLOUR ( '', #7992 ) ;
#8744 = SURFACE_STYLE_USAGE ( .BOTH. , #3690 ) ;
#8745 = VECTOR ( 'NONE', #5659, 1000.000000000000000 ) ;
#8746 = COLOUR_RGB ( '',1.000000000000000000, 1.000000000000000000, 1.000000000000000000 ) ;
#8747 =( NAMED_UNIT ( * ) PLANE_ANGLE_UNIT ( ) SI_UNIT ( $, .RADIAN. ) );
#8748 = ORIENTED_EDGE ( 'NONE', *, *, #5783, .F. ) ;
#8749 =( LENGTH_UNIT ( ) NAMED_UNIT ( * ) SI_UNIT ( .MILLI., .METRE. ) );
#8750 =( NAMED_UNIT ( * ) PLANE_ANGLE_UNIT ( ) SI_UNIT ( $, .RADIAN. ) );
#8751 = CARTESIAN_POINT ( 'NONE',  ( 1.422499999999999700, -2.352474500060765600, 0.4344756473744061900 ) ) ;
#8752 = VERTEX_POINT ( 'NONE', #6849 ) ;
#8753 = DIRECTION ( 'NONE',  ( -0.0000000000000000000, -0.0000000000000000000, 1.000000000000000000 ) ) ;
#8754 = CARTESIAN_POINT ( 'NONE',  ( -0.7725000000000001900, -2.608437217218518600, 0.2862570765601325000 ) ) ;
#8755 =( GEOMETRIC_REPRESENTATION_CONTEXT ( 3 ) GLOBAL_UNCERTAINTY_ASSIGNED_CONTEXT ( ( #6758 ) ) GLOBAL_UNIT_ASSIGNED_CONTEXT ( ( #792, #8892, #8901 ) ) REPRESENTATION_CONTEXT ( 'NONE', 'WORKASPACE' ) );
#8756 = LINE ( 'NONE', #5621, #6788 ) ;
#8757 = CARTESIAN_POINT ( 'NONE',  ( -1.827500000000000100, 2.252718095034784300, 0.4274999999999940500 ) ) ;
#8758 = AXIS2_PLACEMENT_3D ( 'NONE', #9132, #4779, #443 ) ;
#8759 =( GEOMETRIC_REPRESENTATION_CONTEXT ( 3 ) GLOBAL_UNCERTAINTY_ASSIGNED_CONTEXT ( ( #8050 ) ) GLOBAL_UNIT_ASSIGNED_CONTEXT ( ( #4716, #383, #5434 ) ) REPRESENTATION_CONTEXT ( 'NONE', 'WORKASPACE' ) );
#8760 = FILL_AREA_STYLE ('',( #7959 ) ) ;
#8761 = ORIENTED_EDGE ( 'NONE', *, *, #3700, .T. ) ;
#8762 = PRESENTATION_STYLE_ASSIGNMENT (( #7478 ) ) ;
#8763 = PLANE ( 'NONE',  #5985 ) ;
#8764 = EDGE_CURVE ( 'NONE', #2945, #8102, #2205, .T. ) ;
#8765 = DIRECTION ( 'NONE',  ( 0.0000000000000000000, 0.0000000000000000000, -1.000000000000000000 ) ) ;
#8766 = SURFACE_STYLE_USAGE ( .BOTH. , #751 ) ;
#8767 = AXIS2_PLACEMENT_3D ( 'NONE', #724, #13, #7712 ) ;
#8768 = COLOUR_RGB ( '',1.000000000000000000, 1.000000000000000000, 1.000000000000000000 ) ;
#8769 = DIRECTION ( 'NONE',  ( 0.0000000000000000000, -0.9975640502598242000, 0.06975647374412599600 ) ) ;
#8770 = AXIS2_PLACEMENT_3D ( 'NONE', #4885, #535, #5592 ) ;
#8771 = DIRECTION ( 'NONE',  ( 0.0000000000000000000, -0.06975647374412208300, -0.9975640502598244200 ) ) ;
#8772 = ORIENTED_EDGE ( 'NONE', *, *, #4938, .F. ) ;
#8773 = CARTESIAN_POINT ( 'NONE',  ( 1.827499999999999700, 2.200000000000000200, 0.6724999999999941000 ) ) ;
#8774 = UNCERTAINTY_MEASURE_WITH_UNIT (LENGTH_MEASURE( 1.000000000000000100E-005 ), #5524, 'distance_accuracy_value', 'NONE');
#8775 = CARTESIAN_POINT ( 'NONE',  ( -0.5275000000000001900, 2.591346881151208100, 0.04185388424647555600 ) ) ;
#8776 = EDGE_CURVE ( 'NONE', #9112, #1823, #7701, .T. ) ;
#8777 = DIRECTION ( 'NONE',  ( 1.000000000000000000, 0.0000000000000000000, 0.0000000000000000000 ) ) ;
#8778 = EDGE_CURVE ( 'NONE', #2731, #9027, #3907, .T. ) ;
#8779 = FILL_AREA_STYLE_COLOUR ( '', #4771 ) ;
#8780 = PLANE ( 'NONE',  #1629 ) ;
#8781 = DIRECTION ( 'NONE',  ( -1.000000000000000000, 0.0000000000000000000, -0.0000000000000000000 ) ) ;
#8782 = SURFACE_SIDE_STYLE ('',( #3771 ) ) ;
#8783 = CARTESIAN_POINT ( 'NONE',  ( -1.422500000000000100, -2.252718095034784300, 0.4274999999999940500 ) ) ;
#8784 = ORIENTED_EDGE ( 'NONE', *, *, #3488, .T. ) ;
#8785 = CARTESIAN_POINT ( 'NONE',  ( 1.827499999999999700, 2.591346881151208100, 0.04185388424647555600 ) ) ;
#8786 = ADVANCED_FACE ( 'NONE', ( #253, #1981 ), #5498, .T. ) ;
#8787 = DIRECTION ( 'NONE',  ( 0.0000000000000000000, 0.9975640502598242000, 0.06975647374412598200 ) ) ;
#8788 = STYLED_ITEM ( 'NONE', ( #6961 ), #173 ) ;
#8789 = EDGE_CURVE ( 'NONE', #475, #788, #1747, .T. ) ;
#8790 = ORIENTED_EDGE ( 'NONE', *, *, #4362, .F. ) ;
#8791 =( GEOMETRIC_REPRESENTATION_CONTEXT ( 3 ) GLOBAL_UNCERTAINTY_ASSIGNED_CONTEXT ( ( #3564 ) ) GLOBAL_UNIT_ASSIGNED_CONTEXT ( ( #7437, #3154, #8177 ) ) REPRESENTATION_CONTEXT ( 'NONE', 'WORKASPACE' ) );
#8792 = CARTESIAN_POINT ( 'NONE',  ( 0.1224999999999997800, 2.200000000000000200, 0.6724999999999941000 ) ) ;
#8793 = MECHANICAL_DESIGN_GEOMETRIC_PRESENTATION_REPRESENTATION (  '', ( #7788 ), #9299 ) ;
#8794 = DIRECTION ( 'NONE',  ( -1.000000000000000000, 0.0000000000000000000, -0.0000000000000000000 ) ) ;
#8795 = FILL_AREA_STYLE ('',( #5859 ) ) ;
#8796 = ORIENTED_EDGE ( 'NONE', *, *, #9270, .T. ) ;
#8797 =( LENGTH_UNIT ( ) NAMED_UNIT ( * ) SI_UNIT ( .MILLI., .METRE. ) );
#8798 = CARTESIAN_POINT ( 'NONE',  ( 2.072499999999999800, -2.608437217218518600, 0.2862570765601324400 ) ) ;
#8799 =( LENGTH_UNIT ( ) NAMED_UNIT ( * ) SI_UNIT ( .MILLI., .METRE. ) );
#8800 = EDGE_CURVE ( 'NONE', #5639, #2761, #7471, .T. ) ;
#8801 = EDGE_LOOP ( 'NONE', ( #358, #1321, #7566, #8092 ) ) ;
#8802 = DIRECTION ( 'NONE',  ( -1.000000000000000000, 0.0000000000000000000, -0.0000000000000000000 ) ) ;
#8803 = ORIENTED_EDGE ( 'NONE', *, *, #7825, .T. ) ;
#8804 = DIRECTION ( 'NONE',  ( -1.000000000000000000, -0.0000000000000000000, -0.0000000000000000000 ) ) ;
#8805 = FILL_AREA_STYLE_COLOUR ( '', #5169 ) ;
#8806 = SURFACE_STYLE_FILL_AREA ( #7831 ) ;
#8807 = DIRECTION ( 'NONE',  ( 1.000000000000000000, -0.0000000000000000000, 0.0000000000000000000 ) ) ;
#8808 = ORIENTED_EDGE ( 'NONE', *, *, #7586, .T. ) ;
#8809 = STYLED_ITEM ( 'NONE', ( #9187 ), #1817 ) ;
#8810 =( LENGTH_UNIT ( ) NAMED_UNIT ( * ) SI_UNIT ( .MILLI., .METRE. ) );
#8811 = VERTEX_POINT ( 'NONE', #488 ) ;
#8812 = ORIENTED_EDGE ( 'NONE', *, *, #7844, .T. ) ;
#8813 = AXIS2_PLACEMENT_3D ( 'NONE', #4248, #9327, #4942 ) ;
#8814 = CARTESIAN_POINT ( 'NONE',  ( 0.7724999999999997400, 2.252718095034784300, 0.4274999999999940500 ) ) ;
#8815 = CYLINDRICAL_SURFACE ( 'NONE', #1948, 0.09999999999999939500 ) ;
#8816 = DIRECTION ( 'NONE',  ( 0.0000000000000000000, 0.0000000000000000000, -1.000000000000000000 ) ) ;
#8817 = ORIENTED_EDGE ( 'NONE', *, *, #6200, .T. ) ;
#8818 = UNCERTAINTY_MEASURE_WITH_UNIT (LENGTH_MEASURE( 1.000000000000000100E-005 ), #2839, 'distance_accuracy_value', 'NONE');
#8819 = EDGE_CURVE ( 'NONE', #7670, #8281, #9224, .T. ) ;
#8820 = CARTESIAN_POINT ( 'NONE',  ( -1.177500000000000200, 2.608437217218518600, 0.2862570765601325000 ) ) ;
#8821 = ORIENTED_EDGE ( 'NONE', *, *, #6413, .F. ) ;
#8822 = CARTESIAN_POINT ( 'NONE',  ( -1.177500000000000200, -2.200000000000000200, 0.6724999999999941000 ) ) ;
#8823 = ORIENTED_EDGE ( 'NONE', *, *, #8196, .F. ) ;
#8824 = CARTESIAN_POINT ( 'NONE',  ( 0.1224999999999997800, -2.601461569844106100, 0.1865006715341501500 ) ) ;
#8825 = PRESENTATION_STYLE_ASSIGNMENT (( #189 ) ) ;
#8826 = EDGE_CURVE ( 'NONE', #6945, #6964, #5341, .T. ) ;
#8827 = ORIENTED_EDGE ( 'NONE', *, *, #3810, .T. ) ;
#8828 = CIRCLE ( 'NONE', #6660, 0.09999999999999988100 ) ;
#8829 = AXIS2_PLACEMENT_3D ( 'NONE', #2390, #7394, #3128 ) ;
#8830 = ADVANCED_FACE ( 'NONE', ( #1519 ), #2541, .T. ) ;
#8831 = VECTOR ( 'NONE', #5029, 1000.000000000000000 ) ;
#8832 = CARTESIAN_POINT ( 'NONE',  ( 0.7724999999999997400, -2.352474500060765600, 0.4344756473744061900 ) ) ;
#8833 = VERTEX_POINT ( 'NONE', #1999 ) ;
#8834 = ORIENTED_EDGE ( 'NONE', *, *, #7740, .T. ) ;
#8835 = CARTESIAN_POINT ( 'NONE',  ( 0.1224999999999997800, 2.252718095034784300, 0.4274999999999940500 ) ) ;
#8836 = CARTESIAN_POINT ( 'NONE',  ( -0.1225000000000002200, -2.608437217218518600, 0.2862570765601325000 ) ) ;
#8837 = LINE ( 'NONE', #711, #4976 ) ;
#8838 = ORIENTED_EDGE ( 'NONE', *, *, #4881, .T. ) ;
#8839 = PRESENTATION_STYLE_ASSIGNMENT (( #2578 ) ) ;
#8840 = PLANE ( 'NONE',  #5407 ) ;
#8841 = EDGE_CURVE ( 'NONE', #8119, #2491, #4458, .T. ) ;
#8842 = DIRECTION ( 'NONE',  ( 0.0000000000000000000, 0.0000000000000000000, -1.000000000000000000 ) ) ;
#8843 = EDGE_CURVE ( 'NONE', #8272, #4804, #8284, .T. ) ;
#8844 = VERTEX_POINT ( 'NONE', #7735 ) ;
#8845 = CARTESIAN_POINT ( 'NONE',  ( 1.827499999999999700, 2.608437217218518600, 0.2862570765601325000 ) ) ;
#8846 = CARTESIAN_POINT ( 'NONE',  ( -1.177500000000000200, 2.591346881151208100, 0.04185388424647555600 ) ) ;
#8847 = VERTEX_POINT ( 'NONE', #4175 ) ;
#8848 = PLANE ( 'NONE',  #489 ) ;
#8849 = AXIS2_PLACEMENT_3D ( 'NONE', #506, #5565, #1255 ) ;
#8850 = VECTOR ( 'NONE', #7094, 1000.000000000000000 ) ;
#8851 = AXIS2_PLACEMENT_3D ( 'NONE', #3298, #8335, #4039 ) ;
#8852 = VERTEX_POINT ( 'NONE', #539 ) ;
#8853 = DIRECTION ( 'NONE',  ( -1.000000000000000000, 0.0000000000000000000, -0.0000000000000000000 ) ) ;
#8854 = ORIENTED_EDGE ( 'NONE', *, *, #4528, .T. ) ;
#8855 = CARTESIAN_POINT ( 'NONE',  ( 2.371207339633364200, -2.071207339633363500, -0.2029194732375104400 ) ) ;
#8856 = COLOUR_RGB ( '',1.000000000000000000, 1.000000000000000000, 1.000000000000000000 ) ;
#8857 = DIRECTION ( 'NONE',  ( 0.0000000000000000000, 0.0000000000000000000, 1.000000000000000000 ) ) ;
#8858 = CARTESIAN_POINT ( 'NONE',  ( 1.827499999999999700, 2.352474500060765600, 0.4344756473744061900 ) ) ;
#8859 = LINE ( 'NONE', #5436, #1171 ) ;
#8860 = SURFACE_STYLE_FILL_AREA ( #1876 ) ;
#8861 = CARTESIAN_POINT ( 'NONE',  ( 2.072499999999999800, -2.252718095034784300, 0.4274999999999940500 ) ) ;
#8862 = ORIENTED_EDGE ( 'NONE', *, *, #2004, .T. ) ;
#8863 = STYLED_ITEM ( 'NONE', ( #8998 ), #8446 ) ;
#8864 = FILL_AREA_STYLE ('',( #8093 ) ) ;
#8865 = LINE ( 'NONE', #6647, #3111 ) ;
#8866 = PLANE ( 'NONE',  #5311 ) ;
#8867 = VECTOR ( 'NONE', #7327, 1000.000000000000000 ) ;
#8868 = CARTESIAN_POINT ( 'NONE',  ( 1.177499999999999800, -2.601461569844106100, 0.1865006715341501500 ) ) ;
#8869 = CARTESIAN_POINT ( 'NONE',  ( 1.177499999999999800, 2.591346881151208100, 0.04185388424647555600 ) ) ;
#8870 = SURFACE_STYLE_FILL_AREA ( #4909 ) ;
#8871 = PLANE ( 'NONE',  #8829 ) ;
#8872 = AXIS2_PLACEMENT_3D ( 'NONE', #2258, #2420, #5462 ) ;
#8873 = AXIS2_PLACEMENT_3D ( 'NONE', #888, #5919, #1619 ) ;
#8874 = DIRECTION ( 'NONE',  ( 0.0000000000000000000, -0.06975647374412598200, -0.9975640502598242000 ) ) ;
#8875 = ADVANCED_FACE ( 'NONE', ( #6114 ), #2727, .T. ) ;
#8876 = DIRECTION ( 'NONE',  ( -1.000000000000000000, -0.0000000000000000000, -0.0000000000000000000 ) ) ;
#8877 = CARTESIAN_POINT ( 'NONE',  ( 0.7724999999999997400, 2.200000000000000200, 0.5274999999999939700 ) ) ;
#8878 = EDGE_CURVE ( 'NONE', #6170, #2479, #3555, .T. ) ;
#8879 = CARTESIAN_POINT ( 'NONE',  ( 0.7724999999999997400, 2.252718095034783400, 0.5274999999999934200 ) ) ;
#8880 = STYLED_ITEM ( 'NONE', ( #9446 ), #2498 ) ;
#8881 = DIRECTION ( 'NONE',  ( 0.0000000000000000000, 1.000000000000000000, -2.056603471294124000E-015 ) ) ;
#8882 = CARTESIAN_POINT ( 'NONE',  ( 1.827499999999999700, -2.591346881151208100, 0.04185388424647555600 ) ) ;
#8883 = AXIS2_PLACEMENT_3D ( 'NONE', #415, #5466, #1172 ) ;
#8884 = UNCERTAINTY_MEASURE_WITH_UNIT (LENGTH_MEASURE( 1.000000000000000100E-005 ), #730, 'distance_accuracy_value', 'NONE');
#8885 =( NAMED_UNIT ( * ) SI_UNIT ( $, .STERADIAN. ) SOLID_ANGLE_UNIT ( ) );
#8886 = FILL_AREA_STYLE ('',( #3121 ) ) ;
#8887 = FILL_AREA_STYLE ('',( #7388 ) ) ;
#8888 = VECTOR ( 'NONE', #4766, 1000.000000000000000 ) ;
#8889 = EDGE_CURVE ( 'NONE', #2843, #4048, #5445, .T. ) ;
#8890 = SURFACE_SIDE_STYLE ('',( #905 ) ) ;
#8891 = EDGE_CURVE ( 'NONE', #7256, #305, #1620, .T. ) ;
#8892 =( NAMED_UNIT ( * ) PLANE_ANGLE_UNIT ( ) SI_UNIT ( $, .RADIAN. ) );
#8893 = ORIENTED_EDGE ( 'NONE', *, *, #4238, .T. ) ;
#8894 = SURFACE_STYLE_USAGE ( .BOTH. , #3855 ) ;
#8895 = CARTESIAN_POINT ( 'NONE',  ( 1.177499999999999800, -2.497121287348441400, 0.4445903360673038000 ) ) ;
#8896 = AXIS2_PLACEMENT_3D ( 'NONE', #8673, #4353, #9434 ) ;
#8897 =( NAMED_UNIT ( * ) PLANE_ANGLE_UNIT ( ) SI_UNIT ( $, .RADIAN. ) );
#8898 = CARTESIAN_POINT ( 'NONE',  ( -1.177500000000000200, 3.200000000000000200, 0.1446467872876744900 ) ) ;
#8899 = PRESENTATION_LAYER_ASSIGNMENT (  '', '', ( #7911 ) ) ;
#8900 = CARTESIAN_POINT ( 'NONE',  ( -0.1225000000000002200, -2.252718095034784300, 0.4274999999999940500 ) ) ;
#8901 =( NAMED_UNIT ( * ) SI_UNIT ( $, .STERADIAN. ) SOLID_ANGLE_UNIT ( ) );
#8902 = PRESENTATION_LAYER_ASSIGNMENT (  '', '', ( #7915 ) ) ;
#8903 = CARTESIAN_POINT ( 'NONE',  ( -0.1225000000000002200, 2.352474500060765600, 0.4344756473744061900 ) ) ;
#8904 = CARTESIAN_POINT ( 'NONE',  ( -2.750000000000000000, 2.200000000000000200, 0.6724999999999941000 ) ) ;
#8905 = DIRECTION ( 'NONE',  ( 0.0000000000000000000, 0.06975647374411951500, -0.9975640502598246400 ) ) ;
#8906 = ORIENTED_EDGE ( 'NONE', *, *, #2171, .F. ) ;
#8907 =( NAMED_UNIT ( * ) PLANE_ANGLE_UNIT ( ) SI_UNIT ( $, .RADIAN. ) );
#8908 = AXIS2_PLACEMENT_3D ( 'NONE', #7865, #3575, #8628 ) ;
#8909 = FILL_AREA_STYLE_COLOUR ( '', #1754 ) ;
#8910 = CIRCLE ( 'NONE', #8735, 0.2450000000000001600 ) ;
#8911 = DIRECTION ( 'NONE',  ( 1.000000000000000000, 8.673617379884035500E-017, 0.0000000000000000000 ) ) ;
#8912 = ADVANCED_FACE ( 'NONE', ( #7122 ), #8153, .T. ) ;
#8913 = VERTEX_POINT ( 'NONE', #8592 ) ;
#8914 = CARTESIAN_POINT ( 'NONE',  ( 1.422499999999999700, 2.352474500060765600, 0.4344756473744061900 ) ) ;
#8915 = MECHANICAL_DESIGN_GEOMETRIC_PRESENTATION_REPRESENTATION (  '', ( #7423 ), #9449 ) ;
#8916 = VERTEX_POINT ( 'NONE', #4271 ) ;
#8917 = DIRECTION ( 'NONE',  ( -0.0000000000000000000, 0.06975647374412818900, -0.9975640502598240900 ) ) ;
#8918 = CARTESIAN_POINT ( 'NONE',  ( -1.422500000000000100, 2.601461569844106100, 0.1865006715341501500 ) ) ;
#8919 =( NAMED_UNIT ( * ) PLANE_ANGLE_UNIT ( ) SI_UNIT ( $, .RADIAN. ) );
#8920 = AXIS2_PLACEMENT_3D ( 'NONE', #5905, #1605, #6622 ) ;
#8921 = VECTOR ( 'NONE', #8613, 1000.000000000000100 ) ;
#8922 = SURFACE_STYLE_FILL_AREA ( #6894 ) ;
#8923 = CARTESIAN_POINT ( 'NONE',  ( 0.5274999999999997500, 2.601461569844106100, 0.1865006715341501500 ) ) ;
#8924 = CIRCLE ( 'NONE', #1732, 0.09999999999999988100 ) ;
#8925 = VERTEX_POINT ( 'NONE', #9357 ) ;
#8926 = CARTESIAN_POINT ( 'NONE',  ( 0.7724999999999997400, 2.608437217218518600, 0.2862570765601324400 ) ) ;
#8927 = ORIENTED_EDGE ( 'NONE', *, *, #2601, .T. ) ;
#8928 = ORIENTED_EDGE ( 'NONE', *, *, #2674, .F. ) ;
#8929 = FILL_AREA_STYLE_COLOUR ( '', #1008 ) ;
#8930 =( NAMED_UNIT ( * ) PLANE_ANGLE_UNIT ( ) SI_UNIT ( $, .RADIAN. ) );
#8931 = PRESENTATION_STYLE_ASSIGNMENT (( #1065 ) ) ;
#8932 = CARTESIAN_POINT ( 'NONE',  ( -0.5275000000000001900, -2.352474500060765600, 0.4344756473744061900 ) ) ;
#8933 = COLOUR_RGB ( '',1.000000000000000000, 1.000000000000000000, 1.000000000000000000 ) ;
#8934 = COLOUR_RGB ( '',1.000000000000000000, 1.000000000000000000, 1.000000000000000000 ) ;
#8935 =( GEOMETRIC_REPRESENTATION_CONTEXT ( 3 ) GLOBAL_UNCERTAINTY_ASSIGNED_CONTEXT ( ( #5677 ) ) GLOBAL_UNIT_ASSIGNED_CONTEXT ( ( #8972, #8930, #6832 ) ) REPRESENTATION_CONTEXT ( 'NONE', 'WORKASPACE' ) );
#8936 = DIRECTION ( 'NONE',  ( -1.000000000000000000, -0.0000000000000000000, -0.0000000000000000000 ) ) ;
#8937 = ORIENTED_EDGE ( 'NONE', *, *, #7586, .F. ) ;
#8938 = UNCERTAINTY_MEASURE_WITH_UNIT (LENGTH_MEASURE( 1.000000000000000100E-005 ), #2561, 'distance_accuracy_value', 'NONE');
#8939 = STYLED_ITEM ( 'NONE', ( #1985 ), #5683 ) ;
#8940 = VERTEX_POINT ( 'NONE', #3549 ) ;
#8941 = DIRECTION ( 'NONE',  ( 1.000000000000000000, 0.0000000000000000000, 0.0000000000000000000 ) ) ;
#8942 =( NAMED_UNIT ( * ) SI_UNIT ( $, .STERADIAN. ) SOLID_ANGLE_UNIT ( ) );
#8943 = ORIENTED_EDGE ( 'NONE', *, *, #7508, .F. ) ;
#8944 = CARTESIAN_POINT ( 'NONE',  ( 1.422499999999999700, 2.252718095034784300, 0.4274999999999940500 ) ) ;
#8945 = ADVANCED_FACE ( 'NONE', ( #4348 ), #4985, .T. ) ;
#8946 = CARTESIAN_POINT ( 'NONE',  ( 2.750000000000000000, 2.200000000000000200, 0.5275000000000060800 ) ) ;
#8947 = ORIENTED_EDGE ( 'NONE', *, *, #2418, .T. ) ;
#8948 = FACE_OUTER_BOUND ( 'NONE', #1271, .T. ) ;
#8949 = LINE ( 'NONE', #1498, #3408 ) ;
#8950 = SURFACE_STYLE_FILL_AREA ( #7018 ) ;
#8951 =( LENGTH_UNIT ( ) NAMED_UNIT ( * ) SI_UNIT ( .MILLI., .METRE. ) );
#8952 = VERTEX_POINT ( 'NONE', #5698 ) ;
#8953 = FACE_OUTER_BOUND ( 'NONE', #7181, .T. ) ;
#8954 = EDGE_CURVE ( 'NONE', #475, #7530, #1975, .T. ) ;
#8955 = ORIENTED_EDGE ( 'NONE', *, *, #576, .F. ) ;
#8956 =( NAMED_UNIT ( * ) SI_UNIT ( $, .STERADIAN. ) SOLID_ANGLE_UNIT ( ) );
#8957 = CARTESIAN_POINT ( 'NONE',  ( -2.750000000000000000, -2.200000000000000200, 0.5275000000000060800 ) ) ;
#8958 = COLOUR_RGB ( '',1.000000000000000000, 1.000000000000000000, 1.000000000000000000 ) ;
#8959 =( LENGTH_UNIT ( ) NAMED_UNIT ( * ) SI_UNIT ( .MILLI., .METRE. ) );
#8960 = ORIENTED_EDGE ( 'NONE', *, *, #1419, .T. ) ;
#8961 = MECHANICAL_DESIGN_GEOMETRIC_PRESENTATION_REPRESENTATION (  '', ( #7956 ), #30 ) ;
#8962 =( NAMED_UNIT ( * ) SI_UNIT ( $, .STERADIAN. ) SOLID_ANGLE_UNIT ( ) );
#8963 = ORIENTED_EDGE ( 'NONE', *, *, #9343, .T. ) ;
#8964 = DIRECTION ( 'NONE',  ( -1.000000000000000000, -0.0000000000000000000, 0.0000000000000000000 ) ) ;
#8965 = DIRECTION ( 'NONE',  ( -0.0000000000000000000, -1.000000000000000000, -0.0000000000000000000 ) ) ;
#8966 = FACE_OUTER_BOUND ( 'NONE', #1489, .T. ) ;
#8967 = EDGE_CURVE ( 'NONE', #2518, #2945, #9, .T. ) ;
#8968 = LINE ( 'NONE', #2087, #3424 ) ;
#8969 = COLOUR_RGB ( '',1.000000000000000000, 1.000000000000000000, 1.000000000000000000 ) ;
#8970 = EDGE_CURVE ( 'NONE', #2944, #3839, #7464, .T. ) ;
#8971 = DIRECTION ( 'NONE',  ( -1.000000000000000000, 0.0000000000000000000, -0.0000000000000000000 ) ) ;
#8972 =( LENGTH_UNIT ( ) NAMED_UNIT ( * ) SI_UNIT ( .MILLI., .METRE. ) );
#8973 = CARTESIAN_POINT ( 'NONE',  ( -1.422500000000000100, -2.497121287348441400, 0.4445903360673038000 ) ) ;
#8974 = ORIENTED_EDGE ( 'NONE', *, *, #3213, .T. ) ;
#8975 = ADVANCED_FACE ( 'NONE', ( #3668 ), #5043, .T. ) ;
#8976 = CARTESIAN_POINT ( 'NONE',  ( 0.7724999999999997400, -2.352474500060765600, 0.4344756473744061900 ) ) ;
#8977 = ORIENTED_EDGE ( 'NONE', *, *, #5133, .F. ) ;
#8978 = AXIS2_PLACEMENT_3D ( 'NONE', #8792, #4462, #111 ) ;
#8979 = LINE ( 'NONE', #5090, #5116 ) ;
#8980 =( LENGTH_UNIT ( ) NAMED_UNIT ( * ) SI_UNIT ( .MILLI., .METRE. ) );
#8981 = VECTOR ( 'NONE', #6007, 1000.000000000000000 ) ;
#8982 = ORIENTED_EDGE ( 'NONE', *, *, #93, .T. ) ;
#8983 = VECTOR ( 'NONE', #630, 1000.000000000000000 ) ;
#8984 = VECTOR ( 'NONE', #4813, 999.9999999999998900 ) ;
#8985 = SURFACE_SIDE_STYLE ('',( #8535 ) ) ;
#8986 = VECTOR ( 'NONE', #4288, 1000.000000000000000 ) ;
#8987 = AXIS2_PLACEMENT_3D ( 'NONE', #8328, #4034, #9080 ) ;
#8988 = PLANE ( 'NONE',  #2217 ) ;
#8989 = VERTEX_POINT ( 'NONE', #2186 ) ;
#8990 = ADVANCED_FACE ( 'NONE', ( #5330 ), #9421, .F. ) ;
#8991 = PLANE ( 'NONE',  #6579 ) ;
#8992 = ADVANCED_FACE ( 'NONE', ( #6563 ), #5068, .F. ) ;
#8993 = DIRECTION ( 'NONE',  ( -1.000000000000000000, -0.0000000000000000000, -0.0000000000000000000 ) ) ;
#8994 = DIRECTION ( 'NONE',  ( 0.0000000000000000000, -1.000000000000000000, -2.056603471294124000E-015 ) ) ;
#8995 = MECHANICAL_DESIGN_GEOMETRIC_PRESENTATION_REPRESENTATION (  '', ( #7985 ), #62 ) ;
#8996 = DIRECTION ( 'NONE',  ( 0.0000000000000000000, 0.9975640502598243100, -0.06975647374412599600 ) ) ;
#8997 = PRESENTATION_LAYER_ASSIGNMENT (  '', '', ( #7989 ) ) ;
#8998 = PRESENTATION_STYLE_ASSIGNMENT (( #2805 ) ) ;
#8999 = DIRECTION ( 'NONE',  ( 0.0000000000000000000, -0.06975647374412818900, -0.9975640502598240900 ) ) ;
#9000 = FILL_AREA_STYLE ('',( #280 ) ) ;
#9001 = SURFACE_SIDE_STYLE ('',( #4890 ) ) ;
#9002 = EDGE_CURVE ( 'NONE', #5847, #2387, #2080, .T. ) ;
#9003 = UNCERTAINTY_MEASURE_WITH_UNIT (LENGTH_MEASURE( 1.000000000000000100E-005 ), #45, 'distance_accuracy_value', 'NONE');
#9004 = SURFACE_SIDE_STYLE ('',( #4455 ) ) ;
#9005 = VERTEX_POINT ( 'NONE', #2240 ) ;
#9006 = EDGE_CURVE ( 'NONE', #9420, #3997, #4009, .T. ) ;
#9007 = CARTESIAN_POINT ( 'NONE',  ( -2.500000000000000000, 2.200000000000000200, 0.5275000000000060800 ) ) ;
#9008 =( NAMED_UNIT ( * ) SI_UNIT ( $, .STERADIAN. ) SOLID_ANGLE_UNIT ( ) );
#9009 =( GEOMETRIC_REPRESENTATION_CONTEXT ( 3 ) GLOBAL_UNCERTAINTY_ASSIGNED_CONTEXT ( ( #710 ) ) GLOBAL_UNIT_ASSIGNED_CONTEXT ( ( #5749, #1435, #6462 ) ) REPRESENTATION_CONTEXT ( 'NONE', 'WORKASPACE' ) );
#9010 = DIRECTION ( 'NONE',  ( -1.000000000000000000, 0.0000000000000000000, -0.0000000000000000000 ) ) ;
#9011 =( LENGTH_UNIT ( ) NAMED_UNIT ( * ) SI_UNIT ( .MILLI., .METRE. ) );
#9012 = ADVANCED_FACE ( 'NONE', ( #7576 ), #8763, .F. ) ;
#9013 = VECTOR ( 'NONE', #8781, 1000.000000000000000 ) ;
#9014 = VECTOR ( 'NONE', #2257, 1000.000000000000000 ) ;
#9015 = EDGE_CURVE ( 'NONE', #8455, #1248, #3101, .T. ) ;
#9016 = EDGE_CURVE ( 'NONE', #1476, #2733, #4999, .T. ) ;
#9017 = DIRECTION ( 'NONE',  ( 0.0000000000000000000, -0.9975640502598242000, 0.06975647374412598200 ) ) ;
#9018 = DIRECTION ( 'NONE',  ( -0.0000000000000000000, 0.9975640502598242000, 0.06975647374412599600 ) ) ;
#9019 = ORIENTED_EDGE ( 'NONE', *, *, #2918, .F. ) ;
#9020 = STYLED_ITEM ( 'NONE', ( #8378 ), #7170 ) ;
#9021 = PRESENTATION_STYLE_ASSIGNMENT (( #7762 ) ) ;
#9022 = AXIS2_PLACEMENT_3D ( 'NONE', #5921, #7363, #6674 ) ;
#9023 = COLOUR_RGB ( '',1.000000000000000000, 1.000000000000000000, 1.000000000000000000 ) ;
#9024 = FACE_OUTER_BOUND ( 'NONE', #9325, .T. ) ;
#9025 = CARTESIAN_POINT ( 'NONE',  ( -1.422500000000000100, -2.252718095034784300, 0.4274999999999940500 ) ) ;
#9026 = ORIENTED_EDGE ( 'NONE', *, *, #2042, .T. ) ;
#9027 = VERTEX_POINT ( 'NONE', #7316 ) ;
#9028 = CARTESIAN_POINT ( 'NONE',  ( 0.1224999999999997800, 2.601461569844106100, 0.1865006715341500400 ) ) ;
#9029 = DIRECTION ( 'NONE',  ( 0.0000000000000000000, 0.0000000000000000000, 1.000000000000000000 ) ) ;
#9030 = ADVANCED_FACE ( 'NONE', ( #6667 ), #2308, .F. ) ;
#9031 = CARTESIAN_POINT ( 'NONE',  ( -1.827500000000000100, 2.508680812192536400, 0.2792814291857203500 ) ) ;
#9032 = VERTEX_POINT ( 'NONE', #869 ) ;
#9033 = STYLED_ITEM ( 'NONE', ( #851 ), #8259 ) ;
#9034 = PRESENTATION_STYLE_ASSIGNMENT (( #6080 ) ) ;
#9035 = CARTESIAN_POINT ( 'NONE',  ( -0.5275000000000001900, 2.352474500060765600, 0.4344756473744061900 ) ) ;
#9036 = ORIENTED_EDGE ( 'NONE', *, *, #5133, .T. ) ;
#9037 =( NAMED_UNIT ( * ) SI_UNIT ( $, .STERADIAN. ) SOLID_ANGLE_UNIT ( ) );
#9038 = ORIENTED_EDGE ( 'NONE', *, *, #4814, .F. ) ;
#9039 = CARTESIAN_POINT ( 'NONE',  ( -2.072500000000000200, 2.601461569844106100, 0.1865006715341501500 ) ) ;
#9040 = SURFACE_STYLE_FILL_AREA ( #4014 ) ;
#9041 = PRESENTATION_STYLE_ASSIGNMENT (( #1535 ) ) ;
#9042 = SURFACE_STYLE_FILL_AREA ( #8546 ) ;
#9043 = DIRECTION ( 'NONE',  ( 0.0000000000000000000, 0.0000000000000000000, 1.000000000000000000 ) ) ;
#9044 = ORIENTED_EDGE ( 'NONE', *, *, #7205, .F. ) ;
#9045 = FILL_AREA_STYLE_COLOUR ( '', #8078 ) ;
#9046 = FACE_OUTER_BOUND ( 'NONE', #4645, .T. ) ;
#9047 = AXIS2_PLACEMENT_3D ( 'NONE', #1506, #4328, #5984 ) ;
#9048 = ORIENTED_EDGE ( 'NONE', *, *, #5764, .T. ) ;
#9049 = ORIENTED_EDGE ( 'NONE', *, *, #8146, .T. ) ;
#9050 =( GEOMETRIC_REPRESENTATION_CONTEXT ( 3 ) GLOBAL_UNCERTAINTY_ASSIGNED_CONTEXT ( ( #6403 ) ) GLOBAL_UNIT_ASSIGNED_CONTEXT ( ( #9340, #4956, #616 ) ) REPRESENTATION_CONTEXT ( 'NONE', 'WORKASPACE' ) );
#9051 =( GEOMETRIC_REPRESENTATION_CONTEXT ( 3 ) GLOBAL_UNCERTAINTY_ASSIGNED_CONTEXT ( ( #635 ) ) GLOBAL_UNIT_ASSIGNED_CONTEXT ( ( #7020, #2755, #7751 ) ) REPRESENTATION_CONTEXT ( 'NONE', 'WORKASPACE' ) );
#9052 = CARTESIAN_POINT ( 'NONE',  ( -0.7725000000000001900, 2.252718095034784300, 0.4274999999999940500 ) ) ;
#9053 = ORIENTED_EDGE ( 'NONE', *, *, #20, .T. ) ;
#9054 = DIRECTION ( 'NONE',  ( 0.0000000000000000000, 0.0000000000000000000, 1.000000000000000000 ) ) ;
#9055 = CARTESIAN_POINT ( 'NONE',  ( 1.177499999999999800, 2.252718095034784300, 0.6724999999999939900 ) ) ;
#9056 = VECTOR ( 'NONE', #698, 1000.000000000000000 ) ;
#9057 = UNCERTAINTY_MEASURE_WITH_UNIT (LENGTH_MEASURE( 1.000000000000000100E-005 ), #7116, 'distance_accuracy_value', 'NONE');
#9058 = EDGE_CURVE ( 'NONE', #520, #3852, #5990, .T. ) ;
#9059 =( NAMED_UNIT ( * ) SI_UNIT ( $, .STERADIAN. ) SOLID_ANGLE_UNIT ( ) );
#9060 = ORIENTED_EDGE ( 'NONE', *, *, #9016, .T. ) ;
#9061 = CARTESIAN_POINT ( 'NONE',  ( 2.424620215747131700, 2.200000000000000600, 1.100000000000000100 ) ) ;
#9062 =( NAMED_UNIT ( * ) PLANE_ANGLE_UNIT ( ) SI_UNIT ( $, .RADIAN. ) );
#9063 = ORIENTED_EDGE ( 'NONE', *, *, #7331, .F. ) ;
#9064 = ADVANCED_FACE ( 'NONE', ( #4114 ), #8848, .F. ) ;
#9065 = VECTOR ( 'NONE', #8353, 1000.000000000000000 ) ;
#9066 = STYLED_ITEM ( 'NONE', ( #7176 ), #2428 ) ;
#9067 = SURFACE_STYLE_USAGE ( .BOTH. , #4021 ) ;
#9068 = VERTEX_POINT ( 'NONE', #3802 ) ;
#9069 = LINE ( 'NONE', #9100, #5198 ) ;
#9070 = STYLED_ITEM ( 'NONE', ( #4234 ), #5941 ) ;
#9071 = CARTESIAN_POINT ( 'NONE',  ( -0.7725000000000001900, 2.591346881151208100, 0.04185388424647555600 ) ) ;
#9072 = CARTESIAN_POINT ( 'NONE',  ( 0.5274999999999997500, -2.352474500060765600, 0.4344756473744061900 ) ) ;
#9073 = EDGE_LOOP ( 'NONE', ( #8803, #5108, #3508, #4625 ) ) ;
#9074 = FACE_OUTER_BOUND ( 'NONE', #8801, .T. ) ;
#9075 = VERTEX_POINT ( 'NONE', #5930 ) ;
#9076 = CARTESIAN_POINT ( 'NONE',  ( -1.177500000000000200, 2.497121287348441900, 0.4445903360673038000 ) ) ;
#9077 = FACE_OUTER_BOUND ( 'NONE', #3779, .T. ) ;
#9078 = CIRCLE ( 'NONE', #5809, 0.09999999999999945000 ) ;
#9079 = CYLINDRICAL_SURFACE ( 'NONE', #2176, 0.09999999999999988100 ) ;
#9080 = DIRECTION ( 'NONE',  ( 0.0000000000000000000, 0.0000000000000000000, -1.000000000000000000 ) ) ;
#9081 = CIRCLE ( 'NONE', #5488, 0.2450000000000001600 ) ;
#9082 = EDGE_CURVE ( 'NONE', #3917, #2835, #234, .T. ) ;
#9083 = SURFACE_STYLE_USAGE ( .BOTH. , #4036 ) ;
#9084 = EDGE_CURVE ( 'NONE', #1382, #444, #7683, .T. ) ;
#9085 = EDGE_LOOP ( 'NONE', ( #5971, #3506, #239, #808 ) ) ;
#9086 = PRESENTATION_STYLE_ASSIGNMENT (( #2018 ) ) ;
#9087 = SURFACE_SIDE_STYLE ('',( #7617 ) ) ;
#9088 = ORIENTED_EDGE ( 'NONE', *, *, #2483, .T. ) ;
#9089 = CARTESIAN_POINT ( 'NONE',  ( -2.072500000000000200, 2.200000000000000200, 0.6724999999999941000 ) ) ;
#9090 = PRESENTATION_LAYER_ASSIGNMENT (  '', '', ( #8596 ) ) ;
#9091 = VECTOR ( 'NONE', #367, 1000.000000000000200 ) ;
#9092 = MECHANICAL_DESIGN_GEOMETRIC_PRESENTATION_REPRESENTATION (  '', ( #8073 ), #158 ) ;
#9093 = SURFACE_STYLE_USAGE ( .BOTH. , #6602 ) ;
#9094 =( LENGTH_UNIT ( ) NAMED_UNIT ( * ) SI_UNIT ( .MILLI., .METRE. ) );
#9095 = EDGE_LOOP ( 'NONE', ( #382, #6547, #5915, #6144 ) ) ;
#9096 = VECTOR ( 'NONE', #362, 999.9999999999998900 ) ;
#9097 = CARTESIAN_POINT ( 'NONE',  ( 0.1224999999999997800, 2.252718095034784300, 0.4274999999999940500 ) ) ;
#9098 = PRESENTATION_LAYER_ASSIGNMENT (  '', '', ( #8076 ) ) ;
#9099 = VECTOR ( 'NONE', #7813, 1000.000000000000000 ) ;
#9100 = CARTESIAN_POINT ( 'NONE',  ( -1.827500000000000100, 2.252718095034784300, 0.6724999999999939900 ) ) ;
#9101 = LINE ( 'NONE', #2229, #6900 ) ;
#9102 = DIRECTION ( 'NONE',  ( 0.0000000000000000000, -0.06975647374411951500, -0.9975640502598246400 ) ) ;
#9103 =( NAMED_UNIT ( * ) SI_UNIT ( $, .STERADIAN. ) SOLID_ANGLE_UNIT ( ) );
#9104 = VECTOR ( 'NONE', #8769, 1000.000000000000100 ) ;
#9105 = SURFACE_STYLE_USAGE ( .BOTH. , #7252 ) ;
#9106 = CARTESIAN_POINT ( 'NONE',  ( -2.072500000000000200, 2.252718095034784300, 0.4274999999999940500 ) ) ;
#9107 = CARTESIAN_POINT ( 'NONE',  ( 0.7724999999999997400, 2.252718095034784300, 0.6724999999999939900 ) ) ;
#9108 = CIRCLE ( 'NONE', #8258, 0.5000000000000001100 ) ;
#9109 = FILL_AREA_STYLE ('',( #6069 ) ) ;
#9110 = STYLED_ITEM ( 'NONE', ( #756 ), #7810 ) ;
#9111 = STYLED_ITEM ( 'NONE', ( #4663 ), #4397 ) ;
#9112 = VERTEX_POINT ( 'NONE', #8113 ) ;
#9113 =( NAMED_UNIT ( * ) SI_UNIT ( $, .STERADIAN. ) SOLID_ANGLE_UNIT ( ) );
#9114 = DIRECTION ( 'NONE',  ( 1.000000000000000000, -0.0000000000000000000, 0.0000000000000000000 ) ) ;
#9115 = VECTOR ( 'NONE', #6376, 1000.000000000000000 ) ;
#9116 = DIRECTION ( 'NONE',  ( 0.0000000000000000000, 0.0000000000000000000, 1.000000000000000000 ) ) ;
#9117 = DIRECTION ( 'NONE',  ( 0.0000000000000000000, 0.0000000000000000000, 1.000000000000000000 ) ) ;
#9118 =( GEOMETRIC_REPRESENTATION_CONTEXT ( 3 ) GLOBAL_UNCERTAINTY_ASSIGNED_CONTEXT ( ( #6473 ) ) GLOBAL_UNIT_ASSIGNED_CONTEXT ( ( #1731, #299, #269 ) ) REPRESENTATION_CONTEXT ( 'NONE', 'WORKASPACE' ) );
#9119 =( NAMED_UNIT ( * ) SI_UNIT ( $, .STERADIAN. ) SOLID_ANGLE_UNIT ( ) );
#9120 = ORIENTED_EDGE ( 'NONE', *, *, #9219, .T. ) ;
#9121 = STYLED_ITEM ( 'NONE', ( #1738 ), #8992 ) ;
#9122 = DIRECTION ( 'NONE',  ( -1.000000000000000000, 0.0000000000000000000, -0.0000000000000000000 ) ) ;
#9123 = UNCERTAINTY_MEASURE_WITH_UNIT (LENGTH_MEASURE( 1.000000000000000100E-005 ), #4830, 'distance_accuracy_value', 'NONE');
#9124 =( NAMED_UNIT ( * ) PLANE_ANGLE_UNIT ( ) SI_UNIT ( $, .RADIAN. ) );
#9125 = ORIENTED_EDGE ( 'NONE', *, *, #6187, .T. ) ;
#9126 = ORIENTED_EDGE ( 'NONE', *, *, #199, .T. ) ;
#9127 = CARTESIAN_POINT ( 'NONE',  ( 2.072499999999999800, 2.497121287348441400, 0.4445903360673038000 ) ) ;
#9128 = VECTOR ( 'NONE', #7686, 1000.000000000000000 ) ;
#9129 = DIRECTION ( 'NONE',  ( -1.000000000000000000, -0.0000000000000000000, -0.0000000000000000000 ) ) ;
#9130 = MECHANICAL_DESIGN_GEOMETRIC_PRESENTATION_REPRESENTATION (  '', ( #8112 ), #184 ) ;
#9131 = ORIENTED_EDGE ( 'NONE', *, *, #4940, .F. ) ;
#9132 = CARTESIAN_POINT ( 'NONE',  ( 1.422499999999999700, 3.189885311307101700, 2.710505431213761100E-017 ) ) ;
#9133 = AXIS2_PLACEMENT_3D ( 'NONE', #6596, #2312, #7320 ) ;
#9134 = UNCERTAINTY_MEASURE_WITH_UNIT (LENGTH_MEASURE( 1.000000000000000100E-005 ), #815, 'distance_accuracy_value', 'NONE');
#9135 = ORIENTED_EDGE ( 'NONE', *, *, #9415, .T. ) ;
#9136 = SURFACE_SIDE_STYLE ('',( #5073 ) ) ;
#9137 = CIRCLE ( 'NONE', #9238, 0.09999999999999945000 ) ;
#9138 = SURFACE_STYLE_USAGE ( .BOTH. , #4075 ) ;
#9139 = EDGE_CURVE ( 'NONE', #8952, #2036, #1967, .T. ) ;
#9140 = SURFACE_STYLE_FILL_AREA ( #177 ) ;
#9141 = DIRECTION ( 'NONE',  ( -1.000000000000000000, 0.0000000000000000000, -0.0000000000000000000 ) ) ;
#9142 = DIRECTION ( 'NONE',  ( 0.0000000000000000000, 0.0000000000000000000, -1.000000000000000000 ) ) ;
#9143 = EDGE_CURVE ( 'NONE', #1135, #7630, #2185, .T. ) ;
#9144 = DIRECTION ( 'NONE',  ( 0.0000000000000000000, 0.0000000000000000000, 1.000000000000000000 ) ) ;
#9145 = PRESENTATION_LAYER_ASSIGNMENT (  '', '', ( #8653 ) ) ;
#9146 = SURFACE_STYLE_FILL_AREA ( #4331 ) ;
#9147 = DIRECTION ( 'NONE',  ( 0.0000000000000000000, 0.0000000000000000000, 1.000000000000000000 ) ) ;
#9148 = CARTESIAN_POINT ( 'NONE',  ( -1.827500000000000100, 2.497121287348441400, 0.4445903360673038000 ) ) ;
#9149 = VECTOR ( 'NONE', #1280, 999.9999999999998900 ) ;
#9150 = PRESENTATION_LAYER_ASSIGNMENT (  '', '', ( #8659 ) ) ;
#9151 = DIRECTION ( 'NONE',  ( -9.856383386231856400E-017, 1.000000000000000000, -0.0000000000000000000 ) ) ;
#9152 = ORIENTED_EDGE ( 'NONE', *, *, #4940, .T. ) ;
#9153 = EDGE_CURVE ( 'NONE', #3536, #4831, #7923, .T. ) ;
#9154 = CARTESIAN_POINT ( 'NONE',  ( 0.7724999999999997400, -2.252718095034784300, 0.4274999999999940500 ) ) ;
#9155 = EDGE_CURVE ( 'NONE', #7764, #7506, #3657, .T. ) ;
#9156 = SURFACE_STYLE_FILL_AREA ( #855 ) ;
#9157 = PLANE ( 'NONE',  #4488 ) ;
#9158 =( NAMED_UNIT ( * ) PLANE_ANGLE_UNIT ( ) SI_UNIT ( $, .RADIAN. ) );
#9159 = ORIENTED_EDGE ( 'NONE', *, *, #8778, .F. ) ;
#9160 = DIRECTION ( 'NONE',  ( 0.0000000000000000000, -1.000000000000000000, 0.0000000000000000000 ) ) ;
#9161 = ORIENTED_EDGE ( 'NONE', *, *, #5352, .F. ) ;
#9162 = STYLED_ITEM ( 'NONE', ( #1750 ), #3950 ) ;
#9163 = SURFACE_STYLE_FILL_AREA ( #5034 ) ;
#9164 = CARTESIAN_POINT ( 'NONE',  ( -1.422500000000000100, -2.608437217218518600, 0.2862570765601325000 ) ) ;
#9165 = LINE ( 'NONE', #7854, #7188 ) ;
#9166 = CYLINDRICAL_SURFACE ( 'NONE', #6290, 0.09999999999999939500 ) ;
#9167 =( NAMED_UNIT ( * ) SI_UNIT ( $, .STERADIAN. ) SOLID_ANGLE_UNIT ( ) );
#9168 = DIRECTION ( 'NONE',  ( 0.0000000000000000000, -0.0000000000000000000, -1.000000000000000000 ) ) ;
#9169 = CARTESIAN_POINT ( 'NONE',  ( 1.422499999999999700, -2.200000000000000200, 0.6724999999999941000 ) ) ;
#9170 = FACE_OUTER_BOUND ( 'NONE', #6440, .T. ) ;
#9171 = EDGE_LOOP ( 'NONE', ( #6791, #7339, #4000, #7425 ) ) ;
#9172 = FILL_AREA_STYLE ('',( #4116 ) ) ;
#9173 = ORIENTED_EDGE ( 'NONE', *, *, #1144, .T. ) ;
#9174 = COLOUR_RGB ( '',1.000000000000000000, 1.000000000000000000, 1.000000000000000000 ) ;
#9175 = CARTESIAN_POINT ( 'NONE',  ( -2.750000000000000000, 2.200000000000000200, 0.5275000000000060800 ) ) ;
#9176 = FACE_OUTER_BOUND ( 'NONE', #7450, .T. ) ;
#9177 =( GEOMETRIC_REPRESENTATION_CONTEXT ( 3 ) GLOBAL_UNCERTAINTY_ASSIGNED_CONTEXT ( ( #3483 ) ) GLOBAL_UNIT_ASSIGNED_CONTEXT ( ( #8125, #3843, #8885 ) ) REPRESENTATION_CONTEXT ( 'NONE', 'WORKASPACE' ) );
#9178 = ORIENTED_EDGE ( 'NONE', *, *, #5643, .F. ) ;
#9179 = CIRCLE ( 'NONE', #4660, 0.5000000000000001100 ) ;
#9180 =( LENGTH_UNIT ( ) NAMED_UNIT ( * ) SI_UNIT ( .MILLI., .METRE. ) );
#9181 = FACE_OUTER_BOUND ( 'NONE', #7300, .T. ) ;
#9182 = CARTESIAN_POINT ( 'NONE',  ( 0.5274999999999997500, -3.189885311307101700, 2.710505431213761100E-017 ) ) ;
#9183 = EDGE_LOOP ( 'NONE', ( #7572, #9436, #5096, #1841 ) ) ;
#9184 = ORIENTED_EDGE ( 'NONE', *, *, #4704, .T. ) ;
#9185 =( NAMED_UNIT ( * ) PLANE_ANGLE_UNIT ( ) SI_UNIT ( $, .RADIAN. ) );
#9186 = ORIENTED_EDGE ( 'NONE', *, *, #7760, .T. ) ;
#9187 = PRESENTATION_STYLE_ASSIGNMENT (( #6038 ) ) ;
#9188 =( GEOMETRIC_REPRESENTATION_CONTEXT ( 3 ) GLOBAL_UNCERTAINTY_ASSIGNED_CONTEXT ( ( #8774 ) ) GLOBAL_UNIT_ASSIGNED_CONTEXT ( ( #5524, #7668, #22 ) ) REPRESENTATION_CONTEXT ( 'NONE', 'WORKASPACE' ) );
#9189 = CIRCLE ( 'NONE', #3235, 0.2450000000000001600 ) ;
#9190 = UNCERTAINTY_MEASURE_WITH_UNIT (LENGTH_MEASURE( 1.000000000000000100E-005 ), #1093, 'distance_accuracy_value', 'NONE');
#9191 = FACE_OUTER_BOUND ( 'NONE', #4858, .T. ) ;
#9192 = EDGE_LOOP ( 'NONE', ( #2017, #4851, #6645, #1123 ) ) ;
#9193 = PRESENTATION_LAYER_ASSIGNMENT (  '', '', ( #8175 ) ) ;
#9194 = LINE ( 'NONE', #6737, #1252 ) ;
#9195 = SURFACE_STYLE_USAGE ( .BOTH. , #4133 ) ;
#9196 = ORIENTED_EDGE ( 'NONE', *, *, #2548, .F. ) ;
#9197 = FILL_AREA_STYLE ('',( #6942 ) ) ;
#9198 = SURFACE_STYLE_FILL_AREA ( #2045 ) ;
#9199 = EDGE_CURVE ( 'NONE', #2847, #6179, #7452, .T. ) ;
#9200 = SURFACE_STYLE_FILL_AREA ( #1302 ) ;
#9201 = SURFACE_STYLE_USAGE ( .BOTH. , #4138 ) ;
#9202 = LINE ( 'NONE', #4300, #5313 ) ;
#9203 = FILL_AREA_STYLE ('',( #876 ) ) ;
#9204 = ORIENTED_EDGE ( 'NONE', *, *, #2844, .T. ) ;
#9205 = DIRECTION ( 'NONE',  ( 0.0000000000000000000, 0.0000000000000000000, 1.000000000000000000 ) ) ;
#9206 = EDGE_CURVE ( 'NONE', #6529, #7630, #5319, .T. ) ;
#9207 =( LENGTH_UNIT ( ) NAMED_UNIT ( * ) SI_UNIT ( .MILLI., .METRE. ) );
#9208 = ORIENTED_EDGE ( 'NONE', *, *, #9338, .T. ) ;
#9209 = DIRECTION ( 'NONE',  ( -1.000000000000000000, -0.0000000000000000000, -0.0000000000000000000 ) ) ;
#9210 = DIRECTION ( 'NONE',  ( -1.000000000000000000, -0.0000000000000000000, -0.0000000000000000000 ) ) ;
#9211 = LINE ( 'NONE', #5998, #6996 ) ;
#9212 = PLANE ( 'NONE',  #7215 ) ;
#9213 = ORIENTED_EDGE ( 'NONE', *, *, #92, .T. ) ;
#9214 =( NAMED_UNIT ( * ) PLANE_ANGLE_UNIT ( ) SI_UNIT ( $, .RADIAN. ) );
#9215 = EDGE_LOOP ( 'NONE', ( #874, #8610, #1264, #9088 ) ) ;
#9216 = VECTOR ( 'NONE', #4341, 1000.000000000000100 ) ;
#9217 =( LENGTH_UNIT ( ) NAMED_UNIT ( * ) SI_UNIT ( .MILLI., .METRE. ) );
#9218 = EDGE_CURVE ( 'NONE', #7647, #2101, #9211, .T. ) ;
#9219 = EDGE_CURVE ( 'NONE', #1947, #5069, #1500, .T. ) ;
#9220 = LINE ( 'NONE', #5256, #8981 ) ;
#9221 = FILL_AREA_STYLE_COLOUR ( '', #5579 ) ;
#9222 = ORIENTED_EDGE ( 'NONE', *, *, #7161, .T. ) ;
#9223 =( GEOMETRIC_REPRESENTATION_CONTEXT ( 3 ) GLOBAL_UNCERTAINTY_ASSIGNED_CONTEXT ( ( #3006 ) ) GLOBAL_UNIT_ASSIGNED_CONTEXT ( ( #6670, #2373, #7386 ) ) REPRESENTATION_CONTEXT ( 'NONE', 'WORKASPACE' ) );
#9224 = LINE ( 'NONE', #5536, #3444 ) ;
#9225 = AXIS2_PLACEMENT_3D ( 'NONE', #2227, #7250, #2973 ) ;
#9226 =( LENGTH_UNIT ( ) NAMED_UNIT ( * ) SI_UNIT ( .MILLI., .METRE. ) );
#9227 = CARTESIAN_POINT ( 'NONE',  ( -2.500000000000000000, 2.200000000000000200, 0.5275000000000060800 ) ) ;
#9228 = AXIS2_PLACEMENT_3D ( 'NONE', #9452, #9416, #9382 ) ;
#9229 = ADVANCED_FACE ( 'NONE', ( #8966 ), #257, .F. ) ;
#9230 = FILL_AREA_STYLE_COLOUR ( '', #1487 ) ;
#9231 = DIRECTION ( 'NONE',  ( -1.000000000000000000, 0.0000000000000000000, -0.0000000000000000000 ) ) ;
#9232 = ORIENTED_EDGE ( 'NONE', *, *, #3038, .T. ) ;
#9233 = PRESENTATION_STYLE_ASSIGNMENT (( #7455 ) ) ;
#9234 = CARTESIAN_POINT ( 'NONE',  ( 0.5274999999999997500, 2.200000000000000200, 0.6724999999999941000 ) ) ;
#9235 = CARTESIAN_POINT ( 'NONE',  ( -2.500000000000000000, -2.200000000000000200, 0.6724999999999941000 ) ) ;
#9236 =( NAMED_UNIT ( * ) PLANE_ANGLE_UNIT ( ) SI_UNIT ( $, .RADIAN. ) );
#9237 = SURFACE_STYLE_USAGE ( .BOTH. , #2888 ) ;
#9238 = AXIS2_PLACEMENT_3D ( 'NONE', #5300, #987, #6017 ) ;
#9239 = CIRCLE ( 'NONE', #6171, 0.09999999999999945000 ) ;
#9240 = PLANE ( 'NONE',  #749 ) ;
#9241 = VECTOR ( 'NONE', #586, 1000.000000000000000 ) ;
#9242 =( LENGTH_UNIT ( ) NAMED_UNIT ( * ) SI_UNIT ( .MILLI., .METRE. ) );
#9243 =( NAMED_UNIT ( * ) PLANE_ANGLE_UNIT ( ) SI_UNIT ( $, .RADIAN. ) );
#9244 = SURFACE_STYLE_USAGE ( .BOTH. , #4173 ) ;
#9245 = UNCERTAINTY_MEASURE_WITH_UNIT (LENGTH_MEASURE( 1.000000000000000100E-005 ), #6402, 'distance_accuracy_value', 'NONE');
#9246 = DIRECTION ( 'NONE',  ( 0.0000000000000000000, 0.06975647374411951500, -0.9975640502598246400 ) ) ;
#9247 = VERTEX_POINT ( 'NONE', #4571 ) ;
#9248 = PRESENTATION_STYLE_ASSIGNMENT (( #5568 ) ) ;
#9249 = CARTESIAN_POINT ( 'NONE',  ( 1.827499999999999700, 3.189885311307101700, 2.710505431213761100E-017 ) ) ;
#9250 = PRESENTATION_STYLE_ASSIGNMENT (( #2550 ) ) ;
#9251 = PRESENTATION_STYLE_ASSIGNMENT (( #3952 ) ) ;
#9252 = EDGE_CURVE ( 'NONE', #8605, #5752, #2521, .T. ) ;
#9253 = CARTESIAN_POINT ( 'NONE',  ( 2.072499999999999800, -2.601461569844106100, 0.1865006715341501500 ) ) ;
#9254 = CARTESIAN_POINT ( 'NONE',  ( -0.5275000000000001900, -2.352474500060765600, 0.4344756473744061900 ) ) ;
#9255 = VECTOR ( 'NONE', #5094, 1000.000000000000000 ) ;
#9256 = STYLED_ITEM ( 'NONE', ( #524 ), #2292 ) ;
#9257 = LINE ( 'NONE', #3757, #3474 ) ;
#9258 = AXIS2_PLACEMENT_3D ( 'NONE', #571, #5628, #1315 ) ;
#9259 = DIRECTION ( 'NONE',  ( 0.0000000000000000000, 0.0000000000000000000, -1.000000000000000000 ) ) ;
#9260 = CARTESIAN_POINT ( 'NONE',  ( 1.422499999999999700, 2.352474500060765600, 0.4344756473744061900 ) ) ;
#9261 = DIRECTION ( 'NONE',  ( 1.000000000000000000, -0.0000000000000000000, -0.0000000000000000000 ) ) ;
#9262 = PRODUCT_CONTEXT ( 'NONE', #5585, 'mechanical' ) ;
#9263 = PLANE ( 'NONE',  #6103 ) ;
#9264 = DIRECTION ( 'NONE',  ( 0.0000000000000000000, -1.000000000000000000, 0.0000000000000000000 ) ) ;
#9265 = ORIENTED_EDGE ( 'NONE', *, *, #20, .F. ) ;
#9266 = DIRECTION ( 'NONE',  ( 1.000000000000000000, 0.0000000000000000000, 0.0000000000000000000 ) ) ;
#9267 = CYLINDRICAL_SURFACE ( 'NONE', #4670, 0.5000000000000001100 ) ;
#9268 = VECTOR ( 'NONE', #7463, 1000.000000000000000 ) ;
#9269 = EDGE_CURVE ( 'NONE', #8506, #1587, #566, .T. ) ;
#9270 = EDGE_CURVE ( 'NONE', #3552, #7790, #4218, .T. ) ;
#9271 = FILL_AREA_STYLE ('',( #7153 ) ) ;
#9272 = VECTOR ( 'NONE', #9379, 1000.000000000000000 ) ;
#9273 = FILL_AREA_STYLE_COLOUR ( '', #1402 ) ;
#9274 = FILL_AREA_STYLE ('',( #2766 ) ) ;
#9275 = ORIENTED_EDGE ( 'NONE', *, *, #2531, .F. ) ;
#9276 = ADVANCED_FACE ( 'NONE', ( #8024 ), #7676, .T. ) ;
#9277 = CARTESIAN_POINT ( 'NONE',  ( -1.177500000000000200, 2.252718095034784300, 0.4274999999999940500 ) ) ;
#9278 = ORIENTED_EDGE ( 'NONE', *, *, #7284, .T. ) ;
#9279 = ORIENTED_EDGE ( 'NONE', *, *, #9002, .F. ) ;
#9280 = FACE_OUTER_BOUND ( 'NONE', #3169, .T. ) ;
#9281 = STYLED_ITEM ( 'NONE', ( #3270 ), #3055 ) ;
#9282 = LINE ( 'NONE', #3214, #3733 ) ;
#9283 = DIRECTION ( 'NONE',  ( 1.000000000000000000, 0.0000000000000000000, -0.0000000000000000000 ) ) ;
#9284 = ORIENTED_EDGE ( 'NONE', *, *, #577, .T. ) ;
#9285 = LINE ( 'NONE', #3926, #7297 ) ;
#9286 = ORIENTED_EDGE ( 'NONE', *, *, #1886, .T. ) ;
#9287 = EDGE_LOOP ( 'NONE', ( #5761, #8688, #5267, #2350 ) ) ;
#9288 = PRESENTATION_LAYER_ASSIGNMENT (  '', '', ( #8788 ) ) ;
#9289 = EDGE_CURVE ( 'NONE', #6726, #9337, #223, .T. ) ;
#9290 = EDGE_LOOP ( 'NONE', ( #3412, #7291, #4449, #6743 ) ) ;
#9291 = CARTESIAN_POINT ( 'NONE',  ( -2.500000000000000000, 2.200000000000000200, 0.6724999999999941000 ) ) ;
#9292 = CARTESIAN_POINT ( 'NONE',  ( -0.7725000000000001900, -2.200000000000000200, 0.6724999999999941000 ) ) ;
#9293 = LINE ( 'NONE', #3523, #3741 ) ;
#9294 = SURFACE_STYLE_USAGE ( .BOTH. , #2677 ) ;
#9295 = DIRECTION ( 'NONE',  ( 0.0000000000000000000, 0.0000000000000000000, 1.000000000000000000 ) ) ;
#9296 = DIRECTION ( 'NONE',  ( 0.0000000000000000000, 0.0000000000000000000, -1.000000000000000000 ) ) ;
#9297 = CARTESIAN_POINT ( 'NONE',  ( -2.072500000000000200, -2.352474500060765600, 0.4344756473744061900 ) ) ;
#9298 = ORIENTED_EDGE ( 'NONE', *, *, #8719, .F. ) ;
#9299 =( GEOMETRIC_REPRESENTATION_CONTEXT ( 3 ) GLOBAL_UNCERTAINTY_ASSIGNED_CONTEXT ( ( #5154 ) ) GLOBAL_UNIT_ASSIGNED_CONTEXT ( ( #8266, #3963, #9008 ) ) REPRESENTATION_CONTEXT ( 'NONE', 'WORKASPACE' ) );
#9300 = ORIENTED_EDGE ( 'NONE', *, *, #8520, .F. ) ;
#9301 = CARTESIAN_POINT ( 'NONE',  ( 1.422499999999999700, 2.352474500060765600, 0.4344756473744061900 ) ) ;
#9302 = VERTEX_POINT ( 'NONE', #3991 ) ;
#9303 = DIRECTION ( 'NONE',  ( -0.0000000000000000000, -1.000000000000000000, -0.0000000000000000000 ) ) ;
#9304 = DIRECTION ( 'NONE',  ( 1.000000000000000000, 0.0000000000000000000, 0.0000000000000000000 ) ) ;
#9305 = CARTESIAN_POINT ( 'NONE',  ( -1.177500000000000200, -2.252718095034784300, 0.6724999999999939900 ) ) ;
#9306 = ORIENTED_EDGE ( 'NONE', *, *, #8764, .T. ) ;
#9307 =( LENGTH_UNIT ( ) NAMED_UNIT ( * ) SI_UNIT ( .MILLI., .METRE. ) );
#9308 = FACE_OUTER_BOUND ( 'NONE', #6658, .T. ) ;
#9309 = LINE ( 'NONE', #7826, #7317 ) ;
#9310 = PRESENTATION_STYLE_ASSIGNMENT (( #8496 ) ) ;
#9311 = FILL_AREA_STYLE ('',( #4236 ) ) ;
#9312 = EDGE_LOOP ( 'NONE', ( #8391, #8955, #2050, #3672 ) ) ;
#9313 = ORIENTED_EDGE ( 'NONE', *, *, #6959, .T. ) ;
#9314 = SURFACE_STYLE_USAGE ( .BOTH. , #9353 ) ;
#9315 = STYLED_ITEM ( 'NONE', ( #1396 ), #8912 ) ;
#9316 = ORIENTED_EDGE ( 'NONE', *, *, #3319, .T. ) ;
#9317 = CARTESIAN_POINT ( 'NONE',  ( 0.7724999999999997400, -2.200000000000000200, 0.5274999999999939700 ) ) ;
#9318 = CIRCLE ( 'NONE', #5768, 0.2450000000000004400 ) ;
#9319 = DIRECTION ( 'NONE',  ( 1.000000000000000000, 0.0000000000000000000, 0.0000000000000000000 ) ) ;
#9320 = CARTESIAN_POINT ( 'NONE',  ( 2.072499999999999800, -2.200000000000000200, 0.6724999999999941000 ) ) ;
#9321 = ORIENTED_EDGE ( 'NONE', *, *, #2865, .F. ) ;
#9322 = DIRECTION ( 'NONE',  ( -1.000000000000000000, 0.0000000000000000000, -0.0000000000000000000 ) ) ;
#9323 = VECTOR ( 'NONE', #8349, 1000.000000000000000 ) ;
#9324 = UNCERTAINTY_MEASURE_WITH_UNIT (LENGTH_MEASURE( 1.000000000000000100E-005 ), #5556, 'distance_accuracy_value', 'NONE');
#9325 = EDGE_LOOP ( 'NONE', ( #5987, #339, #7123, #8462 ) ) ;
#9326 = VECTOR ( 'NONE', #1510, 999.9999999999998900 ) ;
#9327 = DIRECTION ( 'NONE',  ( 0.0000000000000000000, -2.056603471294124000E-015, -1.000000000000000000 ) ) ;
#9328 = ORIENTED_EDGE ( 'NONE', *, *, #4688, .F. ) ;
#9329 = ORIENTED_EDGE ( 'NONE', *, *, #7994, .T. ) ;
#9330 = AXIS2_PLACEMENT_3D ( 'NONE', #8442, #5606, #5574 ) ;
#9331 = FACE_OUTER_BOUND ( 'NONE', #3642, .T. ) ;
#9332 = DIRECTION ( 'NONE',  ( -1.000000000000000000, 0.0000000000000000000, -0.0000000000000000000 ) ) ;
#9333 = STYLED_ITEM ( 'NONE', ( #5465 ), #5381 ) ;
#9334 = FILL_AREA_STYLE_COLOUR ( '', #4690 ) ;
#9335 = EDGE_LOOP ( 'NONE', ( #8375, #4153, #2825, #1665 ) ) ;
#9336 =( LENGTH_UNIT ( ) NAMED_UNIT ( * ) SI_UNIT ( .MILLI., .METRE. ) );
#9337 = VERTEX_POINT ( 'NONE', #2528 ) ;
#9338 = EDGE_CURVE ( 'NONE', #5541, #2632, #9078, .T. ) ;
#9339 = ADVANCED_FACE ( 'NONE', ( #1604 ), #3243, .F. ) ;
#9340 =( LENGTH_UNIT ( ) NAMED_UNIT ( * ) SI_UNIT ( .MILLI., .METRE. ) );
#9341 =( NAMED_UNIT ( * ) PLANE_ANGLE_UNIT ( ) SI_UNIT ( $, .RADIAN. ) );
#9342 = SURFACE_STYLE_USAGE ( .BOTH. , #9406 ) ;
#9343 = EDGE_CURVE ( 'NONE', #1979, #9027, #3193, .T. ) ;
#9344 = ORIENTED_EDGE ( 'NONE', *, *, #8967, .T. ) ;
#9345 = CARTESIAN_POINT ( 'NONE',  ( -0.5275000000000001900, 2.497121287348441400, 0.4445903360673038000 ) ) ;
#9346 = FILL_AREA_STYLE ('',( #8779 ) ) ;
#9347 = VECTOR ( 'NONE', #3246, 1000.000000000000100 ) ;
#9348 =( NAMED_UNIT ( * ) PLANE_ANGLE_UNIT ( ) SI_UNIT ( $, .RADIAN. ) );
#9349 = DIRECTION ( 'NONE',  ( 0.0000000000000000000, 0.0000000000000000000, 1.000000000000000000 ) ) ;
#9350 = AXIS2_PLACEMENT_3D ( 'NONE', #8926, #4594, #252 ) ;
#9351 = DIRECTION ( 'NONE',  ( -0.0000000000000000000, 0.9975640502598242000, 0.06975647374412599600 ) ) ;
#9352 = SURFACE_STYLE_FILL_AREA ( #606 ) ;
#9353 = SURFACE_SIDE_STYLE ('',( #5269 ) ) ;
#9354 = DIRECTION ( 'NONE',  ( -0.0000000000000000000, 0.9975640502598242000, 0.06975647374412599600 ) ) ;
#9355 = FILL_AREA_STYLE ('',( #7130 ) ) ;
#9356 = DIRECTION ( 'NONE',  ( -1.000000000000000000, -0.0000000000000000000, -0.0000000000000000000 ) ) ;
#9357 = CARTESIAN_POINT ( 'NONE',  ( -1.827500000000000100, -2.252718095034783400, 0.5274999999999934200 ) ) ;
#9358 = EDGE_CURVE ( 'NONE', #5729, #6206, #6980, .T. ) ;
#9359 = CIRCLE ( 'NONE', #8987, 0.2450000000000001600 ) ;
#9360 = EDGE_CURVE ( 'NONE', #331, #3917, #5095, .T. ) ;
#9361 = SURFACE_SIDE_STYLE ('',( #3812 ) ) ;
#9362 = LINE ( 'NONE', #5680, #9115 ) ;
#9363 = VECTOR ( 'NONE', #8117, 1000.000000000000100 ) ;
#9364 = AXIS2_PLACEMENT_3D ( 'NONE', #1224, #6242, #1972 ) ;
#9365 =( NAMED_UNIT ( * ) SI_UNIT ( $, .STERADIAN. ) SOLID_ANGLE_UNIT ( ) );
#9366 = PRESENTATION_LAYER_ASSIGNMENT (  '', '', ( #8351 ) ) ;
#9367 = VERTEX_POINT ( 'NONE', #8358 ) ;
#9368 = CARTESIAN_POINT ( 'NONE',  ( 0.1224999999999997800, 2.200000000000000200, 0.6724999999999941000 ) ) ;
#9369 = COLOUR_RGB ( '',1.000000000000000000, 1.000000000000000000, 1.000000000000000000 ) ;
#9370 = VERTEX_POINT ( 'NONE', #6177 ) ;
#9371 =( LENGTH_UNIT ( ) NAMED_UNIT ( * ) SI_UNIT ( .MILLI., .METRE. ) );
#9372 = PLANE ( 'NONE',  #1598 ) ;
#9373 = COLOUR_RGB ( '',1.000000000000000000, 1.000000000000000000, 1.000000000000000000 ) ;
#9374 = CARTESIAN_POINT ( 'NONE',  ( -1.177500000000000200, 3.189885311307101700, 2.710505431213761100E-017 ) ) ;
#9375 = ORIENTED_EDGE ( 'NONE', *, *, #8198, .F. ) ;
#9376 = SURFACE_STYLE_FILL_AREA ( #3426 ) ;
#9377 = DIRECTION ( 'NONE',  ( -1.000000000000000000, -0.0000000000000000000, -0.0000000000000000000 ) ) ;
#9378 = AXIS2_PLACEMENT_3D ( 'NONE', #1270, #6286, #2007 ) ;
#9379 = DIRECTION ( 'NONE',  ( 0.0000000000000000000, 1.000000000000000000, -2.056603471294124000E-015 ) ) ;
#9380 = ORIENTED_EDGE ( 'NONE', *, *, #6009, .F. ) ;
#9381 = UNCERTAINTY_MEASURE_WITH_UNIT (LENGTH_MEASURE( 1.000000000000000100E-005 ), #7103, 'distance_accuracy_value', 'NONE');
#9382 = DIRECTION ( 'NONE',  ( 0.0000000000000000000, 0.0000000000000000000, -1.000000000000000000 ) ) ;
#9383 =( NAMED_UNIT ( * ) SI_UNIT ( $, .STERADIAN. ) SOLID_ANGLE_UNIT ( ) );
#9384 = SURFACE_STYLE_USAGE ( .BOTH. , #4299 ) ;
#9385 = FILL_AREA_STYLE_COLOUR ( '', #2400 ) ;
#9386 = ADVANCED_FACE ( 'NONE', ( #2985 ), #3311, .F. ) ;
#9387 = PRESENTATION_LAYER_ASSIGNMENT (  '', '', ( #8377 ) ) ;
#9388 = DIRECTION ( 'NONE',  ( 1.000000000000000000, 0.0000000000000000000, 0.0000000000000000000 ) ) ;
#9389 = UNCERTAINTY_MEASURE_WITH_UNIT (LENGTH_MEASURE( 1.000000000000000100E-005 ), #1735, 'distance_accuracy_value', 'NONE');
#9390 = AXIS2_PLACEMENT_3D ( 'NONE', #6604, #2321, #7334 ) ;
#9391 = VERTEX_POINT ( 'NONE', #7628 ) ;
#9392 = EDGE_CURVE ( 'NONE', #7993, #699, #2283, .T. ) ;
#9393 = CARTESIAN_POINT ( 'NONE',  ( -0.1225000000000002200, -2.601461569844106100, 0.1865006715341500400 ) ) ;
#9394 = SURFACE_STYLE_USAGE ( .BOTH. , #4314 ) ;
#9395 = LINE ( 'NONE', #2610, #9149 ) ;
#9396 = FILL_AREA_STYLE ('',( #8640 ) ) ;
#9397 =( NAMED_UNIT ( * ) PLANE_ANGLE_UNIT ( ) SI_UNIT ( $, .RADIAN. ) );
#9398 = AXIS2_PLACEMENT_3D ( 'NONE', #2583, #2557, #2681 ) ;
#9399 = CARTESIAN_POINT ( 'NONE',  ( 0.7724999999999997400, -3.200000000000000200, 0.1446467872876744900 ) ) ;
#9400 = ORIENTED_EDGE ( 'NONE', *, *, #1374, .T. ) ;
#9401 = STYLED_ITEM ( 'NONE', ( #7458 ), #6034 ) ;
#9402 = DIRECTION ( 'NONE',  ( -1.000000000000000000, 0.0000000000000000000, -0.0000000000000000000 ) ) ;
#9403 = FACE_OUTER_BOUND ( 'NONE', #5969, .T. ) ;
#9404 = LINE ( 'NONE', #2347, #5491 ) ;
#9405 = LINE ( 'NONE', #167, #5271 ) ;
#9406 = SURFACE_SIDE_STYLE ('',( #8806 ) ) ;
#9407 = CARTESIAN_POINT ( 'NONE',  ( -0.7725000000000001900, 3.189885311307101700, 2.710505431213761100E-017 ) ) ;
#9408 = COLOUR_RGB ( '',1.000000000000000000, 1.000000000000000000, 1.000000000000000000 ) ;
#9409 = SURFACE_SIDE_STYLE ('',( #9146 ) ) ;
#9410 = ORIENTED_EDGE ( 'NONE', *, *, #3699, .T. ) ;
#9411 = EDGE_LOOP ( 'NONE', ( #9213, #4529, #4726, #658 ) ) ;
#9412 = FILL_AREA_STYLE ('',( #6436 ) ) ;
#9413 = ORIENTED_EDGE ( 'NONE', *, *, #5296, .F. ) ;
#9414 = EDGE_CURVE ( 'NONE', #8493, #2719, #4209, .T. ) ;
#9415 = EDGE_CURVE ( 'NONE', #8272, #8583, #338, .T. ) ;
#9416 = DIRECTION ( 'NONE',  ( -1.000000000000000000, -0.0000000000000000000, -0.0000000000000000000 ) ) ;
#9417 = SURFACE_STYLE_FILL_AREA ( #8519 ) ;
#9418 = DIRECTION ( 'NONE',  ( -1.000000000000000000, -8.673617379884035500E-017, 0.0000000000000000000 ) ) ;
#9419 =( LENGTH_UNIT ( ) NAMED_UNIT ( * ) SI_UNIT ( .MILLI., .METRE. ) );
#9420 = VERTEX_POINT ( 'NONE', #2654 ) ;
#9421 = PLANE ( 'NONE',  #178 ) ;
#9422 = ORIENTED_EDGE ( 'NONE', *, *, #1374, .F. ) ;
#9423 = AXIS2_PLACEMENT_3D ( 'NONE', #5737, #1422, #6455 ) ;
#9424 = ORIENTED_EDGE ( 'NONE', *, *, #7017, .F. ) ;
#9425 = MECHANICAL_DESIGN_GEOMETRIC_PRESENTATION_REPRESENTATION (  '', ( #7911 ), #472 ) ;
#9426 = FILL_AREA_STYLE_COLOUR ( '', #6472 ) ;
#9427 = CIRCLE ( 'NONE', #6321, 0.2450000000000004400 ) ;
#9428 = LINE ( 'NONE', #2294, #7419 ) ;
#9429 = MECHANICAL_DESIGN_GEOMETRIC_PRESENTATION_REPRESENTATION (  '', ( #7915 ), #476 ) ;
#9430 = SURFACE_STYLE_FILL_AREA ( #9355 ) ;
#9431 = DIRECTION ( 'NONE',  ( 1.000000000000000000, -0.0000000000000000000, -0.0000000000000000000 ) ) ;
#9432 = ORIENTED_EDGE ( 'NONE', *, *, #8063, .F. ) ;
#9433 = VERTEX_POINT ( 'NONE', #4806 ) ;
#9434 = DIRECTION ( 'NONE',  ( 0.0000000000000000000, 0.0000000000000000000, -1.000000000000000000 ) ) ;
#9435 = COLOUR_RGB ( '',1.000000000000000000, 1.000000000000000000, 1.000000000000000000 ) ;
#9436 = ORIENTED_EDGE ( 'NONE', *, *, #4132, .F. ) ;
#9437 = UNCERTAINTY_MEASURE_WITH_UNIT (LENGTH_MEASURE( 1.000000000000000100E-005 ), #4062, 'distance_accuracy_value', 'NONE');
#9438 = ADVANCED_FACE ( 'NONE', ( #7553 ), #4979, .T. ) ;
#9439 = CARTESIAN_POINT ( 'NONE',  ( 0.7724999999999997400, -2.200000000000000200, 0.5274999999999939700 ) ) ;
#9440 = STYLED_ITEM ( 'NONE', ( #7917 ), #4505 ) ;
#9441 = CIRCLE ( 'NONE', #2073, 0.09999999999999945000 ) ;
#9442 = EDGE_LOOP ( 'NONE', ( #2742, #3503, #3194, #9329 ) ) ;
#9443 = ORIENTED_EDGE ( 'NONE', *, *, #8121, .F. ) ;
#9444 = CARTESIAN_POINT ( 'NONE',  ( 1.422499999999999700, -2.200000000000000200, 0.6724999999999941000 ) ) ;
#9445 = SURFACE_SIDE_STYLE ('',( #982 ) ) ;
#9446 = PRESENTATION_STYLE_ASSIGNMENT (( #3307 ) ) ;
#9447 = FACE_OUTER_BOUND ( 'NONE', #4974, .T. ) ;
#9448 = CIRCLE ( 'NONE', #7588, 0.2450000000000004400 ) ;
#9449 =( GEOMETRIC_REPRESENTATION_CONTEXT ( 3 ) GLOBAL_UNCERTAINTY_ASSIGNED_CONTEXT ( ( #2451 ) ) GLOBAL_UNIT_ASSIGNED_CONTEXT ( ( #2713, #1840, #4782 ) ) REPRESENTATION_CONTEXT ( 'NONE', 'WORKASPACE' ) );
#9450 = UNCERTAINTY_MEASURE_WITH_UNIT (LENGTH_MEASURE( 1.000000000000000100E-005 ), #2593, 'distance_accuracy_value', 'NONE');
#9451 = EDGE_LOOP ( 'NONE', ( #903, #2876, #3982, #5162, #2438, #5518, #6185, #2402, #8982, #5668, #4713, #1036 ) ) ;
#9452 = CARTESIAN_POINT ( 'NONE',  ( 1.827499999999999700, 2.252718095034784300, 0.4274999999999940500 ) ) ;
#9453 = SURFACE_STYLE_FILL_AREA ( #4971 ) ;
#9454 = AXIS2_PLACEMENT_3D ( 'NONE', #6709, #2429, #7441 ) ;
ENDSEC;
END-ISO-10303-21;
